verse_part_type,verse_part,hebrew_id,bible_chapter,bible_verse,lit_type,testament_type,bible_book,version
WORD,"Paul,",G3972,1,Romans 1:1,Epistles,New Testament,Romans,ASV
PHRASE,a servant,G1401,1,Romans 1:1,Epistles,New Testament,Romans,ASV
PHRASE,of Jesus,G2424,1,Romans 1:1,Epistles,New Testament,Romans,ASV
WORD,"Christ,",G5547,1,Romans 1:1,Epistles,New Testament,Romans,ASV
WORD,called,G2822,1,Romans 1:1,Epistles,New Testament,Romans,ASV
PHRASE,[to be],,1,Romans 1:1,Epistles,New Testament,Romans,ASV
PHRASE,"an apostle,",G652,1,Romans 1:1,Epistles,New Testament,Romans,ASV
WORD,separated,G873,1,Romans 1:1,Epistles,New Testament,Romans,ASV
WORD,unto,G1519,1,Romans 1:1,Epistles,New Testament,Romans,ASV
PHRASE,the gospel,G2098,1,Romans 1:1,Epistles,New Testament,Romans,ASV
PHRASE,"of God,",G2316,1,Romans 1:1,Epistles,New Testament,Romans,ASV
WORD,(Which,G3739,1,Romans 1:2,Epistles,New Testament,Romans,ASV
PHRASE,he had promised afore,G4279,1,Romans 1:2,Epistles,New Testament,Romans,ASV
WORD,by,G1223,1,Romans 1:2,Epistles,New Testament,Romans,ASV
WORD,his,G846,1,Romans 1:2,Epistles,New Testament,Romans,ASV
WORD,prophets,G4396,1,Romans 1:2,Epistles,New Testament,Romans,ASV
WORD,in,G1722,1,Romans 1:2,Epistles,New Testament,Romans,ASV
PHRASE,the holy,G40,1,Romans 1:2,Epistles,New Testament,Romans,ASV
WORD,"scriptures,)",G1124,1,Romans 1:2,Epistles,New Testament,Romans,ASV
WORD,Concerning,G4012,1,Romans 1:3,Epistles,New Testament,Romans,ASV
WORD,his,G846,1,Romans 1:3,Epistles,New Testament,Romans,ASV
WORD,Son,G5207,1,Romans 1:3,Epistles,New Testament,Romans,ASV
WORD,Jesus,G2424,1,Romans 1:3,Epistles,New Testament,Romans,ASV
WORD,Christ,G5547,1,Romans 1:3,Epistles,New Testament,Romans,ASV
WORD,our,G2257,1,Romans 1:3,Epistles,New Testament,Romans,ASV
WORD,"Lord,",G2962,1,Romans 1:3,Epistles,New Testament,Romans,ASV
WORD,which,G3588,1,Romans 1:3,Epistles,New Testament,Romans,ASV
PHRASE,was made,G1096,1,Romans 1:3,Epistles,New Testament,Romans,ASV
WORD,of,G1537,1,Romans 1:3,Epistles,New Testament,Romans,ASV
PHRASE,the seed,G4690,1,Romans 1:3,Epistles,New Testament,Romans,ASV
PHRASE,of David,G1138,1,Romans 1:3,Epistles,New Testament,Romans,ASV
WORD,according,G2596,1,Romans 1:3,Epistles,New Testament,Romans,ASV
PHRASE,to the flesh;,G4561,1,Romans 1:3,Epistles,New Testament,Romans,ASV
PHRASE,And declared,G3724,1,Romans 1:4,Epistles,New Testament,Romans,ASV
PHRASE,[to be],,1,Romans 1:4,Epistles,New Testament,Romans,ASV
PHRASE,the Son,G5207,1,Romans 1:4,Epistles,New Testament,Romans,ASV
PHRASE,of God,G2316,1,Romans 1:4,Epistles,New Testament,Romans,ASV
WORD,with,G1722,1,Romans 1:4,Epistles,New Testament,Romans,ASV
WORD,"power,",G1411,1,Romans 1:4,Epistles,New Testament,Romans,ASV
WORD,according,G2596,1,Romans 1:4,Epistles,New Testament,Romans,ASV
PHRASE,to the spirit,G4151,1,Romans 1:4,Epistles,New Testament,Romans,ASV
PHRASE,"of holiness,",G42,1,Romans 1:4,Epistles,New Testament,Romans,ASV
WORD,by,G1537,1,Romans 1:4,Epistles,New Testament,Romans,ASV
PHRASE,the resurrection,G386,1,Romans 1:4,Epistles,New Testament,Romans,ASV
PHRASE,from the dead:,G3498,1,Romans 1:4,Epistles,New Testament,Romans,ASV
WORD,By,G1223,1,Romans 1:5,Epistles,New Testament,Romans,ASV
WORD,whom,G3739,1,Romans 1:5,Epistles,New Testament,Romans,ASV
PHRASE,we have received,G2983,1,Romans 1:5,Epistles,New Testament,Romans,ASV
WORD,grace,G5485,1,Romans 1:5,Epistles,New Testament,Romans,ASV
WORD,and,G2532,1,Romans 1:5,Epistles,New Testament,Romans,ASV
WORD,"apostleship,",G651,1,Romans 1:5,Epistles,New Testament,Romans,ASV
WORD,for,G1519,1,Romans 1:5,Epistles,New Testament,Romans,ASV
WORD,obedience,G5218,1,Romans 1:5,Epistles,New Testament,Romans,ASV
PHRASE,to the faith,G4102,1,Romans 1:5,Epistles,New Testament,Romans,ASV
WORD,among,G1722,1,Romans 1:5,Epistles,New Testament,Romans,ASV
WORD,all,G3956,1,Romans 1:5,Epistles,New Testament,Romans,ASV
WORD,"nations,",G1484,1,Romans 1:5,Epistles,New Testament,Romans,ASV
WORD,for,G5228,1,Romans 1:5,Epistles,New Testament,Romans,ASV
WORD,his,G846,1,Romans 1:5,Epistles,New Testament,Romans,ASV
WORD,name:,G3686,1,Romans 1:5,Epistles,New Testament,Romans,ASV
WORD,Among,G1722,1,Romans 1:6,Epistles,New Testament,Romans,ASV
WORD,whom,G3739,1,Romans 1:6,Epistles,New Testament,Romans,ASV
WORD,are,G2075,1,Romans 1:6,Epistles,New Testament,Romans,ASV
WORD,ye,G5210,1,Romans 1:6,Epistles,New Testament,Romans,ASV
WORD,also,G2532,1,Romans 1:6,Epistles,New Testament,Romans,ASV
PHRASE,the called,G2822,1,Romans 1:6,Epistles,New Testament,Romans,ASV
PHRASE,of Jesus,G2424,1,Romans 1:6,Epistles,New Testament,Romans,ASV
WORD,Christ:,G5547,1,Romans 1:6,Epistles,New Testament,Romans,ASV
PHRASE,To all,G3956,1,Romans 1:7,Epistles,New Testament,Romans,ASV
PHRASE,that be,G5607,1,Romans 1:7,Epistles,New Testament,Romans,ASV
WORD,in,G1722,1,Romans 1:7,Epistles,New Testament,Romans,ASV
WORD,"Rome,",G4516,1,Romans 1:7,Epistles,New Testament,Romans,ASV
WORD,beloved,G27,1,Romans 1:7,Epistles,New Testament,Romans,ASV
PHRASE,"of God,",G2316,1,Romans 1:7,Epistles,New Testament,Romans,ASV
WORD,called,G2822,1,Romans 1:7,Epistles,New Testament,Romans,ASV
PHRASE,[to be],,1,Romans 1:7,Epistles,New Testament,Romans,ASV
WORD,saints:,G40,1,Romans 1:7,Epistles,New Testament,Romans,ASV
WORD,Grace,G5485,1,Romans 1:7,Epistles,New Testament,Romans,ASV
PHRASE,to you,G5213,1,Romans 1:7,Epistles,New Testament,Romans,ASV
WORD,and,G2532,1,Romans 1:7,Epistles,New Testament,Romans,ASV
WORD,peace,G1515,1,Romans 1:7,Epistles,New Testament,Romans,ASV
WORD,from,G575,1,Romans 1:7,Epistles,New Testament,Romans,ASV
WORD,God,G2316,1,Romans 1:7,Epistles,New Testament,Romans,ASV
WORD,our,G2257,1,Romans 1:7,Epistles,New Testament,Romans,ASV
WORD,"Father,",G3962,1,Romans 1:7,Epistles,New Testament,Romans,ASV
WORD,and,G2532,1,Romans 1:7,Epistles,New Testament,Romans,ASV
PHRASE,the Lord,G2962,1,Romans 1:7,Epistles,New Testament,Romans,ASV
WORD,Jesus,G2424,1,Romans 1:7,Epistles,New Testament,Romans,ASV
WORD,Christ.,G5547,1,Romans 1:7,Epistles,New Testament,Romans,ASV
WORD,"First,",G4412,1,Romans 1:8,Epistles,New Testament,Romans,ASV
PHRASE,I thank,G2168,1,Romans 1:8,Epistles,New Testament,Romans,ASV
WORD,my,G3450,1,Romans 1:8,Epistles,New Testament,Romans,ASV
WORD,God,G2316,1,Romans 1:8,Epistles,New Testament,Romans,ASV
WORD,through,G1223,1,Romans 1:8,Epistles,New Testament,Romans,ASV
WORD,Jesus,G2424,1,Romans 1:8,Epistles,New Testament,Romans,ASV
WORD,Christ,G5547,1,Romans 1:8,Epistles,New Testament,Romans,ASV
WORD,for,G5228,1,Romans 1:8,Epistles,New Testament,Romans,ASV
WORD,you,G5216,1,Romans 1:8,Epistles,New Testament,Romans,ASV
WORD,"all,",G3956,1,Romans 1:8,Epistles,New Testament,Romans,ASV
WORD,that,G3754,1,Romans 1:8,Epistles,New Testament,Romans,ASV
WORD,your,G5216,1,Romans 1:8,Epistles,New Testament,Romans,ASV
WORD,faith,G4102,1,Romans 1:8,Epistles,New Testament,Romans,ASV
PHRASE,is spoken,G2605,1,Romans 1:8,Epistles,New Testament,Romans,ASV
PHRASE,of throughout,G1722,1,Romans 1:8,Epistles,New Testament,Romans,ASV
WORD,the,G3588,1,Romans 1:8,Epistles,New Testament,Romans,ASV
WORD,whole,G3650,1,Romans 1:8,Epistles,New Testament,Romans,ASV
WORD,world.,G2889,1,Romans 1:8,Epistles,New Testament,Romans,ASV
WORD,For,G1063,1,Romans 1:9,Epistles,New Testament,Romans,ASV
WORD,God,G2316,1,Romans 1:9,Epistles,New Testament,Romans,ASV
WORD,is,G2076,1,Romans 1:9,Epistles,New Testament,Romans,ASV
WORD,my,G3450,1,Romans 1:9,Epistles,New Testament,Romans,ASV
WORD,"witness,",G3144,1,Romans 1:9,Epistles,New Testament,Romans,ASV
WORD,whom,G3739,1,Romans 1:9,Epistles,New Testament,Romans,ASV
PHRASE,I serve,G3000,1,Romans 1:9,Epistles,New Testament,Romans,ASV
WORD,with,G1722,1,Romans 1:9,Epistles,New Testament,Romans,ASV
WORD,my,G3450,1,Romans 1:9,Epistles,New Testament,Romans,ASV
WORD,spirit,G4151,1,Romans 1:9,Epistles,New Testament,Romans,ASV
WORD,in,G1722,1,Romans 1:9,Epistles,New Testament,Romans,ASV
WORD,the,G3588,1,Romans 1:9,Epistles,New Testament,Romans,ASV
WORD,gospel,G2098,1,Romans 1:9,Epistles,New Testament,Romans,ASV
PHRASE,of his,G846,1,Romans 1:9,Epistles,New Testament,Romans,ASV
WORD,"Son,",G5207,1,Romans 1:9,Epistles,New Testament,Romans,ASV
WORD,that,G5613,1,Romans 1:9,Epistles,New Testament,Romans,ASV
PHRASE,without ceasing,G89,1,Romans 1:9,Epistles,New Testament,Romans,ASV
PHRASE,I make,G4160,1,Romans 1:9,Epistles,New Testament,Romans,ASV
WORD,mention,G3417,1,Romans 1:9,Epistles,New Testament,Romans,ASV
PHRASE,of you,G5216,1,Romans 1:9,Epistles,New Testament,Romans,ASV
WORD,always,G3842,1,Romans 1:9,Epistles,New Testament,Romans,ASV
WORD,in,G1909,1,Romans 1:9,Epistles,New Testament,Romans,ASV
WORD,my,G3450,1,Romans 1:9,Epistles,New Testament,Romans,ASV
WORD,prayers;,G4335,1,Romans 1:9,Epistles,New Testament,Romans,ASV
PHRASE,"Making request,",G1189,1,Romans 1:10,Epistles,New Testament,Romans,ASV
PHRASE,if by any means,G1513,1,Romans 1:10,Epistles,New Testament,Romans,ASV
WORD,now,G2235,1,Romans 1:10,Epistles,New Testament,Romans,ASV
PHRASE,at length,G4218,1,Romans 1:10,Epistles,New Testament,Romans,ASV
PHRASE,I might have a prosperous journey,G2137,1,Romans 1:10,Epistles,New Testament,Romans,ASV
WORD,by,G1722,1,Romans 1:10,Epistles,New Testament,Romans,ASV
WORD,the,G3588,1,Romans 1:10,Epistles,New Testament,Romans,ASV
WORD,will,G2307,1,Romans 1:10,Epistles,New Testament,Romans,ASV
PHRASE,of God,G2316,1,Romans 1:10,Epistles,New Testament,Romans,ASV
PHRASE,to come,G2064,1,Romans 1:10,Epistles,New Testament,Romans,ASV
WORD,unto,G4314,1,Romans 1:10,Epistles,New Testament,Romans,ASV
WORD,you.,G5209,1,Romans 1:10,Epistles,New Testament,Romans,ASV
WORD,For,G1063,1,Romans 1:11,Epistles,New Testament,Romans,ASV
PHRASE,I long,G1971,1,Romans 1:11,Epistles,New Testament,Romans,ASV
PHRASE,to see,G3708,1,Romans 1:11,Epistles,New Testament,Romans,ASV
WORD,"you,",G5209,1,Romans 1:11,Epistles,New Testament,Romans,ASV
WORD,that,G2443,1,Romans 1:11,Epistles,New Testament,Romans,ASV
PHRASE,I may impart,G3330,1,Romans 1:11,Epistles,New Testament,Romans,ASV
PHRASE,unto you,G5213,1,Romans 1:11,Epistles,New Testament,Romans,ASV
WORD,some,G5100,1,Romans 1:11,Epistles,New Testament,Romans,ASV
WORD,spiritual,G4152,1,Romans 1:11,Epistles,New Testament,Romans,ASV
WORD,"gift,",G5486,1,Romans 1:11,Epistles,New Testament,Romans,ASV
PHRASE,to the end,G1519,1,Romans 1:11,Epistles,New Testament,Romans,ASV
WORD,ye,G5209,1,Romans 1:11,Epistles,New Testament,Romans,ASV
PHRASE,may be established;,G4741,1,Romans 1:11,Epistles,New Testament,Romans,ASV
WORD,That,G5124,1,Romans 1:12,Epistles,New Testament,Romans,ASV
WORD,"is,",G2076,1,Romans 1:12,Epistles,New Testament,Romans,ASV
PHRASE,that I may be comforted together,G4837,1,Romans 1:12,Epistles,New Testament,Romans,ASV
WORD,with,G1722,1,Romans 1:12,Epistles,New Testament,Romans,ASV
WORD,you,G5213,1,Romans 1:12,Epistles,New Testament,Romans,ASV
WORD,by,G1223,1,Romans 1:12,Epistles,New Testament,Romans,ASV
PHRASE,the mutual,G240,1,Romans 1:12,Epistles,New Testament,Romans,ASV
WORD,faith,G4102,1,Romans 1:12,Epistles,New Testament,Romans,ASV
WORD,both,G5037,1,Romans 1:12,Epistles,New Testament,Romans,ASV
PHRASE,of you,G5216,1,Romans 1:12,Epistles,New Testament,Romans,ASV
WORD,and,G2532,1,Romans 1:12,Epistles,New Testament,Romans,ASV
WORD,me.,G1700,1,Romans 1:12,Epistles,New Testament,Romans,ASV
WORD,Now,G1161,1,Romans 1:13,Epistles,New Testament,Romans,ASV
PHRASE,I would,G2309,1,Romans 1:13,Epistles,New Testament,Romans,ASV
WORD,not,G3756,1,Romans 1:13,Epistles,New Testament,Romans,ASV
WORD,have,G50,1,Romans 1:13,Epistles,New Testament,Romans,ASV
WORD,you,G5209,1,Romans 1:13,Epistles,New Testament,Romans,ASV
WORD,"ignorant,",G50,1,Romans 1:13,Epistles,New Testament,Romans,ASV
WORD,"brethren,",G80,1,Romans 1:13,Epistles,New Testament,Romans,ASV
WORD,that,G3754,1,Romans 1:13,Epistles,New Testament,Romans,ASV
WORD,oftentimes,G4178,1,Romans 1:13,Epistles,New Testament,Romans,ASV
PHRASE,I purposed,G4388,1,Romans 1:13,Epistles,New Testament,Romans,ASV
PHRASE,to come,G2064,1,Romans 1:13,Epistles,New Testament,Romans,ASV
WORD,unto,G4314,1,Romans 1:13,Epistles,New Testament,Romans,ASV
WORD,"you,",G5209,1,Romans 1:13,Epistles,New Testament,Romans,ASV
WORD,(but,G2532,1,Romans 1:13,Epistles,New Testament,Romans,ASV
PHRASE,was let,G2967,1,Romans 1:13,Epistles,New Testament,Romans,ASV
WORD,"hitherto,)",G891,1,Romans 1:13,Epistles,New Testament,Romans,ASV
WORD,,G1204,1,Romans 1:13,Epistles,New Testament,Romans,ASV
WORD,that,G2443,1,Romans 1:13,Epistles,New Testament,Romans,ASV
PHRASE,I might have,G2192,1,Romans 1:13,Epistles,New Testament,Romans,ASV
WORD,some,G5100,1,Romans 1:13,Epistles,New Testament,Romans,ASV
WORD,fruit,G2590,1,Romans 1:13,Epistles,New Testament,Romans,ASV
WORD,among,G1722,1,Romans 1:13,Epistles,New Testament,Romans,ASV
WORD,you,G5213,1,Romans 1:13,Epistles,New Testament,Romans,ASV
WORD,"also,",G2532,1,Romans 1:13,Epistles,New Testament,Romans,ASV
PHRASE,even as,G2531,1,Romans 1:13,Epistles,New Testament,Romans,ASV
WORD,,G2532,1,Romans 1:13,Epistles,New Testament,Romans,ASV
WORD,among,G1722,1,Romans 1:13,Epistles,New Testament,Romans,ASV
WORD,other,G3062,1,Romans 1:13,Epistles,New Testament,Romans,ASV
WORD,Gentiles.,G1484,1,Romans 1:13,Epistles,New Testament,Romans,ASV
PHRASE,I am,G1510,1,Romans 1:14,Epistles,New Testament,Romans,ASV
WORD,debtor,G3781,1,Romans 1:14,Epistles,New Testament,Romans,ASV
WORD,both,G5037,1,Romans 1:14,Epistles,New Testament,Romans,ASV
PHRASE,"to the Greeks,",G1672,1,Romans 1:14,Epistles,New Testament,Romans,ASV
WORD,and,G2532,1,Romans 1:14,Epistles,New Testament,Romans,ASV
PHRASE,to the Barbarians;,G915,1,Romans 1:14,Epistles,New Testament,Romans,ASV
WORD,both,G5037,1,Romans 1:14,Epistles,New Testament,Romans,ASV
PHRASE,"to the wise,",G4680,1,Romans 1:14,Epistles,New Testament,Romans,ASV
WORD,and,G2532,1,Romans 1:14,Epistles,New Testament,Romans,ASV
PHRASE,to the unwise.,G453,1,Romans 1:14,Epistles,New Testament,Romans,ASV
WORD,"So,",G3779,1,Romans 1:15,Epistles,New Testament,Romans,ASV
PHRASE,as much as,G2596,1,Romans 1:15,Epistles,New Testament,Romans,ASV
PHRASE,"in me is,",G1691,1,Romans 1:15,Epistles,New Testament,Romans,ASV
PHRASE,I am ready,G4289,1,Romans 1:15,Epistles,New Testament,Romans,ASV
PHRASE,to preach the gospel,G2097,1,Romans 1:15,Epistles,New Testament,Romans,ASV
PHRASE,to you,G5213,1,Romans 1:15,Epistles,New Testament,Romans,ASV
PHRASE,that are at,G1722,1,Romans 1:15,Epistles,New Testament,Romans,ASV
WORD,Rome,G4516,1,Romans 1:15,Epistles,New Testament,Romans,ASV
WORD,also.,G2532,1,Romans 1:15,Epistles,New Testament,Romans,ASV
WORD,For,G1063,1,Romans 1:16,Epistles,New Testament,Romans,ASV
PHRASE,I am,G1870,1,Romans 1:16,Epistles,New Testament,Romans,ASV
WORD,not,G3756,1,Romans 1:16,Epistles,New Testament,Romans,ASV
WORD,ashamed,G1870,1,Romans 1:16,Epistles,New Testament,Romans,ASV
PHRASE,of the,G3588,1,Romans 1:16,Epistles,New Testament,Romans,ASV
WORD,gospel,G2098,1,Romans 1:16,Epistles,New Testament,Romans,ASV
PHRASE,of Christ:,G5547,1,Romans 1:16,Epistles,New Testament,Romans,ASV
WORD,for,G1063,1,Romans 1:16,Epistles,New Testament,Romans,ASV
PHRASE,it is,G2076,1,Romans 1:16,Epistles,New Testament,Romans,ASV
PHRASE,the power,G1411,1,Romans 1:16,Epistles,New Testament,Romans,ASV
PHRASE,of God,G2316,1,Romans 1:16,Epistles,New Testament,Romans,ASV
WORD,unto,G1519,1,Romans 1:16,Epistles,New Testament,Romans,ASV
WORD,salvation,G4991,1,Romans 1:16,Epistles,New Testament,Romans,ASV
PHRASE,to every one,G3956,1,Romans 1:16,Epistles,New Testament,Romans,ASV
PHRASE,that believeth;,G4100,1,Romans 1:16,Epistles,New Testament,Romans,ASV
PHRASE,to the Jew,G2453,1,Romans 1:16,Epistles,New Testament,Romans,ASV
WORD,"first,",G4412,1,Romans 1:16,Epistles,New Testament,Romans,ASV
WORD,and,G5037,1,Romans 1:16,Epistles,New Testament,Romans,ASV
WORD,also,G2532,1,Romans 1:16,Epistles,New Testament,Romans,ASV
PHRASE,to the Greek.,G1672,1,Romans 1:16,Epistles,New Testament,Romans,ASV
WORD,For,G1063,1,Romans 1:17,Epistles,New Testament,Romans,ASV
WORD,therein,G1722,1,Romans 1:17,Epistles,New Testament,Romans,ASV
WORD,,G846,1,Romans 1:17,Epistles,New Testament,Romans,ASV
WORD,is,G601,1,Romans 1:17,Epistles,New Testament,Romans,ASV
PHRASE,the righteousness,G1343,1,Romans 1:17,Epistles,New Testament,Romans,ASV
PHRASE,of God,G2316,1,Romans 1:17,Epistles,New Testament,Romans,ASV
WORD,revealed,G601,1,Romans 1:17,Epistles,New Testament,Romans,ASV
WORD,from,G1537,1,Romans 1:17,Epistles,New Testament,Romans,ASV
WORD,faith,G4102,1,Romans 1:17,Epistles,New Testament,Romans,ASV
WORD,to,G1519,1,Romans 1:17,Epistles,New Testament,Romans,ASV
WORD,faith:,G4102,1,Romans 1:17,Epistles,New Testament,Romans,ASV
WORD,as,G2531,1,Romans 1:17,Epistles,New Testament,Romans,ASV
PHRASE,"it is written,",G1125,1,Romans 1:17,Epistles,New Testament,Romans,ASV
WORD,The,G3588,1,Romans 1:17,Epistles,New Testament,Romans,ASV
WORD,just,G1342,1,Romans 1:17,Epistles,New Testament,Romans,ASV
PHRASE,shall live,G2198,1,Romans 1:17,Epistles,New Testament,Romans,ASV
WORD,by,G1537,1,Romans 1:17,Epistles,New Testament,Romans,ASV
WORD,faith.,G4102,1,Romans 1:17,Epistles,New Testament,Romans,ASV
WORD,For,G1063,1,Romans 1:18,Epistles,New Testament,Romans,ASV
PHRASE,the wrath,G3709,1,Romans 1:18,Epistles,New Testament,Romans,ASV
PHRASE,of God,G2316,1,Romans 1:18,Epistles,New Testament,Romans,ASV
PHRASE,is revealed,G601,1,Romans 1:18,Epistles,New Testament,Romans,ASV
WORD,from,G575,1,Romans 1:18,Epistles,New Testament,Romans,ASV
WORD,heaven,G3772,1,Romans 1:18,Epistles,New Testament,Romans,ASV
WORD,against,G1909,1,Romans 1:18,Epistles,New Testament,Romans,ASV
WORD,all,G3956,1,Romans 1:18,Epistles,New Testament,Romans,ASV
WORD,ungodliness,G763,1,Romans 1:18,Epistles,New Testament,Romans,ASV
WORD,and,G2532,1,Romans 1:18,Epistles,New Testament,Romans,ASV
WORD,unrighteousness,G93,1,Romans 1:18,Epistles,New Testament,Romans,ASV
PHRASE,"of men,",G444,1,Romans 1:18,Epistles,New Testament,Romans,ASV
PHRASE,who hold,G2722,1,Romans 1:18,Epistles,New Testament,Romans,ASV
WORD,the,G3588,1,Romans 1:18,Epistles,New Testament,Romans,ASV
WORD,truth,G225,1,Romans 1:18,Epistles,New Testament,Romans,ASV
WORD,in,G1722,1,Romans 1:18,Epistles,New Testament,Romans,ASV
WORD,unrighteousness;,G93,1,Romans 1:18,Epistles,New Testament,Romans,ASV
WORD,Because,G1360,1,Romans 1:19,Epistles,New Testament,Romans,ASV
PHRASE,that which,G3588,1,Romans 1:19,Epistles,New Testament,Romans,ASV
PHRASE,may be known,G1110,1,Romans 1:19,Epistles,New Testament,Romans,ASV
PHRASE,of God,G2316,1,Romans 1:19,Epistles,New Testament,Romans,ASV
WORD,is,G2076,1,Romans 1:19,Epistles,New Testament,Romans,ASV
WORD,manifest,G5318,1,Romans 1:19,Epistles,New Testament,Romans,ASV
WORD,in,G1722,1,Romans 1:19,Epistles,New Testament,Romans,ASV
WORD,them;,G846,1,Romans 1:19,Epistles,New Testament,Romans,ASV
WORD,for,G1063,1,Romans 1:19,Epistles,New Testament,Romans,ASV
WORD,God,G2316,1,Romans 1:19,Epistles,New Testament,Romans,ASV
PHRASE,hath shewed,G5319,1,Romans 1:19,Epistles,New Testament,Romans,ASV
WORD,[it],,1,Romans 1:19,Epistles,New Testament,Romans,ASV
PHRASE,unto them.,G846,1,Romans 1:19,Epistles,New Testament,Romans,ASV
WORD,For,G1063,1,Romans 1:20,Epistles,New Testament,Romans,ASV
PHRASE,the invisible things,G517,1,Romans 1:20,Epistles,New Testament,Romans,ASV
PHRASE,of him,G846,1,Romans 1:20,Epistles,New Testament,Romans,ASV
WORD,from,G575,1,Romans 1:20,Epistles,New Testament,Romans,ASV
PHRASE,the creation,G2937,1,Romans 1:20,Epistles,New Testament,Romans,ASV
PHRASE,of the world,G2889,1,Romans 1:20,Epistles,New Testament,Romans,ASV
PHRASE,"are clearly seen,",G2529,1,Romans 1:20,Epistles,New Testament,Romans,ASV
PHRASE,being understood,G3539,1,Romans 1:20,Epistles,New Testament,Romans,ASV
PHRASE,by the,G3588,1,Romans 1:20,Epistles,New Testament,Romans,ASV
PHRASE,"things that are made,",G4161,1,Romans 1:20,Epistles,New Testament,Romans,ASV
WORD,[even],G5037,1,Romans 1:20,Epistles,New Testament,Romans,ASV
WORD,his,G846,1,Romans 1:20,Epistles,New Testament,Romans,ASV
WORD,eternal,G126,1,Romans 1:20,Epistles,New Testament,Romans,ASV
WORD,power,G1411,1,Romans 1:20,Epistles,New Testament,Romans,ASV
WORD,and,G2532,1,Romans 1:20,Epistles,New Testament,Romans,ASV
WORD,Godhead;,G2305,1,Romans 1:20,Epistles,New Testament,Romans,ASV
WORD,so,G1519,1,Romans 1:20,Epistles,New Testament,Romans,ASV
PHRASE,that they,G846,1,Romans 1:20,Epistles,New Testament,Romans,ASV
WORD,are,G1511,1,Romans 1:20,Epistles,New Testament,Romans,ASV
PHRASE,without excuse:,G379,1,Romans 1:20,Epistles,New Testament,Romans,ASV
WORD,Because,G1360,1,Romans 1:21,Epistles,New Testament,Romans,ASV
PHRASE,"that, when they knew",G1097,1,Romans 1:21,Epistles,New Testament,Romans,ASV
WORD,"God,",G2316,1,Romans 1:21,Epistles,New Testament,Romans,ASV
PHRASE,they glorified,G1392,1,Romans 1:21,Epistles,New Testament,Romans,ASV
WORD,[him],,1,Romans 1:21,Epistles,New Testament,Romans,ASV
WORD,not,G3756,1,Romans 1:21,Epistles,New Testament,Romans,ASV
WORD,as,G5613,1,Romans 1:21,Epistles,New Testament,Romans,ASV
WORD,"God,",G2316,1,Romans 1:21,Epistles,New Testament,Romans,ASV
WORD,neither,G2228,1,Romans 1:21,Epistles,New Testament,Romans,ASV
PHRASE,were thankful;,G2168,1,Romans 1:21,Epistles,New Testament,Romans,ASV
WORD,but,G235,1,Romans 1:21,Epistles,New Testament,Romans,ASV
PHRASE,became vain,G3154,1,Romans 1:21,Epistles,New Testament,Romans,ASV
WORD,in,G1722,1,Romans 1:21,Epistles,New Testament,Romans,ASV
WORD,their,G846,1,Romans 1:21,Epistles,New Testament,Romans,ASV
WORD,"imaginations,",G1261,1,Romans 1:21,Epistles,New Testament,Romans,ASV
WORD,and,G2532,1,Romans 1:21,Epistles,New Testament,Romans,ASV
WORD,their,G846,1,Romans 1:21,Epistles,New Testament,Romans,ASV
WORD,foolish,G801,1,Romans 1:21,Epistles,New Testament,Romans,ASV
WORD,heart,G2588,1,Romans 1:21,Epistles,New Testament,Romans,ASV
PHRASE,was darkened.,G4654,1,Romans 1:21,Epistles,New Testament,Romans,ASV
PHRASE,Professing themselves,G5335,1,Romans 1:22,Epistles,New Testament,Romans,ASV
PHRASE,to be,G1511,1,Romans 1:22,Epistles,New Testament,Romans,ASV
WORD,"wise,",G4680,1,Romans 1:22,Epistles,New Testament,Romans,ASV
PHRASE,"they became fools,",G3471,1,Romans 1:22,Epistles,New Testament,Romans,ASV
WORD,And,G2532,1,Romans 1:23,Epistles,New Testament,Romans,ASV
WORD,changed,G236,1,Romans 1:23,Epistles,New Testament,Romans,ASV
WORD,the,G3588,1,Romans 1:23,Epistles,New Testament,Romans,ASV
WORD,glory,G1391,1,Romans 1:23,Epistles,New Testament,Romans,ASV
PHRASE,of the,G3588,1,Romans 1:23,Epistles,New Testament,Romans,ASV
WORD,uncorruptible,G862,1,Romans 1:23,Epistles,New Testament,Romans,ASV
WORD,God,G2316,1,Romans 1:23,Epistles,New Testament,Romans,ASV
WORD,into,G1722,1,Romans 1:23,Epistles,New Testament,Romans,ASV
PHRASE,an image,G1504,1,Romans 1:23,Epistles,New Testament,Romans,ASV
PHRASE,made like,G3667,1,Romans 1:23,Epistles,New Testament,Romans,ASV
PHRASE,to corruptible,G5349,1,Romans 1:23,Epistles,New Testament,Romans,ASV
WORD,"man,",G444,1,Romans 1:23,Epistles,New Testament,Romans,ASV
WORD,and,G2532,1,Romans 1:23,Epistles,New Testament,Romans,ASV
PHRASE,"to birds,",G4071,1,Romans 1:23,Epistles,New Testament,Romans,ASV
WORD,and,G2532,1,Romans 1:23,Epistles,New Testament,Romans,ASV
PHRASE,"fourfooted beasts,",G5074,1,Romans 1:23,Epistles,New Testament,Romans,ASV
WORD,and,G2532,1,Romans 1:23,Epistles,New Testament,Romans,ASV
PHRASE,creeping things.,G2062,1,Romans 1:23,Epistles,New Testament,Romans,ASV
WORD,Wherefore,G1352,1,Romans 1:24,Epistles,New Testament,Romans,ASV
WORD,God,G2316,1,Romans 1:24,Epistles,New Testament,Romans,ASV
WORD,also,G2532,1,Romans 1:24,Epistles,New Testament,Romans,ASV
WORD,gave,G3860,1,Romans 1:24,Epistles,New Testament,Romans,ASV
WORD,them,G846,1,Romans 1:24,Epistles,New Testament,Romans,ASV
WORD,up,G3860,1,Romans 1:24,Epistles,New Testament,Romans,ASV
WORD,to,G1519,1,Romans 1:24,Epistles,New Testament,Romans,ASV
WORD,uncleanness,G167,1,Romans 1:24,Epistles,New Testament,Romans,ASV
WORD,through,G1722,1,Romans 1:24,Epistles,New Testament,Romans,ASV
WORD,the,G3588,1,Romans 1:24,Epistles,New Testament,Romans,ASV
WORD,lusts,G1939,1,Romans 1:24,Epistles,New Testament,Romans,ASV
PHRASE,of their own,G846,1,Romans 1:24,Epistles,New Testament,Romans,ASV
WORD,"hearts,",G2588,1,Romans 1:24,Epistles,New Testament,Romans,ASV
PHRASE,to dishonour,G818,1,Romans 1:24,Epistles,New Testament,Romans,ASV
PHRASE,their own,G846,1,Romans 1:24,Epistles,New Testament,Romans,ASV
WORD,bodies,G4983,1,Romans 1:24,Epistles,New Testament,Romans,ASV
WORD,between,G1722,1,Romans 1:24,Epistles,New Testament,Romans,ASV
WORD,themselves:,G1438,1,Romans 1:24,Epistles,New Testament,Romans,ASV
WORD,Who,G3748,1,Romans 1:25,Epistles,New Testament,Romans,ASV
WORD,changed,G3337,1,Romans 1:25,Epistles,New Testament,Romans,ASV
WORD,the,G3588,1,Romans 1:25,Epistles,New Testament,Romans,ASV
WORD,truth,G225,1,Romans 1:25,Epistles,New Testament,Romans,ASV
PHRASE,of God,G2316,1,Romans 1:25,Epistles,New Testament,Romans,ASV
WORD,into,G1722,1,Romans 1:25,Epistles,New Testament,Romans,ASV
WORD,a,G3588,1,Romans 1:25,Epistles,New Testament,Romans,ASV
WORD,"lie,",G5579,1,Romans 1:25,Epistles,New Testament,Romans,ASV
WORD,and,G2532,1,Romans 1:25,Epistles,New Testament,Romans,ASV
WORD,worshipped,G4573,1,Romans 1:25,Epistles,New Testament,Romans,ASV
WORD,and,G2532,1,Romans 1:25,Epistles,New Testament,Romans,ASV
WORD,served,G3000,1,Romans 1:25,Epistles,New Testament,Romans,ASV
WORD,the,G3588,1,Romans 1:25,Epistles,New Testament,Romans,ASV
WORD,creature,G2937,1,Romans 1:25,Epistles,New Testament,Romans,ASV
PHRASE,more than,G3844,1,Romans 1:25,Epistles,New Testament,Romans,ASV
WORD,the,G3588,1,Romans 1:25,Epistles,New Testament,Romans,ASV
WORD,"Creator,",G2936,1,Romans 1:25,Epistles,New Testament,Romans,ASV
WORD,who,G3739,1,Romans 1:25,Epistles,New Testament,Romans,ASV
WORD,is,G2076,1,Romans 1:25,Epistles,New Testament,Romans,ASV
WORD,blessed,G2128,1,Romans 1:25,Epistles,New Testament,Romans,ASV
WORD,for,G1519,1,Romans 1:25,Epistles,New Testament,Romans,ASV
WORD,ever.,G165,1,Romans 1:25,Epistles,New Testament,Romans,ASV
WORD,Amen.,G281,1,Romans 1:25,Epistles,New Testament,Romans,ASV
WORD,For,G1223,1,Romans 1:26,Epistles,New Testament,Romans,ASV
WORD,this,G5124,1,Romans 1:26,Epistles,New Testament,Romans,ASV
PHRASE,cause God,G2316,1,Romans 1:26,Epistles,New Testament,Romans,ASV
WORD,gave,G3860,1,Romans 1:26,Epistles,New Testament,Romans,ASV
WORD,them,G846,1,Romans 1:26,Epistles,New Testament,Romans,ASV
WORD,up,G3860,1,Romans 1:26,Epistles,New Testament,Romans,ASV
WORD,unto,G1519,1,Romans 1:26,Epistles,New Testament,Romans,ASV
WORD,vile,G819,1,Romans 1:26,Epistles,New Testament,Romans,ASV
WORD,affections:,G3806,1,Romans 1:26,Epistles,New Testament,Romans,ASV
WORD,for,G1063,1,Romans 1:26,Epistles,New Testament,Romans,ASV
WORD,even,G5037,1,Romans 1:26,Epistles,New Testament,Romans,ASV
WORD,their,G846,1,Romans 1:26,Epistles,New Testament,Romans,ASV
WORD,women,G2338,1,Romans 1:26,Epistles,New Testament,Romans,ASV
PHRASE,did change,G3337,1,Romans 1:26,Epistles,New Testament,Romans,ASV
WORD,the,G3588,1,Romans 1:26,Epistles,New Testament,Romans,ASV
WORD,natural,G5446,1,Romans 1:26,Epistles,New Testament,Romans,ASV
WORD,use,G5540,1,Romans 1:26,Epistles,New Testament,Romans,ASV
WORD,into,G1519,1,Romans 1:26,Epistles,New Testament,Romans,ASV
PHRASE,that which,G3588,1,Romans 1:26,Epistles,New Testament,Romans,ASV
PHRASE,is against,G3844,1,Romans 1:26,Epistles,New Testament,Romans,ASV
WORD,nature:,G5449,1,Romans 1:26,Epistles,New Testament,Romans,ASV
WORD,And,G5037,1,Romans 1:27,Epistles,New Testament,Romans,ASV
WORD,likewise,G3668,1,Romans 1:27,Epistles,New Testament,Romans,ASV
WORD,also,G2532,1,Romans 1:27,Epistles,New Testament,Romans,ASV
WORD,the,G3588,1,Romans 1:27,Epistles,New Testament,Romans,ASV
WORD,"men,",G730,1,Romans 1:27,Epistles,New Testament,Romans,ASV
WORD,leaving,G863,1,Romans 1:27,Epistles,New Testament,Romans,ASV
WORD,the,G3588,1,Romans 1:27,Epistles,New Testament,Romans,ASV
WORD,natural,G5446,1,Romans 1:27,Epistles,New Testament,Romans,ASV
WORD,use,G5540,1,Romans 1:27,Epistles,New Testament,Romans,ASV
PHRASE,of the,G3588,1,Romans 1:27,Epistles,New Testament,Romans,ASV
WORD,"woman,",G2338,1,Romans 1:27,Epistles,New Testament,Romans,ASV
WORD,burned,G1572,1,Romans 1:27,Epistles,New Testament,Romans,ASV
WORD,in,G1722,1,Romans 1:27,Epistles,New Testament,Romans,ASV
WORD,their,G846,1,Romans 1:27,Epistles,New Testament,Romans,ASV
WORD,lust,G3715,1,Romans 1:27,Epistles,New Testament,Romans,ASV
WORD,one,G240,1,Romans 1:27,Epistles,New Testament,Romans,ASV
WORD,toward,G1519,1,Romans 1:27,Epistles,New Testament,Romans,ASV
WORD,another;,G240,1,Romans 1:27,Epistles,New Testament,Romans,ASV
WORD,men,G730,1,Romans 1:27,Epistles,New Testament,Romans,ASV
WORD,with,G1722,1,Romans 1:27,Epistles,New Testament,Romans,ASV
WORD,men,G730,1,Romans 1:27,Epistles,New Testament,Romans,ASV
WORD,working,G2716,1,Romans 1:27,Epistles,New Testament,Romans,ASV
PHRASE,that which,G3588,1,Romans 1:27,Epistles,New Testament,Romans,ASV
PHRASE,"is unseemly,",G808,1,Romans 1:27,Epistles,New Testament,Romans,ASV
WORD,and,G2532,1,Romans 1:27,Epistles,New Testament,Romans,ASV
WORD,receiving,G618,1,Romans 1:27,Epistles,New Testament,Romans,ASV
WORD,in,G1722,1,Romans 1:27,Epistles,New Testament,Romans,ASV
WORD,themselves,G1438,1,Romans 1:27,Epistles,New Testament,Romans,ASV
PHRASE,that recompence,G489,1,Romans 1:27,Epistles,New Testament,Romans,ASV
PHRASE,of their,G846,1,Romans 1:27,Epistles,New Testament,Romans,ASV
WORD,error,G4106,1,Romans 1:27,Epistles,New Testament,Romans,ASV
WORD,which,G3739,1,Romans 1:27,Epistles,New Testament,Romans,ASV
PHRASE,was meet.,G1163,1,Romans 1:27,Epistles,New Testament,Romans,ASV
WORD,And,G2532,1,Romans 1:28,Epistles,New Testament,Romans,ASV
PHRASE,even as,G2531,1,Romans 1:28,Epistles,New Testament,Romans,ASV
PHRASE,they did,G1381,1,Romans 1:28,Epistles,New Testament,Romans,ASV
WORD,not,G3756,1,Romans 1:28,Epistles,New Testament,Romans,ASV
WORD,like,G1381,1,Romans 1:28,Epistles,New Testament,Romans,ASV
PHRASE,to retain,G2192,1,Romans 1:28,Epistles,New Testament,Romans,ASV
WORD,God,G2316,1,Romans 1:28,Epistles,New Testament,Romans,ASV
WORD,in,G1722,1,Romans 1:28,Epistles,New Testament,Romans,ASV
WORD,[their],,1,Romans 1:28,Epistles,New Testament,Romans,ASV
WORD,"knowledge,",G1922,1,Romans 1:28,Epistles,New Testament,Romans,ASV
WORD,God,G2316,1,Romans 1:28,Epistles,New Testament,Romans,ASV
WORD,gave,G3860,1,Romans 1:28,Epistles,New Testament,Romans,ASV
WORD,them,G846,1,Romans 1:28,Epistles,New Testament,Romans,ASV
WORD,over,G3860,1,Romans 1:28,Epistles,New Testament,Romans,ASV
WORD,to,G1519,1,Romans 1:28,Epistles,New Testament,Romans,ASV
PHRASE,a reprobate,G96,1,Romans 1:28,Epistles,New Testament,Romans,ASV
WORD,"mind,",G3563,1,Romans 1:28,Epistles,New Testament,Romans,ASV
PHRASE,to do,G4160,1,Romans 1:28,Epistles,New Testament,Romans,ASV
PHRASE,those things,G3588,1,Romans 1:28,Epistles,New Testament,Romans,ASV
PHRASE,which are,G2520,1,Romans 1:28,Epistles,New Testament,Romans,ASV
WORD,not,G3361,1,Romans 1:28,Epistles,New Testament,Romans,ASV
WORD,convenient;,G2520,1,Romans 1:28,Epistles,New Testament,Romans,ASV
PHRASE,Being filled with,G4137,1,Romans 1:29,Epistles,New Testament,Romans,ASV
WORD,all,G3956,1,Romans 1:29,Epistles,New Testament,Romans,ASV
WORD,"unrighteousness,",G93,1,Romans 1:29,Epistles,New Testament,Romans,ASV
WORD,"fornication,",G4202,1,Romans 1:29,Epistles,New Testament,Romans,ASV
WORD,"wickedness,",G4189,1,Romans 1:29,Epistles,New Testament,Romans,ASV
WORD,"covetousness,",G4124,1,Romans 1:29,Epistles,New Testament,Romans,ASV
WORD,maliciousness;,G2549,1,Romans 1:29,Epistles,New Testament,Romans,ASV
WORD,full,G3324,1,Romans 1:29,Epistles,New Testament,Romans,ASV
PHRASE,"of envy,",G5355,1,Romans 1:29,Epistles,New Testament,Romans,ASV
WORD,"murder,",G5408,1,Romans 1:29,Epistles,New Testament,Romans,ASV
WORD,"debate,",G2054,1,Romans 1:29,Epistles,New Testament,Romans,ASV
WORD,"deceit,",G1388,1,Romans 1:29,Epistles,New Testament,Romans,ASV
WORD,malignity;,G2550,1,Romans 1:29,Epistles,New Testament,Romans,ASV
WORD,"whisperers,",G5588,1,Romans 1:29,Epistles,New Testament,Romans,ASV
WORD,"Backbiters,",G2637,1,Romans 1:30,Epistles,New Testament,Romans,ASV
PHRASE,"haters of God,",G2319,1,Romans 1:30,Epistles,New Testament,Romans,ASV
WORD,"despiteful,",G5197,1,Romans 1:30,Epistles,New Testament,Romans,ASV
WORD,"proud,",G5244,1,Romans 1:30,Epistles,New Testament,Romans,ASV
WORD,"boasters,",G213,1,Romans 1:30,Epistles,New Testament,Romans,ASV
WORD,inventors,G2182,1,Romans 1:30,Epistles,New Testament,Romans,ASV
PHRASE,"of evil things,",G2556,1,Romans 1:30,Epistles,New Testament,Romans,ASV
WORD,disobedient,G545,1,Romans 1:30,Epistles,New Testament,Romans,ASV
PHRASE,"to parents,",G1118,1,Romans 1:30,Epistles,New Testament,Romans,ASV
PHRASE,"Without understanding,",G801,1,Romans 1:31,Epistles,New Testament,Romans,ASV
WORD,"covenantbreakers,",G802,1,Romans 1:31,Epistles,New Testament,Romans,ASV
PHRASE,"without natural affection,",G794,1,Romans 1:31,Epistles,New Testament,Romans,ASV
WORD,"implacable,",G786,1,Romans 1:31,Epistles,New Testament,Romans,ASV
WORD,unmerciful:,G415,1,Romans 1:31,Epistles,New Testament,Romans,ASV
WORD,Who,G3748,1,Romans 1:32,Epistles,New Testament,Romans,ASV
WORD,knowing,G1921,1,Romans 1:32,Epistles,New Testament,Romans,ASV
WORD,the,G3588,1,Romans 1:32,Epistles,New Testament,Romans,ASV
WORD,judgment,G1345,1,Romans 1:32,Epistles,New Testament,Romans,ASV
PHRASE,"of God,",G2316,1,Romans 1:32,Epistles,New Testament,Romans,ASV
WORD,that,G3754,1,Romans 1:32,Epistles,New Testament,Romans,ASV
PHRASE,they which,G3588,1,Romans 1:32,Epistles,New Testament,Romans,ASV
WORD,commit,G4238,1,Romans 1:32,Epistles,New Testament,Romans,ASV
PHRASE,such things,G5108,1,Romans 1:32,Epistles,New Testament,Romans,ASV
WORD,are,G1526,1,Romans 1:32,Epistles,New Testament,Romans,ASV
WORD,worthy,G514,1,Romans 1:32,Epistles,New Testament,Romans,ASV
PHRASE,"of death,",G2288,1,Romans 1:32,Epistles,New Testament,Romans,ASV
WORD,not,G3756,1,Romans 1:32,Epistles,New Testament,Romans,ASV
WORD,only,G3440,1,Romans 1:32,Epistles,New Testament,Romans,ASV
WORD,do,G4160,1,Romans 1:32,Epistles,New Testament,Romans,ASV
PHRASE,"the same,",G846,1,Romans 1:32,Epistles,New Testament,Romans,ASV
WORD,but,G235,1,Romans 1:32,Epistles,New Testament,Romans,ASV
PHRASE,have pleasure,G4909,1,Romans 1:32,Epistles,New Testament,Romans,ASV
PHRASE,in them that do,G4238,1,Romans 1:32,Epistles,New Testament,Romans,ASV
WORD,them.,,1,Romans 1:32,Epistles,New Testament,Romans,ASV
WORD,Therefore,G1352,2,Romans 2:1,Epistles,New Testament,Romans,ASV
PHRASE,thou art,G1488,2,Romans 2:1,Epistles,New Testament,Romans,ASV
WORD,"inexcusable,",G379,2,Romans 2:1,Epistles,New Testament,Romans,ASV
WORD,O,G5599,2,Romans 2:1,Epistles,New Testament,Romans,ASV
WORD,"man,",G444,2,Romans 2:1,Epistles,New Testament,Romans,ASV
WORD,whosoever,G3956,2,Romans 2:1,Epistles,New Testament,Romans,ASV
PHRASE,thou art that judgest:,G2919,2,Romans 2:1,Epistles,New Testament,Romans,ASV
WORD,for,G1063,2,Romans 2:1,Epistles,New Testament,Romans,ASV
WORD,wherein,G1722,2,Romans 2:1,Epistles,New Testament,Romans,ASV
WORD,,G3739,2,Romans 2:1,Epistles,New Testament,Romans,ASV
PHRASE,thou judgest,G2919,2,Romans 2:1,Epistles,New Testament,Romans,ASV
WORD,"another,",G2087,2,Romans 2:1,Epistles,New Testament,Romans,ASV
PHRASE,thou condemnest,G2632,2,Romans 2:1,Epistles,New Testament,Romans,ASV
WORD,thyself;,G4572,2,Romans 2:1,Epistles,New Testament,Romans,ASV
WORD,for,G1063,2,Romans 2:1,Epistles,New Testament,Romans,ASV
PHRASE,thou that judgest,G2919,2,Romans 2:1,Epistles,New Testament,Romans,ASV
WORD,doest,G4238,2,Romans 2:1,Epistles,New Testament,Romans,ASV
WORD,the,G3588,2,Romans 2:1,Epistles,New Testament,Romans,ASV
PHRASE,same things.,G846,2,Romans 2:1,Epistles,New Testament,Romans,ASV
WORD,But,G1161,2,Romans 2:2,Epistles,New Testament,Romans,ASV
PHRASE,we are sure,G1492,2,Romans 2:2,Epistles,New Testament,Romans,ASV
WORD,that,G3754,2,Romans 2:2,Epistles,New Testament,Romans,ASV
WORD,the,G3588,2,Romans 2:2,Epistles,New Testament,Romans,ASV
WORD,judgment,G2917,2,Romans 2:2,Epistles,New Testament,Romans,ASV
PHRASE,of God,G2316,2,Romans 2:2,Epistles,New Testament,Romans,ASV
WORD,is,G2076,2,Romans 2:2,Epistles,New Testament,Romans,ASV
WORD,according,G2596,2,Romans 2:2,Epistles,New Testament,Romans,ASV
PHRASE,to truth,G225,2,Romans 2:2,Epistles,New Testament,Romans,ASV
WORD,against,G1909,2,Romans 2:2,Epistles,New Testament,Romans,ASV
WORD,them,G3588,2,Romans 2:2,Epistles,New Testament,Romans,ASV
PHRASE,which commit,G4238,2,Romans 2:2,Epistles,New Testament,Romans,ASV
PHRASE,such things.,G5108,2,Romans 2:2,Epistles,New Testament,Romans,ASV
WORD,And,G1161,2,Romans 2:3,Epistles,New Testament,Romans,ASV
PHRASE,thinkest thou,G3049,2,Romans 2:3,Epistles,New Testament,Romans,ASV
WORD,"this,",G5124,2,Romans 2:3,Epistles,New Testament,Romans,ASV
WORD,O,G5599,2,Romans 2:3,Epistles,New Testament,Romans,ASV
WORD,"man,",G444,2,Romans 2:3,Epistles,New Testament,Romans,ASV
WORD,that,G3588,2,Romans 2:3,Epistles,New Testament,Romans,ASV
WORD,judgest,G2919,2,Romans 2:3,Epistles,New Testament,Romans,ASV
WORD,them,G3588,2,Romans 2:3,Epistles,New Testament,Romans,ASV
PHRASE,which do,G4238,2,Romans 2:3,Epistles,New Testament,Romans,ASV
PHRASE,"such things,",G5108,2,Romans 2:3,Epistles,New Testament,Romans,ASV
WORD,and,G2532,2,Romans 2:3,Epistles,New Testament,Romans,ASV
WORD,doest,G4160,2,Romans 2:3,Epistles,New Testament,Romans,ASV
PHRASE,"the same,",G846,2,Romans 2:3,Epistles,New Testament,Romans,ASV
WORD,that,G3754,2,Romans 2:3,Epistles,New Testament,Romans,ASV
WORD,thou,G4771,2,Romans 2:3,Epistles,New Testament,Romans,ASV
PHRASE,shalt escape,G1628,2,Romans 2:3,Epistles,New Testament,Romans,ASV
WORD,the,G3588,2,Romans 2:3,Epistles,New Testament,Romans,ASV
WORD,judgment,G2917,2,Romans 2:3,Epistles,New Testament,Romans,ASV
PHRASE,of God?,G2316,2,Romans 2:3,Epistles,New Testament,Romans,ASV
WORD,Or,G2228,2,Romans 2:4,Epistles,New Testament,Romans,ASV
PHRASE,despisest thou,G2706,2,Romans 2:4,Epistles,New Testament,Romans,ASV
WORD,the,G3588,2,Romans 2:4,Epistles,New Testament,Romans,ASV
WORD,riches,G4149,2,Romans 2:4,Epistles,New Testament,Romans,ASV
PHRASE,of his,G846,2,Romans 2:4,Epistles,New Testament,Romans,ASV
WORD,goodness,G5544,2,Romans 2:4,Epistles,New Testament,Romans,ASV
WORD,and,G2532,2,Romans 2:4,Epistles,New Testament,Romans,ASV
WORD,forbearance,G463,2,Romans 2:4,Epistles,New Testament,Romans,ASV
WORD,and,G2532,2,Romans 2:4,Epistles,New Testament,Romans,ASV
WORD,longsuffering;,G3115,2,Romans 2:4,Epistles,New Testament,Romans,ASV
PHRASE,not knowing,G50,2,Romans 2:4,Epistles,New Testament,Romans,ASV
WORD,that,G3754,2,Romans 2:4,Epistles,New Testament,Romans,ASV
WORD,the,G3588,2,Romans 2:4,Epistles,New Testament,Romans,ASV
WORD,goodness,G5543,2,Romans 2:4,Epistles,New Testament,Romans,ASV
PHRASE,of God,G2316,2,Romans 2:4,Epistles,New Testament,Romans,ASV
WORD,leadeth,G71,2,Romans 2:4,Epistles,New Testament,Romans,ASV
WORD,thee,G4571,2,Romans 2:4,Epistles,New Testament,Romans,ASV
WORD,to,G1519,2,Romans 2:4,Epistles,New Testament,Romans,ASV
WORD,repentance?,G3341,2,Romans 2:4,Epistles,New Testament,Romans,ASV
WORD,But,G1161,2,Romans 2:5,Epistles,New Testament,Romans,ASV
WORD,after,G2596,2,Romans 2:5,Epistles,New Testament,Romans,ASV
WORD,thy,G4675,2,Romans 2:5,Epistles,New Testament,Romans,ASV
WORD,hardness,G4643,2,Romans 2:5,Epistles,New Testament,Romans,ASV
WORD,and,G2532,2,Romans 2:5,Epistles,New Testament,Romans,ASV
WORD,impenitent,G279,2,Romans 2:5,Epistles,New Testament,Romans,ASV
WORD,heart,G2588,2,Romans 2:5,Epistles,New Testament,Romans,ASV
PHRASE,treasurest up,G2343,2,Romans 2:5,Epistles,New Testament,Romans,ASV
PHRASE,unto thyself,G4572,2,Romans 2:5,Epistles,New Testament,Romans,ASV
WORD,wrath,G3709,2,Romans 2:5,Epistles,New Testament,Romans,ASV
WORD,against,G1722,2,Romans 2:5,Epistles,New Testament,Romans,ASV
PHRASE,the day,G2250,2,Romans 2:5,Epistles,New Testament,Romans,ASV
PHRASE,of wrath,G3709,2,Romans 2:5,Epistles,New Testament,Romans,ASV
WORD,and,G2532,2,Romans 2:5,Epistles,New Testament,Romans,ASV
WORD,revelation,G602,2,Romans 2:5,Epistles,New Testament,Romans,ASV
PHRASE,of the righteous judgment,G1341,2,Romans 2:5,Epistles,New Testament,Romans,ASV
PHRASE,of God;,G2316,2,Romans 2:5,Epistles,New Testament,Romans,ASV
WORD,Who,G3739,2,Romans 2:6,Epistles,New Testament,Romans,ASV
PHRASE,will render,G591,2,Romans 2:6,Epistles,New Testament,Romans,ASV
PHRASE,to every man,G1538,2,Romans 2:6,Epistles,New Testament,Romans,ASV
WORD,according,G2596,2,Romans 2:6,Epistles,New Testament,Romans,ASV
PHRASE,to his,G846,2,Romans 2:6,Epistles,New Testament,Romans,ASV
WORD,deeds:,G2041,2,Romans 2:6,Epistles,New Testament,Romans,ASV
PHRASE,To them who,G3588,2,Romans 2:7,Epistles,New Testament,Romans,ASV
WORD,by,G2596,2,Romans 2:7,Epistles,New Testament,Romans,ASV
PHRASE,patient continuance,G5281,2,Romans 2:7,Epistles,New Testament,Romans,ASV
PHRASE,in well,G18,2,Romans 2:7,Epistles,New Testament,Romans,ASV
WORD,doing,G2041,2,Romans 2:7,Epistles,New Testament,Romans,ASV
WORD,seek,G2212,2,Romans 2:7,Epistles,New Testament,Romans,ASV
PHRASE,for glory,G1391,2,Romans 2:7,Epistles,New Testament,Romans,ASV
WORD,and,G2532,2,Romans 2:7,Epistles,New Testament,Romans,ASV
WORD,honour,G5092,2,Romans 2:7,Epistles,New Testament,Romans,ASV
WORD,and,G2532,2,Romans 2:7,Epistles,New Testament,Romans,ASV
WORD,"immortality,",G861,2,Romans 2:7,Epistles,New Testament,Romans,ASV
WORD,eternal,G166,2,Romans 2:7,Epistles,New Testament,Romans,ASV
WORD,life:,G2222,2,Romans 2:7,Epistles,New Testament,Romans,ASV
WORD,But,G1161,2,Romans 2:8,Epistles,New Testament,Romans,ASV
WORD,unto,G1537,2,Romans 2:8,Epistles,New Testament,Romans,ASV
WORD,them,G3588,2,Romans 2:8,Epistles,New Testament,Romans,ASV
PHRASE,"that are contentious,",G2052,2,Romans 2:8,Epistles,New Testament,Romans,ASV
WORD,and,G2532,2,Romans 2:8,Epistles,New Testament,Romans,ASV
PHRASE,do not obey,G544,2,Romans 2:8,Epistles,New Testament,Romans,ASV
WORD,the,G3588,2,Romans 2:8,Epistles,New Testament,Romans,ASV
WORD,"truth,",G225,2,Romans 2:8,Epistles,New Testament,Romans,ASV
WORD,but,G1161,2,Romans 2:8,Epistles,New Testament,Romans,ASV
WORD,obey,G3982,2,Romans 2:8,Epistles,New Testament,Romans,ASV
WORD,"unrighteousness,",G93,2,Romans 2:8,Epistles,New Testament,Romans,ASV
WORD,indignation,G2372,2,Romans 2:8,Epistles,New Testament,Romans,ASV
WORD,and,G2532,2,Romans 2:8,Epistles,New Testament,Romans,ASV
WORD,"wrath,",G3709,2,Romans 2:8,Epistles,New Testament,Romans,ASV
WORD,Tribulation,G2347,2,Romans 2:9,Epistles,New Testament,Romans,ASV
WORD,and,G2532,2,Romans 2:9,Epistles,New Testament,Romans,ASV
WORD,"anguish,",G4730,2,Romans 2:9,Epistles,New Testament,Romans,ASV
WORD,upon,G1909,2,Romans 2:9,Epistles,New Testament,Romans,ASV
WORD,every,G3956,2,Romans 2:9,Epistles,New Testament,Romans,ASV
WORD,soul,G5590,2,Romans 2:9,Epistles,New Testament,Romans,ASV
PHRASE,of man,G444,2,Romans 2:9,Epistles,New Testament,Romans,ASV
PHRASE,that doeth,G2716,2,Romans 2:9,Epistles,New Testament,Romans,ASV
WORD,"evil,",G2556,2,Romans 2:9,Epistles,New Testament,Romans,ASV
PHRASE,of the Jew,G2453,2,Romans 2:9,Epistles,New Testament,Romans,ASV
WORD,"first,",G4412,2,Romans 2:9,Epistles,New Testament,Romans,ASV
WORD,and,G5037,2,Romans 2:9,Epistles,New Testament,Romans,ASV
WORD,also,G2532,2,Romans 2:9,Epistles,New Testament,Romans,ASV
PHRASE,of the Gentile;,G1672,2,Romans 2:9,Epistles,New Testament,Romans,ASV
WORD,But,G1161,2,Romans 2:10,Epistles,New Testament,Romans,ASV
WORD,"glory,",G1391,2,Romans 2:10,Epistles,New Testament,Romans,ASV
WORD,"honour,",G5092,2,Romans 2:10,Epistles,New Testament,Romans,ASV
WORD,and,G2532,2,Romans 2:10,Epistles,New Testament,Romans,ASV
WORD,"peace,",G1515,2,Romans 2:10,Epistles,New Testament,Romans,ASV
PHRASE,to every man,G3956,2,Romans 2:10,Epistles,New Testament,Romans,ASV
PHRASE,that worketh,G2038,2,Romans 2:10,Epistles,New Testament,Romans,ASV
WORD,"good,",G18,2,Romans 2:10,Epistles,New Testament,Romans,ASV
PHRASE,to the Jew,G2453,2,Romans 2:10,Epistles,New Testament,Romans,ASV
WORD,"first,",G4412,2,Romans 2:10,Epistles,New Testament,Romans,ASV
WORD,and,G5037,2,Romans 2:10,Epistles,New Testament,Romans,ASV
WORD,also,G2532,2,Romans 2:10,Epistles,New Testament,Romans,ASV
PHRASE,to the Gentile:,G1672,2,Romans 2:10,Epistles,New Testament,Romans,ASV
WORD,For,G1063,2,Romans 2:11,Epistles,New Testament,Romans,ASV
PHRASE,there is,G2076,2,Romans 2:11,Epistles,New Testament,Romans,ASV
WORD,no,G3756,2,Romans 2:11,Epistles,New Testament,Romans,ASV
PHRASE,respect of persons,G4382,2,Romans 2:11,Epistles,New Testament,Romans,ASV
WORD,with,G3844,2,Romans 2:11,Epistles,New Testament,Romans,ASV
WORD,God.,G2316,2,Romans 2:11,Epistles,New Testament,Romans,ASV
WORD,For,G1063,2,Romans 2:12,Epistles,New Testament,Romans,ASV
PHRASE,as many as,G3745,2,Romans 2:12,Epistles,New Testament,Romans,ASV
PHRASE,have sinned,G264,2,Romans 2:12,Epistles,New Testament,Romans,ASV
PHRASE,without law,G460,2,Romans 2:12,Epistles,New Testament,Romans,ASV
WORD,shall,G622,2,Romans 2:12,Epistles,New Testament,Romans,ASV
WORD,also,G2532,2,Romans 2:12,Epistles,New Testament,Romans,ASV
WORD,perish,G622,2,Romans 2:12,Epistles,New Testament,Romans,ASV
PHRASE,without law:,G460,2,Romans 2:12,Epistles,New Testament,Romans,ASV
WORD,and,G2532,2,Romans 2:12,Epistles,New Testament,Romans,ASV
PHRASE,as many as,G3745,2,Romans 2:12,Epistles,New Testament,Romans,ASV
PHRASE,have sinned,G264,2,Romans 2:12,Epistles,New Testament,Romans,ASV
WORD,in,G1722,2,Romans 2:12,Epistles,New Testament,Romans,ASV
PHRASE,the law,G3551,2,Romans 2:12,Epistles,New Testament,Romans,ASV
PHRASE,shall be judged,G2919,2,Romans 2:12,Epistles,New Testament,Romans,ASV
WORD,by,G1223,2,Romans 2:12,Epistles,New Testament,Romans,ASV
PHRASE,the law;,G3551,2,Romans 2:12,Epistles,New Testament,Romans,ASV
WORD,(For,G1063,2,Romans 2:13,Epistles,New Testament,Romans,ASV
WORD,not,G3756,2,Romans 2:13,Epistles,New Testament,Romans,ASV
WORD,the,G3588,2,Romans 2:13,Epistles,New Testament,Romans,ASV
WORD,hearers,G202,2,Romans 2:13,Epistles,New Testament,Romans,ASV
PHRASE,of the,G3588,2,Romans 2:13,Epistles,New Testament,Romans,ASV
WORD,law,G3551,2,Romans 2:13,Epistles,New Testament,Romans,ASV
WORD,[are],,2,Romans 2:13,Epistles,New Testament,Romans,ASV
WORD,just,G1342,2,Romans 2:13,Epistles,New Testament,Romans,ASV
WORD,before,G3844,2,Romans 2:13,Epistles,New Testament,Romans,ASV
WORD,"God,",G2316,2,Romans 2:13,Epistles,New Testament,Romans,ASV
WORD,but,G235,2,Romans 2:13,Epistles,New Testament,Romans,ASV
WORD,the,G3588,2,Romans 2:13,Epistles,New Testament,Romans,ASV
WORD,doers,G4163,2,Romans 2:13,Epistles,New Testament,Romans,ASV
PHRASE,of the,G3588,2,Romans 2:13,Epistles,New Testament,Romans,ASV
WORD,law,G3551,2,Romans 2:13,Epistles,New Testament,Romans,ASV
PHRASE,shall be justified.,G1344,2,Romans 2:13,Epistles,New Testament,Romans,ASV
WORD,For,G1063,2,Romans 2:14,Epistles,New Testament,Romans,ASV
WORD,when,G3752,2,Romans 2:14,Epistles,New Testament,Romans,ASV
PHRASE,"the Gentiles,",G1484,2,Romans 2:14,Epistles,New Testament,Romans,ASV
WORD,which,G3588,2,Romans 2:14,Epistles,New Testament,Romans,ASV
WORD,have,G2192,2,Romans 2:14,Epistles,New Testament,Romans,ASV
WORD,not,G3361,2,Romans 2:14,Epistles,New Testament,Romans,ASV
PHRASE,"the law,",G3551,2,Romans 2:14,Epistles,New Testament,Romans,ASV
WORD,do,G4160,2,Romans 2:14,Epistles,New Testament,Romans,ASV
PHRASE,by nature,G5449,2,Romans 2:14,Epistles,New Testament,Romans,ASV
PHRASE,the things,G3588,2,Romans 2:14,Epistles,New Testament,Romans,ASV
PHRASE,"contained in the law,",G3551,2,Romans 2:14,Epistles,New Testament,Romans,ASV
WORD,"these,",G3778,2,Romans 2:14,Epistles,New Testament,Romans,ASV
WORD,having,G2192,2,Romans 2:14,Epistles,New Testament,Romans,ASV
WORD,not,G3361,2,Romans 2:14,Epistles,New Testament,Romans,ASV
PHRASE,"the law,",G3551,2,Romans 2:14,Epistles,New Testament,Romans,ASV
WORD,are,G1526,2,Romans 2:14,Epistles,New Testament,Romans,ASV
PHRASE,a law,G3551,2,Romans 2:14,Epistles,New Testament,Romans,ASV
PHRASE,unto themselves:,G1438,2,Romans 2:14,Epistles,New Testament,Romans,ASV
WORD,Which,G3748,2,Romans 2:15,Epistles,New Testament,Romans,ASV
WORD,shew,G1731,2,Romans 2:15,Epistles,New Testament,Romans,ASV
WORD,the,G3588,2,Romans 2:15,Epistles,New Testament,Romans,ASV
WORD,work,G2041,2,Romans 2:15,Epistles,New Testament,Romans,ASV
PHRASE,of the,G3588,2,Romans 2:15,Epistles,New Testament,Romans,ASV
WORD,law,G3551,2,Romans 2:15,Epistles,New Testament,Romans,ASV
WORD,written,G1123,2,Romans 2:15,Epistles,New Testament,Romans,ASV
WORD,in,G1722,2,Romans 2:15,Epistles,New Testament,Romans,ASV
WORD,their,G846,2,Romans 2:15,Epistles,New Testament,Romans,ASV
WORD,"hearts,",G2588,2,Romans 2:15,Epistles,New Testament,Romans,ASV
WORD,their,G846,2,Romans 2:15,Epistles,New Testament,Romans,ASV
WORD,conscience,G4893,2,Romans 2:15,Epistles,New Testament,Romans,ASV
PHRASE,"also bearing witness,",G4828,2,Romans 2:15,Epistles,New Testament,Romans,ASV
WORD,and,G2532,2,Romans 2:15,Epistles,New Testament,Romans,ASV
WORD,[their],,2,Romans 2:15,Epistles,New Testament,Romans,ASV
WORD,thoughts,G3053,2,Romans 2:15,Epistles,New Testament,Romans,ASV
PHRASE,the mean while,G3342,2,Romans 2:15,Epistles,New Testament,Romans,ASV
WORD,accusing,G2723,2,Romans 2:15,Epistles,New Testament,Romans,ASV
WORD,or,G2228,2,Romans 2:15,Epistles,New Testament,Romans,ASV
WORD,else,G2532,2,Romans 2:15,Epistles,New Testament,Romans,ASV
WORD,excusing,G626,2,Romans 2:15,Epistles,New Testament,Romans,ASV
PHRASE,one another;),G240,2,Romans 2:15,Epistles,New Testament,Romans,ASV
WORD,In,G1722,2,Romans 2:16,Epistles,New Testament,Romans,ASV
PHRASE,the day,G2250,2,Romans 2:16,Epistles,New Testament,Romans,ASV
WORD,when,G3753,2,Romans 2:16,Epistles,New Testament,Romans,ASV
WORD,God,G2316,2,Romans 2:16,Epistles,New Testament,Romans,ASV
PHRASE,shall judge,G2919,2,Romans 2:16,Epistles,New Testament,Romans,ASV
WORD,the,G3588,2,Romans 2:16,Epistles,New Testament,Romans,ASV
WORD,secrets,G2927,2,Romans 2:16,Epistles,New Testament,Romans,ASV
PHRASE,of men,G444,2,Romans 2:16,Epistles,New Testament,Romans,ASV
WORD,by,G1223,2,Romans 2:16,Epistles,New Testament,Romans,ASV
WORD,Jesus,G2424,2,Romans 2:16,Epistles,New Testament,Romans,ASV
WORD,Christ,G5547,2,Romans 2:16,Epistles,New Testament,Romans,ASV
WORD,according,G2596,2,Romans 2:16,Epistles,New Testament,Romans,ASV
PHRASE,to my,G3450,2,Romans 2:16,Epistles,New Testament,Romans,ASV
WORD,gospel.,G2098,2,Romans 2:16,Epistles,New Testament,Romans,ASV
WORD,"Behold,",G2396,2,Romans 2:17,Epistles,New Testament,Romans,ASV
WORD,thou,G4771,2,Romans 2:17,Epistles,New Testament,Romans,ASV
PHRASE,art called,G2028,2,Romans 2:17,Epistles,New Testament,Romans,ASV
PHRASE,"a Jew,",G2453,2,Romans 2:17,Epistles,New Testament,Romans,ASV
WORD,and,G2532,2,Romans 2:17,Epistles,New Testament,Romans,ASV
WORD,restest,G1879,2,Romans 2:17,Epistles,New Testament,Romans,ASV
PHRASE,in the,G3588,2,Romans 2:17,Epistles,New Testament,Romans,ASV
WORD,"law,",G3551,2,Romans 2:17,Epistles,New Testament,Romans,ASV
WORD,and,G2532,2,Romans 2:17,Epistles,New Testament,Romans,ASV
PHRASE,makest thy boast,G2744,2,Romans 2:17,Epistles,New Testament,Romans,ASV
WORD,of,G1722,2,Romans 2:17,Epistles,New Testament,Romans,ASV
WORD,"God,",G2316,2,Romans 2:17,Epistles,New Testament,Romans,ASV
WORD,And,G2532,2,Romans 2:18,Epistles,New Testament,Romans,ASV
WORD,knowest,G1097,2,Romans 2:18,Epistles,New Testament,Romans,ASV
WORD,[his],,2,Romans 2:18,Epistles,New Testament,Romans,ASV
WORD,"will,",G2307,2,Romans 2:18,Epistles,New Testament,Romans,ASV
WORD,and,G2532,2,Romans 2:18,Epistles,New Testament,Romans,ASV
WORD,approvest,G1381,2,Romans 2:18,Epistles,New Testament,Romans,ASV
PHRASE,the things,G3588,2,Romans 2:18,Epistles,New Testament,Romans,ASV
PHRASE,"that are more excellent,",G1308,2,Romans 2:18,Epistles,New Testament,Romans,ASV
PHRASE,being instructed,G2727,2,Romans 2:18,Epistles,New Testament,Romans,ASV
PHRASE,out of,G1537,2,Romans 2:18,Epistles,New Testament,Romans,ASV
WORD,the,G3588,2,Romans 2:18,Epistles,New Testament,Romans,ASV
WORD,law;,G3551,2,Romans 2:18,Epistles,New Testament,Romans,ASV
WORD,And,G5037,2,Romans 2:19,Epistles,New Testament,Romans,ASV
PHRASE,art confident,G3982,2,Romans 2:19,Epistles,New Testament,Romans,ASV
PHRASE,that thou thyself,G4572,2,Romans 2:19,Epistles,New Testament,Romans,ASV
WORD,art,G1511,2,Romans 2:19,Epistles,New Testament,Romans,ASV
PHRASE,a guide,G3595,2,Romans 2:19,Epistles,New Testament,Romans,ASV
PHRASE,"of the blind,",G5185,2,Romans 2:19,Epistles,New Testament,Romans,ASV
PHRASE,a light,G5457,2,Romans 2:19,Epistles,New Testament,Romans,ASV
PHRASE,of them which,G3588,2,Romans 2:19,Epistles,New Testament,Romans,ASV
PHRASE,are in,G1722,2,Romans 2:19,Epistles,New Testament,Romans,ASV
WORD,"darkness,",G4655,2,Romans 2:19,Epistles,New Testament,Romans,ASV
PHRASE,An instructor,G3810,2,Romans 2:20,Epistles,New Testament,Romans,ASV
PHRASE,"of the foolish,",G878,2,Romans 2:20,Epistles,New Testament,Romans,ASV
PHRASE,a teacher,G1320,2,Romans 2:20,Epistles,New Testament,Romans,ASV
PHRASE,"of babes,",G3516,2,Romans 2:20,Epistles,New Testament,Romans,ASV
PHRASE,which hast,G2192,2,Romans 2:20,Epistles,New Testament,Romans,ASV
WORD,the,G3588,2,Romans 2:20,Epistles,New Testament,Romans,ASV
WORD,form,G3446,2,Romans 2:20,Epistles,New Testament,Romans,ASV
PHRASE,of knowledge,G1108,2,Romans 2:20,Epistles,New Testament,Romans,ASV
WORD,and,G2532,2,Romans 2:20,Epistles,New Testament,Romans,ASV
PHRASE,of the,G3588,2,Romans 2:20,Epistles,New Testament,Romans,ASV
WORD,truth,G225,2,Romans 2:20,Epistles,New Testament,Romans,ASV
WORD,in,G1722,2,Romans 2:20,Epistles,New Testament,Romans,ASV
WORD,the,G3588,2,Romans 2:20,Epistles,New Testament,Romans,ASV
WORD,law.,G3551,2,Romans 2:20,Epistles,New Testament,Romans,ASV
PHRASE,Thou therefore,G3767,2,Romans 2:21,Epistles,New Testament,Romans,ASV
WORD,which,G3588,2,Romans 2:21,Epistles,New Testament,Romans,ASV
WORD,teachest,G1321,2,Romans 2:21,Epistles,New Testament,Romans,ASV
WORD,"another,",G2087,2,Romans 2:21,Epistles,New Testament,Romans,ASV
PHRASE,teachest thou,G1321,2,Romans 2:21,Epistles,New Testament,Romans,ASV
WORD,not,G3756,2,Romans 2:21,Epistles,New Testament,Romans,ASV
WORD,thyself?,G4572,2,Romans 2:21,Epistles,New Testament,Romans,ASV
PHRASE,thou that preachest,G2784,2,Romans 2:21,Epistles,New Testament,Romans,ASV
PHRASE,a man should,G2813,2,Romans 2:21,Epistles,New Testament,Romans,ASV
WORD,not,G3361,2,Romans 2:21,Epistles,New Testament,Romans,ASV
WORD,"steal,",G2813,2,Romans 2:21,Epistles,New Testament,Romans,ASV
PHRASE,dost thou steal?,G2813,2,Romans 2:21,Epistles,New Testament,Romans,ASV
PHRASE,Thou that sayest,G3004,2,Romans 2:22,Epistles,New Testament,Romans,ASV
PHRASE,a man should,G3431,2,Romans 2:22,Epistles,New Testament,Romans,ASV
WORD,not,G3361,2,Romans 2:22,Epistles,New Testament,Romans,ASV
PHRASE,"commit adultery,",G3431,2,Romans 2:22,Epistles,New Testament,Romans,ASV
PHRASE,dost thou commit adultery?,G3431,2,Romans 2:22,Epistles,New Testament,Romans,ASV
PHRASE,thou that abhorrest,G948,2,Romans 2:22,Epistles,New Testament,Romans,ASV
WORD,"idols,",G1497,2,Romans 2:22,Epistles,New Testament,Romans,ASV
PHRASE,dost thou commit sacrilege?,G2416,2,Romans 2:22,Epistles,New Testament,Romans,ASV
WORD,Thou,G3739,2,Romans 2:23,Epistles,New Testament,Romans,ASV
PHRASE,that makest thy boast,G2744,2,Romans 2:23,Epistles,New Testament,Romans,ASV
WORD,of,G1722,2,Romans 2:23,Epistles,New Testament,Romans,ASV
PHRASE,"the law,",G3551,2,Romans 2:23,Epistles,New Testament,Romans,ASV
WORD,through,G1223,2,Romans 2:23,Epistles,New Testament,Romans,ASV
WORD,breaking,G3847,2,Romans 2:23,Epistles,New Testament,Romans,ASV
WORD,the,G3588,2,Romans 2:23,Epistles,New Testament,Romans,ASV
WORD,law,G3551,2,Romans 2:23,Epistles,New Testament,Romans,ASV
PHRASE,dishonourest thou,G818,2,Romans 2:23,Epistles,New Testament,Romans,ASV
WORD,God?,G2316,2,Romans 2:23,Epistles,New Testament,Romans,ASV
WORD,For,G1063,2,Romans 2:24,Epistles,New Testament,Romans,ASV
WORD,the,G3588,2,Romans 2:24,Epistles,New Testament,Romans,ASV
WORD,name,G3686,2,Romans 2:24,Epistles,New Testament,Romans,ASV
PHRASE,of God,G2316,2,Romans 2:24,Epistles,New Testament,Romans,ASV
PHRASE,is blasphemed,G987,2,Romans 2:24,Epistles,New Testament,Romans,ASV
WORD,among,G1722,2,Romans 2:24,Epistles,New Testament,Romans,ASV
WORD,the,G3588,2,Romans 2:24,Epistles,New Testament,Romans,ASV
WORD,Gentiles,G1484,2,Romans 2:24,Epistles,New Testament,Romans,ASV
WORD,through,G1223,2,Romans 2:24,Epistles,New Testament,Romans,ASV
WORD,"you,",G5209,2,Romans 2:24,Epistles,New Testament,Romans,ASV
WORD,as,G2531,2,Romans 2:24,Epistles,New Testament,Romans,ASV
PHRASE,it is written.,G1125,2,Romans 2:24,Epistles,New Testament,Romans,ASV
WORD,For,G1063,2,Romans 2:25,Epistles,New Testament,Romans,ASV
WORD,circumcision,G4061,2,Romans 2:25,Epistles,New Testament,Romans,ASV
WORD,verily,G3303,2,Romans 2:25,Epistles,New Testament,Romans,ASV
WORD,"profiteth,",G5623,2,Romans 2:25,Epistles,New Testament,Romans,ASV
WORD,if,G1437,2,Romans 2:25,Epistles,New Testament,Romans,ASV
PHRASE,thou keep,G4238,2,Romans 2:25,Epistles,New Testament,Romans,ASV
PHRASE,the law:,G3551,2,Romans 2:25,Epistles,New Testament,Romans,ASV
WORD,but,G1161,2,Romans 2:25,Epistles,New Testament,Romans,ASV
WORD,if,G1437,2,Romans 2:25,Epistles,New Testament,Romans,ASV
PHRASE,thou be,G1510,2,Romans 2:25,Epistles,New Testament,Romans,ASV
PHRASE,a breaker,G3848,2,Romans 2:25,Epistles,New Testament,Romans,ASV
PHRASE,"of the law,",G3551,2,Romans 2:25,Epistles,New Testament,Romans,ASV
WORD,thy,G4675,2,Romans 2:25,Epistles,New Testament,Romans,ASV
WORD,circumcision,G4061,2,Romans 2:25,Epistles,New Testament,Romans,ASV
PHRASE,is made,G1096,2,Romans 2:25,Epistles,New Testament,Romans,ASV
WORD,uncircumcision.,G203,2,Romans 2:25,Epistles,New Testament,Romans,ASV
WORD,Therefore,G3767,2,Romans 2:26,Epistles,New Testament,Romans,ASV
WORD,if,G1437,2,Romans 2:26,Epistles,New Testament,Romans,ASV
WORD,the,G3588,2,Romans 2:26,Epistles,New Testament,Romans,ASV
WORD,uncircumcision,G203,2,Romans 2:26,Epistles,New Testament,Romans,ASV
WORD,keep,G5442,2,Romans 2:26,Epistles,New Testament,Romans,ASV
WORD,the,G3588,2,Romans 2:26,Epistles,New Testament,Romans,ASV
WORD,righteousness,G1345,2,Romans 2:26,Epistles,New Testament,Romans,ASV
PHRASE,of the,G3588,2,Romans 2:26,Epistles,New Testament,Romans,ASV
WORD,"law,",G3551,2,Romans 2:26,Epistles,New Testament,Romans,ASV
WORD,shall,G3049,2,Romans 2:26,Epistles,New Testament,Romans,ASV
WORD,not,G3780,2,Romans 2:26,Epistles,New Testament,Romans,ASV
WORD,his,G846,2,Romans 2:26,Epistles,New Testament,Romans,ASV
WORD,uncircumcision,G203,2,Romans 2:26,Epistles,New Testament,Romans,ASV
PHRASE,be counted,G3049,2,Romans 2:26,Epistles,New Testament,Romans,ASV
WORD,for,G1519,2,Romans 2:26,Epistles,New Testament,Romans,ASV
WORD,circumcision?,G4061,2,Romans 2:26,Epistles,New Testament,Romans,ASV
WORD,And,G2532,2,Romans 2:27,Epistles,New Testament,Romans,ASV
PHRASE,shall not,G2919,2,Romans 2:27,Epistles,New Testament,Romans,ASV
WORD,uncircumcision,G203,2,Romans 2:27,Epistles,New Testament,Romans,ASV
WORD,which,G3588,2,Romans 2:27,Epistles,New Testament,Romans,ASV
PHRASE,is by,G1537,2,Romans 2:27,Epistles,New Testament,Romans,ASV
WORD,"nature,",G5449,2,Romans 2:27,Epistles,New Testament,Romans,ASV
PHRASE,if it fulfil,G5055,2,Romans 2:27,Epistles,New Testament,Romans,ASV
WORD,the,G3588,2,Romans 2:27,Epistles,New Testament,Romans,ASV
WORD,"law,",G3551,2,Romans 2:27,Epistles,New Testament,Romans,ASV
WORD,judge,G2919,2,Romans 2:27,Epistles,New Testament,Romans,ASV
WORD,"thee,",G4571,2,Romans 2:27,Epistles,New Testament,Romans,ASV
WORD,who,G3588,2,Romans 2:27,Epistles,New Testament,Romans,ASV
WORD,by,G1223,2,Romans 2:27,Epistles,New Testament,Romans,ASV
PHRASE,the letter,G1121,2,Romans 2:27,Epistles,New Testament,Romans,ASV
WORD,and,G2532,2,Romans 2:27,Epistles,New Testament,Romans,ASV
WORD,circumcision,G4061,2,Romans 2:27,Epistles,New Testament,Romans,ASV
PHRASE,dost transgress,G3848,2,Romans 2:27,Epistles,New Testament,Romans,ASV
PHRASE,the law?,G3551,2,Romans 2:27,Epistles,New Testament,Romans,ASV
WORD,For,G1063,2,Romans 2:28,Epistles,New Testament,Romans,ASV
PHRASE,he is,G2076,2,Romans 2:28,Epistles,New Testament,Romans,ASV
WORD,not,G3756,2,Romans 2:28,Epistles,New Testament,Romans,ASV
PHRASE,"a Jew,",G2453,2,Romans 2:28,Epistles,New Testament,Romans,ASV
WORD,which,G3588,2,Romans 2:28,Epistles,New Testament,Romans,ASV
PHRASE,is one outwardly;,G5318,2,Romans 2:28,Epistles,New Testament,Romans,ASV
WORD,neither,G3761,2,Romans 2:28,Epistles,New Testament,Romans,ASV
PHRASE,[is that],,2,Romans 2:28,Epistles,New Testament,Romans,ASV
WORD,"circumcision,",G4061,2,Romans 2:28,Epistles,New Testament,Romans,ASV
WORD,which,G3588,2,Romans 2:28,Epistles,New Testament,Romans,ASV
PHRASE,is outward,G5318,2,Romans 2:28,Epistles,New Testament,Romans,ASV
WORD,in,G1722,2,Romans 2:28,Epistles,New Testament,Romans,ASV
PHRASE,the flesh:,G4561,2,Romans 2:28,Epistles,New Testament,Romans,ASV
WORD,But,G235,2,Romans 2:29,Epistles,New Testament,Romans,ASV
WORD,he,G3588,2,Romans 2:29,Epistles,New Testament,Romans,ASV
WORD,[is],,2,Romans 2:29,Epistles,New Testament,Romans,ASV
PHRASE,"a Jew,",G2453,2,Romans 2:29,Epistles,New Testament,Romans,ASV
WORD,which,G3588,2,Romans 2:29,Epistles,New Testament,Romans,ASV
PHRASE,is one inwardly;,G2927,2,Romans 2:29,Epistles,New Testament,Romans,ASV
WORD,and,G2532,2,Romans 2:29,Epistles,New Testament,Romans,ASV
WORD,circumcision,G4061,2,Romans 2:29,Epistles,New Testament,Romans,ASV
PHRASE,[is that],,2,Romans 2:29,Epistles,New Testament,Romans,ASV
PHRASE,"of the heart,",G2588,2,Romans 2:29,Epistles,New Testament,Romans,ASV
WORD,in,G1722,2,Romans 2:29,Epistles,New Testament,Romans,ASV
PHRASE,"the spirit,",G4151,2,Romans 2:29,Epistles,New Testament,Romans,ASV
WORD,[and],,2,Romans 2:29,Epistles,New Testament,Romans,ASV
WORD,not,G3756,2,Romans 2:29,Epistles,New Testament,Romans,ASV
PHRASE,in the letter;,G1121,2,Romans 2:29,Epistles,New Testament,Romans,ASV
WORD,whose,G3739,2,Romans 2:29,Epistles,New Testament,Romans,ASV
WORD,praise,G1868,2,Romans 2:29,Epistles,New Testament,Romans,ASV
WORD,[is],,2,Romans 2:29,Epistles,New Testament,Romans,ASV
WORD,not,G3756,2,Romans 2:29,Epistles,New Testament,Romans,ASV
WORD,of,G1537,2,Romans 2:29,Epistles,New Testament,Romans,ASV
WORD,"men,",G444,2,Romans 2:29,Epistles,New Testament,Romans,ASV
WORD,but,G235,2,Romans 2:29,Epistles,New Testament,Romans,ASV
WORD,of,G1537,2,Romans 2:29,Epistles,New Testament,Romans,ASV
WORD,God.,G2316,2,Romans 2:29,Epistles,New Testament,Romans,ASV
WORD,What,G5101,3,Romans 3:1,Epistles,New Testament,Romans,ASV
WORD,advantage,G4053,3,Romans 3:1,Epistles,New Testament,Romans,ASV
WORD,then,G3767,3,Romans 3:1,Epistles,New Testament,Romans,ASV
WORD,hath,G4053,3,Romans 3:1,Epistles,New Testament,Romans,ASV
WORD,the,G3588,3,Romans 3:1,Epistles,New Testament,Romans,ASV
WORD,Jew?,G2453,3,Romans 3:1,Epistles,New Testament,Romans,ASV
WORD,or,G2228,3,Romans 3:1,Epistles,New Testament,Romans,ASV
WORD,what,G5101,3,Romans 3:1,Epistles,New Testament,Romans,ASV
WORD,profit,G5622,3,Romans 3:1,Epistles,New Testament,Romans,ASV
PHRASE,[is there],,3,Romans 3:1,Epistles,New Testament,Romans,ASV
PHRASE,of circumcision?,G4061,3,Romans 3:1,Epistles,New Testament,Romans,ASV
WORD,Much,G4183,3,Romans 3:2,Epistles,New Testament,Romans,ASV
WORD,every,G3956,3,Romans 3:2,Epistles,New Testament,Romans,ASV
WORD,way:,G5158,3,Romans 3:2,Epistles,New Testament,Romans,ASV
WORD,"chiefly,",G4412,3,Romans 3:2,Epistles,New Testament,Romans,ASV
WORD,because,G3303,3,Romans 3:2,Epistles,New Testament,Romans,ASV
WORD,that,G3754,3,Romans 3:2,Epistles,New Testament,Romans,ASV
PHRASE,unto them were committed,G4100,3,Romans 3:2,Epistles,New Testament,Romans,ASV
WORD,the,G3588,3,Romans 3:2,Epistles,New Testament,Romans,ASV
WORD,oracles,G3051,3,Romans 3:2,Epistles,New Testament,Romans,ASV
PHRASE,of God.,G2316,3,Romans 3:2,Epistles,New Testament,Romans,ASV
WORD,For,G1063,3,Romans 3:3,Epistles,New Testament,Romans,ASV
WORD,what,G5101,3,Romans 3:3,Epistles,New Testament,Romans,ASV
WORD,if,G1487,3,Romans 3:3,Epistles,New Testament,Romans,ASV
WORD,some,G5100,3,Romans 3:3,Epistles,New Testament,Romans,ASV
WORD,did,G569,3,Romans 3:3,Epistles,New Testament,Romans,ASV
WORD,not,G3361,3,Romans 3:3,Epistles,New Testament,Romans,ASV
WORD,believe?,G569,3,Romans 3:3,Epistles,New Testament,Romans,ASV
WORD,shall,G2673,3,Romans 3:3,Epistles,New Testament,Romans,ASV
WORD,their,G846,3,Romans 3:3,Epistles,New Testament,Romans,ASV
WORD,unbelief,G570,3,Romans 3:3,Epistles,New Testament,Romans,ASV
WORD,make,G2673,3,Romans 3:3,Epistles,New Testament,Romans,ASV
WORD,the,G3588,3,Romans 3:3,Epistles,New Testament,Romans,ASV
WORD,faith,G4102,3,Romans 3:3,Epistles,New Testament,Romans,ASV
PHRASE,of God,G2316,3,Romans 3:3,Epistles,New Testament,Romans,ASV
PHRASE,without effect?,G2673,3,Romans 3:3,Epistles,New Testament,Romans,ASV
PHRASE,God forbid:,G3361,3,Romans 3:4,Epistles,New Testament,Romans,ASV
WORD,,G1096,3,Romans 3:4,Epistles,New Testament,Romans,ASV
WORD,"yea,",G1161,3,Romans 3:4,Epistles,New Testament,Romans,ASV
WORD,let,G1096,3,Romans 3:4,Epistles,New Testament,Romans,ASV
WORD,God,G2316,3,Romans 3:4,Epistles,New Testament,Romans,ASV
WORD,be,G1096,3,Romans 3:4,Epistles,New Testament,Romans,ASV
WORD,"true,",G227,3,Romans 3:4,Epistles,New Testament,Romans,ASV
WORD,but,G1161,3,Romans 3:4,Epistles,New Testament,Romans,ASV
WORD,every,G3956,3,Romans 3:4,Epistles,New Testament,Romans,ASV
WORD,man,G444,3,Romans 3:4,Epistles,New Testament,Romans,ASV
PHRASE,a liar;,G5583,3,Romans 3:4,Epistles,New Testament,Romans,ASV
WORD,as,G2531,3,Romans 3:4,Epistles,New Testament,Romans,ASV
PHRASE,"it is written,",G1125,3,Romans 3:4,Epistles,New Testament,Romans,ASV
WORD,That,G3704,3,Romans 3:4,Epistles,New Testament,Romans,ASV
PHRASE,thou mightest be justified,G1344,3,Romans 3:4,Epistles,New Testament,Romans,ASV
WORD,in,G1722,3,Romans 3:4,Epistles,New Testament,Romans,ASV
WORD,thy,G4675,3,Romans 3:4,Epistles,New Testament,Romans,ASV
WORD,"sayings,",G3056,3,Romans 3:4,Epistles,New Testament,Romans,ASV
WORD,and,G2532,3,Romans 3:4,Epistles,New Testament,Romans,ASV
PHRASE,mightest overcome,G3528,3,Romans 3:4,Epistles,New Testament,Romans,ASV
WORD,when,G1722,3,Romans 3:4,Epistles,New Testament,Romans,ASV
WORD,thou,G4571,3,Romans 3:4,Epistles,New Testament,Romans,ASV
PHRASE,art judged.,G2919,3,Romans 3:4,Epistles,New Testament,Romans,ASV
WORD,But,G1161,3,Romans 3:5,Epistles,New Testament,Romans,ASV
WORD,if,G1487,3,Romans 3:5,Epistles,New Testament,Romans,ASV
WORD,our,G2257,3,Romans 3:5,Epistles,New Testament,Romans,ASV
WORD,unrighteousness,G93,3,Romans 3:5,Epistles,New Testament,Romans,ASV
WORD,commend,G4921,3,Romans 3:5,Epistles,New Testament,Romans,ASV
PHRASE,the righteousness,G1343,3,Romans 3:5,Epistles,New Testament,Romans,ASV
PHRASE,"of God,",G2316,3,Romans 3:5,Epistles,New Testament,Romans,ASV
WORD,what,G5101,3,Romans 3:5,Epistles,New Testament,Romans,ASV
PHRASE,shall we say?,G2046,3,Romans 3:5,Epistles,New Testament,Romans,ASV
WORD,[Is],,3,Romans 3:5,Epistles,New Testament,Romans,ASV
WORD,God,G2316,3,Romans 3:5,Epistles,New Testament,Romans,ASV
WORD,unrighteous,G94,3,Romans 3:5,Epistles,New Testament,Romans,ASV
PHRASE,who taketh,G2018,3,Romans 3:5,Epistles,New Testament,Romans,ASV
WORD,vengeance?,G3709,3,Romans 3:5,Epistles,New Testament,Romans,ASV
PHRASE,(I speak,G3004,3,Romans 3:5,Epistles,New Testament,Romans,ASV
WORD,as,G2596,3,Romans 3:5,Epistles,New Testament,Romans,ASV
PHRASE,a man),G444,3,Romans 3:5,Epistles,New Testament,Romans,ASV
PHRASE,God forbid:,G3361,3,Romans 3:6,Epistles,New Testament,Romans,ASV
WORD,,G1096,3,Romans 3:6,Epistles,New Testament,Romans,ASV
PHRASE,for then,G1893,3,Romans 3:6,Epistles,New Testament,Romans,ASV
WORD,how,G4459,3,Romans 3:6,Epistles,New Testament,Romans,ASV
WORD,shall,G2919,3,Romans 3:6,Epistles,New Testament,Romans,ASV
WORD,God,G2316,3,Romans 3:6,Epistles,New Testament,Romans,ASV
WORD,judge,G2919,3,Romans 3:6,Epistles,New Testament,Romans,ASV
WORD,the,G3588,3,Romans 3:6,Epistles,New Testament,Romans,ASV
WORD,world?,G2889,3,Romans 3:6,Epistles,New Testament,Romans,ASV
WORD,For,G1063,3,Romans 3:7,Epistles,New Testament,Romans,ASV
WORD,if,G1487,3,Romans 3:7,Epistles,New Testament,Romans,ASV
WORD,the,G3588,3,Romans 3:7,Epistles,New Testament,Romans,ASV
WORD,truth,G225,3,Romans 3:7,Epistles,New Testament,Romans,ASV
PHRASE,of God,G2316,3,Romans 3:7,Epistles,New Testament,Romans,ASV
PHRASE,hath more abounded,G4052,3,Romans 3:7,Epistles,New Testament,Romans,ASV
WORD,through,G1722,3,Romans 3:7,Epistles,New Testament,Romans,ASV
WORD,my,G1699,3,Romans 3:7,Epistles,New Testament,Romans,ASV
WORD,lie,G5582,3,Romans 3:7,Epistles,New Testament,Romans,ASV
WORD,unto,G1519,3,Romans 3:7,Epistles,New Testament,Romans,ASV
WORD,his,G846,3,Romans 3:7,Epistles,New Testament,Romans,ASV
WORD,glory;,G1391,3,Romans 3:7,Epistles,New Testament,Romans,ASV
WORD,why,G5101,3,Romans 3:7,Epistles,New Testament,Romans,ASV
WORD,yet,G2089,3,Romans 3:7,Epistles,New Testament,Romans,ASV
WORD,am,G2919,3,Romans 3:7,Epistles,New Testament,Romans,ASV
PHRASE,I also,G2504,3,Romans 3:7,Epistles,New Testament,Romans,ASV
WORD,judged,G2919,3,Romans 3:7,Epistles,New Testament,Romans,ASV
WORD,as,G5613,3,Romans 3:7,Epistles,New Testament,Romans,ASV
PHRASE,a sinner?,G268,3,Romans 3:7,Epistles,New Testament,Romans,ASV
WORD,And,G2532,3,Romans 3:8,Epistles,New Testament,Romans,ASV
WORD,not,G3361,3,Romans 3:8,Epistles,New Testament,Romans,ASV
WORD,"[rather],",,3,Romans 3:8,Epistles,New Testament,Romans,ASV
WORD,(as,G2531,3,Romans 3:8,Epistles,New Testament,Romans,ASV
PHRASE,"we be slanderously reported,",G987,3,Romans 3:8,Epistles,New Testament,Romans,ASV
WORD,and,G2532,3,Romans 3:8,Epistles,New Testament,Romans,ASV
WORD,as,G2531,3,Romans 3:8,Epistles,New Testament,Romans,ASV
WORD,some,G5100,3,Romans 3:8,Epistles,New Testament,Romans,ASV
WORD,affirm,G5346,3,Romans 3:8,Epistles,New Testament,Romans,ASV
PHRASE,that we,G2248,3,Romans 3:8,Epistles,New Testament,Romans,ASV
WORD,"say,)",G3004,3,Romans 3:8,Epistles,New Testament,Romans,ASV
PHRASE,Let us do,G4160,3,Romans 3:8,Epistles,New Testament,Romans,ASV
WORD,"evil,",G2556,3,Romans 3:8,Epistles,New Testament,Romans,ASV
WORD,that,G2443,3,Romans 3:8,Epistles,New Testament,Romans,ASV
WORD,good,G18,3,Romans 3:8,Epistles,New Testament,Romans,ASV
PHRASE,may come?,G2064,3,Romans 3:8,Epistles,New Testament,Romans,ASV
WORD,whose,G3739,3,Romans 3:8,Epistles,New Testament,Romans,ASV
WORD,damnation,G2917,3,Romans 3:8,Epistles,New Testament,Romans,ASV
WORD,is,G2076,3,Romans 3:8,Epistles,New Testament,Romans,ASV
WORD,just.,G1738,3,Romans 3:8,Epistles,New Testament,Romans,ASV
WORD,What,G5101,3,Romans 3:9,Epistles,New Testament,Romans,ASV
WORD,then?,G3767,3,Romans 3:9,Epistles,New Testament,Romans,ASV
PHRASE,are we better,G4284,3,Romans 3:9,Epistles,New Testament,Romans,ASV
PHRASE,[than they]?,,3,Romans 3:9,Epistles,New Testament,Romans,ASV
WORD,"No,",G3756,3,Romans 3:9,Epistles,New Testament,Romans,ASV
PHRASE,in no wise:,G3843,3,Romans 3:9,Epistles,New Testament,Romans,ASV
WORD,for,G1063,3,Romans 3:9,Epistles,New Testament,Romans,ASV
PHRASE,we have before proved,G4256,3,Romans 3:9,Epistles,New Testament,Romans,ASV
WORD,both,G5037,3,Romans 3:9,Epistles,New Testament,Romans,ASV
WORD,Jews,G2453,3,Romans 3:9,Epistles,New Testament,Romans,ASV
WORD,and,G2532,3,Romans 3:9,Epistles,New Testament,Romans,ASV
WORD,"Gentiles,",G1672,3,Romans 3:9,Epistles,New Testament,Romans,ASV
PHRASE,that they are,G1511,3,Romans 3:9,Epistles,New Testament,Romans,ASV
WORD,all,G3956,3,Romans 3:9,Epistles,New Testament,Romans,ASV
WORD,under,G5259,3,Romans 3:9,Epistles,New Testament,Romans,ASV
WORD,sin;,G266,3,Romans 3:9,Epistles,New Testament,Romans,ASV
WORD,As,G2531,3,Romans 3:10,Epistles,New Testament,Romans,ASV
PHRASE,"it is written,",G1125,3,Romans 3:10,Epistles,New Testament,Romans,ASV
PHRASE,There is,G2076,3,Romans 3:10,Epistles,New Testament,Romans,ASV
WORD,none,G3756,3,Romans 3:10,Epistles,New Testament,Romans,ASV
WORD,"righteous,",G1342,3,Romans 3:10,Epistles,New Testament,Romans,ASV
PHRASE,"no, not",G3761,3,Romans 3:10,Epistles,New Testament,Romans,ASV
WORD,one:,G1520,3,Romans 3:10,Epistles,New Testament,Romans,ASV
PHRASE,There is,G2076,3,Romans 3:11,Epistles,New Testament,Romans,ASV
WORD,none,G3756,3,Romans 3:11,Epistles,New Testament,Romans,ASV
PHRASE,"that understandeth,",G4920,3,Romans 3:11,Epistles,New Testament,Romans,ASV
PHRASE,there is,G2076,3,Romans 3:11,Epistles,New Testament,Romans,ASV
WORD,none,G3756,3,Romans 3:11,Epistles,New Testament,Romans,ASV
PHRASE,that seeketh after,G1567,3,Romans 3:11,Epistles,New Testament,Romans,ASV
WORD,God.,G2316,3,Romans 3:11,Epistles,New Testament,Romans,ASV
PHRASE,They are,G1578,3,Romans 3:12,Epistles,New Testament,Romans,ASV
WORD,all,G3956,3,Romans 3:12,Epistles,New Testament,Romans,ASV
PHRASE,"gone out of the way,",G1578,3,Romans 3:12,Epistles,New Testament,Romans,ASV
PHRASE,they are,G889,3,Romans 3:12,Epistles,New Testament,Romans,ASV
WORD,together,G260,3,Romans 3:12,Epistles,New Testament,Romans,ASV
PHRASE,become unprofitable;,G889,3,Romans 3:12,Epistles,New Testament,Romans,ASV
PHRASE,there is,G2076,3,Romans 3:12,Epistles,New Testament,Romans,ASV
WORD,none,G3756,3,Romans 3:12,Epistles,New Testament,Romans,ASV
PHRASE,that doeth,G4160,3,Romans 3:12,Epistles,New Testament,Romans,ASV
WORD,"good,",G5544,3,Romans 3:12,Epistles,New Testament,Romans,ASV
PHRASE,"no, not",G3756,3,Romans 3:12,Epistles,New Testament,Romans,ASV
WORD,one.,G1520,3,Romans 3:12,Epistles,New Testament,Romans,ASV
WORD,Their,G846,3,Romans 3:13,Epistles,New Testament,Romans,ASV
WORD,throat,G2995,3,Romans 3:13,Epistles,New Testament,Romans,ASV
WORD,[is],,3,Romans 3:13,Epistles,New Testament,Romans,ASV
PHRASE,an open,G455,3,Romans 3:13,Epistles,New Testament,Romans,ASV
WORD,sepulchre;,G5028,3,Romans 3:13,Epistles,New Testament,Romans,ASV
PHRASE,with their,G846,3,Romans 3:13,Epistles,New Testament,Romans,ASV
WORD,tongues,G1100,3,Romans 3:13,Epistles,New Testament,Romans,ASV
PHRASE,they have used deceit;,G1387,3,Romans 3:13,Epistles,New Testament,Romans,ASV
PHRASE,the poison,G2447,3,Romans 3:13,Epistles,New Testament,Romans,ASV
PHRASE,of asps,G785,3,Romans 3:13,Epistles,New Testament,Romans,ASV
WORD,[is],,3,Romans 3:13,Epistles,New Testament,Romans,ASV
WORD,under,G5259,3,Romans 3:13,Epistles,New Testament,Romans,ASV
WORD,their,G846,3,Romans 3:13,Epistles,New Testament,Romans,ASV
WORD,lips:,G5491,3,Romans 3:13,Epistles,New Testament,Romans,ASV
WORD,Whose,G3739,3,Romans 3:14,Epistles,New Testament,Romans,ASV
WORD,mouth,G4750,3,Romans 3:14,Epistles,New Testament,Romans,ASV
WORD,[is],,3,Romans 3:14,Epistles,New Testament,Romans,ASV
WORD,full,G1073,3,Romans 3:14,Epistles,New Testament,Romans,ASV
PHRASE,of cursing,G685,3,Romans 3:14,Epistles,New Testament,Romans,ASV
WORD,and,G2532,3,Romans 3:14,Epistles,New Testament,Romans,ASV
WORD,bitterness:,G4088,3,Romans 3:14,Epistles,New Testament,Romans,ASV
WORD,Their,G846,3,Romans 3:15,Epistles,New Testament,Romans,ASV
WORD,feet,G4228,3,Romans 3:15,Epistles,New Testament,Romans,ASV
WORD,[are],,3,Romans 3:15,Epistles,New Testament,Romans,ASV
WORD,swift,G3691,3,Romans 3:15,Epistles,New Testament,Romans,ASV
PHRASE,to shed,G1632,3,Romans 3:15,Epistles,New Testament,Romans,ASV
WORD,blood:,G129,3,Romans 3:15,Epistles,New Testament,Romans,ASV
WORD,Destruction,G4938,3,Romans 3:16,Epistles,New Testament,Romans,ASV
WORD,and,G2532,3,Romans 3:16,Epistles,New Testament,Romans,ASV
WORD,misery,G5004,3,Romans 3:16,Epistles,New Testament,Romans,ASV
WORD,[are],,3,Romans 3:16,Epistles,New Testament,Romans,ASV
WORD,in,G1722,3,Romans 3:16,Epistles,New Testament,Romans,ASV
WORD,their,G846,3,Romans 3:16,Epistles,New Testament,Romans,ASV
WORD,ways:,G3598,3,Romans 3:16,Epistles,New Testament,Romans,ASV
WORD,And,G2532,3,Romans 3:17,Epistles,New Testament,Romans,ASV
PHRASE,the way,G3598,3,Romans 3:17,Epistles,New Testament,Romans,ASV
PHRASE,of peace,G1515,3,Romans 3:17,Epistles,New Testament,Romans,ASV
WORD,have,G1097,3,Romans 3:17,Epistles,New Testament,Romans,ASV
PHRASE,they not,G3756,3,Romans 3:17,Epistles,New Testament,Romans,ASV
WORD,known:,G1097,3,Romans 3:17,Epistles,New Testament,Romans,ASV
PHRASE,There is,G2076,3,Romans 3:18,Epistles,New Testament,Romans,ASV
WORD,no,G3756,3,Romans 3:18,Epistles,New Testament,Romans,ASV
WORD,fear,G5401,3,Romans 3:18,Epistles,New Testament,Romans,ASV
PHRASE,of God,G2316,3,Romans 3:18,Epistles,New Testament,Romans,ASV
WORD,before,G561,3,Romans 3:18,Epistles,New Testament,Romans,ASV
WORD,their,G846,3,Romans 3:18,Epistles,New Testament,Romans,ASV
WORD,eyes.,G3788,3,Romans 3:18,Epistles,New Testament,Romans,ASV
WORD,Now,G1161,3,Romans 3:19,Epistles,New Testament,Romans,ASV
PHRASE,we know,G1492,3,Romans 3:19,Epistles,New Testament,Romans,ASV
WORD,that,G3754,3,Romans 3:19,Epistles,New Testament,Romans,ASV
PHRASE,what things soever,G3745,3,Romans 3:19,Epistles,New Testament,Romans,ASV
WORD,the,G3588,3,Romans 3:19,Epistles,New Testament,Romans,ASV
WORD,law,G3551,3,Romans 3:19,Epistles,New Testament,Romans,ASV
WORD,"saith,",G3004,3,Romans 3:19,Epistles,New Testament,Romans,ASV
PHRASE,it saith,G2980,3,Romans 3:19,Epistles,New Testament,Romans,ASV
PHRASE,to them who,G3588,3,Romans 3:19,Epistles,New Testament,Romans,ASV
PHRASE,are under,G1722,3,Romans 3:19,Epistles,New Testament,Romans,ASV
WORD,the,G3588,3,Romans 3:19,Epistles,New Testament,Romans,ASV
WORD,law:,G3551,3,Romans 3:19,Epistles,New Testament,Romans,ASV
WORD,that,G2443,3,Romans 3:19,Epistles,New Testament,Romans,ASV
WORD,every,G3956,3,Romans 3:19,Epistles,New Testament,Romans,ASV
WORD,mouth,G4750,3,Romans 3:19,Epistles,New Testament,Romans,ASV
PHRASE,"may be stopped,",G5420,3,Romans 3:19,Epistles,New Testament,Romans,ASV
WORD,and,G2532,3,Romans 3:19,Epistles,New Testament,Romans,ASV
WORD,all,G3956,3,Romans 3:19,Epistles,New Testament,Romans,ASV
WORD,the,G3588,3,Romans 3:19,Epistles,New Testament,Romans,ASV
WORD,world,G2889,3,Romans 3:19,Epistles,New Testament,Romans,ASV
PHRASE,may become,G1096,3,Romans 3:19,Epistles,New Testament,Romans,ASV
WORD,guilty,G5267,3,Romans 3:19,Epistles,New Testament,Romans,ASV
PHRASE,before God.,G2316,3,Romans 3:19,Epistles,New Testament,Romans,ASV
WORD,Therefore,G1360,3,Romans 3:20,Epistles,New Testament,Romans,ASV
WORD,by,G1537,3,Romans 3:20,Epistles,New Testament,Romans,ASV
PHRASE,the deeds,G2041,3,Romans 3:20,Epistles,New Testament,Romans,ASV
PHRASE,of the law,G3551,3,Romans 3:20,Epistles,New Testament,Romans,ASV
PHRASE,there shall,G1344,3,Romans 3:20,Epistles,New Testament,Romans,ASV
WORD,no,G3756,3,Romans 3:20,Epistles,New Testament,Romans,ASV
WORD,flesh,G4561,3,Romans 3:20,Epistles,New Testament,Romans,ASV
PHRASE,be justified,G1344,3,Romans 3:20,Epistles,New Testament,Romans,ASV
PHRASE,in his,G846,3,Romans 3:20,Epistles,New Testament,Romans,ASV
WORD,sight:,G1799,3,Romans 3:20,Epistles,New Testament,Romans,ASV
WORD,for,G1063,3,Romans 3:20,Epistles,New Testament,Romans,ASV
WORD,by,G1223,3,Romans 3:20,Epistles,New Testament,Romans,ASV
PHRASE,the law,G3551,3,Romans 3:20,Epistles,New Testament,Romans,ASV
WORD,[is],,3,Romans 3:20,Epistles,New Testament,Romans,ASV
PHRASE,the knowledge,G1922,3,Romans 3:20,Epistles,New Testament,Romans,ASV
PHRASE,of sin.,G266,3,Romans 3:20,Epistles,New Testament,Romans,ASV
WORD,But,G1161,3,Romans 3:21,Epistles,New Testament,Romans,ASV
WORD,now,G3570,3,Romans 3:21,Epistles,New Testament,Romans,ASV
PHRASE,the righteousness,G1343,3,Romans 3:21,Epistles,New Testament,Romans,ASV
PHRASE,of God,G2316,3,Romans 3:21,Epistles,New Testament,Romans,ASV
WORD,without,G5565,3,Romans 3:21,Epistles,New Testament,Romans,ASV
PHRASE,the law,G3551,3,Romans 3:21,Epistles,New Testament,Romans,ASV
PHRASE,"is manifested,",G5319,3,Romans 3:21,Epistles,New Testament,Romans,ASV
PHRASE,being witnessed,G3140,3,Romans 3:21,Epistles,New Testament,Romans,ASV
WORD,by,G5259,3,Romans 3:21,Epistles,New Testament,Romans,ASV
WORD,the,G3588,3,Romans 3:21,Epistles,New Testament,Romans,ASV
WORD,law,G3551,3,Romans 3:21,Epistles,New Testament,Romans,ASV
WORD,and,G2532,3,Romans 3:21,Epistles,New Testament,Romans,ASV
WORD,the,G3588,3,Romans 3:21,Epistles,New Testament,Romans,ASV
WORD,prophets;,G4396,3,Romans 3:21,Epistles,New Testament,Romans,ASV
WORD,Even,G1161,3,Romans 3:22,Epistles,New Testament,Romans,ASV
PHRASE,the righteousness,G1343,3,Romans 3:22,Epistles,New Testament,Romans,ASV
PHRASE,of God,G2316,3,Romans 3:22,Epistles,New Testament,Romans,ASV
PHRASE,[which is],,3,Romans 3:22,Epistles,New Testament,Romans,ASV
WORD,by,G1223,3,Romans 3:22,Epistles,New Testament,Romans,ASV
WORD,faith,G4102,3,Romans 3:22,Epistles,New Testament,Romans,ASV
PHRASE,of Jesus,G2424,3,Romans 3:22,Epistles,New Testament,Romans,ASV
WORD,Christ,G5547,3,Romans 3:22,Epistles,New Testament,Romans,ASV
WORD,unto,G1519,3,Romans 3:22,Epistles,New Testament,Romans,ASV
WORD,all,G3956,3,Romans 3:22,Epistles,New Testament,Romans,ASV
WORD,and,G2532,3,Romans 3:22,Epistles,New Testament,Romans,ASV
WORD,upon,G1909,3,Romans 3:22,Epistles,New Testament,Romans,ASV
WORD,all,G3956,3,Romans 3:22,Epistles,New Testament,Romans,ASV
PHRASE,them that,G3588,3,Romans 3:22,Epistles,New Testament,Romans,ASV
WORD,believe:,G4100,3,Romans 3:22,Epistles,New Testament,Romans,ASV
WORD,for,G1063,3,Romans 3:22,Epistles,New Testament,Romans,ASV
PHRASE,there is,G2076,3,Romans 3:22,Epistles,New Testament,Romans,ASV
WORD,no,G3756,3,Romans 3:22,Epistles,New Testament,Romans,ASV
WORD,difference:,G1293,3,Romans 3:22,Epistles,New Testament,Romans,ASV
WORD,For,G1063,3,Romans 3:23,Epistles,New Testament,Romans,ASV
WORD,all,G3956,3,Romans 3:23,Epistles,New Testament,Romans,ASV
PHRASE,"have sinned,",G264,3,Romans 3:23,Epistles,New Testament,Romans,ASV
WORD,and,G2532,3,Romans 3:23,Epistles,New Testament,Romans,ASV
PHRASE,come short,G5302,3,Romans 3:23,Epistles,New Testament,Romans,ASV
PHRASE,of the,G3588,3,Romans 3:23,Epistles,New Testament,Romans,ASV
WORD,glory,G1391,3,Romans 3:23,Epistles,New Testament,Romans,ASV
PHRASE,of God;,G2316,3,Romans 3:23,Epistles,New Testament,Romans,ASV
PHRASE,Being justified,G1344,3,Romans 3:24,Epistles,New Testament,Romans,ASV
WORD,freely,G1432,3,Romans 3:24,Epistles,New Testament,Romans,ASV
PHRASE,by his,G846,3,Romans 3:24,Epistles,New Testament,Romans,ASV
WORD,grace,G5485,3,Romans 3:24,Epistles,New Testament,Romans,ASV
WORD,through,G1223,3,Romans 3:24,Epistles,New Testament,Romans,ASV
WORD,the,G3588,3,Romans 3:24,Epistles,New Testament,Romans,ASV
WORD,redemption,G629,3,Romans 3:24,Epistles,New Testament,Romans,ASV
WORD,that,G3588,3,Romans 3:24,Epistles,New Testament,Romans,ASV
PHRASE,is in,G1722,3,Romans 3:24,Epistles,New Testament,Romans,ASV
WORD,Christ,G5547,3,Romans 3:24,Epistles,New Testament,Romans,ASV
WORD,Jesus:,G2424,3,Romans 3:24,Epistles,New Testament,Romans,ASV
WORD,Whom,G3739,3,Romans 3:25,Epistles,New Testament,Romans,ASV
WORD,God,G2316,3,Romans 3:25,Epistles,New Testament,Romans,ASV
PHRASE,hath set forth,G4388,3,Romans 3:25,Epistles,New Testament,Romans,ASV
PHRASE,[to be],,3,Romans 3:25,Epistles,New Testament,Romans,ASV
PHRASE,a propitiation,G2435,3,Romans 3:25,Epistles,New Testament,Romans,ASV
WORD,through,G1223,3,Romans 3:25,Epistles,New Testament,Romans,ASV
WORD,faith,G4102,3,Romans 3:25,Epistles,New Testament,Romans,ASV
WORD,in,G1722,3,Romans 3:25,Epistles,New Testament,Romans,ASV
WORD,his,G846,3,Romans 3:25,Epistles,New Testament,Romans,ASV
WORD,"blood,",G129,3,Romans 3:25,Epistles,New Testament,Romans,ASV
WORD,to,G1519,3,Romans 3:25,Epistles,New Testament,Romans,ASV
WORD,declare,G1732,3,Romans 3:25,Epistles,New Testament,Romans,ASV
WORD,his,G846,3,Romans 3:25,Epistles,New Testament,Romans,ASV
WORD,righteousness,G1343,3,Romans 3:25,Epistles,New Testament,Romans,ASV
WORD,for,G1223,3,Romans 3:25,Epistles,New Testament,Romans,ASV
WORD,the,G3588,3,Romans 3:25,Epistles,New Testament,Romans,ASV
WORD,remission,G3929,3,Romans 3:25,Epistles,New Testament,Romans,ASV
PHRASE,of sins,G265,3,Romans 3:25,Epistles,New Testament,Romans,ASV
PHRASE,"that are past,",G4266,3,Romans 3:25,Epistles,New Testament,Romans,ASV
WORD,through,G1722,3,Romans 3:25,Epistles,New Testament,Romans,ASV
WORD,the,G3588,3,Romans 3:25,Epistles,New Testament,Romans,ASV
WORD,forbearance,G463,3,Romans 3:25,Epistles,New Testament,Romans,ASV
PHRASE,of God;,G2316,3,Romans 3:25,Epistles,New Testament,Romans,ASV
WORD,To,G4314,3,Romans 3:26,Epistles,New Testament,Romans,ASV
WORD,"declare,",G1732,3,Romans 3:26,Epistles,New Testament,Romans,ASV
PHRASE,"[I say],",,3,Romans 3:26,Epistles,New Testament,Romans,ASV
WORD,at,G1722,3,Romans 3:26,Epistles,New Testament,Romans,ASV
WORD,this,G3568,3,Romans 3:26,Epistles,New Testament,Romans,ASV
WORD,time,G2540,3,Romans 3:26,Epistles,New Testament,Romans,ASV
WORD,his,G846,3,Romans 3:26,Epistles,New Testament,Romans,ASV
WORD,righteousness:,G1343,3,Romans 3:26,Epistles,New Testament,Romans,ASV
WORD,that,G1519,3,Romans 3:26,Epistles,New Testament,Romans,ASV
PHRASE,he might be,G1511,3,Romans 3:26,Epistles,New Testament,Romans,ASV
WORD,"just,",G1342,3,Romans 3:26,Epistles,New Testament,Romans,ASV
WORD,and,G2532,3,Romans 3:26,Epistles,New Testament,Romans,ASV
PHRASE,the justifier,G1344,3,Romans 3:26,Epistles,New Testament,Romans,ASV
PHRASE,of him,G846,3,Romans 3:26,Epistles,New Testament,Romans,ASV
PHRASE,which believeth,G4102,3,Romans 3:26,Epistles,New Testament,Romans,ASV
WORD,in,G1537,3,Romans 3:26,Epistles,New Testament,Romans,ASV
WORD,Jesus.,G2424,3,Romans 3:26,Epistles,New Testament,Romans,ASV
WORD,Where,G4226,3,Romans 3:27,Epistles,New Testament,Romans,ASV
WORD,[is],,3,Romans 3:27,Epistles,New Testament,Romans,ASV
WORD,boasting,G2746,3,Romans 3:27,Epistles,New Testament,Romans,ASV
WORD,then?,G3767,3,Romans 3:27,Epistles,New Testament,Romans,ASV
PHRASE,It is excluded.,G1576,3,Romans 3:27,Epistles,New Testament,Romans,ASV
WORD,By,G1223,3,Romans 3:27,Epistles,New Testament,Romans,ASV
WORD,what,G4169,3,Romans 3:27,Epistles,New Testament,Romans,ASV
WORD,law?,G3551,3,Romans 3:27,Epistles,New Testament,Romans,ASV
PHRASE,of works?,G2041,3,Romans 3:27,Epistles,New Testament,Romans,ASV
WORD,Nay:,G3780,3,Romans 3:27,Epistles,New Testament,Romans,ASV
WORD,but,G235,3,Romans 3:27,Epistles,New Testament,Romans,ASV
WORD,by,G1223,3,Romans 3:27,Epistles,New Testament,Romans,ASV
PHRASE,the law,G3551,3,Romans 3:27,Epistles,New Testament,Romans,ASV
PHRASE,of faith.,G4102,3,Romans 3:27,Epistles,New Testament,Romans,ASV
WORD,Therefore,G3767,3,Romans 3:28,Epistles,New Testament,Romans,ASV
PHRASE,we conclude,G3049,3,Romans 3:28,Epistles,New Testament,Romans,ASV
PHRASE,that a man,G444,3,Romans 3:28,Epistles,New Testament,Romans,ASV
PHRASE,is justified,G1344,3,Romans 3:28,Epistles,New Testament,Romans,ASV
PHRASE,by faith,G4102,3,Romans 3:28,Epistles,New Testament,Romans,ASV
WORD,without,G5565,3,Romans 3:28,Epistles,New Testament,Romans,ASV
PHRASE,the deeds,G2041,3,Romans 3:28,Epistles,New Testament,Romans,ASV
PHRASE,of the law.,G3551,3,Romans 3:28,Epistles,New Testament,Romans,ASV
PHRASE,[Is he],,3,Romans 3:29,Epistles,New Testament,Romans,ASV
WORD,the,G3588,3,Romans 3:29,Epistles,New Testament,Romans,ASV
WORD,God,G2316,3,Romans 3:29,Epistles,New Testament,Romans,ASV
PHRASE,of the Jews,G2453,3,Romans 3:29,Epistles,New Testament,Romans,ASV
WORD,only?,G3440,3,Romans 3:29,Epistles,New Testament,Romans,ASV
PHRASE,[is he],,3,Romans 3:29,Epistles,New Testament,Romans,ASV
WORD,not,G3780,3,Romans 3:29,Epistles,New Testament,Romans,ASV
WORD,also,G2532,3,Romans 3:29,Epistles,New Testament,Romans,ASV
PHRASE,of the Gentiles?,G1484,3,Romans 3:29,Epistles,New Testament,Romans,ASV
WORD,"Yes,",G3483,3,Romans 3:29,Epistles,New Testament,Romans,ASV
PHRASE,of the Gentiles,G1484,3,Romans 3:29,Epistles,New Testament,Romans,ASV
WORD,also:,G2532,3,Romans 3:29,Epistles,New Testament,Romans,ASV
WORD,Seeing,G1897,3,Romans 3:30,Epistles,New Testament,Romans,ASV
PHRASE,[it is],,3,Romans 3:30,Epistles,New Testament,Romans,ASV
WORD,one,G1520,3,Romans 3:30,Epistles,New Testament,Romans,ASV
WORD,"God,",G2316,3,Romans 3:30,Epistles,New Testament,Romans,ASV
WORD,which,G3739,3,Romans 3:30,Epistles,New Testament,Romans,ASV
PHRASE,shall justify,G1344,3,Romans 3:30,Epistles,New Testament,Romans,ASV
PHRASE,the circumcision,G4061,3,Romans 3:30,Epistles,New Testament,Romans,ASV
WORD,by,G1537,3,Romans 3:30,Epistles,New Testament,Romans,ASV
WORD,"faith,",G4102,3,Romans 3:30,Epistles,New Testament,Romans,ASV
WORD,and,G2532,3,Romans 3:30,Epistles,New Testament,Romans,ASV
WORD,uncircumcision,G203,3,Romans 3:30,Epistles,New Testament,Romans,ASV
WORD,through,G1223,3,Romans 3:30,Epistles,New Testament,Romans,ASV
WORD,faith.,G4102,3,Romans 3:30,Epistles,New Testament,Romans,ASV
PHRASE,Do we,G2673,3,Romans 3:31,Epistles,New Testament,Romans,ASV
WORD,then,G3767,3,Romans 3:31,Epistles,New Testament,Romans,ASV
PHRASE,make void,G2673,3,Romans 3:31,Epistles,New Testament,Romans,ASV
PHRASE,the law,G3551,3,Romans 3:31,Epistles,New Testament,Romans,ASV
WORD,through,G1223,3,Romans 3:31,Epistles,New Testament,Romans,ASV
WORD,faith?,G4102,3,Romans 3:31,Epistles,New Testament,Romans,ASV
PHRASE,God forbid:,G3361,3,Romans 3:31,Epistles,New Testament,Romans,ASV
WORD,,G1096,3,Romans 3:31,Epistles,New Testament,Romans,ASV
WORD,"yea,",G235,3,Romans 3:31,Epistles,New Testament,Romans,ASV
PHRASE,we establish,G2476,3,Romans 3:31,Epistles,New Testament,Romans,ASV
PHRASE,the law.,G3551,3,Romans 3:31,Epistles,New Testament,Romans,ASV
WORD,What,G5101,4,Romans 4:1,Epistles,New Testament,Romans,ASV
PHRASE,shall we say,G2046,4,Romans 4:1,Epistles,New Testament,Romans,ASV
WORD,then,G3767,4,Romans 4:1,Epistles,New Testament,Romans,ASV
PHRASE,that Abraham,G11,4,Romans 4:1,Epistles,New Testament,Romans,ASV
WORD,our,G2257,4,Romans 4:1,Epistles,New Testament,Romans,ASV
WORD,"father,",G3962,4,Romans 4:1,Epistles,New Testament,Romans,ASV
PHRASE,as pertaining,G2596,4,Romans 4:1,Epistles,New Testament,Romans,ASV
PHRASE,"to the flesh,",G4561,4,Romans 4:1,Epistles,New Testament,Romans,ASV
PHRASE,hath found?,G2147,4,Romans 4:1,Epistles,New Testament,Romans,ASV
WORD,For,G1063,4,Romans 4:2,Epistles,New Testament,Romans,ASV
WORD,if,G1487,4,Romans 4:2,Epistles,New Testament,Romans,ASV
WORD,Abraham,G11,4,Romans 4:2,Epistles,New Testament,Romans,ASV
PHRASE,were justified,G1344,4,Romans 4:2,Epistles,New Testament,Romans,ASV
WORD,by,G1537,4,Romans 4:2,Epistles,New Testament,Romans,ASV
WORD,"works,",G2041,4,Romans 4:2,Epistles,New Testament,Romans,ASV
PHRASE,he hath,G2192,4,Romans 4:2,Epistles,New Testament,Romans,ASV
WORD,[whereof],,4,Romans 4:2,Epistles,New Testament,Romans,ASV
PHRASE,to glory;,G2745,4,Romans 4:2,Epistles,New Testament,Romans,ASV
WORD,but,G235,4,Romans 4:2,Epistles,New Testament,Romans,ASV
WORD,not,G3756,4,Romans 4:2,Epistles,New Testament,Romans,ASV
WORD,before,G4314,4,Romans 4:2,Epistles,New Testament,Romans,ASV
WORD,God.,G2316,4,Romans 4:2,Epistles,New Testament,Romans,ASV
WORD,For,G1063,4,Romans 4:3,Epistles,New Testament,Romans,ASV
WORD,what,G5101,4,Romans 4:3,Epistles,New Testament,Romans,ASV
WORD,saith,G3004,4,Romans 4:3,Epistles,New Testament,Romans,ASV
WORD,the,G3588,4,Romans 4:3,Epistles,New Testament,Romans,ASV
WORD,scripture?,G1124,4,Romans 4:3,Epistles,New Testament,Romans,ASV
WORD,Abraham,G11,4,Romans 4:3,Epistles,New Testament,Romans,ASV
WORD,believed,G4100,4,Romans 4:3,Epistles,New Testament,Romans,ASV
WORD,"God,",G2316,4,Romans 4:3,Epistles,New Testament,Romans,ASV
WORD,and,G2532,4,Romans 4:3,Epistles,New Testament,Romans,ASV
PHRASE,it was counted,G3049,4,Romans 4:3,Epistles,New Testament,Romans,ASV
PHRASE,unto him,G846,4,Romans 4:3,Epistles,New Testament,Romans,ASV
WORD,for,G1519,4,Romans 4:3,Epistles,New Testament,Romans,ASV
WORD,righteousness.,G1343,4,Romans 4:3,Epistles,New Testament,Romans,ASV
WORD,Now,G1161,4,Romans 4:4,Epistles,New Testament,Romans,ASV
PHRASE,to him,G3588,4,Romans 4:4,Epistles,New Testament,Romans,ASV
PHRASE,that worketh,G2038,4,Romans 4:4,Epistles,New Testament,Romans,ASV
WORD,is,G3049,4,Romans 4:4,Epistles,New Testament,Romans,ASV
WORD,the,G3588,4,Romans 4:4,Epistles,New Testament,Romans,ASV
WORD,reward,G3408,4,Romans 4:4,Epistles,New Testament,Romans,ASV
WORD,not,G3756,4,Romans 4:4,Epistles,New Testament,Romans,ASV
WORD,reckoned,G3049,4,Romans 4:4,Epistles,New Testament,Romans,ASV
WORD,of,G2596,4,Romans 4:4,Epistles,New Testament,Romans,ASV
WORD,"grace,",G5485,4,Romans 4:4,Epistles,New Testament,Romans,ASV
WORD,but,G235,4,Romans 4:4,Epistles,New Testament,Romans,ASV
WORD,of,G2596,4,Romans 4:4,Epistles,New Testament,Romans,ASV
WORD,debt.,G3783,4,Romans 4:4,Epistles,New Testament,Romans,ASV
WORD,But,G1161,4,Romans 4:5,Epistles,New Testament,Romans,ASV
PHRASE,to him,G3588,4,Romans 4:5,Epistles,New Testament,Romans,ASV
PHRASE,that worketh,G2038,4,Romans 4:5,Epistles,New Testament,Romans,ASV
WORD,"not,",G3361,4,Romans 4:5,Epistles,New Testament,Romans,ASV
WORD,but,G1161,4,Romans 4:5,Epistles,New Testament,Romans,ASV
WORD,believeth,G4100,4,Romans 4:5,Epistles,New Testament,Romans,ASV
WORD,on,G1909,4,Romans 4:5,Epistles,New Testament,Romans,ASV
PHRASE,him that justifieth,G1344,4,Romans 4:5,Epistles,New Testament,Romans,ASV
WORD,the,G3588,4,Romans 4:5,Epistles,New Testament,Romans,ASV
WORD,"ungodly,",G765,4,Romans 4:5,Epistles,New Testament,Romans,ASV
WORD,his,G846,4,Romans 4:5,Epistles,New Testament,Romans,ASV
WORD,faith,G4102,4,Romans 4:5,Epistles,New Testament,Romans,ASV
PHRASE,is counted,G3049,4,Romans 4:5,Epistles,New Testament,Romans,ASV
WORD,for,G1519,4,Romans 4:5,Epistles,New Testament,Romans,ASV
WORD,righteousness.,G1343,4,Romans 4:5,Epistles,New Testament,Romans,ASV
PHRASE,Even as,G2509,4,Romans 4:6,Epistles,New Testament,Romans,ASV
WORD,David,G1138,4,Romans 4:6,Epistles,New Testament,Romans,ASV
WORD,also,G2532,4,Romans 4:6,Epistles,New Testament,Romans,ASV
WORD,describeth,G3004,4,Romans 4:6,Epistles,New Testament,Romans,ASV
WORD,the,G3588,4,Romans 4:6,Epistles,New Testament,Romans,ASV
WORD,blessedness,G3108,4,Romans 4:6,Epistles,New Testament,Romans,ASV
PHRASE,of the,G3588,4,Romans 4:6,Epistles,New Testament,Romans,ASV
WORD,"man,",G444,4,Romans 4:6,Epistles,New Testament,Romans,ASV
PHRASE,unto whom,G3739,4,Romans 4:6,Epistles,New Testament,Romans,ASV
WORD,God,G2316,4,Romans 4:6,Epistles,New Testament,Romans,ASV
WORD,imputeth,G3049,4,Romans 4:6,Epistles,New Testament,Romans,ASV
WORD,righteousness,G1343,4,Romans 4:6,Epistles,New Testament,Romans,ASV
WORD,without,G5565,4,Romans 4:6,Epistles,New Testament,Romans,ASV
WORD,"works,",G2041,4,Romans 4:6,Epistles,New Testament,Romans,ASV
WORD,"[Saying],",,4,Romans 4:7,Epistles,New Testament,Romans,ASV
WORD,Blessed,G3107,4,Romans 4:7,Epistles,New Testament,Romans,ASV
WORD,[are],,4,Romans 4:7,Epistles,New Testament,Romans,ASV
PHRASE,they whose,G3739,4,Romans 4:7,Epistles,New Testament,Romans,ASV
WORD,iniquities,G458,4,Romans 4:7,Epistles,New Testament,Romans,ASV
PHRASE,"are forgiven,",G863,4,Romans 4:7,Epistles,New Testament,Romans,ASV
WORD,and,G2532,4,Romans 4:7,Epistles,New Testament,Romans,ASV
WORD,whose,G3739,4,Romans 4:7,Epistles,New Testament,Romans,ASV
WORD,sins,G266,4,Romans 4:7,Epistles,New Testament,Romans,ASV
PHRASE,are covered.,G1943,4,Romans 4:7,Epistles,New Testament,Romans,ASV
WORD,Blessed,G3107,4,Romans 4:8,Epistles,New Testament,Romans,ASV
WORD,[is],,4,Romans 4:8,Epistles,New Testament,Romans,ASV
PHRASE,the man,G435,4,Romans 4:8,Epistles,New Testament,Romans,ASV
PHRASE,to whom,G3739,4,Romans 4:8,Epistles,New Testament,Romans,ASV
PHRASE,the Lord,G2962,4,Romans 4:8,Epistles,New Testament,Romans,ASV
WORD,will,G3049,4,Romans 4:8,Epistles,New Testament,Romans,ASV
WORD,not,G3361,4,Romans 4:8,Epistles,New Testament,Romans,ASV
WORD,impute,G3049,4,Romans 4:8,Epistles,New Testament,Romans,ASV
WORD,sin.,G266,4,Romans 4:8,Epistles,New Testament,Romans,ASV
WORD,[Cometh],,4,Romans 4:9,Epistles,New Testament,Romans,ASV
WORD,this,G3778,4,Romans 4:9,Epistles,New Testament,Romans,ASV
WORD,blessedness,G3108,4,Romans 4:9,Epistles,New Testament,Romans,ASV
WORD,then,G3767,4,Romans 4:9,Epistles,New Testament,Romans,ASV
WORD,upon,G1909,4,Romans 4:9,Epistles,New Testament,Romans,ASV
WORD,the,G3588,4,Romans 4:9,Epistles,New Testament,Romans,ASV
WORD,circumcision,G4061,4,Romans 4:9,Epistles,New Testament,Romans,ASV
WORD,"[only],",,4,Romans 4:9,Epistles,New Testament,Romans,ASV
WORD,or,G2228,4,Romans 4:9,Epistles,New Testament,Romans,ASV
WORD,upon,G1909,4,Romans 4:9,Epistles,New Testament,Romans,ASV
WORD,the,G3588,4,Romans 4:9,Epistles,New Testament,Romans,ASV
WORD,uncircumcision,G203,4,Romans 4:9,Epistles,New Testament,Romans,ASV
WORD,also?,G2532,4,Romans 4:9,Epistles,New Testament,Romans,ASV
WORD,for,G1063,4,Romans 4:9,Epistles,New Testament,Romans,ASV
PHRASE,we say,G3004,4,Romans 4:9,Epistles,New Testament,Romans,ASV
WORD,that,G3754,4,Romans 4:9,Epistles,New Testament,Romans,ASV
WORD,faith,G4102,4,Romans 4:9,Epistles,New Testament,Romans,ASV
PHRASE,was reckoned,G3049,4,Romans 4:9,Epistles,New Testament,Romans,ASV
PHRASE,to Abraham,G11,4,Romans 4:9,Epistles,New Testament,Romans,ASV
WORD,for,G1519,4,Romans 4:9,Epistles,New Testament,Romans,ASV
WORD,righteousness.,G1343,4,Romans 4:9,Epistles,New Testament,Romans,ASV
WORD,How,G4459,4,Romans 4:10,Epistles,New Testament,Romans,ASV
PHRASE,was it,G3049,4,Romans 4:10,Epistles,New Testament,Romans,ASV
WORD,then,G3767,4,Romans 4:10,Epistles,New Testament,Romans,ASV
WORD,reckoned?,G3049,4,Romans 4:10,Epistles,New Testament,Romans,ASV
PHRASE,when he was,G5607,4,Romans 4:10,Epistles,New Testament,Romans,ASV
WORD,in,G1722,4,Romans 4:10,Epistles,New Testament,Romans,ASV
WORD,"circumcision,",G4061,4,Romans 4:10,Epistles,New Testament,Romans,ASV
WORD,or,G2228,4,Romans 4:10,Epistles,New Testament,Romans,ASV
WORD,in,G1722,4,Romans 4:10,Epistles,New Testament,Romans,ASV
WORD,uncircumcision?,G203,4,Romans 4:10,Epistles,New Testament,Romans,ASV
WORD,Not,G3756,4,Romans 4:10,Epistles,New Testament,Romans,ASV
WORD,in,G1722,4,Romans 4:10,Epistles,New Testament,Romans,ASV
WORD,"circumcision,",G4061,4,Romans 4:10,Epistles,New Testament,Romans,ASV
WORD,but,G235,4,Romans 4:10,Epistles,New Testament,Romans,ASV
WORD,in,G1722,4,Romans 4:10,Epistles,New Testament,Romans,ASV
WORD,uncircumcision.,G203,4,Romans 4:10,Epistles,New Testament,Romans,ASV
WORD,And,G2532,4,Romans 4:11,Epistles,New Testament,Romans,ASV
PHRASE,he received,G2983,4,Romans 4:11,Epistles,New Testament,Romans,ASV
PHRASE,the sign,G4592,4,Romans 4:11,Epistles,New Testament,Romans,ASV
PHRASE,"of circumcision,",G4061,4,Romans 4:11,Epistles,New Testament,Romans,ASV
PHRASE,a seal,G4973,4,Romans 4:11,Epistles,New Testament,Romans,ASV
PHRASE,of the,G3588,4,Romans 4:11,Epistles,New Testament,Romans,ASV
WORD,righteousness,G1343,4,Romans 4:11,Epistles,New Testament,Romans,ASV
PHRASE,of the,G3588,4,Romans 4:11,Epistles,New Testament,Romans,ASV
WORD,faith,G4102,4,Romans 4:11,Epistles,New Testament,Romans,ASV
WORD,which,G3588,4,Romans 4:11,Epistles,New Testament,Romans,ASV
PHRASE,[he had yet],,4,Romans 4:11,Epistles,New Testament,Romans,ASV
WORD,being,G1722,4,Romans 4:11,Epistles,New Testament,Romans,ASV
WORD,uncircumcised:,G203,4,Romans 4:11,Epistles,New Testament,Romans,ASV
WORD,that,G1519,4,Romans 4:11,Epistles,New Testament,Romans,ASV
WORD,he,G846,4,Romans 4:11,Epistles,New Testament,Romans,ASV
PHRASE,might be,G1511,4,Romans 4:11,Epistles,New Testament,Romans,ASV
PHRASE,the father,G3962,4,Romans 4:11,Epistles,New Testament,Romans,ASV
PHRASE,of all,G3956,4,Romans 4:11,Epistles,New Testament,Romans,ASV
PHRASE,"them that believe,",G4100,4,Romans 4:11,Epistles,New Testament,Romans,ASV
WORD,though,G1223,4,Romans 4:11,Epistles,New Testament,Romans,ASV
PHRASE,they be not circumcised;,G203,4,Romans 4:11,Epistles,New Testament,Romans,ASV
WORD,that,G1519,4,Romans 4:11,Epistles,New Testament,Romans,ASV
WORD,righteousness,G1343,4,Romans 4:11,Epistles,New Testament,Romans,ASV
PHRASE,might be imputed,G3049,4,Romans 4:11,Epistles,New Testament,Romans,ASV
PHRASE,unto them,G846,4,Romans 4:11,Epistles,New Testament,Romans,ASV
WORD,also:,G2532,4,Romans 4:11,Epistles,New Testament,Romans,ASV
WORD,And,G2532,4,Romans 4:12,Epistles,New Testament,Romans,ASV
PHRASE,the father,G3962,4,Romans 4:12,Epistles,New Testament,Romans,ASV
PHRASE,of circumcision,G4061,4,Romans 4:12,Epistles,New Testament,Romans,ASV
PHRASE,to them who,G3588,4,Romans 4:12,Epistles,New Testament,Romans,ASV
PHRASE,are not,G3756,4,Romans 4:12,Epistles,New Testament,Romans,ASV
WORD,of,G1537,4,Romans 4:12,Epistles,New Testament,Romans,ASV
PHRASE,the circumcision,G4061,4,Romans 4:12,Epistles,New Testament,Romans,ASV
WORD,"only,",G3440,4,Romans 4:12,Epistles,New Testament,Romans,ASV
WORD,but,G235,4,Romans 4:12,Epistles,New Testament,Romans,ASV
PHRASE,who also,G2532,4,Romans 4:12,Epistles,New Testament,Romans,ASV
WORD,walk,G4748,4,Romans 4:12,Epistles,New Testament,Romans,ASV
PHRASE,in the,G3588,4,Romans 4:12,Epistles,New Testament,Romans,ASV
WORD,steps,G2487,4,Romans 4:12,Epistles,New Testament,Romans,ASV
PHRASE,of that faith,G4102,4,Romans 4:12,Epistles,New Testament,Romans,ASV
PHRASE,of our,G2257,4,Romans 4:12,Epistles,New Testament,Romans,ASV
WORD,father,G3962,4,Romans 4:12,Epistles,New Testament,Romans,ASV
WORD,"Abraham,",G11,4,Romans 4:12,Epistles,New Testament,Romans,ASV
WORD,which,G3588,4,Romans 4:12,Epistles,New Testament,Romans,ASV
PHRASE,[he had],,4,Romans 4:12,Epistles,New Testament,Romans,ASV
WORD,being,G1722,4,Romans 4:12,Epistles,New Testament,Romans,ASV
WORD,[yet],,4,Romans 4:12,Epistles,New Testament,Romans,ASV
WORD,uncircumcised.,G203,4,Romans 4:12,Epistles,New Testament,Romans,ASV
WORD,For,G1063,4,Romans 4:13,Epistles,New Testament,Romans,ASV
WORD,the,G3588,4,Romans 4:13,Epistles,New Testament,Romans,ASV
WORD,"promise,",G1860,4,Romans 4:13,Epistles,New Testament,Romans,ASV
PHRASE,that he,G846,4,Romans 4:13,Epistles,New Testament,Romans,ASV
PHRASE,should be,G1511,4,Romans 4:13,Epistles,New Testament,Romans,ASV
WORD,the,G3588,4,Romans 4:13,Epistles,New Testament,Romans,ASV
WORD,heir,G2818,4,Romans 4:13,Epistles,New Testament,Romans,ASV
PHRASE,of the,G3588,4,Romans 4:13,Epistles,New Testament,Romans,ASV
WORD,"world,",G2889,4,Romans 4:13,Epistles,New Testament,Romans,ASV
WORD,[was],,4,Romans 4:13,Epistles,New Testament,Romans,ASV
WORD,not,G3756,4,Romans 4:13,Epistles,New Testament,Romans,ASV
PHRASE,"to Abraham,",G11,4,Romans 4:13,Epistles,New Testament,Romans,ASV
WORD,or,G2228,4,Romans 4:13,Epistles,New Testament,Romans,ASV
PHRASE,to his,G846,4,Romans 4:13,Epistles,New Testament,Romans,ASV
WORD,"seed,",G4690,4,Romans 4:13,Epistles,New Testament,Romans,ASV
WORD,through,G1223,4,Romans 4:13,Epistles,New Testament,Romans,ASV
PHRASE,"the law,",G3551,4,Romans 4:13,Epistles,New Testament,Romans,ASV
WORD,but,G235,4,Romans 4:13,Epistles,New Testament,Romans,ASV
WORD,through,G1223,4,Romans 4:13,Epistles,New Testament,Romans,ASV
PHRASE,the righteousness,G1343,4,Romans 4:13,Epistles,New Testament,Romans,ASV
PHRASE,of faith.,G4102,4,Romans 4:13,Epistles,New Testament,Romans,ASV
WORD,For,G1063,4,Romans 4:14,Epistles,New Testament,Romans,ASV
WORD,if,G1487,4,Romans 4:14,Epistles,New Testament,Romans,ASV
PHRASE,they which,G3588,4,Romans 4:14,Epistles,New Testament,Romans,ASV
PHRASE,are of,G1537,4,Romans 4:14,Epistles,New Testament,Romans,ASV
PHRASE,the law,G3551,4,Romans 4:14,Epistles,New Testament,Romans,ASV
WORD,[be],,4,Romans 4:14,Epistles,New Testament,Romans,ASV
WORD,"heirs,",G2818,4,Romans 4:14,Epistles,New Testament,Romans,ASV
WORD,faith,G4102,4,Romans 4:14,Epistles,New Testament,Romans,ASV
PHRASE,"is made void,",G2758,4,Romans 4:14,Epistles,New Testament,Romans,ASV
WORD,and,G2532,4,Romans 4:14,Epistles,New Testament,Romans,ASV
WORD,the,G3588,4,Romans 4:14,Epistles,New Testament,Romans,ASV
WORD,promise,G1860,4,Romans 4:14,Epistles,New Testament,Romans,ASV
PHRASE,made of none effect:,G2673,4,Romans 4:14,Epistles,New Testament,Romans,ASV
WORD,Because,G1063,4,Romans 4:15,Epistles,New Testament,Romans,ASV
WORD,the,G3588,4,Romans 4:15,Epistles,New Testament,Romans,ASV
WORD,law,G3551,4,Romans 4:15,Epistles,New Testament,Romans,ASV
WORD,worketh,G2716,4,Romans 4:15,Epistles,New Testament,Romans,ASV
WORD,wrath:,G3709,4,Romans 4:15,Epistles,New Testament,Romans,ASV
WORD,for,G1063,4,Romans 4:15,Epistles,New Testament,Romans,ASV
WORD,where,G3757,4,Romans 4:15,Epistles,New Testament,Romans,ASV
WORD,no,G3756,4,Romans 4:15,Epistles,New Testament,Romans,ASV
WORD,law,G3551,4,Romans 4:15,Epistles,New Testament,Romans,ASV
WORD,"is,",G2076,4,Romans 4:15,Epistles,New Testament,Romans,ASV
PHRASE,[there is],,4,Romans 4:15,Epistles,New Testament,Romans,ASV
WORD,no,G3761,4,Romans 4:15,Epistles,New Testament,Romans,ASV
WORD,transgression.,G3847,4,Romans 4:15,Epistles,New Testament,Romans,ASV
WORD,Therefore,G1223,4,Romans 4:16,Epistles,New Testament,Romans,ASV
PHRASE,[it is],,4,Romans 4:16,Epistles,New Testament,Romans,ASV
WORD,of,G1537,4,Romans 4:16,Epistles,New Testament,Romans,ASV
WORD,"faith,",G4102,4,Romans 4:16,Epistles,New Testament,Romans,ASV
WORD,that,G2443,4,Romans 4:16,Epistles,New Testament,Romans,ASV
PHRASE,[it might be],,4,Romans 4:16,Epistles,New Testament,Romans,ASV
WORD,by,G2596,4,Romans 4:16,Epistles,New Testament,Romans,ASV
WORD,grace;,G5485,4,Romans 4:16,Epistles,New Testament,Romans,ASV
PHRASE,to the end,G1519,4,Romans 4:16,Epistles,New Testament,Romans,ASV
WORD,the,G3588,4,Romans 4:16,Epistles,New Testament,Romans,ASV
WORD,promise,G1860,4,Romans 4:16,Epistles,New Testament,Romans,ASV
PHRASE,might be,G1511,4,Romans 4:16,Epistles,New Testament,Romans,ASV
WORD,sure,G949,4,Romans 4:16,Epistles,New Testament,Romans,ASV
PHRASE,to all,G3956,4,Romans 4:16,Epistles,New Testament,Romans,ASV
WORD,the,G3588,4,Romans 4:16,Epistles,New Testament,Romans,ASV
WORD,seed;,G4690,4,Romans 4:16,Epistles,New Testament,Romans,ASV
WORD,not,G3756,4,Romans 4:16,Epistles,New Testament,Romans,ASV
PHRASE,to that only,G3440,4,Romans 4:16,Epistles,New Testament,Romans,ASV
WORD,which,G3588,4,Romans 4:16,Epistles,New Testament,Romans,ASV
PHRASE,is of,G1537,4,Romans 4:16,Epistles,New Testament,Romans,ASV
WORD,the,G3588,4,Romans 4:16,Epistles,New Testament,Romans,ASV
WORD,"law,",G3551,4,Romans 4:16,Epistles,New Testament,Romans,ASV
WORD,but,G235,4,Romans 4:16,Epistles,New Testament,Romans,ASV
PHRASE,to that also,G2532,4,Romans 4:16,Epistles,New Testament,Romans,ASV
WORD,which,G3588,4,Romans 4:16,Epistles,New Testament,Romans,ASV
PHRASE,is of,G1537,4,Romans 4:16,Epistles,New Testament,Romans,ASV
PHRASE,the faith,G4102,4,Romans 4:16,Epistles,New Testament,Romans,ASV
PHRASE,of Abraham;,G11,4,Romans 4:16,Epistles,New Testament,Romans,ASV
WORD,who,G3739,4,Romans 4:16,Epistles,New Testament,Romans,ASV
WORD,is,G2076,4,Romans 4:16,Epistles,New Testament,Romans,ASV
PHRASE,the father,G3962,4,Romans 4:16,Epistles,New Testament,Romans,ASV
PHRASE,of us,G2257,4,Romans 4:16,Epistles,New Testament,Romans,ASV
WORD,"all,",G3956,4,Romans 4:16,Epistles,New Testament,Romans,ASV
WORD,(As,G2531,4,Romans 4:17,Epistles,New Testament,Romans,ASV
PHRASE,"it is written,",G1125,4,Romans 4:17,Epistles,New Testament,Romans,ASV
PHRASE,I have made,G5087,4,Romans 4:17,Epistles,New Testament,Romans,ASV
WORD,thee,G4571,4,Romans 4:17,Epistles,New Testament,Romans,ASV
PHRASE,a father,G3962,4,Romans 4:17,Epistles,New Testament,Romans,ASV
PHRASE,of many,G4183,4,Romans 4:17,Epistles,New Testament,Romans,ASV
WORD,"nations,)",G1484,4,Romans 4:17,Epistles,New Testament,Romans,ASV
WORD,before,G2713,4,Romans 4:17,Epistles,New Testament,Romans,ASV
PHRASE,him whom,G3739,4,Romans 4:17,Epistles,New Testament,Romans,ASV
PHRASE,"he believed,",G4100,4,Romans 4:17,Epistles,New Testament,Romans,ASV
WORD,[even],,4,Romans 4:17,Epistles,New Testament,Romans,ASV
WORD,"God,",G2316,4,Romans 4:17,Epistles,New Testament,Romans,ASV
PHRASE,who quickeneth,G2227,4,Romans 4:17,Epistles,New Testament,Romans,ASV
WORD,the,G3588,4,Romans 4:17,Epistles,New Testament,Romans,ASV
WORD,"dead,",G3498,4,Romans 4:17,Epistles,New Testament,Romans,ASV
WORD,and,G2532,4,Romans 4:17,Epistles,New Testament,Romans,ASV
WORD,calleth,G2564,4,Romans 4:17,Epistles,New Testament,Romans,ASV
PHRASE,those things,G3588,4,Romans 4:17,Epistles,New Testament,Romans,ASV
PHRASE,which be,G5607,4,Romans 4:17,Epistles,New Testament,Romans,ASV
WORD,not,G3361,4,Romans 4:17,Epistles,New Testament,Romans,ASV
PHRASE,as though,G5613,4,Romans 4:17,Epistles,New Testament,Romans,ASV
PHRASE,they were.,G5607,4,Romans 4:17,Epistles,New Testament,Romans,ASV
WORD,Who,G3739,4,Romans 4:18,Epistles,New Testament,Romans,ASV
WORD,against,G3844,4,Romans 4:18,Epistles,New Testament,Romans,ASV
WORD,hope,G1680,4,Romans 4:18,Epistles,New Testament,Romans,ASV
WORD,believed,G4100,4,Romans 4:18,Epistles,New Testament,Romans,ASV
WORD,in,G1909,4,Romans 4:18,Epistles,New Testament,Romans,ASV
WORD,"hope,",G1680,4,Romans 4:18,Epistles,New Testament,Romans,ASV
WORD,that,G1519,4,Romans 4:18,Epistles,New Testament,Romans,ASV
WORD,he,G846,4,Romans 4:18,Epistles,New Testament,Romans,ASV
PHRASE,might become,G1096,4,Romans 4:18,Epistles,New Testament,Romans,ASV
PHRASE,the father,G3962,4,Romans 4:18,Epistles,New Testament,Romans,ASV
PHRASE,of many,G4183,4,Romans 4:18,Epistles,New Testament,Romans,ASV
WORD,"nations,",G1484,4,Romans 4:18,Epistles,New Testament,Romans,ASV
WORD,according,G2596,4,Romans 4:18,Epistles,New Testament,Romans,ASV
PHRASE,"to that which was spoken,",G2046,4,Romans 4:18,Epistles,New Testament,Romans,ASV
WORD,So,G3779,4,Romans 4:18,Epistles,New Testament,Romans,ASV
WORD,shall,G2071,4,Romans 4:18,Epistles,New Testament,Romans,ASV
WORD,thy,G4675,4,Romans 4:18,Epistles,New Testament,Romans,ASV
WORD,seed,G4690,4,Romans 4:18,Epistles,New Testament,Romans,ASV
WORD,be.,G2071,4,Romans 4:18,Epistles,New Testament,Romans,ASV
WORD,And,G2532,4,Romans 4:19,Epistles,New Testament,Romans,ASV
PHRASE,being not,G3361,4,Romans 4:19,Epistles,New Testament,Romans,ASV
WORD,weak,G770,4,Romans 4:19,Epistles,New Testament,Romans,ASV
PHRASE,"in faith,",G4102,4,Romans 4:19,Epistles,New Testament,Romans,ASV
PHRASE,he considered,G2657,4,Romans 4:19,Epistles,New Testament,Romans,ASV
WORD,not,G3756,4,Romans 4:19,Epistles,New Testament,Romans,ASV
PHRASE,his own,G1438,4,Romans 4:19,Epistles,New Testament,Romans,ASV
WORD,body,G4983,4,Romans 4:19,Epistles,New Testament,Romans,ASV
WORD,now,G2235,4,Romans 4:19,Epistles,New Testament,Romans,ASV
WORD,"dead,",G3499,4,Romans 4:19,Epistles,New Testament,Romans,ASV
PHRASE,when he was,G5225,4,Romans 4:19,Epistles,New Testament,Romans,ASV
WORD,about,G4225,4,Romans 4:19,Epistles,New Testament,Romans,ASV
PHRASE,"an hundred years old,",G1541,4,Romans 4:19,Epistles,New Testament,Romans,ASV
PHRASE,neither yet,G2532,4,Romans 4:19,Epistles,New Testament,Romans,ASV
WORD,the,G3588,4,Romans 4:19,Epistles,New Testament,Romans,ASV
WORD,deadness,G3500,4,Romans 4:19,Epistles,New Testament,Romans,ASV
PHRASE,of Sara's,G4564,4,Romans 4:19,Epistles,New Testament,Romans,ASV
WORD,womb:,G3388,4,Romans 4:19,Epistles,New Testament,Romans,ASV
PHRASE,He staggered,G1252,4,Romans 4:20,Epistles,New Testament,Romans,ASV
WORD,not,G3756,4,Romans 4:20,Epistles,New Testament,Romans,ASV
WORD,at,G1519,4,Romans 4:20,Epistles,New Testament,Romans,ASV
WORD,the,G3588,4,Romans 4:20,Epistles,New Testament,Romans,ASV
WORD,promise,G1860,4,Romans 4:20,Epistles,New Testament,Romans,ASV
PHRASE,of God,G2316,4,Romans 4:20,Epistles,New Testament,Romans,ASV
PHRASE,through unbelief;,G570,4,Romans 4:20,Epistles,New Testament,Romans,ASV
WORD,but,G235,4,Romans 4:20,Epistles,New Testament,Romans,ASV
PHRASE,was strong,G1743,4,Romans 4:20,Epistles,New Testament,Romans,ASV
PHRASE,"in faith,",G4102,4,Romans 4:20,Epistles,New Testament,Romans,ASV
WORD,giving,G1325,4,Romans 4:20,Epistles,New Testament,Romans,ASV
WORD,glory,G1391,4,Romans 4:20,Epistles,New Testament,Romans,ASV
PHRASE,to God;,G2316,4,Romans 4:20,Epistles,New Testament,Romans,ASV
WORD,And,G2532,4,Romans 4:21,Epistles,New Testament,Romans,ASV
PHRASE,being fully persuaded,G4135,4,Romans 4:21,Epistles,New Testament,Romans,ASV
WORD,"that,",G3754,4,Romans 4:21,Epistles,New Testament,Romans,ASV
WORD,what,G3739,4,Romans 4:21,Epistles,New Testament,Romans,ASV
PHRASE,"he had promised,",G1861,4,Romans 4:21,Epistles,New Testament,Romans,ASV
PHRASE,he was,G2076,4,Romans 4:21,Epistles,New Testament,Romans,ASV
WORD,able,G1415,4,Romans 4:21,Epistles,New Testament,Romans,ASV
WORD,also,G2532,4,Romans 4:21,Epistles,New Testament,Romans,ASV
PHRASE,to perform.,G4160,4,Romans 4:21,Epistles,New Testament,Romans,ASV
WORD,And,G2532,4,Romans 4:22,Epistles,New Testament,Romans,ASV
WORD,therefore,G1352,4,Romans 4:22,Epistles,New Testament,Romans,ASV
PHRASE,it was imputed,G3049,4,Romans 4:22,Epistles,New Testament,Romans,ASV
PHRASE,to him,G846,4,Romans 4:22,Epistles,New Testament,Romans,ASV
WORD,for,G1519,4,Romans 4:22,Epistles,New Testament,Romans,ASV
WORD,righteousness.,G1343,4,Romans 4:22,Epistles,New Testament,Romans,ASV
WORD,Now,G1161,4,Romans 4:23,Epistles,New Testament,Romans,ASV
PHRASE,it was,G1125,4,Romans 4:23,Epistles,New Testament,Romans,ASV
WORD,not,G3756,4,Romans 4:23,Epistles,New Testament,Romans,ASV
WORD,written,G1125,4,Romans 4:23,Epistles,New Testament,Romans,ASV
WORD,for,G1223,4,Romans 4:23,Epistles,New Testament,Romans,ASV
WORD,his,G846,4,Romans 4:23,Epistles,New Testament,Romans,ASV
WORD,sake,G1223,4,Romans 4:23,Epistles,New Testament,Romans,ASV
WORD,"alone,",G3440,4,Romans 4:23,Epistles,New Testament,Romans,ASV
WORD,that,G3754,4,Romans 4:23,Epistles,New Testament,Romans,ASV
PHRASE,it was imputed,G3049,4,Romans 4:23,Epistles,New Testament,Romans,ASV
PHRASE,to him;,G846,4,Romans 4:23,Epistles,New Testament,Romans,ASV
WORD,But,G235,4,Romans 4:24,Epistles,New Testament,Romans,ASV
WORD,for,G1223,4,Romans 4:24,Epistles,New Testament,Romans,ASV
WORD,us,G2248,4,Romans 4:24,Epistles,New Testament,Romans,ASV
WORD,"also,",G2532,4,Romans 4:24,Epistles,New Testament,Romans,ASV
PHRASE,to whom,G3739,4,Romans 4:24,Epistles,New Testament,Romans,ASV
PHRASE,it shall be,G3195,4,Romans 4:24,Epistles,New Testament,Romans,ASV
WORD,"imputed,",G3049,4,Romans 4:24,Epistles,New Testament,Romans,ASV
PHRASE,if we believe,G4100,4,Romans 4:24,Epistles,New Testament,Romans,ASV
WORD,on,G1909,4,Romans 4:24,Epistles,New Testament,Romans,ASV
PHRASE,him that raised up,G1453,4,Romans 4:24,Epistles,New Testament,Romans,ASV
WORD,Jesus,G2424,4,Romans 4:24,Epistles,New Testament,Romans,ASV
WORD,our,G2257,4,Romans 4:24,Epistles,New Testament,Romans,ASV
WORD,Lord,G2962,4,Romans 4:24,Epistles,New Testament,Romans,ASV
WORD,from,G1537,4,Romans 4:24,Epistles,New Testament,Romans,ASV
PHRASE,the dead;,G3498,4,Romans 4:24,Epistles,New Testament,Romans,ASV
WORD,Who,G3739,4,Romans 4:25,Epistles,New Testament,Romans,ASV
PHRASE,was delivered,G3860,4,Romans 4:25,Epistles,New Testament,Romans,ASV
WORD,for,G1223,4,Romans 4:25,Epistles,New Testament,Romans,ASV
WORD,our,G2257,4,Romans 4:25,Epistles,New Testament,Romans,ASV
WORD,"offences,",G3900,4,Romans 4:25,Epistles,New Testament,Romans,ASV
WORD,and,G2532,4,Romans 4:25,Epistles,New Testament,Romans,ASV
PHRASE,was raised again,G1453,4,Romans 4:25,Epistles,New Testament,Romans,ASV
WORD,for,G1223,4,Romans 4:25,Epistles,New Testament,Romans,ASV
WORD,our,G2257,4,Romans 4:25,Epistles,New Testament,Romans,ASV
WORD,justification.,G1347,4,Romans 4:25,Epistles,New Testament,Romans,ASV
WORD,Therefore,G3767,5,Romans 5:1,Epistles,New Testament,Romans,ASV
PHRASE,being justified,G1344,5,Romans 5:1,Epistles,New Testament,Romans,ASV
WORD,by,G1537,5,Romans 5:1,Epistles,New Testament,Romans,ASV
WORD,"faith,",G4102,5,Romans 5:1,Epistles,New Testament,Romans,ASV
PHRASE,we have,G2192,5,Romans 5:1,Epistles,New Testament,Romans,ASV
WORD,peace,G1515,5,Romans 5:1,Epistles,New Testament,Romans,ASV
WORD,with,G4314,5,Romans 5:1,Epistles,New Testament,Romans,ASV
WORD,God,G2316,5,Romans 5:1,Epistles,New Testament,Romans,ASV
WORD,through,G1223,5,Romans 5:1,Epistles,New Testament,Romans,ASV
WORD,our,G2257,5,Romans 5:1,Epistles,New Testament,Romans,ASV
WORD,Lord,G2962,5,Romans 5:1,Epistles,New Testament,Romans,ASV
WORD,Jesus,G2424,5,Romans 5:1,Epistles,New Testament,Romans,ASV
WORD,Christ:,G5547,5,Romans 5:1,Epistles,New Testament,Romans,ASV
WORD,By,G1223,5,Romans 5:2,Epistles,New Testament,Romans,ASV
WORD,whom,G3739,5,Romans 5:2,Epistles,New Testament,Romans,ASV
WORD,also,G2532,5,Romans 5:2,Epistles,New Testament,Romans,ASV
PHRASE,we have,G2192,5,Romans 5:2,Epistles,New Testament,Romans,ASV
WORD,access,G4318,5,Romans 5:2,Epistles,New Testament,Romans,ASV
PHRASE,by faith,G4102,5,Romans 5:2,Epistles,New Testament,Romans,ASV
WORD,into,G1519,5,Romans 5:2,Epistles,New Testament,Romans,ASV
WORD,this,G3778,5,Romans 5:2,Epistles,New Testament,Romans,ASV
WORD,grace,G5485,5,Romans 5:2,Epistles,New Testament,Romans,ASV
WORD,wherein,G1722,5,Romans 5:2,Epistles,New Testament,Romans,ASV
WORD,,G3739,5,Romans 5:2,Epistles,New Testament,Romans,ASV
PHRASE,"we stand,",G2476,5,Romans 5:2,Epistles,New Testament,Romans,ASV
WORD,and,G2532,5,Romans 5:2,Epistles,New Testament,Romans,ASV
WORD,rejoice,G2744,5,Romans 5:2,Epistles,New Testament,Romans,ASV
WORD,in,G1909,5,Romans 5:2,Epistles,New Testament,Romans,ASV
WORD,hope,G1680,5,Romans 5:2,Epistles,New Testament,Romans,ASV
PHRASE,of the,G3588,5,Romans 5:2,Epistles,New Testament,Romans,ASV
WORD,glory,G1391,5,Romans 5:2,Epistles,New Testament,Romans,ASV
PHRASE,of God.,G2316,5,Romans 5:2,Epistles,New Testament,Romans,ASV
WORD,And,G1161,5,Romans 5:3,Epistles,New Testament,Romans,ASV
WORD,not,G3756,5,Romans 5:3,Epistles,New Testament,Romans,ASV
WORD,only,G3440,5,Romans 5:3,Epistles,New Testament,Romans,ASV
WORD,"[so],",,5,Romans 5:3,Epistles,New Testament,Romans,ASV
WORD,but,G235,5,Romans 5:3,Epistles,New Testament,Romans,ASV
PHRASE,we glory,G2744,5,Romans 5:3,Epistles,New Testament,Romans,ASV
WORD,in,G1722,5,Romans 5:3,Epistles,New Testament,Romans,ASV
WORD,tribulations,G2347,5,Romans 5:3,Epistles,New Testament,Romans,ASV
WORD,also:,G2532,5,Romans 5:3,Epistles,New Testament,Romans,ASV
WORD,knowing,G1492,5,Romans 5:3,Epistles,New Testament,Romans,ASV
WORD,that,G3754,5,Romans 5:3,Epistles,New Testament,Romans,ASV
WORD,tribulation,G2347,5,Romans 5:3,Epistles,New Testament,Romans,ASV
WORD,worketh,G2716,5,Romans 5:3,Epistles,New Testament,Romans,ASV
WORD,patience;,G5281,5,Romans 5:3,Epistles,New Testament,Romans,ASV
WORD,And,G1161,5,Romans 5:4,Epistles,New Testament,Romans,ASV
WORD,"patience,",G5281,5,Romans 5:4,Epistles,New Testament,Romans,ASV
WORD,experience;,G1382,5,Romans 5:4,Epistles,New Testament,Romans,ASV
WORD,and,G1161,5,Romans 5:4,Epistles,New Testament,Romans,ASV
WORD,"experience,",G1382,5,Romans 5:4,Epistles,New Testament,Romans,ASV
WORD,hope:,G1680,5,Romans 5:4,Epistles,New Testament,Romans,ASV
WORD,And,G1161,5,Romans 5:5,Epistles,New Testament,Romans,ASV
WORD,hope,G1680,5,Romans 5:5,Epistles,New Testament,Romans,ASV
WORD,maketh,G2617,5,Romans 5:5,Epistles,New Testament,Romans,ASV
WORD,not,G3756,5,Romans 5:5,Epistles,New Testament,Romans,ASV
WORD,ashamed;,G2617,5,Romans 5:5,Epistles,New Testament,Romans,ASV
WORD,because,G3754,5,Romans 5:5,Epistles,New Testament,Romans,ASV
WORD,the,G3588,5,Romans 5:5,Epistles,New Testament,Romans,ASV
WORD,love,G26,5,Romans 5:5,Epistles,New Testament,Romans,ASV
PHRASE,of God,G2316,5,Romans 5:5,Epistles,New Testament,Romans,ASV
PHRASE,is shed abroad,G1632,5,Romans 5:5,Epistles,New Testament,Romans,ASV
WORD,in,G1722,5,Romans 5:5,Epistles,New Testament,Romans,ASV
WORD,our,G2257,5,Romans 5:5,Epistles,New Testament,Romans,ASV
WORD,hearts,G2588,5,Romans 5:5,Epistles,New Testament,Romans,ASV
WORD,by,G1223,5,Romans 5:5,Epistles,New Testament,Romans,ASV
PHRASE,the Holy,G40,5,Romans 5:5,Epistles,New Testament,Romans,ASV
WORD,Ghost,G4151,5,Romans 5:5,Epistles,New Testament,Romans,ASV
WORD,which,G3588,5,Romans 5:5,Epistles,New Testament,Romans,ASV
PHRASE,is given,G1325,5,Romans 5:5,Epistles,New Testament,Romans,ASV
PHRASE,unto us.,G2254,5,Romans 5:5,Epistles,New Testament,Romans,ASV
WORD,For,G1063,5,Romans 5:6,Epistles,New Testament,Romans,ASV
PHRASE,when we,G2257,5,Romans 5:6,Epistles,New Testament,Romans,ASV
WORD,were,G5607,5,Romans 5:6,Epistles,New Testament,Romans,ASV
WORD,yet,G2089,5,Romans 5:6,Epistles,New Testament,Romans,ASV
PHRASE,"without strength,",G772,5,Romans 5:6,Epistles,New Testament,Romans,ASV
PHRASE,in due,G2596,5,Romans 5:6,Epistles,New Testament,Romans,ASV
WORD,time,G2540,5,Romans 5:6,Epistles,New Testament,Romans,ASV
WORD,Christ,G5547,5,Romans 5:6,Epistles,New Testament,Romans,ASV
WORD,died,G599,5,Romans 5:6,Epistles,New Testament,Romans,ASV
WORD,for,G5228,5,Romans 5:6,Epistles,New Testament,Romans,ASV
PHRASE,the ungodly.,G765,5,Romans 5:6,Epistles,New Testament,Romans,ASV
WORD,For,G1063,5,Romans 5:7,Epistles,New Testament,Romans,ASV
WORD,scarcely,G3433,5,Romans 5:7,Epistles,New Testament,Romans,ASV
WORD,for,G5228,5,Romans 5:7,Epistles,New Testament,Romans,ASV
PHRASE,a righteous man,G1342,5,Romans 5:7,Epistles,New Testament,Romans,ASV
WORD,will,G599,5,Romans 5:7,Epistles,New Testament,Romans,ASV
WORD,one,G5100,5,Romans 5:7,Epistles,New Testament,Romans,ASV
WORD,die:,G599,5,Romans 5:7,Epistles,New Testament,Romans,ASV
WORD,yet,G1063,5,Romans 5:7,Epistles,New Testament,Romans,ASV
WORD,peradventure,G5029,5,Romans 5:7,Epistles,New Testament,Romans,ASV
WORD,for,G5228,5,Romans 5:7,Epistles,New Testament,Romans,ASV
WORD,a,G3588,5,Romans 5:7,Epistles,New Testament,Romans,ASV
PHRASE,good man,G18,5,Romans 5:7,Epistles,New Testament,Romans,ASV
WORD,some,G5100,5,Romans 5:7,Epistles,New Testament,Romans,ASV
WORD,would,G5111,5,Romans 5:7,Epistles,New Testament,Romans,ASV
WORD,even,G2532,5,Romans 5:7,Epistles,New Testament,Romans,ASV
WORD,dare,G5111,5,Romans 5:7,Epistles,New Testament,Romans,ASV
PHRASE,to die.,G599,5,Romans 5:7,Epistles,New Testament,Romans,ASV
WORD,But,G1161,5,Romans 5:8,Epistles,New Testament,Romans,ASV
WORD,God,G2316,5,Romans 5:8,Epistles,New Testament,Romans,ASV
WORD,commendeth,G4921,5,Romans 5:8,Epistles,New Testament,Romans,ASV
WORD,his,G1438,5,Romans 5:8,Epistles,New Testament,Romans,ASV
WORD,love,G26,5,Romans 5:8,Epistles,New Testament,Romans,ASV
WORD,toward,G1519,5,Romans 5:8,Epistles,New Testament,Romans,ASV
WORD,"us,",G2248,5,Romans 5:8,Epistles,New Testament,Romans,ASV
PHRASE,"in that,",G3754,5,Romans 5:8,Epistles,New Testament,Romans,ASV
PHRASE,while we,G2257,5,Romans 5:8,Epistles,New Testament,Romans,ASV
WORD,were,G5607,5,Romans 5:8,Epistles,New Testament,Romans,ASV
WORD,yet,G2089,5,Romans 5:8,Epistles,New Testament,Romans,ASV
WORD,"sinners,",G268,5,Romans 5:8,Epistles,New Testament,Romans,ASV
WORD,Christ,G5547,5,Romans 5:8,Epistles,New Testament,Romans,ASV
WORD,died,G599,5,Romans 5:8,Epistles,New Testament,Romans,ASV
WORD,for,G5228,5,Romans 5:8,Epistles,New Testament,Romans,ASV
WORD,us.,G2257,5,Romans 5:8,Epistles,New Testament,Romans,ASV
WORD,Much,G4183,5,Romans 5:9,Epistles,New Testament,Romans,ASV
WORD,more,G3123,5,Romans 5:9,Epistles,New Testament,Romans,ASV
WORD,"then,",G3767,5,Romans 5:9,Epistles,New Testament,Romans,ASV
WORD,being,G1344,5,Romans 5:9,Epistles,New Testament,Romans,ASV
WORD,now,G3568,5,Romans 5:9,Epistles,New Testament,Romans,ASV
WORD,justified,G1344,5,Romans 5:9,Epistles,New Testament,Romans,ASV
WORD,by,G1722,5,Romans 5:9,Epistles,New Testament,Romans,ASV
WORD,his,G846,5,Romans 5:9,Epistles,New Testament,Romans,ASV
WORD,"blood,",G129,5,Romans 5:9,Epistles,New Testament,Romans,ASV
PHRASE,we shall be saved,G4982,5,Romans 5:9,Epistles,New Testament,Romans,ASV
WORD,from,G575,5,Romans 5:9,Epistles,New Testament,Romans,ASV
WORD,wrath,G3709,5,Romans 5:9,Epistles,New Testament,Romans,ASV
WORD,through,G1223,5,Romans 5:9,Epistles,New Testament,Romans,ASV
WORD,him.,G846,5,Romans 5:9,Epistles,New Testament,Romans,ASV
WORD,For,G1063,5,Romans 5:10,Epistles,New Testament,Romans,ASV
WORD,"if,",G1487,5,Romans 5:10,Epistles,New Testament,Romans,ASV
PHRASE,when we were,G5607,5,Romans 5:10,Epistles,New Testament,Romans,ASV
WORD,"enemies,",G2190,5,Romans 5:10,Epistles,New Testament,Romans,ASV
PHRASE,we were reconciled,G2644,5,Romans 5:10,Epistles,New Testament,Romans,ASV
PHRASE,to God,G2316,5,Romans 5:10,Epistles,New Testament,Romans,ASV
WORD,by,G1223,5,Romans 5:10,Epistles,New Testament,Romans,ASV
WORD,the,G3588,5,Romans 5:10,Epistles,New Testament,Romans,ASV
WORD,death,G2288,5,Romans 5:10,Epistles,New Testament,Romans,ASV
PHRASE,of his,G846,5,Romans 5:10,Epistles,New Testament,Romans,ASV
WORD,"Son,",G5207,5,Romans 5:10,Epistles,New Testament,Romans,ASV
WORD,much,G4183,5,Romans 5:10,Epistles,New Testament,Romans,ASV
WORD,"more,",G3123,5,Romans 5:10,Epistles,New Testament,Romans,ASV
PHRASE,"being reconciled,",G2644,5,Romans 5:10,Epistles,New Testament,Romans,ASV
PHRASE,we shall be saved,G4982,5,Romans 5:10,Epistles,New Testament,Romans,ASV
WORD,by,G1722,5,Romans 5:10,Epistles,New Testament,Romans,ASV
WORD,his,G846,5,Romans 5:10,Epistles,New Testament,Romans,ASV
WORD,life.,G2222,5,Romans 5:10,Epistles,New Testament,Romans,ASV
WORD,And,G1161,5,Romans 5:11,Epistles,New Testament,Romans,ASV
WORD,not,G3756,5,Romans 5:11,Epistles,New Testament,Romans,ASV
WORD,only,G3440,5,Romans 5:11,Epistles,New Testament,Romans,ASV
WORD,"[so],",,5,Romans 5:11,Epistles,New Testament,Romans,ASV
WORD,but,G235,5,Romans 5:11,Epistles,New Testament,Romans,ASV
PHRASE,we also,G2532,5,Romans 5:11,Epistles,New Testament,Romans,ASV
WORD,joy,G2744,5,Romans 5:11,Epistles,New Testament,Romans,ASV
WORD,in,G1722,5,Romans 5:11,Epistles,New Testament,Romans,ASV
WORD,God,G2316,5,Romans 5:11,Epistles,New Testament,Romans,ASV
WORD,through,G1223,5,Romans 5:11,Epistles,New Testament,Romans,ASV
WORD,our,G2257,5,Romans 5:11,Epistles,New Testament,Romans,ASV
WORD,Lord,G2962,5,Romans 5:11,Epistles,New Testament,Romans,ASV
WORD,Jesus,G2424,5,Romans 5:11,Epistles,New Testament,Romans,ASV
WORD,"Christ,",G5547,5,Romans 5:11,Epistles,New Testament,Romans,ASV
WORD,by,G1223,5,Romans 5:11,Epistles,New Testament,Romans,ASV
WORD,whom,G3739,5,Romans 5:11,Epistles,New Testament,Romans,ASV
PHRASE,we have,G2983,5,Romans 5:11,Epistles,New Testament,Romans,ASV
WORD,now,G3568,5,Romans 5:11,Epistles,New Testament,Romans,ASV
WORD,received,G2983,5,Romans 5:11,Epistles,New Testament,Romans,ASV
WORD,the,G3588,5,Romans 5:11,Epistles,New Testament,Romans,ASV
WORD,atonement.,G2643,5,Romans 5:11,Epistles,New Testament,Romans,ASV
WORD,"Wherefore,",G1223,5,Romans 5:12,Epistles,New Testament,Romans,ASV
WORD,,G5124,5,Romans 5:12,Epistles,New Testament,Romans,ASV
WORD,as,G5618,5,Romans 5:12,Epistles,New Testament,Romans,ASV
WORD,by,G1223,5,Romans 5:12,Epistles,New Testament,Romans,ASV
WORD,one,G1520,5,Romans 5:12,Epistles,New Testament,Romans,ASV
WORD,man,G444,5,Romans 5:12,Epistles,New Testament,Romans,ASV
WORD,sin,G266,5,Romans 5:12,Epistles,New Testament,Romans,ASV
WORD,entered,G1525,5,Romans 5:12,Epistles,New Testament,Romans,ASV
WORD,into,G1519,5,Romans 5:12,Epistles,New Testament,Romans,ASV
WORD,the,G3588,5,Romans 5:12,Epistles,New Testament,Romans,ASV
WORD,"world,",G2889,5,Romans 5:12,Epistles,New Testament,Romans,ASV
WORD,and,G2532,5,Romans 5:12,Epistles,New Testament,Romans,ASV
WORD,death,G2288,5,Romans 5:12,Epistles,New Testament,Romans,ASV
WORD,by,G1223,5,Romans 5:12,Epistles,New Testament,Romans,ASV
WORD,sin;,G266,5,Romans 5:12,Epistles,New Testament,Romans,ASV
WORD,and,G2532,5,Romans 5:12,Epistles,New Testament,Romans,ASV
WORD,so,G3779,5,Romans 5:12,Epistles,New Testament,Romans,ASV
WORD,death,G2288,5,Romans 5:12,Epistles,New Testament,Romans,ASV
WORD,passed,G1330,5,Romans 5:12,Epistles,New Testament,Romans,ASV
WORD,upon,G1519,5,Romans 5:12,Epistles,New Testament,Romans,ASV
WORD,all,G3956,5,Romans 5:12,Epistles,New Testament,Romans,ASV
WORD,"men,",G444,5,Romans 5:12,Epistles,New Testament,Romans,ASV
WORD,for,G1909,5,Romans 5:12,Epistles,New Testament,Romans,ASV
WORD,that,G3739,5,Romans 5:12,Epistles,New Testament,Romans,ASV
WORD,all,G3956,5,Romans 5:12,Epistles,New Testament,Romans,ASV
PHRASE,have sinned:,G264,5,Romans 5:12,Epistles,New Testament,Romans,ASV
WORD,(For,G1063,5,Romans 5:13,Epistles,New Testament,Romans,ASV
WORD,until,G891,5,Romans 5:13,Epistles,New Testament,Romans,ASV
PHRASE,the law,G3551,5,Romans 5:13,Epistles,New Testament,Romans,ASV
WORD,sin,G266,5,Romans 5:13,Epistles,New Testament,Romans,ASV
WORD,was,G2258,5,Romans 5:13,Epistles,New Testament,Romans,ASV
WORD,in,G1722,5,Romans 5:13,Epistles,New Testament,Romans,ASV
PHRASE,the world:,G2889,5,Romans 5:13,Epistles,New Testament,Romans,ASV
WORD,but,G1161,5,Romans 5:13,Epistles,New Testament,Romans,ASV
WORD,sin,G266,5,Romans 5:13,Epistles,New Testament,Romans,ASV
WORD,is,G1677,5,Romans 5:13,Epistles,New Testament,Romans,ASV
WORD,not,G3756,5,Romans 5:13,Epistles,New Testament,Romans,ASV
WORD,imputed,G1677,5,Romans 5:13,Epistles,New Testament,Romans,ASV
PHRASE,when there is,G5607,5,Romans 5:13,Epistles,New Testament,Romans,ASV
WORD,no,G3361,5,Romans 5:13,Epistles,New Testament,Romans,ASV
WORD,law.,G3551,5,Romans 5:13,Epistles,New Testament,Romans,ASV
WORD,Nevertheless,G235,5,Romans 5:14,Epistles,New Testament,Romans,ASV
WORD,death,G2288,5,Romans 5:14,Epistles,New Testament,Romans,ASV
WORD,reigned,G936,5,Romans 5:14,Epistles,New Testament,Romans,ASV
WORD,from,G575,5,Romans 5:14,Epistles,New Testament,Romans,ASV
WORD,Adam,G76,5,Romans 5:14,Epistles,New Testament,Romans,ASV
WORD,to,G3360,5,Romans 5:14,Epistles,New Testament,Romans,ASV
WORD,"Moses,",G3475,5,Romans 5:14,Epistles,New Testament,Romans,ASV
WORD,even,G2532,5,Romans 5:14,Epistles,New Testament,Romans,ASV
WORD,over,G1909,5,Romans 5:14,Epistles,New Testament,Romans,ASV
PHRASE,them that had,G264,5,Romans 5:14,Epistles,New Testament,Romans,ASV
WORD,not,G3361,5,Romans 5:14,Epistles,New Testament,Romans,ASV
WORD,sinned,G264,5,Romans 5:14,Epistles,New Testament,Romans,ASV
WORD,after,G1909,5,Romans 5:14,Epistles,New Testament,Romans,ASV
WORD,the,G3588,5,Romans 5:14,Epistles,New Testament,Romans,ASV
WORD,similitude,G3667,5,Romans 5:14,Epistles,New Testament,Romans,ASV
PHRASE,of Adam's,G76,5,Romans 5:14,Epistles,New Testament,Romans,ASV
WORD,"transgression,",G3847,5,Romans 5:14,Epistles,New Testament,Romans,ASV
WORD,who,G3739,5,Romans 5:14,Epistles,New Testament,Romans,ASV
WORD,is,G2076,5,Romans 5:14,Epistles,New Testament,Romans,ASV
PHRASE,the figure,G5179,5,Romans 5:14,Epistles,New Testament,Romans,ASV
PHRASE,of him that was to come.,G3195,5,Romans 5:14,Epistles,New Testament,Romans,ASV
WORD,But,G235,5,Romans 5:15,Epistles,New Testament,Romans,ASV
WORD,not,G3756,5,Romans 5:15,Epistles,New Testament,Romans,ASV
WORD,as,G5613,5,Romans 5:15,Epistles,New Testament,Romans,ASV
WORD,the,G3588,5,Romans 5:15,Epistles,New Testament,Romans,ASV
WORD,"offence,",G3900,5,Romans 5:15,Epistles,New Testament,Romans,ASV
WORD,so,G3779,5,Romans 5:15,Epistles,New Testament,Romans,ASV
WORD,also,G2532,5,Romans 5:15,Epistles,New Testament,Romans,ASV
WORD,[is],,5,Romans 5:15,Epistles,New Testament,Romans,ASV
WORD,the,G3588,5,Romans 5:15,Epistles,New Testament,Romans,ASV
PHRASE,free gift.,G5486,5,Romans 5:15,Epistles,New Testament,Romans,ASV
WORD,For,G1063,5,Romans 5:15,Epistles,New Testament,Romans,ASV
WORD,if,G1487,5,Romans 5:15,Epistles,New Testament,Romans,ASV
PHRASE,through the,G3588,5,Romans 5:15,Epistles,New Testament,Romans,ASV
WORD,offence,G3900,5,Romans 5:15,Epistles,New Testament,Romans,ASV
PHRASE,of one,G1520,5,Romans 5:15,Epistles,New Testament,Romans,ASV
WORD,many,G4183,5,Romans 5:15,Epistles,New Testament,Romans,ASV
PHRASE,"be dead,",G599,5,Romans 5:15,Epistles,New Testament,Romans,ASV
WORD,much,G4183,5,Romans 5:15,Epistles,New Testament,Romans,ASV
WORD,more,G3123,5,Romans 5:15,Epistles,New Testament,Romans,ASV
WORD,the,G3588,5,Romans 5:15,Epistles,New Testament,Romans,ASV
WORD,grace,G5485,5,Romans 5:15,Epistles,New Testament,Romans,ASV
PHRASE,"of God,",G2316,5,Romans 5:15,Epistles,New Testament,Romans,ASV
WORD,and,G2532,5,Romans 5:15,Epistles,New Testament,Romans,ASV
WORD,the,G3588,5,Romans 5:15,Epistles,New Testament,Romans,ASV
WORD,gift,G1431,5,Romans 5:15,Epistles,New Testament,Romans,ASV
WORD,by,G1722,5,Romans 5:15,Epistles,New Testament,Romans,ASV
WORD,"grace,",G5485,5,Romans 5:15,Epistles,New Testament,Romans,ASV
PHRASE,[which is],G3588,5,Romans 5:15,Epistles,New Testament,Romans,ASV
PHRASE,by one,G1520,5,Romans 5:15,Epistles,New Testament,Romans,ASV
WORD,"man,",G444,5,Romans 5:15,Epistles,New Testament,Romans,ASV
WORD,Jesus,G2424,5,Romans 5:15,Epistles,New Testament,Romans,ASV
WORD,"Christ,",G5547,5,Romans 5:15,Epistles,New Testament,Romans,ASV
PHRASE,hath abounded,G4052,5,Romans 5:15,Epistles,New Testament,Romans,ASV
WORD,unto,G1519,5,Romans 5:15,Epistles,New Testament,Romans,ASV
WORD,many.,G4183,5,Romans 5:15,Epistles,New Testament,Romans,ASV
WORD,And,G2532,5,Romans 5:16,Epistles,New Testament,Romans,ASV
WORD,not,G3756,5,Romans 5:16,Epistles,New Testament,Romans,ASV
WORD,as,G5613,5,Romans 5:16,Epistles,New Testament,Romans,ASV
PHRASE,[it was],,5,Romans 5:16,Epistles,New Testament,Romans,ASV
WORD,by,G1223,5,Romans 5:16,Epistles,New Testament,Romans,ASV
WORD,one,G1520,5,Romans 5:16,Epistles,New Testament,Romans,ASV
PHRASE,"that sinned,",G264,5,Romans 5:16,Epistles,New Testament,Romans,ASV
PHRASE,[so is],,5,Romans 5:16,Epistles,New Testament,Romans,ASV
WORD,the,G3588,5,Romans 5:16,Epistles,New Testament,Romans,ASV
WORD,gift:,G1434,5,Romans 5:16,Epistles,New Testament,Romans,ASV
WORD,for,G1063,5,Romans 5:16,Epistles,New Testament,Romans,ASV
WORD,the,G3588,5,Romans 5:16,Epistles,New Testament,Romans,ASV
WORD,judgment,G2917,5,Romans 5:16,Epistles,New Testament,Romans,ASV
WORD,[was],,5,Romans 5:16,Epistles,New Testament,Romans,ASV
WORD,by,G1537,5,Romans 5:16,Epistles,New Testament,Romans,ASV
WORD,one,G1520,5,Romans 5:16,Epistles,New Testament,Romans,ASV
WORD,to,G1519,5,Romans 5:16,Epistles,New Testament,Romans,ASV
WORD,"condemnation,",G2631,5,Romans 5:16,Epistles,New Testament,Romans,ASV
WORD,but,G1161,5,Romans 5:16,Epistles,New Testament,Romans,ASV
WORD,the,G3588,5,Romans 5:16,Epistles,New Testament,Romans,ASV
PHRASE,free gift,G5486,5,Romans 5:16,Epistles,New Testament,Romans,ASV
WORD,[is],,5,Romans 5:16,Epistles,New Testament,Romans,ASV
WORD,of,G1537,5,Romans 5:16,Epistles,New Testament,Romans,ASV
WORD,many,G4183,5,Romans 5:16,Epistles,New Testament,Romans,ASV
WORD,offences,G3900,5,Romans 5:16,Epistles,New Testament,Romans,ASV
WORD,unto,G1519,5,Romans 5:16,Epistles,New Testament,Romans,ASV
WORD,justification.,G1345,5,Romans 5:16,Epistles,New Testament,Romans,ASV
WORD,For,G1063,5,Romans 5:17,Epistles,New Testament,Romans,ASV
WORD,if,G1487,5,Romans 5:17,Epistles,New Testament,Romans,ASV
PHRASE,by one man's,G1520,5,Romans 5:17,Epistles,New Testament,Romans,ASV
WORD,offence,G3900,5,Romans 5:17,Epistles,New Testament,Romans,ASV
WORD,death,G2288,5,Romans 5:17,Epistles,New Testament,Romans,ASV
WORD,reigned,G936,5,Romans 5:17,Epistles,New Testament,Romans,ASV
WORD,by,G1223,5,Romans 5:17,Epistles,New Testament,Romans,ASV
WORD,one;,G1520,5,Romans 5:17,Epistles,New Testament,Romans,ASV
WORD,much,G4183,5,Romans 5:17,Epistles,New Testament,Romans,ASV
WORD,more,G3123,5,Romans 5:17,Epistles,New Testament,Romans,ASV
PHRASE,they which receive,G2983,5,Romans 5:17,Epistles,New Testament,Romans,ASV
WORD,abundance,G4050,5,Romans 5:17,Epistles,New Testament,Romans,ASV
PHRASE,of grace,G5485,5,Romans 5:17,Epistles,New Testament,Romans,ASV
WORD,and,G2532,5,Romans 5:17,Epistles,New Testament,Romans,ASV
PHRASE,of the,G3588,5,Romans 5:17,Epistles,New Testament,Romans,ASV
WORD,gift,G1431,5,Romans 5:17,Epistles,New Testament,Romans,ASV
PHRASE,of righteousness,G1343,5,Romans 5:17,Epistles,New Testament,Romans,ASV
PHRASE,shall reign,G936,5,Romans 5:17,Epistles,New Testament,Romans,ASV
WORD,in,G1722,5,Romans 5:17,Epistles,New Testament,Romans,ASV
WORD,life,G2222,5,Romans 5:17,Epistles,New Testament,Romans,ASV
WORD,by,G1223,5,Romans 5:17,Epistles,New Testament,Romans,ASV
WORD,"one,",G1520,5,Romans 5:17,Epistles,New Testament,Romans,ASV
WORD,Jesus,G2424,5,Romans 5:17,Epistles,New Testament,Romans,ASV
WORD,Christ.),G5547,5,Romans 5:17,Epistles,New Testament,Romans,ASV
WORD,Therefore,G686,5,Romans 5:18,Epistles,New Testament,Romans,ASV
WORD,,G3767,5,Romans 5:18,Epistles,New Testament,Romans,ASV
WORD,as,G5613,5,Romans 5:18,Epistles,New Testament,Romans,ASV
WORD,by,G1223,5,Romans 5:18,Epistles,New Testament,Romans,ASV
PHRASE,the offence,G3900,5,Romans 5:18,Epistles,New Testament,Romans,ASV
PHRASE,of one,G1520,5,Romans 5:18,Epistles,New Testament,Romans,ASV
PHRASE,[judgment came],,5,Romans 5:18,Epistles,New Testament,Romans,ASV
WORD,upon,G1519,5,Romans 5:18,Epistles,New Testament,Romans,ASV
WORD,all,G3956,5,Romans 5:18,Epistles,New Testament,Romans,ASV
WORD,men,G444,5,Romans 5:18,Epistles,New Testament,Romans,ASV
WORD,to,G1519,5,Romans 5:18,Epistles,New Testament,Romans,ASV
WORD,condemnation;,G2631,5,Romans 5:18,Epistles,New Testament,Romans,ASV
WORD,even,G2532,5,Romans 5:18,Epistles,New Testament,Romans,ASV
WORD,so,G3779,5,Romans 5:18,Epistles,New Testament,Romans,ASV
WORD,by,G1223,5,Romans 5:18,Epistles,New Testament,Romans,ASV
PHRASE,the righteousness,G1345,5,Romans 5:18,Epistles,New Testament,Romans,ASV
PHRASE,of one,G1520,5,Romans 5:18,Epistles,New Testament,Romans,ASV
PHRASE,[the free gift came],,5,Romans 5:18,Epistles,New Testament,Romans,ASV
WORD,upon,G1519,5,Romans 5:18,Epistles,New Testament,Romans,ASV
WORD,all,G3956,5,Romans 5:18,Epistles,New Testament,Romans,ASV
WORD,men,G444,5,Romans 5:18,Epistles,New Testament,Romans,ASV
WORD,unto,G1519,5,Romans 5:18,Epistles,New Testament,Romans,ASV
WORD,justification,G1347,5,Romans 5:18,Epistles,New Testament,Romans,ASV
PHRASE,of life.,G2222,5,Romans 5:18,Epistles,New Testament,Romans,ASV
WORD,For,G1063,5,Romans 5:19,Epistles,New Testament,Romans,ASV
WORD,as,G5618,5,Romans 5:19,Epistles,New Testament,Romans,ASV
WORD,by,G1223,5,Romans 5:19,Epistles,New Testament,Romans,ASV
WORD,one,G1520,5,Romans 5:19,Epistles,New Testament,Romans,ASV
WORD,man's,G444,5,Romans 5:19,Epistles,New Testament,Romans,ASV
WORD,disobedience,G3876,5,Romans 5:19,Epistles,New Testament,Romans,ASV
WORD,many,G4183,5,Romans 5:19,Epistles,New Testament,Romans,ASV
PHRASE,were made,G2525,5,Romans 5:19,Epistles,New Testament,Romans,ASV
WORD,"sinners,",G268,5,Romans 5:19,Epistles,New Testament,Romans,ASV
WORD,so,G3779,5,Romans 5:19,Epistles,New Testament,Romans,ASV
WORD,by,G1223,5,Romans 5:19,Epistles,New Testament,Romans,ASV
WORD,the,G3588,5,Romans 5:19,Epistles,New Testament,Romans,ASV
WORD,obedience,G5218,5,Romans 5:19,Epistles,New Testament,Romans,ASV
PHRASE,of one,G1520,5,Romans 5:19,Epistles,New Testament,Romans,ASV
WORD,shall,G2525,5,Romans 5:19,Epistles,New Testament,Romans,ASV
WORD,many,G4183,5,Romans 5:19,Epistles,New Testament,Romans,ASV
PHRASE,be made,G2525,5,Romans 5:19,Epistles,New Testament,Romans,ASV
WORD,righteous.,G1342,5,Romans 5:19,Epistles,New Testament,Romans,ASV
WORD,Moreover,G1161,5,Romans 5:20,Epistles,New Testament,Romans,ASV
PHRASE,the law,G3551,5,Romans 5:20,Epistles,New Testament,Romans,ASV
WORD,"entered,",G3922,5,Romans 5:20,Epistles,New Testament,Romans,ASV
WORD,that,G2443,5,Romans 5:20,Epistles,New Testament,Romans,ASV
WORD,the,G3588,5,Romans 5:20,Epistles,New Testament,Romans,ASV
WORD,offence,G3900,5,Romans 5:20,Epistles,New Testament,Romans,ASV
PHRASE,might abound.,G4121,5,Romans 5:20,Epistles,New Testament,Romans,ASV
WORD,But,G1161,5,Romans 5:20,Epistles,New Testament,Romans,ASV
WORD,where,G3757,5,Romans 5:20,Epistles,New Testament,Romans,ASV
WORD,sin,G266,5,Romans 5:20,Epistles,New Testament,Romans,ASV
WORD,"abounded,",G4121,5,Romans 5:20,Epistles,New Testament,Romans,ASV
WORD,grace,G5485,5,Romans 5:20,Epistles,New Testament,Romans,ASV
PHRASE,did much more abound:,G5248,5,Romans 5:20,Epistles,New Testament,Romans,ASV
WORD,That,G2443,5,Romans 5:21,Epistles,New Testament,Romans,ASV
WORD,as,G5618,5,Romans 5:21,Epistles,New Testament,Romans,ASV
WORD,sin,G266,5,Romans 5:21,Epistles,New Testament,Romans,ASV
PHRASE,hath reigned,G936,5,Romans 5:21,Epistles,New Testament,Romans,ASV
WORD,unto,G1722,5,Romans 5:21,Epistles,New Testament,Romans,ASV
WORD,"death,",G2288,5,Romans 5:21,Epistles,New Testament,Romans,ASV
WORD,even,G2532,5,Romans 5:21,Epistles,New Testament,Romans,ASV
WORD,so,G3779,5,Romans 5:21,Epistles,New Testament,Romans,ASV
WORD,might,G936,5,Romans 5:21,Epistles,New Testament,Romans,ASV
WORD,grace,G5485,5,Romans 5:21,Epistles,New Testament,Romans,ASV
WORD,reign,G936,5,Romans 5:21,Epistles,New Testament,Romans,ASV
WORD,through,G1223,5,Romans 5:21,Epistles,New Testament,Romans,ASV
WORD,righteousness,G1343,5,Romans 5:21,Epistles,New Testament,Romans,ASV
WORD,unto,G1519,5,Romans 5:21,Epistles,New Testament,Romans,ASV
WORD,eternal,G166,5,Romans 5:21,Epistles,New Testament,Romans,ASV
WORD,life,G2222,5,Romans 5:21,Epistles,New Testament,Romans,ASV
WORD,by,G1223,5,Romans 5:21,Epistles,New Testament,Romans,ASV
WORD,Jesus,G2424,5,Romans 5:21,Epistles,New Testament,Romans,ASV
WORD,Christ,G5547,5,Romans 5:21,Epistles,New Testament,Romans,ASV
WORD,our,G2257,5,Romans 5:21,Epistles,New Testament,Romans,ASV
WORD,Lord.,G2962,5,Romans 5:21,Epistles,New Testament,Romans,ASV
WORD,What,G5101,6,Romans 6:1,Epistles,New Testament,Romans,ASV
PHRASE,shall we say,G2046,6,Romans 6:1,Epistles,New Testament,Romans,ASV
WORD,then?,G3767,6,Romans 6:1,Epistles,New Testament,Romans,ASV
PHRASE,Shall we continue,G1961,6,Romans 6:1,Epistles,New Testament,Romans,ASV
PHRASE,"in sin,",G266,6,Romans 6:1,Epistles,New Testament,Romans,ASV
WORD,that,G2443,6,Romans 6:1,Epistles,New Testament,Romans,ASV
WORD,grace,G5485,6,Romans 6:1,Epistles,New Testament,Romans,ASV
PHRASE,may abound?,G4121,6,Romans 6:1,Epistles,New Testament,Romans,ASV
PHRASE,God forbid.,G3361,6,Romans 6:2,Epistles,New Testament,Romans,ASV
WORD,,G1096,6,Romans 6:2,Epistles,New Testament,Romans,ASV
WORD,How,G4459,6,Romans 6:2,Epistles,New Testament,Romans,ASV
PHRASE,"shall we, that",G3748,6,Romans 6:2,Epistles,New Testament,Romans,ASV
PHRASE,are dead,G599,6,Romans 6:2,Epistles,New Testament,Romans,ASV
PHRASE,"to sin,",G266,6,Romans 6:2,Epistles,New Testament,Romans,ASV
WORD,live,G2198,6,Romans 6:2,Epistles,New Testament,Romans,ASV
PHRASE,any longer,G2089,6,Romans 6:2,Epistles,New Testament,Romans,ASV
WORD,therein?,G1722,6,Romans 6:2,Epistles,New Testament,Romans,ASV
WORD,,G846,6,Romans 6:2,Epistles,New Testament,Romans,ASV
PHRASE,"Know ye not,",G50,6,Romans 6:3,Epistles,New Testament,Romans,ASV
PHRASE,that so,G3754,6,Romans 6:3,Epistles,New Testament,Romans,ASV
PHRASE,many of us,G3745,6,Romans 6:3,Epistles,New Testament,Romans,ASV
PHRASE,as were baptized,G907,6,Romans 6:3,Epistles,New Testament,Romans,ASV
WORD,into,G1519,6,Romans 6:3,Epistles,New Testament,Romans,ASV
WORD,Jesus,G2424,6,Romans 6:3,Epistles,New Testament,Romans,ASV
WORD,Christ,G5547,6,Romans 6:3,Epistles,New Testament,Romans,ASV
PHRASE,were baptized,G907,6,Romans 6:3,Epistles,New Testament,Romans,ASV
WORD,into,G1519,6,Romans 6:3,Epistles,New Testament,Romans,ASV
WORD,his,G846,6,Romans 6:3,Epistles,New Testament,Romans,ASV
WORD,death?,G2288,6,Romans 6:3,Epistles,New Testament,Romans,ASV
WORD,Therefore,G3767,6,Romans 6:4,Epistles,New Testament,Romans,ASV
PHRASE,we are buried with,G4916,6,Romans 6:4,Epistles,New Testament,Romans,ASV
WORD,him,G846,6,Romans 6:4,Epistles,New Testament,Romans,ASV
WORD,by,G1223,6,Romans 6:4,Epistles,New Testament,Romans,ASV
WORD,baptism,G908,6,Romans 6:4,Epistles,New Testament,Romans,ASV
WORD,into,G1519,6,Romans 6:4,Epistles,New Testament,Romans,ASV
WORD,death:,G2288,6,Romans 6:4,Epistles,New Testament,Romans,ASV
WORD,that,G2443,6,Romans 6:4,Epistles,New Testament,Romans,ASV
PHRASE,like as,G5618,6,Romans 6:4,Epistles,New Testament,Romans,ASV
WORD,Christ,G5547,6,Romans 6:4,Epistles,New Testament,Romans,ASV
PHRASE,was raised up,G1453,6,Romans 6:4,Epistles,New Testament,Romans,ASV
WORD,from,G1537,6,Romans 6:4,Epistles,New Testament,Romans,ASV
PHRASE,the dead,G3498,6,Romans 6:4,Epistles,New Testament,Romans,ASV
WORD,by,G1223,6,Romans 6:4,Epistles,New Testament,Romans,ASV
WORD,the,G3588,6,Romans 6:4,Epistles,New Testament,Romans,ASV
WORD,glory,G1391,6,Romans 6:4,Epistles,New Testament,Romans,ASV
PHRASE,of the,G3588,6,Romans 6:4,Epistles,New Testament,Romans,ASV
WORD,"Father,",G3962,6,Romans 6:4,Epistles,New Testament,Romans,ASV
PHRASE,even so,G3779,6,Romans 6:4,Epistles,New Testament,Romans,ASV
WORD,we,G2249,6,Romans 6:4,Epistles,New Testament,Romans,ASV
WORD,also,G2532,6,Romans 6:4,Epistles,New Testament,Romans,ASV
PHRASE,should walk,G4043,6,Romans 6:4,Epistles,New Testament,Romans,ASV
WORD,in,G1722,6,Romans 6:4,Epistles,New Testament,Romans,ASV
WORD,newness,G2538,6,Romans 6:4,Epistles,New Testament,Romans,ASV
PHRASE,of life.,G2222,6,Romans 6:4,Epistles,New Testament,Romans,ASV
WORD,For,G1063,6,Romans 6:5,Epistles,New Testament,Romans,ASV
WORD,if,G1487,6,Romans 6:5,Epistles,New Testament,Romans,ASV
PHRASE,we have been,G1096,6,Romans 6:5,Epistles,New Testament,Romans,ASV
PHRASE,planted together,G4854,6,Romans 6:5,Epistles,New Testament,Romans,ASV
PHRASE,in the,G3588,6,Romans 6:5,Epistles,New Testament,Romans,ASV
WORD,likeness,G3667,6,Romans 6:5,Epistles,New Testament,Romans,ASV
PHRASE,of his,G846,6,Romans 6:5,Epistles,New Testament,Romans,ASV
WORD,"death,",G2288,6,Romans 6:5,Epistles,New Testament,Romans,ASV
PHRASE,we shall be,G2071,6,Romans 6:5,Epistles,New Testament,Romans,ASV
WORD,also,G2532,6,Romans 6:5,Epistles,New Testament,Romans,ASV
PHRASE,[in the likeness] of [his],,6,Romans 6:5,Epistles,New Testament,Romans,ASV
WORD,resurrection:,G386,6,Romans 6:5,Epistles,New Testament,Romans,ASV
WORD,Knowing,G1097,6,Romans 6:6,Epistles,New Testament,Romans,ASV
WORD,"this,",G5124,6,Romans 6:6,Epistles,New Testament,Romans,ASV
WORD,that,G3754,6,Romans 6:6,Epistles,New Testament,Romans,ASV
WORD,our,G2257,6,Romans 6:6,Epistles,New Testament,Romans,ASV
WORD,old,G3820,6,Romans 6:6,Epistles,New Testament,Romans,ASV
WORD,man,G444,6,Romans 6:6,Epistles,New Testament,Romans,ASV
PHRASE,is crucified with,G4957,6,Romans 6:6,Epistles,New Testament,Romans,ASV
WORD,"[him],",,6,Romans 6:6,Epistles,New Testament,Romans,ASV
WORD,that,G2443,6,Romans 6:6,Epistles,New Testament,Romans,ASV
WORD,the,G3588,6,Romans 6:6,Epistles,New Testament,Romans,ASV
WORD,body,G4983,6,Romans 6:6,Epistles,New Testament,Romans,ASV
PHRASE,of sin,G266,6,Romans 6:6,Epistles,New Testament,Romans,ASV
PHRASE,"might be destroyed,",G2673,6,Romans 6:6,Epistles,New Testament,Romans,ASV
PHRASE,that henceforth,G3371,6,Romans 6:6,Epistles,New Testament,Romans,ASV
WORD,we,G2248,6,Romans 6:6,Epistles,New Testament,Romans,ASV
WORD,should,G1398,6,Romans 6:6,Epistles,New Testament,Romans,ASV
WORD,not,G3371,6,Romans 6:6,Epistles,New Testament,Romans,ASV
WORD,serve,G1398,6,Romans 6:6,Epistles,New Testament,Romans,ASV
WORD,sin.,G266,6,Romans 6:6,Epistles,New Testament,Romans,ASV
WORD,For,G1063,6,Romans 6:7,Epistles,New Testament,Romans,ASV
PHRASE,he that is dead,G599,6,Romans 6:7,Epistles,New Testament,Romans,ASV
PHRASE,is freed,G1344,6,Romans 6:7,Epistles,New Testament,Romans,ASV
WORD,from,G575,6,Romans 6:7,Epistles,New Testament,Romans,ASV
WORD,sin.,G266,6,Romans 6:7,Epistles,New Testament,Romans,ASV
WORD,Now,G1161,6,Romans 6:8,Epistles,New Testament,Romans,ASV
WORD,if,G1487,6,Romans 6:8,Epistles,New Testament,Romans,ASV
PHRASE,we be dead,G599,6,Romans 6:8,Epistles,New Testament,Romans,ASV
WORD,with,G4862,6,Romans 6:8,Epistles,New Testament,Romans,ASV
WORD,"Christ,",G5547,6,Romans 6:8,Epistles,New Testament,Romans,ASV
PHRASE,we believe,G4100,6,Romans 6:8,Epistles,New Testament,Romans,ASV
WORD,that,G3754,6,Romans 6:8,Epistles,New Testament,Romans,ASV
PHRASE,we shall,G4800,6,Romans 6:8,Epistles,New Testament,Romans,ASV
WORD,also,G2532,6,Romans 6:8,Epistles,New Testament,Romans,ASV
WORD,live,G4800,6,Romans 6:8,Epistles,New Testament,Romans,ASV
PHRASE,with him:,G846,6,Romans 6:8,Epistles,New Testament,Romans,ASV
WORD,Knowing,G1492,6,Romans 6:9,Epistles,New Testament,Romans,ASV
WORD,that,G3754,6,Romans 6:9,Epistles,New Testament,Romans,ASV
WORD,Christ,G5547,6,Romans 6:9,Epistles,New Testament,Romans,ASV
PHRASE,being raised,G1453,6,Romans 6:9,Epistles,New Testament,Romans,ASV
WORD,from,G1537,6,Romans 6:9,Epistles,New Testament,Romans,ASV
PHRASE,the dead,G3498,6,Romans 6:9,Epistles,New Testament,Romans,ASV
WORD,dieth,G599,6,Romans 6:9,Epistles,New Testament,Romans,ASV
PHRASE,no more;,G3765,6,Romans 6:9,Epistles,New Testament,Romans,ASV
WORD,death,G2288,6,Romans 6:9,Epistles,New Testament,Romans,ASV
WORD,hath,G2961,6,Romans 6:9,Epistles,New Testament,Romans,ASV
PHRASE,no more,G3765,6,Romans 6:9,Epistles,New Testament,Romans,ASV
PHRASE,dominion over,G2961,6,Romans 6:9,Epistles,New Testament,Romans,ASV
WORD,him.,G846,6,Romans 6:9,Epistles,New Testament,Romans,ASV
WORD,For,G1063,6,Romans 6:10,Epistles,New Testament,Romans,ASV
PHRASE,in that,G3739,6,Romans 6:10,Epistles,New Testament,Romans,ASV
PHRASE,"he died,",G599,6,Romans 6:10,Epistles,New Testament,Romans,ASV
PHRASE,he died,G599,6,Romans 6:10,Epistles,New Testament,Romans,ASV
PHRASE,unto sin,G266,6,Romans 6:10,Epistles,New Testament,Romans,ASV
WORD,once:,G2178,6,Romans 6:10,Epistles,New Testament,Romans,ASV
WORD,but,G1161,6,Romans 6:10,Epistles,New Testament,Romans,ASV
PHRASE,in that,G3739,6,Romans 6:10,Epistles,New Testament,Romans,ASV
PHRASE,"he liveth,",G2198,6,Romans 6:10,Epistles,New Testament,Romans,ASV
PHRASE,he liveth,G2198,6,Romans 6:10,Epistles,New Testament,Romans,ASV
PHRASE,unto God.,G2316,6,Romans 6:10,Epistles,New Testament,Romans,ASV
WORD,Likewise,G3779,6,Romans 6:11,Epistles,New Testament,Romans,ASV
WORD,reckon,G3049,6,Romans 6:11,Epistles,New Testament,Romans,ASV
WORD,ye,G5210,6,Romans 6:11,Epistles,New Testament,Romans,ASV
WORD,also,G2532,6,Romans 6:11,Epistles,New Testament,Romans,ASV
WORD,yourselves,G1438,6,Romans 6:11,Epistles,New Testament,Romans,ASV
PHRASE,to be,G1511,6,Romans 6:11,Epistles,New Testament,Romans,ASV
WORD,dead,G3498,6,Romans 6:11,Epistles,New Testament,Romans,ASV
WORD,indeed,G3303,6,Romans 6:11,Epistles,New Testament,Romans,ASV
PHRASE,"unto sin,",G266,6,Romans 6:11,Epistles,New Testament,Romans,ASV
WORD,but,G1161,6,Romans 6:11,Epistles,New Testament,Romans,ASV
WORD,alive,G2198,6,Romans 6:11,Epistles,New Testament,Romans,ASV
PHRASE,unto God,G2316,6,Romans 6:11,Epistles,New Testament,Romans,ASV
WORD,through,G1722,6,Romans 6:11,Epistles,New Testament,Romans,ASV
WORD,Jesus,G2424,6,Romans 6:11,Epistles,New Testament,Romans,ASV
WORD,Christ,G5547,6,Romans 6:11,Epistles,New Testament,Romans,ASV
WORD,our,G2257,6,Romans 6:11,Epistles,New Testament,Romans,ASV
WORD,Lord.,G2962,6,Romans 6:11,Epistles,New Testament,Romans,ASV
WORD,Let,G936,6,Romans 6:12,Epistles,New Testament,Romans,ASV
WORD,not,G3361,6,Romans 6:12,Epistles,New Testament,Romans,ASV
WORD,sin,G266,6,Romans 6:12,Epistles,New Testament,Romans,ASV
WORD,therefore,G3767,6,Romans 6:12,Epistles,New Testament,Romans,ASV
WORD,reign,G936,6,Romans 6:12,Epistles,New Testament,Romans,ASV
WORD,in,G1722,6,Romans 6:12,Epistles,New Testament,Romans,ASV
WORD,your,G5216,6,Romans 6:12,Epistles,New Testament,Romans,ASV
WORD,mortal,G2349,6,Romans 6:12,Epistles,New Testament,Romans,ASV
WORD,"body,",G4983,6,Romans 6:12,Epistles,New Testament,Romans,ASV
WORD,that,G1519,6,Romans 6:12,Epistles,New Testament,Romans,ASV
PHRASE,ye should obey,G5219,6,Romans 6:12,Epistles,New Testament,Romans,ASV
WORD,it,G846,6,Romans 6:12,Epistles,New Testament,Romans,ASV
WORD,in,G1722,6,Romans 6:12,Epistles,New Testament,Romans,ASV
WORD,the,G3588,6,Romans 6:12,Epistles,New Testament,Romans,ASV
WORD,lusts,G1939,6,Romans 6:12,Epistles,New Testament,Romans,ASV
WORD,thereof.,G846,6,Romans 6:12,Epistles,New Testament,Romans,ASV
WORD,Neither,G3366,6,Romans 6:13,Epistles,New Testament,Romans,ASV
PHRASE,yield ye,G3936,6,Romans 6:13,Epistles,New Testament,Romans,ASV
WORD,your,G5216,6,Romans 6:13,Epistles,New Testament,Romans,ASV
WORD,members,G3196,6,Romans 6:13,Epistles,New Testament,Romans,ASV
WORD,[as],,6,Romans 6:13,Epistles,New Testament,Romans,ASV
WORD,instruments,G3696,6,Romans 6:13,Epistles,New Testament,Romans,ASV
PHRASE,of unrighteousness,G93,6,Romans 6:13,Epistles,New Testament,Romans,ASV
PHRASE,unto sin:,G266,6,Romans 6:13,Epistles,New Testament,Romans,ASV
WORD,but,G235,6,Romans 6:13,Epistles,New Testament,Romans,ASV
WORD,yield,G3936,6,Romans 6:13,Epistles,New Testament,Romans,ASV
WORD,yourselves,G1438,6,Romans 6:13,Epistles,New Testament,Romans,ASV
PHRASE,"unto God,",G2316,6,Romans 6:13,Epistles,New Testament,Romans,ASV
WORD,as,G5613,6,Romans 6:13,Epistles,New Testament,Romans,ASV
PHRASE,those that are alive,G2198,6,Romans 6:13,Epistles,New Testament,Romans,ASV
WORD,from,G1537,6,Romans 6:13,Epistles,New Testament,Romans,ASV
PHRASE,"the dead,",G3498,6,Romans 6:13,Epistles,New Testament,Romans,ASV
WORD,and,G2532,6,Romans 6:13,Epistles,New Testament,Romans,ASV
WORD,your,G5216,6,Romans 6:13,Epistles,New Testament,Romans,ASV
WORD,members,G3196,6,Romans 6:13,Epistles,New Testament,Romans,ASV
WORD,[as],,6,Romans 6:13,Epistles,New Testament,Romans,ASV
WORD,instruments,G3696,6,Romans 6:13,Epistles,New Testament,Romans,ASV
PHRASE,of righteousness,G1343,6,Romans 6:13,Epistles,New Testament,Romans,ASV
PHRASE,unto God.,G2316,6,Romans 6:13,Epistles,New Testament,Romans,ASV
WORD,For,G1063,6,Romans 6:14,Epistles,New Testament,Romans,ASV
WORD,sin,G266,6,Romans 6:14,Epistles,New Testament,Romans,ASV
WORD,shall,G2961,6,Romans 6:14,Epistles,New Testament,Romans,ASV
WORD,not,G3756,6,Romans 6:14,Epistles,New Testament,Romans,ASV
PHRASE,have dominion over,G2961,6,Romans 6:14,Epistles,New Testament,Romans,ASV
WORD,you:,G5216,6,Romans 6:14,Epistles,New Testament,Romans,ASV
WORD,for,G1063,6,Romans 6:14,Epistles,New Testament,Romans,ASV
PHRASE,ye are,G2075,6,Romans 6:14,Epistles,New Testament,Romans,ASV
WORD,not,G3756,6,Romans 6:14,Epistles,New Testament,Romans,ASV
WORD,under,G5259,6,Romans 6:14,Epistles,New Testament,Romans,ASV
PHRASE,"the law,",G3551,6,Romans 6:14,Epistles,New Testament,Romans,ASV
WORD,but,G235,6,Romans 6:14,Epistles,New Testament,Romans,ASV
WORD,under,G5259,6,Romans 6:14,Epistles,New Testament,Romans,ASV
WORD,grace.,G5485,6,Romans 6:14,Epistles,New Testament,Romans,ASV
WORD,What,G5101,6,Romans 6:15,Epistles,New Testament,Romans,ASV
WORD,then?,G3767,6,Romans 6:15,Epistles,New Testament,Romans,ASV
PHRASE,"shall we sin,",G264,6,Romans 6:15,Epistles,New Testament,Romans,ASV
WORD,because,G3754,6,Romans 6:15,Epistles,New Testament,Romans,ASV
PHRASE,we are,G2070,6,Romans 6:15,Epistles,New Testament,Romans,ASV
WORD,not,G3756,6,Romans 6:15,Epistles,New Testament,Romans,ASV
WORD,under,G5259,6,Romans 6:15,Epistles,New Testament,Romans,ASV
PHRASE,"the law,",G3551,6,Romans 6:15,Epistles,New Testament,Romans,ASV
WORD,but,G235,6,Romans 6:15,Epistles,New Testament,Romans,ASV
WORD,under,G5259,6,Romans 6:15,Epistles,New Testament,Romans,ASV
WORD,grace?,G5485,6,Romans 6:15,Epistles,New Testament,Romans,ASV
PHRASE,God forbid.,G3361,6,Romans 6:15,Epistles,New Testament,Romans,ASV
WORD,,G1096,6,Romans 6:15,Epistles,New Testament,Romans,ASV
PHRASE,Know ye,G1492,6,Romans 6:16,Epistles,New Testament,Romans,ASV
WORD,"not,",G3756,6,Romans 6:16,Epistles,New Testament,Romans,ASV
WORD,that,G3754,6,Romans 6:16,Epistles,New Testament,Romans,ASV
PHRASE,to whom,G3739,6,Romans 6:16,Epistles,New Testament,Romans,ASV
PHRASE,ye yield,G3936,6,Romans 6:16,Epistles,New Testament,Romans,ASV
WORD,yourselves,G1438,6,Romans 6:16,Epistles,New Testament,Romans,ASV
WORD,servants,G1401,6,Romans 6:16,Epistles,New Testament,Romans,ASV
WORD,to,G1519,6,Romans 6:16,Epistles,New Testament,Romans,ASV
WORD,"obey,",G5218,6,Romans 6:16,Epistles,New Testament,Romans,ASV
PHRASE,his servants,G1401,6,Romans 6:16,Epistles,New Testament,Romans,ASV
PHRASE,ye are,G2075,6,Romans 6:16,Epistles,New Testament,Romans,ASV
PHRASE,to whom,G3739,6,Romans 6:16,Epistles,New Testament,Romans,ASV
PHRASE,ye obey;,G5219,6,Romans 6:16,Epistles,New Testament,Romans,ASV
WORD,whether,G2273,6,Romans 6:16,Epistles,New Testament,Romans,ASV
PHRASE,of sin,G266,6,Romans 6:16,Epistles,New Testament,Romans,ASV
WORD,unto,G1519,6,Romans 6:16,Epistles,New Testament,Romans,ASV
WORD,"death,",G2288,6,Romans 6:16,Epistles,New Testament,Romans,ASV
WORD,or,G2228,6,Romans 6:16,Epistles,New Testament,Romans,ASV
PHRASE,of obedience,G5218,6,Romans 6:16,Epistles,New Testament,Romans,ASV
WORD,unto,G1519,6,Romans 6:16,Epistles,New Testament,Romans,ASV
WORD,righteousness?,G1343,6,Romans 6:16,Epistles,New Testament,Romans,ASV
WORD,But,G1161,6,Romans 6:17,Epistles,New Testament,Romans,ASV
WORD,God,G2316,6,Romans 6:17,Epistles,New Testament,Romans,ASV
PHRASE,"be thanked,",G5485,6,Romans 6:17,Epistles,New Testament,Romans,ASV
WORD,that,G3754,6,Romans 6:17,Epistles,New Testament,Romans,ASV
PHRASE,ye were,G2258,6,Romans 6:17,Epistles,New Testament,Romans,ASV
PHRASE,the servants,G1401,6,Romans 6:17,Epistles,New Testament,Romans,ASV
PHRASE,"of sin,",G266,6,Romans 6:17,Epistles,New Testament,Romans,ASV
WORD,but,G1161,6,Romans 6:17,Epistles,New Testament,Romans,ASV
PHRASE,ye have obeyed,G5219,6,Romans 6:17,Epistles,New Testament,Romans,ASV
WORD,from,G1537,6,Romans 6:17,Epistles,New Testament,Romans,ASV
PHRASE,the heart,G2588,6,Romans 6:17,Epistles,New Testament,Romans,ASV
PHRASE,that form,G5179,6,Romans 6:17,Epistles,New Testament,Romans,ASV
PHRASE,of doctrine,G1322,6,Romans 6:17,Epistles,New Testament,Romans,ASV
WORD,which,G3739,6,Romans 6:17,Epistles,New Testament,Romans,ASV
PHRASE,was delivered you.,G3860,6,Romans 6:17,Epistles,New Testament,Romans,ASV
WORD,Being,G1659,6,Romans 6:18,Epistles,New Testament,Romans,ASV
WORD,then,G1161,6,Romans 6:18,Epistles,New Testament,Romans,ASV
PHRASE,made free,G1659,6,Romans 6:18,Epistles,New Testament,Romans,ASV
WORD,from,G575,6,Romans 6:18,Epistles,New Testament,Romans,ASV
WORD,"sin,",G266,6,Romans 6:18,Epistles,New Testament,Romans,ASV
PHRASE,ye became the servants,G1402,6,Romans 6:18,Epistles,New Testament,Romans,ASV
PHRASE,of righteousness.,G1343,6,Romans 6:18,Epistles,New Testament,Romans,ASV
PHRASE,I speak,G3004,6,Romans 6:19,Epistles,New Testament,Romans,ASV
PHRASE,after the manner of men,G442,6,Romans 6:19,Epistles,New Testament,Romans,ASV
WORD,because,G1223,6,Romans 6:19,Epistles,New Testament,Romans,ASV
PHRASE,of the,G3588,6,Romans 6:19,Epistles,New Testament,Romans,ASV
WORD,infirmity,G769,6,Romans 6:19,Epistles,New Testament,Romans,ASV
PHRASE,of your,G5216,6,Romans 6:19,Epistles,New Testament,Romans,ASV
WORD,flesh:,G4561,6,Romans 6:19,Epistles,New Testament,Romans,ASV
WORD,for,G1063,6,Romans 6:19,Epistles,New Testament,Romans,ASV
WORD,as,G5618,6,Romans 6:19,Epistles,New Testament,Romans,ASV
PHRASE,ye have yielded,G3936,6,Romans 6:19,Epistles,New Testament,Romans,ASV
WORD,your,G5216,6,Romans 6:19,Epistles,New Testament,Romans,ASV
WORD,members,G3196,6,Romans 6:19,Epistles,New Testament,Romans,ASV
WORD,servants,G1401,6,Romans 6:19,Epistles,New Testament,Romans,ASV
PHRASE,to uncleanness,G167,6,Romans 6:19,Epistles,New Testament,Romans,ASV
WORD,and,G2532,6,Romans 6:19,Epistles,New Testament,Romans,ASV
PHRASE,to iniquity,G458,6,Romans 6:19,Epistles,New Testament,Romans,ASV
WORD,unto,G1519,6,Romans 6:19,Epistles,New Testament,Romans,ASV
WORD,iniquity;,G458,6,Romans 6:19,Epistles,New Testament,Romans,ASV
PHRASE,even so,G3779,6,Romans 6:19,Epistles,New Testament,Romans,ASV
WORD,now,G3568,6,Romans 6:19,Epistles,New Testament,Romans,ASV
WORD,yield,G3936,6,Romans 6:19,Epistles,New Testament,Romans,ASV
WORD,your,G5216,6,Romans 6:19,Epistles,New Testament,Romans,ASV
WORD,members,G3196,6,Romans 6:19,Epistles,New Testament,Romans,ASV
WORD,servants,G1401,6,Romans 6:19,Epistles,New Testament,Romans,ASV
PHRASE,to righteousness,G1343,6,Romans 6:19,Epistles,New Testament,Romans,ASV
WORD,unto,G1519,6,Romans 6:19,Epistles,New Testament,Romans,ASV
WORD,holiness.,G38,6,Romans 6:19,Epistles,New Testament,Romans,ASV
WORD,For,G1063,6,Romans 6:20,Epistles,New Testament,Romans,ASV
WORD,when,G3753,6,Romans 6:20,Epistles,New Testament,Romans,ASV
PHRASE,ye were,G2258,6,Romans 6:20,Epistles,New Testament,Romans,ASV
PHRASE,the servants,G1401,6,Romans 6:20,Epistles,New Testament,Romans,ASV
PHRASE,"of sin,",G266,6,Romans 6:20,Epistles,New Testament,Romans,ASV
PHRASE,ye were,G2258,6,Romans 6:20,Epistles,New Testament,Romans,ASV
WORD,free,G1658,6,Romans 6:20,Epistles,New Testament,Romans,ASV
PHRASE,from righteousness.,G1343,6,Romans 6:20,Epistles,New Testament,Romans,ASV
WORD,What,G5101,6,Romans 6:21,Epistles,New Testament,Romans,ASV
WORD,fruit,G2590,6,Romans 6:21,Epistles,New Testament,Romans,ASV
PHRASE,had ye,G2192,6,Romans 6:21,Epistles,New Testament,Romans,ASV
WORD,then,G5119,6,Romans 6:21,Epistles,New Testament,Romans,ASV
WORD,in,G1909,6,Romans 6:21,Epistles,New Testament,Romans,ASV
PHRASE,those things whereof,G3739,6,Romans 6:21,Epistles,New Testament,Romans,ASV
PHRASE,ye are,G1870,6,Romans 6:21,Epistles,New Testament,Romans,ASV
WORD,now,G3568,6,Romans 6:21,Epistles,New Testament,Romans,ASV
WORD,ashamed?,G1870,6,Romans 6:21,Epistles,New Testament,Romans,ASV
WORD,for,G1063,6,Romans 6:21,Epistles,New Testament,Romans,ASV
PHRASE,the end,G5056,6,Romans 6:21,Epistles,New Testament,Romans,ASV
PHRASE,of those things,G1565,6,Romans 6:21,Epistles,New Testament,Romans,ASV
WORD,[is],,6,Romans 6:21,Epistles,New Testament,Romans,ASV
WORD,death.,G2288,6,Romans 6:21,Epistles,New Testament,Romans,ASV
WORD,But,G1161,6,Romans 6:22,Epistles,New Testament,Romans,ASV
WORD,now,G3570,6,Romans 6:22,Epistles,New Testament,Romans,ASV
PHRASE,being made free,G1659,6,Romans 6:22,Epistles,New Testament,Romans,ASV
WORD,from,G575,6,Romans 6:22,Epistles,New Testament,Romans,ASV
WORD,"sin,",G266,6,Romans 6:22,Epistles,New Testament,Romans,ASV
WORD,and,G1161,6,Romans 6:22,Epistles,New Testament,Romans,ASV
PHRASE,become servants,G1402,6,Romans 6:22,Epistles,New Testament,Romans,ASV
PHRASE,"to God,",G2316,6,Romans 6:22,Epistles,New Testament,Romans,ASV
PHRASE,ye have,G2192,6,Romans 6:22,Epistles,New Testament,Romans,ASV
WORD,your,G5216,6,Romans 6:22,Epistles,New Testament,Romans,ASV
WORD,fruit,G2590,6,Romans 6:22,Epistles,New Testament,Romans,ASV
WORD,unto,G1519,6,Romans 6:22,Epistles,New Testament,Romans,ASV
WORD,"holiness,",G38,6,Romans 6:22,Epistles,New Testament,Romans,ASV
WORD,and,G1161,6,Romans 6:22,Epistles,New Testament,Romans,ASV
PHRASE,the end,G5056,6,Romans 6:22,Epistles,New Testament,Romans,ASV
WORD,everlasting,G166,6,Romans 6:22,Epistles,New Testament,Romans,ASV
WORD,life.,G2222,6,Romans 6:22,Epistles,New Testament,Romans,ASV
WORD,For,G1063,6,Romans 6:23,Epistles,New Testament,Romans,ASV
WORD,the,G3588,6,Romans 6:23,Epistles,New Testament,Romans,ASV
WORD,wages,G3800,6,Romans 6:23,Epistles,New Testament,Romans,ASV
PHRASE,of sin,G266,6,Romans 6:23,Epistles,New Testament,Romans,ASV
WORD,[is],,6,Romans 6:23,Epistles,New Testament,Romans,ASV
WORD,death;,G2288,6,Romans 6:23,Epistles,New Testament,Romans,ASV
WORD,but,G1161,6,Romans 6:23,Epistles,New Testament,Romans,ASV
WORD,the,G3588,6,Romans 6:23,Epistles,New Testament,Romans,ASV
WORD,gift,G5486,6,Romans 6:23,Epistles,New Testament,Romans,ASV
PHRASE,of God,G2316,6,Romans 6:23,Epistles,New Testament,Romans,ASV
WORD,[is],,6,Romans 6:23,Epistles,New Testament,Romans,ASV
WORD,eternal,G166,6,Romans 6:23,Epistles,New Testament,Romans,ASV
WORD,life,G2222,6,Romans 6:23,Epistles,New Testament,Romans,ASV
WORD,through,G1722,6,Romans 6:23,Epistles,New Testament,Romans,ASV
WORD,Jesus,G2424,6,Romans 6:23,Epistles,New Testament,Romans,ASV
WORD,Christ,G5547,6,Romans 6:23,Epistles,New Testament,Romans,ASV
WORD,our,G2257,6,Romans 6:23,Epistles,New Testament,Romans,ASV
WORD,Lord.,G2962,6,Romans 6:23,Epistles,New Testament,Romans,ASV
PHRASE,"Know ye not,",G50,7,Romans 7:1,Epistles,New Testament,Romans,ASV
WORD,"brethren,",G80,7,Romans 7:1,Epistles,New Testament,Romans,ASV
WORD,(for,G1063,7,Romans 7:1,Epistles,New Testament,Romans,ASV
PHRASE,I speak,G2980,7,Romans 7:1,Epistles,New Testament,Romans,ASV
PHRASE,to them that know,G1097,7,Romans 7:1,Epistles,New Testament,Romans,ASV
PHRASE,"the law,)",G3551,7,Romans 7:1,Epistles,New Testament,Romans,ASV
PHRASE,how that,G3754,7,Romans 7:1,Epistles,New Testament,Romans,ASV
WORD,the,G3588,7,Romans 7:1,Epistles,New Testament,Romans,ASV
WORD,law,G3551,7,Romans 7:1,Epistles,New Testament,Romans,ASV
PHRASE,hath dominion over,G2961,7,Romans 7:1,Epistles,New Testament,Romans,ASV
WORD,a,G3588,7,Romans 7:1,Epistles,New Testament,Romans,ASV
WORD,man,G444,7,Romans 7:1,Epistles,New Testament,Romans,ASV
PHRASE,as long as,G3745,7,Romans 7:1,Epistles,New Testament,Romans,ASV
PHRASE,he liveth?,G2198,7,Romans 7:1,Epistles,New Testament,Romans,ASV
WORD,For,G1063,7,Romans 7:2,Epistles,New Testament,Romans,ASV
PHRASE,the woman,G1135,7,Romans 7:2,Epistles,New Testament,Romans,ASV
WORD,which,G3588,7,Romans 7:2,Epistles,New Testament,Romans,ASV
PHRASE,hath an husband,G5220,7,Romans 7:2,Epistles,New Testament,Romans,ASV
PHRASE,is bound,G1210,7,Romans 7:2,Epistles,New Testament,Romans,ASV
PHRASE,by the law,G3551,7,Romans 7:2,Epistles,New Testament,Romans,ASV
PHRASE,to [her] husband,G435,7,Romans 7:2,Epistles,New Testament,Romans,ASV
PHRASE,so long as he liveth;,G2198,7,Romans 7:2,Epistles,New Testament,Romans,ASV
WORD,but,G1161,7,Romans 7:2,Epistles,New Testament,Romans,ASV
WORD,if,G1437,7,Romans 7:2,Epistles,New Testament,Romans,ASV
PHRASE,the husband,G435,7,Romans 7:2,Epistles,New Testament,Romans,ASV
PHRASE,"be dead,",G599,7,Romans 7:2,Epistles,New Testament,Romans,ASV
PHRASE,she is loosed,G2673,7,Romans 7:2,Epistles,New Testament,Romans,ASV
WORD,from,G575,7,Romans 7:2,Epistles,New Testament,Romans,ASV
PHRASE,the law,G3551,7,Romans 7:2,Epistles,New Testament,Romans,ASV
PHRASE,of [her] husband.,G435,7,Romans 7:2,Epistles,New Testament,Romans,ASV
PHRASE,So then,G686,7,Romans 7:3,Epistles,New Testament,Romans,ASV
WORD,"if,",G1437,7,Romans 7:3,Epistles,New Testament,Romans,ASV
PHRASE,while [her] husband,G435,7,Romans 7:3,Epistles,New Testament,Romans,ASV
WORD,"liveth,",G2198,7,Romans 7:3,Epistles,New Testament,Romans,ASV
PHRASE,she be married,G1096,7,Romans 7:3,Epistles,New Testament,Romans,ASV
PHRASE,to another,G2087,7,Romans 7:3,Epistles,New Testament,Romans,ASV
WORD,"man,",G435,7,Romans 7:3,Epistles,New Testament,Romans,ASV
PHRASE,she shall be called,G5537,7,Romans 7:3,Epistles,New Testament,Romans,ASV
PHRASE,an adulteress:,G3428,7,Romans 7:3,Epistles,New Testament,Romans,ASV
WORD,but,G1161,7,Romans 7:3,Epistles,New Testament,Romans,ASV
WORD,if,G1437,7,Romans 7:3,Epistles,New Testament,Romans,ASV
PHRASE,her husband,G435,7,Romans 7:3,Epistles,New Testament,Romans,ASV
PHRASE,"be dead,",G599,7,Romans 7:3,Epistles,New Testament,Romans,ASV
PHRASE,she is,G2076,7,Romans 7:3,Epistles,New Testament,Romans,ASV
WORD,free,G1658,7,Romans 7:3,Epistles,New Testament,Romans,ASV
WORD,from,G575,7,Romans 7:3,Epistles,New Testament,Romans,ASV
PHRASE,that law;,G3551,7,Romans 7:3,Epistles,New Testament,Romans,ASV
PHRASE,so that she,G846,7,Romans 7:3,Epistles,New Testament,Romans,ASV
WORD,is,G1511,7,Romans 7:3,Epistles,New Testament,Romans,ASV
WORD,no,G3361,7,Romans 7:3,Epistles,New Testament,Romans,ASV
WORD,"adulteress,",G3428,7,Romans 7:3,Epistles,New Testament,Romans,ASV
PHRASE,though she be married,G1096,7,Romans 7:3,Epistles,New Testament,Romans,ASV
PHRASE,to another,G2087,7,Romans 7:3,Epistles,New Testament,Romans,ASV
WORD,man.,G435,7,Romans 7:3,Epistles,New Testament,Romans,ASV
WORD,"Wherefore,",G5620,7,Romans 7:4,Epistles,New Testament,Romans,ASV
WORD,my,G3450,7,Romans 7:4,Epistles,New Testament,Romans,ASV
WORD,"brethren,",G80,7,Romans 7:4,Epistles,New Testament,Romans,ASV
WORD,ye,G5210,7,Romans 7:4,Epistles,New Testament,Romans,ASV
WORD,also,G2532,7,Romans 7:4,Epistles,New Testament,Romans,ASV
PHRASE,are become dead,G2289,7,Romans 7:4,Epistles,New Testament,Romans,ASV
PHRASE,to the,G3588,7,Romans 7:4,Epistles,New Testament,Romans,ASV
WORD,law,G3551,7,Romans 7:4,Epistles,New Testament,Romans,ASV
WORD,by,G1223,7,Romans 7:4,Epistles,New Testament,Romans,ASV
WORD,the,G3588,7,Romans 7:4,Epistles,New Testament,Romans,ASV
WORD,body,G4983,7,Romans 7:4,Epistles,New Testament,Romans,ASV
PHRASE,of Christ;,G5547,7,Romans 7:4,Epistles,New Testament,Romans,ASV
WORD,that,G1519,7,Romans 7:4,Epistles,New Testament,Romans,ASV
WORD,ye,G5209,7,Romans 7:4,Epistles,New Testament,Romans,ASV
PHRASE,should be married,G1096,7,Romans 7:4,Epistles,New Testament,Romans,ASV
PHRASE,"to another,",G2087,7,Romans 7:4,Epistles,New Testament,Romans,ASV
WORD,[even],,7,Romans 7:4,Epistles,New Testament,Romans,ASV
PHRASE,to him who is raised,G1453,7,Romans 7:4,Epistles,New Testament,Romans,ASV
WORD,from,G1537,7,Romans 7:4,Epistles,New Testament,Romans,ASV
PHRASE,"the dead,",G3498,7,Romans 7:4,Epistles,New Testament,Romans,ASV
WORD,that,G2443,7,Romans 7:4,Epistles,New Testament,Romans,ASV
PHRASE,we should bring forth fruit,G2592,7,Romans 7:4,Epistles,New Testament,Romans,ASV
PHRASE,unto God.,G2316,7,Romans 7:4,Epistles,New Testament,Romans,ASV
WORD,For,G1063,7,Romans 7:5,Epistles,New Testament,Romans,ASV
WORD,when,G3753,7,Romans 7:5,Epistles,New Testament,Romans,ASV
PHRASE,we were,G1510,7,Romans 7:5,Epistles,New Testament,Romans,ASV
WORD,in,G1722,7,Romans 7:5,Epistles,New Testament,Romans,ASV
WORD,the,G3588,7,Romans 7:5,Epistles,New Testament,Romans,ASV
WORD,"flesh,",G4561,7,Romans 7:5,Epistles,New Testament,Romans,ASV
WORD,the,G3588,7,Romans 7:5,Epistles,New Testament,Romans,ASV
WORD,motions,G3804,7,Romans 7:5,Epistles,New Testament,Romans,ASV
PHRASE,"of sins,",G266,7,Romans 7:5,Epistles,New Testament,Romans,ASV
WORD,which,G3588,7,Romans 7:5,Epistles,New Testament,Romans,ASV
PHRASE,were by,G1223,7,Romans 7:5,Epistles,New Testament,Romans,ASV
WORD,the,G3588,7,Romans 7:5,Epistles,New Testament,Romans,ASV
WORD,"law,",G3551,7,Romans 7:5,Epistles,New Testament,Romans,ASV
PHRASE,did work,G1754,7,Romans 7:5,Epistles,New Testament,Romans,ASV
WORD,in,G1722,7,Romans 7:5,Epistles,New Testament,Romans,ASV
WORD,our,G2257,7,Romans 7:5,Epistles,New Testament,Romans,ASV
WORD,members,G3196,7,Romans 7:5,Epistles,New Testament,Romans,ASV
PHRASE,to bring,G1519,7,Romans 7:5,Epistles,New Testament,Romans,ASV
PHRASE,forth fruit,G2592,7,Romans 7:5,Epistles,New Testament,Romans,ASV
PHRASE,unto death.,G2288,7,Romans 7:5,Epistles,New Testament,Romans,ASV
WORD,But,G1161,7,Romans 7:6,Epistles,New Testament,Romans,ASV
WORD,now,G3570,7,Romans 7:6,Epistles,New Testament,Romans,ASV
PHRASE,we are delivered,G2673,7,Romans 7:6,Epistles,New Testament,Romans,ASV
WORD,from,G575,7,Romans 7:6,Epistles,New Testament,Romans,ASV
WORD,the,G3588,7,Romans 7:6,Epistles,New Testament,Romans,ASV
WORD,"law,",G3551,7,Romans 7:6,Epistles,New Testament,Romans,ASV
PHRASE,that being dead,G599,7,Romans 7:6,Epistles,New Testament,Romans,ASV
WORD,wherein,G1722,7,Romans 7:6,Epistles,New Testament,Romans,ASV
WORD,,G3739,7,Romans 7:6,Epistles,New Testament,Romans,ASV
PHRASE,we were held;,G2722,7,Romans 7:6,Epistles,New Testament,Romans,ASV
WORD,that,G5620,7,Romans 7:6,Epistles,New Testament,Romans,ASV
WORD,we,G2248,7,Romans 7:6,Epistles,New Testament,Romans,ASV
PHRASE,should serve,G1398,7,Romans 7:6,Epistles,New Testament,Romans,ASV
WORD,in,G1722,7,Romans 7:6,Epistles,New Testament,Romans,ASV
WORD,newness,G2538,7,Romans 7:6,Epistles,New Testament,Romans,ASV
PHRASE,"of spirit,",G4151,7,Romans 7:6,Epistles,New Testament,Romans,ASV
WORD,and,G2532,7,Romans 7:6,Epistles,New Testament,Romans,ASV
WORD,not,G3756,7,Romans 7:6,Epistles,New Testament,Romans,ASV
WORD,[in],,7,Romans 7:6,Epistles,New Testament,Romans,ASV
PHRASE,the oldness,G3821,7,Romans 7:6,Epistles,New Testament,Romans,ASV
PHRASE,of the letter.,G1121,7,Romans 7:6,Epistles,New Testament,Romans,ASV
WORD,What,G5101,7,Romans 7:7,Epistles,New Testament,Romans,ASV
PHRASE,shall we say,G2046,7,Romans 7:7,Epistles,New Testament,Romans,ASV
WORD,then?,G3767,7,Romans 7:7,Epistles,New Testament,Romans,ASV
WORD,[Is],,7,Romans 7:7,Epistles,New Testament,Romans,ASV
WORD,the,G3588,7,Romans 7:7,Epistles,New Testament,Romans,ASV
WORD,law,G3551,7,Romans 7:7,Epistles,New Testament,Romans,ASV
WORD,sin?,G266,7,Romans 7:7,Epistles,New Testament,Romans,ASV
PHRASE,God forbid.,G3361,7,Romans 7:7,Epistles,New Testament,Romans,ASV
WORD,,G1096,7,Romans 7:7,Epistles,New Testament,Romans,ASV
WORD,"Nay,",G235,7,Romans 7:7,Epistles,New Testament,Romans,ASV
PHRASE,I had,G1097,7,Romans 7:7,Epistles,New Testament,Romans,ASV
WORD,not,G3756,7,Romans 7:7,Epistles,New Testament,Romans,ASV
WORD,known,G1097,7,Romans 7:7,Epistles,New Testament,Romans,ASV
WORD,"sin,",G266,7,Romans 7:7,Epistles,New Testament,Romans,ASV
WORD,,G1487,7,Romans 7:7,Epistles,New Testament,Romans,ASV
WORD,but,G3361,7,Romans 7:7,Epistles,New Testament,Romans,ASV
WORD,by,G1223,7,Romans 7:7,Epistles,New Testament,Romans,ASV
PHRASE,the law:,G3551,7,Romans 7:7,Epistles,New Testament,Romans,ASV
WORD,for,G1063,7,Romans 7:7,Epistles,New Testament,Romans,ASV
PHRASE,I had,G1492,7,Romans 7:7,Epistles,New Testament,Romans,ASV
WORD,not,G3756,7,Romans 7:7,Epistles,New Testament,Romans,ASV
WORD,known,G1492,7,Romans 7:7,Epistles,New Testament,Romans,ASV
WORD,"lust,",G1939,7,Romans 7:7,Epistles,New Testament,Romans,ASV
WORD,,G1487,7,Romans 7:7,Epistles,New Testament,Romans,ASV
WORD,except,G3361,7,Romans 7:7,Epistles,New Testament,Romans,ASV
WORD,the,G3588,7,Romans 7:7,Epistles,New Testament,Romans,ASV
WORD,law,G3551,7,Romans 7:7,Epistles,New Testament,Romans,ASV
PHRASE,"had said,",G3004,7,Romans 7:7,Epistles,New Testament,Romans,ASV
PHRASE,Thou shalt,G1937,7,Romans 7:7,Epistles,New Testament,Romans,ASV
WORD,not,G3756,7,Romans 7:7,Epistles,New Testament,Romans,ASV
WORD,covet.,G1937,7,Romans 7:7,Epistles,New Testament,Romans,ASV
WORD,But,G1161,7,Romans 7:8,Epistles,New Testament,Romans,ASV
WORD,"sin,",G266,7,Romans 7:8,Epistles,New Testament,Romans,ASV
WORD,taking,G2983,7,Romans 7:8,Epistles,New Testament,Romans,ASV
WORD,occasion,G874,7,Romans 7:8,Epistles,New Testament,Romans,ASV
WORD,by,G1223,7,Romans 7:8,Epistles,New Testament,Romans,ASV
WORD,the,G3588,7,Romans 7:8,Epistles,New Testament,Romans,ASV
WORD,"commandment,",G1785,7,Romans 7:8,Epistles,New Testament,Romans,ASV
WORD,wrought,G2716,7,Romans 7:8,Epistles,New Testament,Romans,ASV
WORD,in,G1722,7,Romans 7:8,Epistles,New Testament,Romans,ASV
WORD,me,G1698,7,Romans 7:8,Epistles,New Testament,Romans,ASV
PHRASE,all manner of,G3956,7,Romans 7:8,Epistles,New Testament,Romans,ASV
WORD,concupiscence.,G1939,7,Romans 7:8,Epistles,New Testament,Romans,ASV
WORD,For,G1063,7,Romans 7:8,Epistles,New Testament,Romans,ASV
WORD,without,G5565,7,Romans 7:8,Epistles,New Testament,Romans,ASV
PHRASE,the law,G3551,7,Romans 7:8,Epistles,New Testament,Romans,ASV
WORD,sin,G266,7,Romans 7:8,Epistles,New Testament,Romans,ASV
WORD,[was],,7,Romans 7:8,Epistles,New Testament,Romans,ASV
WORD,dead.,G3498,7,Romans 7:8,Epistles,New Testament,Romans,ASV
WORD,For,G1161,7,Romans 7:9,Epistles,New Testament,Romans,ASV
WORD,I,G1473,7,Romans 7:9,Epistles,New Testament,Romans,ASV
PHRASE,was alive,G2198,7,Romans 7:9,Epistles,New Testament,Romans,ASV
WORD,without,G5565,7,Romans 7:9,Epistles,New Testament,Romans,ASV
PHRASE,the law,G3551,7,Romans 7:9,Epistles,New Testament,Romans,ASV
WORD,once:,G4218,7,Romans 7:9,Epistles,New Testament,Romans,ASV
WORD,but,G1161,7,Romans 7:9,Epistles,New Testament,Romans,ASV
PHRASE,when the,G3588,7,Romans 7:9,Epistles,New Testament,Romans,ASV
WORD,commandment,G1785,7,Romans 7:9,Epistles,New Testament,Romans,ASV
WORD,"came,",G2064,7,Romans 7:9,Epistles,New Testament,Romans,ASV
WORD,sin,G266,7,Romans 7:9,Epistles,New Testament,Romans,ASV
WORD,"revived,",G326,7,Romans 7:9,Epistles,New Testament,Romans,ASV
WORD,and,G1161,7,Romans 7:9,Epistles,New Testament,Romans,ASV
WORD,I,G1473,7,Romans 7:9,Epistles,New Testament,Romans,ASV
WORD,died.,G599,7,Romans 7:9,Epistles,New Testament,Romans,ASV
WORD,And,G2532,7,Romans 7:10,Epistles,New Testament,Romans,ASV
WORD,the,G3588,7,Romans 7:10,Epistles,New Testament,Romans,ASV
WORD,"commandment,",G1785,7,Romans 7:10,Epistles,New Testament,Romans,ASV
WORD,which,G3588,7,Romans 7:10,Epistles,New Testament,Romans,ASV
PHRASE,[was ordained],,7,Romans 7:10,Epistles,New Testament,Romans,ASV
WORD,to,G1519,7,Romans 7:10,Epistles,New Testament,Romans,ASV
WORD,"life,",G2222,7,Romans 7:10,Epistles,New Testament,Romans,ASV
WORD,I,G3427,7,Romans 7:10,Epistles,New Testament,Romans,ASV
WORD,found,G2147,7,Romans 7:10,Epistles,New Testament,Romans,ASV
PHRASE,[to be],,7,Romans 7:10,Epistles,New Testament,Romans,ASV
WORD,unto,G1519,7,Romans 7:10,Epistles,New Testament,Romans,ASV
WORD,death.,G2288,7,Romans 7:10,Epistles,New Testament,Romans,ASV
WORD,For,G1063,7,Romans 7:11,Epistles,New Testament,Romans,ASV
WORD,"sin,",G266,7,Romans 7:11,Epistles,New Testament,Romans,ASV
WORD,taking,G2983,7,Romans 7:11,Epistles,New Testament,Romans,ASV
WORD,occasion,G874,7,Romans 7:11,Epistles,New Testament,Romans,ASV
WORD,by,G1223,7,Romans 7:11,Epistles,New Testament,Romans,ASV
WORD,the,G3588,7,Romans 7:11,Epistles,New Testament,Romans,ASV
WORD,"commandment,",G1785,7,Romans 7:11,Epistles,New Testament,Romans,ASV
WORD,deceived,G1818,7,Romans 7:11,Epistles,New Testament,Romans,ASV
WORD,"me,",G3165,7,Romans 7:11,Epistles,New Testament,Romans,ASV
WORD,and,G2532,7,Romans 7:11,Epistles,New Testament,Romans,ASV
WORD,by,G1223,7,Romans 7:11,Epistles,New Testament,Romans,ASV
WORD,it,G846,7,Romans 7:11,Epistles,New Testament,Romans,ASV
WORD,slew,G615,7,Romans 7:11,Epistles,New Testament,Romans,ASV
WORD,[me].,,7,Romans 7:11,Epistles,New Testament,Romans,ASV
WORD,Wherefore,G5620,7,Romans 7:12,Epistles,New Testament,Romans,ASV
PHRASE,the law,G3551,7,Romans 7:12,Epistles,New Testament,Romans,ASV
WORD,[is],,7,Romans 7:12,Epistles,New Testament,Romans,ASV
WORD,"holy,",G40,7,Romans 7:12,Epistles,New Testament,Romans,ASV
WORD,and,G2532,7,Romans 7:12,Epistles,New Testament,Romans,ASV
WORD,the,G3588,7,Romans 7:12,Epistles,New Testament,Romans,ASV
WORD,commandment,G1785,7,Romans 7:12,Epistles,New Testament,Romans,ASV
WORD,"holy,",G40,7,Romans 7:12,Epistles,New Testament,Romans,ASV
WORD,and,G2532,7,Romans 7:12,Epistles,New Testament,Romans,ASV
WORD,"just,",G1342,7,Romans 7:12,Epistles,New Testament,Romans,ASV
WORD,and,G2532,7,Romans 7:12,Epistles,New Testament,Romans,ASV
WORD,good.,G18,7,Romans 7:12,Epistles,New Testament,Romans,ASV
PHRASE,Was then,G3767,7,Romans 7:13,Epistles,New Testament,Romans,ASV
PHRASE,that which,G3588,7,Romans 7:13,Epistles,New Testament,Romans,ASV
PHRASE,is good,G18,7,Romans 7:13,Epistles,New Testament,Romans,ASV
WORD,made,G1096,7,Romans 7:13,Epistles,New Testament,Romans,ASV
WORD,death,G2288,7,Romans 7:13,Epistles,New Testament,Romans,ASV
PHRASE,unto me?,G1698,7,Romans 7:13,Epistles,New Testament,Romans,ASV
PHRASE,God forbid.,G3361,7,Romans 7:13,Epistles,New Testament,Romans,ASV
WORD,,G1096,7,Romans 7:13,Epistles,New Testament,Romans,ASV
WORD,But,G235,7,Romans 7:13,Epistles,New Testament,Romans,ASV
WORD,"sin,",G266,7,Romans 7:13,Epistles,New Testament,Romans,ASV
WORD,that,G2443,7,Romans 7:13,Epistles,New Testament,Romans,ASV
PHRASE,it might appear,G5316,7,Romans 7:13,Epistles,New Testament,Romans,ASV
WORD,"sin,",G266,7,Romans 7:13,Epistles,New Testament,Romans,ASV
WORD,working,G2716,7,Romans 7:13,Epistles,New Testament,Romans,ASV
WORD,death,G2288,7,Romans 7:13,Epistles,New Testament,Romans,ASV
PHRASE,in me,G3427,7,Romans 7:13,Epistles,New Testament,Romans,ASV
WORD,by,G1223,7,Romans 7:13,Epistles,New Testament,Romans,ASV
PHRASE,that which,G3588,7,Romans 7:13,Epistles,New Testament,Romans,ASV
PHRASE,is good;,G18,7,Romans 7:13,Epistles,New Testament,Romans,ASV
WORD,that,G2443,7,Romans 7:13,Epistles,New Testament,Romans,ASV
WORD,sin,G266,7,Romans 7:13,Epistles,New Testament,Romans,ASV
WORD,by,G1223,7,Romans 7:13,Epistles,New Testament,Romans,ASV
WORD,the,G3588,7,Romans 7:13,Epistles,New Testament,Romans,ASV
WORD,commandment,G1785,7,Romans 7:13,Epistles,New Testament,Romans,ASV
PHRASE,might become,G1096,7,Romans 7:13,Epistles,New Testament,Romans,ASV
WORD,,G2596,7,Romans 7:13,Epistles,New Testament,Romans,ASV
WORD,exceeding,G5236,7,Romans 7:13,Epistles,New Testament,Romans,ASV
WORD,sinful.,G268,7,Romans 7:13,Epistles,New Testament,Romans,ASV
WORD,For,G1063,7,Romans 7:14,Epistles,New Testament,Romans,ASV
PHRASE,we know,G1492,7,Romans 7:14,Epistles,New Testament,Romans,ASV
WORD,that,G3754,7,Romans 7:14,Epistles,New Testament,Romans,ASV
WORD,the,G3588,7,Romans 7:14,Epistles,New Testament,Romans,ASV
WORD,law,G3551,7,Romans 7:14,Epistles,New Testament,Romans,ASV
WORD,is,G2076,7,Romans 7:14,Epistles,New Testament,Romans,ASV
WORD,spiritual:,G4152,7,Romans 7:14,Epistles,New Testament,Romans,ASV
WORD,but,G1161,7,Romans 7:14,Epistles,New Testament,Romans,ASV
WORD,I,G1473,7,Romans 7:14,Epistles,New Testament,Romans,ASV
WORD,am,G1510,7,Romans 7:14,Epistles,New Testament,Romans,ASV
WORD,"carnal,",G4559,7,Romans 7:14,Epistles,New Testament,Romans,ASV
WORD,sold,G4097,7,Romans 7:14,Epistles,New Testament,Romans,ASV
WORD,under,G5259,7,Romans 7:14,Epistles,New Testament,Romans,ASV
WORD,sin.,G266,7,Romans 7:14,Epistles,New Testament,Romans,ASV
WORD,For,G1063,7,Romans 7:15,Epistles,New Testament,Romans,ASV
PHRASE,that which,G3739,7,Romans 7:15,Epistles,New Testament,Romans,ASV
PHRASE,I do,G2716,7,Romans 7:15,Epistles,New Testament,Romans,ASV
PHRASE,I allow,G1097,7,Romans 7:15,Epistles,New Testament,Romans,ASV
WORD,not:,G3756,7,Romans 7:15,Epistles,New Testament,Romans,ASV
WORD,for,G1063,7,Romans 7:15,Epistles,New Testament,Romans,ASV
WORD,what,G3739,7,Romans 7:15,Epistles,New Testament,Romans,ASV
PHRASE,"I would,",G2309,7,Romans 7:15,Epistles,New Testament,Romans,ASV
WORD,that,G5124,7,Romans 7:15,Epistles,New Testament,Romans,ASV
PHRASE,do I,G4238,7,Romans 7:15,Epistles,New Testament,Romans,ASV
WORD,not;,G3756,7,Romans 7:15,Epistles,New Testament,Romans,ASV
WORD,but,G235,7,Romans 7:15,Epistles,New Testament,Romans,ASV
WORD,what,G3739,7,Romans 7:15,Epistles,New Testament,Romans,ASV
PHRASE,"I hate,",G3404,7,Romans 7:15,Epistles,New Testament,Romans,ASV
WORD,that,G5124,7,Romans 7:15,Epistles,New Testament,Romans,ASV
PHRASE,do I.,G4160,7,Romans 7:15,Epistles,New Testament,Romans,ASV
WORD,If,G1487,7,Romans 7:16,Epistles,New Testament,Romans,ASV
WORD,then,G1161,7,Romans 7:16,Epistles,New Testament,Romans,ASV
PHRASE,I do,G4160,7,Romans 7:16,Epistles,New Testament,Romans,ASV
WORD,that,G5124,7,Romans 7:16,Epistles,New Testament,Romans,ASV
WORD,which,G3739,7,Romans 7:16,Epistles,New Testament,Romans,ASV
PHRASE,I would,G2309,7,Romans 7:16,Epistles,New Testament,Romans,ASV
WORD,"not,",G3756,7,Romans 7:16,Epistles,New Testament,Romans,ASV
PHRASE,I consent,G4852,7,Romans 7:16,Epistles,New Testament,Romans,ASV
PHRASE,unto the,G3588,7,Romans 7:16,Epistles,New Testament,Romans,ASV
WORD,law,G3551,7,Romans 7:16,Epistles,New Testament,Romans,ASV
WORD,that,G3754,7,Romans 7:16,Epistles,New Testament,Romans,ASV
PHRASE,[it is],,7,Romans 7:16,Epistles,New Testament,Romans,ASV
WORD,good.,G2570,7,Romans 7:16,Epistles,New Testament,Romans,ASV
WORD,Now,G3570,7,Romans 7:17,Epistles,New Testament,Romans,ASV
WORD,then,G1161,7,Romans 7:17,Epistles,New Testament,Romans,ASV
PHRASE,it is no more,G3765,7,Romans 7:17,Epistles,New Testament,Romans,ASV
WORD,I,G1473,7,Romans 7:17,Epistles,New Testament,Romans,ASV
PHRASE,that do,G2716,7,Romans 7:17,Epistles,New Testament,Romans,ASV
WORD,"it,",G846,7,Romans 7:17,Epistles,New Testament,Romans,ASV
WORD,but,G235,7,Romans 7:17,Epistles,New Testament,Romans,ASV
WORD,sin,G266,7,Romans 7:17,Epistles,New Testament,Romans,ASV
PHRASE,that dwelleth,G3611,7,Romans 7:17,Epistles,New Testament,Romans,ASV
WORD,in,G1722,7,Romans 7:17,Epistles,New Testament,Romans,ASV
WORD,me.,G1698,7,Romans 7:17,Epistles,New Testament,Romans,ASV
WORD,For,G1063,7,Romans 7:18,Epistles,New Testament,Romans,ASV
PHRASE,I know,G1492,7,Romans 7:18,Epistles,New Testament,Romans,ASV
WORD,that,G3754,7,Romans 7:18,Epistles,New Testament,Romans,ASV
WORD,in,G1722,7,Romans 7:18,Epistles,New Testament,Romans,ASV
WORD,me,G1698,7,Romans 7:18,Epistles,New Testament,Romans,ASV
WORD,(that,G5124,7,Romans 7:18,Epistles,New Testament,Romans,ASV
WORD,"is,",G2076,7,Romans 7:18,Epistles,New Testament,Romans,ASV
WORD,in,G1722,7,Romans 7:18,Epistles,New Testament,Romans,ASV
WORD,my,G3450,7,Romans 7:18,Epistles,New Testament,Romans,ASV
WORD,"flesh,)",G4561,7,Romans 7:18,Epistles,New Testament,Romans,ASV
WORD,dwelleth,G3611,7,Romans 7:18,Epistles,New Testament,Romans,ASV
WORD,no,G3756,7,Romans 7:18,Epistles,New Testament,Romans,ASV
PHRASE,good thing:,G18,7,Romans 7:18,Epistles,New Testament,Romans,ASV
WORD,for,G1063,7,Romans 7:18,Epistles,New Testament,Romans,ASV
PHRASE,to will,G2309,7,Romans 7:18,Epistles,New Testament,Romans,ASV
PHRASE,is present,G3873,7,Romans 7:18,Epistles,New Testament,Romans,ASV
PHRASE,with me;,G3427,7,Romans 7:18,Epistles,New Testament,Romans,ASV
WORD,but,G1161,7,Romans 7:18,Epistles,New Testament,Romans,ASV
WORD,[how],,7,Romans 7:18,Epistles,New Testament,Romans,ASV
PHRASE,to perform,G2716,7,Romans 7:18,Epistles,New Testament,Romans,ASV
WORD,that,G3588,7,Romans 7:18,Epistles,New Testament,Romans,ASV
PHRASE,which is good,G2570,7,Romans 7:18,Epistles,New Testament,Romans,ASV
PHRASE,I find,G2147,7,Romans 7:18,Epistles,New Testament,Romans,ASV
WORD,not.,G3756,7,Romans 7:18,Epistles,New Testament,Romans,ASV
WORD,For,G1063,7,Romans 7:19,Epistles,New Testament,Romans,ASV
PHRASE,the good,G18,7,Romans 7:19,Epistles,New Testament,Romans,ASV
WORD,that,G3739,7,Romans 7:19,Epistles,New Testament,Romans,ASV
PHRASE,I would,G2309,7,Romans 7:19,Epistles,New Testament,Romans,ASV
PHRASE,I do,G4160,7,Romans 7:19,Epistles,New Testament,Romans,ASV
WORD,not:,G3756,7,Romans 7:19,Epistles,New Testament,Romans,ASV
WORD,but,G235,7,Romans 7:19,Epistles,New Testament,Romans,ASV
PHRASE,the evil,G2556,7,Romans 7:19,Epistles,New Testament,Romans,ASV
WORD,which,G3739,7,Romans 7:19,Epistles,New Testament,Romans,ASV
PHRASE,I would,G2309,7,Romans 7:19,Epistles,New Testament,Romans,ASV
WORD,"not,",G3756,7,Romans 7:19,Epistles,New Testament,Romans,ASV
WORD,that,G5124,7,Romans 7:19,Epistles,New Testament,Romans,ASV
PHRASE,I do.,G4238,7,Romans 7:19,Epistles,New Testament,Romans,ASV
WORD,Now,G1161,7,Romans 7:20,Epistles,New Testament,Romans,ASV
WORD,if,G1487,7,Romans 7:20,Epistles,New Testament,Romans,ASV
PHRASE,I do,G4160,7,Romans 7:20,Epistles,New Testament,Romans,ASV
WORD,that,G5124,7,Romans 7:20,Epistles,New Testament,Romans,ASV
WORD,I,G1473,7,Romans 7:20,Epistles,New Testament,Romans,ASV
WORD,would,G2309,7,Romans 7:20,Epistles,New Testament,Romans,ASV
WORD,"not,",G3756,7,Romans 7:20,Epistles,New Testament,Romans,ASV
PHRASE,it is no more,G3765,7,Romans 7:20,Epistles,New Testament,Romans,ASV
WORD,I,G1473,7,Romans 7:20,Epistles,New Testament,Romans,ASV
PHRASE,that do,G2716,7,Romans 7:20,Epistles,New Testament,Romans,ASV
WORD,"it,",G846,7,Romans 7:20,Epistles,New Testament,Romans,ASV
WORD,but,G235,7,Romans 7:20,Epistles,New Testament,Romans,ASV
WORD,sin,G266,7,Romans 7:20,Epistles,New Testament,Romans,ASV
PHRASE,that dwelleth,G3611,7,Romans 7:20,Epistles,New Testament,Romans,ASV
WORD,in,G1722,7,Romans 7:20,Epistles,New Testament,Romans,ASV
WORD,me.,G1698,7,Romans 7:20,Epistles,New Testament,Romans,ASV
PHRASE,I find,G2147,7,Romans 7:21,Epistles,New Testament,Romans,ASV
WORD,then,G686,7,Romans 7:21,Epistles,New Testament,Romans,ASV
WORD,a,G3588,7,Romans 7:21,Epistles,New Testament,Romans,ASV
WORD,"law,",G3551,7,Romans 7:21,Epistles,New Testament,Romans,ASV
WORD,"that,",G3754,7,Romans 7:21,Epistles,New Testament,Romans,ASV
PHRASE,when I,G1698,7,Romans 7:21,Epistles,New Testament,Romans,ASV
WORD,would,G2309,7,Romans 7:21,Epistles,New Testament,Romans,ASV
WORD,do,G4160,7,Romans 7:21,Epistles,New Testament,Romans,ASV
WORD,"good,",G2570,7,Romans 7:21,Epistles,New Testament,Romans,ASV
WORD,evil,G2556,7,Romans 7:21,Epistles,New Testament,Romans,ASV
PHRASE,is present,G3873,7,Romans 7:21,Epistles,New Testament,Romans,ASV
PHRASE,with me.,G1698,7,Romans 7:21,Epistles,New Testament,Romans,ASV
WORD,For,G1063,7,Romans 7:22,Epistles,New Testament,Romans,ASV
PHRASE,I delight,G4913,7,Romans 7:22,Epistles,New Testament,Romans,ASV
PHRASE,in the,G3588,7,Romans 7:22,Epistles,New Testament,Romans,ASV
WORD,law,G3551,7,Romans 7:22,Epistles,New Testament,Romans,ASV
PHRASE,of God,G2316,7,Romans 7:22,Epistles,New Testament,Romans,ASV
WORD,after,G2596,7,Romans 7:22,Epistles,New Testament,Romans,ASV
WORD,the,G3588,7,Romans 7:22,Epistles,New Testament,Romans,ASV
WORD,inward,G2080,7,Romans 7:22,Epistles,New Testament,Romans,ASV
WORD,man:,G444,7,Romans 7:22,Epistles,New Testament,Romans,ASV
WORD,But,G1161,7,Romans 7:23,Epistles,New Testament,Romans,ASV
PHRASE,I see,G991,7,Romans 7:23,Epistles,New Testament,Romans,ASV
WORD,another,G2087,7,Romans 7:23,Epistles,New Testament,Romans,ASV
WORD,law,G3551,7,Romans 7:23,Epistles,New Testament,Romans,ASV
WORD,in,G1722,7,Romans 7:23,Epistles,New Testament,Romans,ASV
WORD,my,G3450,7,Romans 7:23,Epistles,New Testament,Romans,ASV
WORD,"members,",G3196,7,Romans 7:23,Epistles,New Testament,Romans,ASV
PHRASE,warring against,G497,7,Romans 7:23,Epistles,New Testament,Romans,ASV
WORD,the,G3588,7,Romans 7:23,Epistles,New Testament,Romans,ASV
WORD,law,G3551,7,Romans 7:23,Epistles,New Testament,Romans,ASV
PHRASE,of my,G3450,7,Romans 7:23,Epistles,New Testament,Romans,ASV
WORD,"mind,",G3563,7,Romans 7:23,Epistles,New Testament,Romans,ASV
WORD,and,G2532,7,Romans 7:23,Epistles,New Testament,Romans,ASV
WORD,bringing,G163,7,Romans 7:23,Epistles,New Testament,Romans,ASV
WORD,me,G3165,7,Romans 7:23,Epistles,New Testament,Romans,ASV
PHRASE,into captivity,G163,7,Romans 7:23,Epistles,New Testament,Romans,ASV
PHRASE,to the,G3588,7,Romans 7:23,Epistles,New Testament,Romans,ASV
WORD,law,G3551,7,Romans 7:23,Epistles,New Testament,Romans,ASV
PHRASE,of sin,G266,7,Romans 7:23,Epistles,New Testament,Romans,ASV
WORD,which,G3588,7,Romans 7:23,Epistles,New Testament,Romans,ASV
WORD,is,G5607,7,Romans 7:23,Epistles,New Testament,Romans,ASV
WORD,in,G1722,7,Romans 7:23,Epistles,New Testament,Romans,ASV
WORD,my,G3450,7,Romans 7:23,Epistles,New Testament,Romans,ASV
WORD,members.,G3196,7,Romans 7:23,Epistles,New Testament,Romans,ASV
PHRASE,O wretched,G5005,7,Romans 7:24,Epistles,New Testament,Romans,ASV
WORD,man,G444,7,Romans 7:24,Epistles,New Testament,Romans,ASV
PHRASE,that I am!,G1473,7,Romans 7:24,Epistles,New Testament,Romans,ASV
WORD,who,G5101,7,Romans 7:24,Epistles,New Testament,Romans,ASV
PHRASE,shall deliver,G4506,7,Romans 7:24,Epistles,New Testament,Romans,ASV
WORD,me,G3165,7,Romans 7:24,Epistles,New Testament,Romans,ASV
WORD,from,G1537,7,Romans 7:24,Epistles,New Testament,Romans,ASV
WORD,the,G3588,7,Romans 7:24,Epistles,New Testament,Romans,ASV
WORD,body,G4983,7,Romans 7:24,Epistles,New Testament,Romans,ASV
PHRASE,of this,G5127,7,Romans 7:24,Epistles,New Testament,Romans,ASV
WORD,death?,G2288,7,Romans 7:24,Epistles,New Testament,Romans,ASV
PHRASE,I thank,G2168,7,Romans 7:25,Epistles,New Testament,Romans,ASV
WORD,God,G2316,7,Romans 7:25,Epistles,New Testament,Romans,ASV
WORD,through,G1223,7,Romans 7:25,Epistles,New Testament,Romans,ASV
WORD,Jesus,G2424,7,Romans 7:25,Epistles,New Testament,Romans,ASV
WORD,Christ,G5547,7,Romans 7:25,Epistles,New Testament,Romans,ASV
WORD,our,G2257,7,Romans 7:25,Epistles,New Testament,Romans,ASV
WORD,Lord.,G2962,7,Romans 7:25,Epistles,New Testament,Romans,ASV
WORD,So,G3767,7,Romans 7:25,Epistles,New Testament,Romans,ASV
WORD,then,G686,7,Romans 7:25,Epistles,New Testament,Romans,ASV
PHRASE,with the,G3588,7,Romans 7:25,Epistles,New Testament,Romans,ASV
WORD,mind,G3563,7,Romans 7:25,Epistles,New Testament,Romans,ASV
WORD,I,G1473,7,Romans 7:25,Epistles,New Testament,Romans,ASV
WORD,myself,G846,7,Romans 7:25,Epistles,New Testament,Romans,ASV
WORD,serve,G1398,7,Romans 7:25,Epistles,New Testament,Romans,ASV
PHRASE,the law,G3551,7,Romans 7:25,Epistles,New Testament,Romans,ASV
PHRASE,of God;,G2316,7,Romans 7:25,Epistles,New Testament,Romans,ASV
WORD,but,G1161,7,Romans 7:25,Epistles,New Testament,Romans,ASV
PHRASE,with the,G3588,7,Romans 7:25,Epistles,New Testament,Romans,ASV
WORD,flesh,G4561,7,Romans 7:25,Epistles,New Testament,Romans,ASV
PHRASE,the law,G3551,7,Romans 7:25,Epistles,New Testament,Romans,ASV
PHRASE,of sin.,G266,7,Romans 7:25,Epistles,New Testament,Romans,ASV
PHRASE,[There is],,8,Romans 8:1,Epistles,New Testament,Romans,ASV
WORD,therefore,G686,8,Romans 8:1,Epistles,New Testament,Romans,ASV
WORD,now,G3568,8,Romans 8:1,Epistles,New Testament,Romans,ASV
WORD,no,G3762,8,Romans 8:1,Epistles,New Testament,Romans,ASV
WORD,condemnation,G2631,8,Romans 8:1,Epistles,New Testament,Romans,ASV
PHRASE,to them,G3588,8,Romans 8:1,Epistles,New Testament,Romans,ASV
PHRASE,which are in,G1722,8,Romans 8:1,Epistles,New Testament,Romans,ASV
WORD,Christ,G5547,8,Romans 8:1,Epistles,New Testament,Romans,ASV
WORD,"Jesus,",G2424,8,Romans 8:1,Epistles,New Testament,Romans,ASV
PHRASE,who walk,G4043,8,Romans 8:1,Epistles,New Testament,Romans,ASV
WORD,not,G3361,8,Romans 8:1,Epistles,New Testament,Romans,ASV
WORD,after,G2596,8,Romans 8:1,Epistles,New Testament,Romans,ASV
PHRASE,"the flesh,",G4561,8,Romans 8:1,Epistles,New Testament,Romans,ASV
WORD,but,G235,8,Romans 8:1,Epistles,New Testament,Romans,ASV
WORD,after,G2596,8,Romans 8:1,Epistles,New Testament,Romans,ASV
PHRASE,the Spirit.,G4151,8,Romans 8:1,Epistles,New Testament,Romans,ASV
WORD,For,G1063,8,Romans 8:2,Epistles,New Testament,Romans,ASV
WORD,the,G3588,8,Romans 8:2,Epistles,New Testament,Romans,ASV
WORD,law,G3551,8,Romans 8:2,Epistles,New Testament,Romans,ASV
PHRASE,of the,G3588,8,Romans 8:2,Epistles,New Testament,Romans,ASV
WORD,Spirit,G4151,8,Romans 8:2,Epistles,New Testament,Romans,ASV
PHRASE,of life,G2222,8,Romans 8:2,Epistles,New Testament,Romans,ASV
WORD,in,G1722,8,Romans 8:2,Epistles,New Testament,Romans,ASV
WORD,Christ,G5547,8,Romans 8:2,Epistles,New Testament,Romans,ASV
WORD,Jesus,G2424,8,Romans 8:2,Epistles,New Testament,Romans,ASV
PHRASE,hath made,G1659,8,Romans 8:2,Epistles,New Testament,Romans,ASV
WORD,me,G3165,8,Romans 8:2,Epistles,New Testament,Romans,ASV
WORD,free,G1659,8,Romans 8:2,Epistles,New Testament,Romans,ASV
WORD,from,G575,8,Romans 8:2,Epistles,New Testament,Romans,ASV
WORD,the,G3588,8,Romans 8:2,Epistles,New Testament,Romans,ASV
WORD,law,G3551,8,Romans 8:2,Epistles,New Testament,Romans,ASV
PHRASE,of sin,G266,8,Romans 8:2,Epistles,New Testament,Romans,ASV
WORD,and,G2532,8,Romans 8:2,Epistles,New Testament,Romans,ASV
WORD,death.,G2288,8,Romans 8:2,Epistles,New Testament,Romans,ASV
WORD,For,G1063,8,Romans 8:3,Epistles,New Testament,Romans,ASV
PHRASE,what the,G3588,8,Romans 8:3,Epistles,New Testament,Romans,ASV
WORD,law,G3551,8,Romans 8:3,Epistles,New Testament,Romans,ASV
PHRASE,"could not do,",G102,8,Romans 8:3,Epistles,New Testament,Romans,ASV
WORD,in,G1722,8,Romans 8:3,Epistles,New Testament,Romans,ASV
WORD,that,G3739,8,Romans 8:3,Epistles,New Testament,Romans,ASV
PHRASE,it was weak,G770,8,Romans 8:3,Epistles,New Testament,Romans,ASV
WORD,through,G1223,8,Romans 8:3,Epistles,New Testament,Romans,ASV
WORD,the,G3588,8,Romans 8:3,Epistles,New Testament,Romans,ASV
WORD,"flesh,",G4561,8,Romans 8:3,Epistles,New Testament,Romans,ASV
WORD,God,G2316,8,Romans 8:3,Epistles,New Testament,Romans,ASV
WORD,sending,G3992,8,Romans 8:3,Epistles,New Testament,Romans,ASV
PHRASE,his own,G1438,8,Romans 8:3,Epistles,New Testament,Romans,ASV
WORD,Son,G5207,8,Romans 8:3,Epistles,New Testament,Romans,ASV
WORD,in,G1722,8,Romans 8:3,Epistles,New Testament,Romans,ASV
PHRASE,the likeness,G3667,8,Romans 8:3,Epistles,New Testament,Romans,ASV
PHRASE,of sinful,G266,8,Romans 8:3,Epistles,New Testament,Romans,ASV
WORD,"flesh,",G4561,8,Romans 8:3,Epistles,New Testament,Romans,ASV
WORD,and,G2532,8,Romans 8:3,Epistles,New Testament,Romans,ASV
WORD,for,G4012,8,Romans 8:3,Epistles,New Testament,Romans,ASV
WORD,"sin,",G266,8,Romans 8:3,Epistles,New Testament,Romans,ASV
WORD,condemned,G2632,8,Romans 8:3,Epistles,New Testament,Romans,ASV
WORD,sin,G266,8,Romans 8:3,Epistles,New Testament,Romans,ASV
WORD,in,G1722,8,Romans 8:3,Epistles,New Testament,Romans,ASV
WORD,the,G3588,8,Romans 8:3,Epistles,New Testament,Romans,ASV
WORD,flesh:,G4561,8,Romans 8:3,Epistles,New Testament,Romans,ASV
WORD,That,G2443,8,Romans 8:4,Epistles,New Testament,Romans,ASV
WORD,the,G3588,8,Romans 8:4,Epistles,New Testament,Romans,ASV
WORD,righteousness,G1345,8,Romans 8:4,Epistles,New Testament,Romans,ASV
PHRASE,of the,G3588,8,Romans 8:4,Epistles,New Testament,Romans,ASV
WORD,law,G3551,8,Romans 8:4,Epistles,New Testament,Romans,ASV
PHRASE,might be fulfilled,G4137,8,Romans 8:4,Epistles,New Testament,Romans,ASV
WORD,in,G1722,8,Romans 8:4,Epistles,New Testament,Romans,ASV
WORD,"us,",G2254,8,Romans 8:4,Epistles,New Testament,Romans,ASV
PHRASE,who walk,G4043,8,Romans 8:4,Epistles,New Testament,Romans,ASV
WORD,not,G3361,8,Romans 8:4,Epistles,New Testament,Romans,ASV
WORD,after,G2596,8,Romans 8:4,Epistles,New Testament,Romans,ASV
PHRASE,"the flesh,",G4561,8,Romans 8:4,Epistles,New Testament,Romans,ASV
WORD,but,G235,8,Romans 8:4,Epistles,New Testament,Romans,ASV
WORD,after,G2596,8,Romans 8:4,Epistles,New Testament,Romans,ASV
PHRASE,the Spirit.,G4151,8,Romans 8:4,Epistles,New Testament,Romans,ASV
WORD,For,G1063,8,Romans 8:5,Epistles,New Testament,Romans,ASV
PHRASE,they that are,G5607,8,Romans 8:5,Epistles,New Testament,Romans,ASV
WORD,after,G2596,8,Romans 8:5,Epistles,New Testament,Romans,ASV
PHRASE,the flesh,G4561,8,Romans 8:5,Epistles,New Testament,Romans,ASV
PHRASE,do mind,G5426,8,Romans 8:5,Epistles,New Testament,Romans,ASV
PHRASE,the things,G3588,8,Romans 8:5,Epistles,New Testament,Romans,ASV
PHRASE,of the,G3588,8,Romans 8:5,Epistles,New Testament,Romans,ASV
WORD,flesh;,G4561,8,Romans 8:5,Epistles,New Testament,Romans,ASV
WORD,but,G1161,8,Romans 8:5,Epistles,New Testament,Romans,ASV
PHRASE,they that are after,G2596,8,Romans 8:5,Epistles,New Testament,Romans,ASV
PHRASE,the Spirit,G4151,8,Romans 8:5,Epistles,New Testament,Romans,ASV
PHRASE,the things,G3588,8,Romans 8:5,Epistles,New Testament,Romans,ASV
PHRASE,of the,G3588,8,Romans 8:5,Epistles,New Testament,Romans,ASV
WORD,Spirit.,G4151,8,Romans 8:5,Epistles,New Testament,Romans,ASV
WORD,For,G1063,8,Romans 8:6,Epistles,New Testament,Romans,ASV
PHRASE,to be,G5427,8,Romans 8:6,Epistles,New Testament,Romans,ASV
WORD,carnally,G4561,8,Romans 8:6,Epistles,New Testament,Romans,ASV
WORD,minded,G5427,8,Romans 8:6,Epistles,New Testament,Romans,ASV
WORD,[is],,8,Romans 8:6,Epistles,New Testament,Romans,ASV
WORD,death;,G2288,8,Romans 8:6,Epistles,New Testament,Romans,ASV
WORD,but,G1161,8,Romans 8:6,Epistles,New Testament,Romans,ASV
PHRASE,to be,G5427,8,Romans 8:6,Epistles,New Testament,Romans,ASV
WORD,spiritually,G4151,8,Romans 8:6,Epistles,New Testament,Romans,ASV
WORD,minded,G5427,8,Romans 8:6,Epistles,New Testament,Romans,ASV
WORD,[is],,8,Romans 8:6,Epistles,New Testament,Romans,ASV
WORD,life,G2222,8,Romans 8:6,Epistles,New Testament,Romans,ASV
WORD,and,G2532,8,Romans 8:6,Epistles,New Testament,Romans,ASV
WORD,peace.,G1515,8,Romans 8:6,Epistles,New Testament,Romans,ASV
WORD,Because,G1360,8,Romans 8:7,Epistles,New Testament,Romans,ASV
WORD,the,G3588,8,Romans 8:7,Epistles,New Testament,Romans,ASV
WORD,carnal,G4561,8,Romans 8:7,Epistles,New Testament,Romans,ASV
WORD,mind,G5427,8,Romans 8:7,Epistles,New Testament,Romans,ASV
WORD,[is],,8,Romans 8:7,Epistles,New Testament,Romans,ASV
WORD,enmity,G2189,8,Romans 8:7,Epistles,New Testament,Romans,ASV
WORD,against,G1519,8,Romans 8:7,Epistles,New Testament,Romans,ASV
WORD,God:,G2316,8,Romans 8:7,Epistles,New Testament,Romans,ASV
WORD,for,G1063,8,Romans 8:7,Epistles,New Testament,Romans,ASV
PHRASE,it is,G5293,8,Romans 8:7,Epistles,New Testament,Romans,ASV
WORD,not,G3756,8,Romans 8:7,Epistles,New Testament,Romans,ASV
WORD,subject,G5293,8,Romans 8:7,Epistles,New Testament,Romans,ASV
PHRASE,to the,G3588,8,Romans 8:7,Epistles,New Testament,Romans,ASV
WORD,law,G3551,8,Romans 8:7,Epistles,New Testament,Romans,ASV
PHRASE,"of God,",G2316,8,Romans 8:7,Epistles,New Testament,Romans,ASV
WORD,neither,G3761,8,Romans 8:7,Epistles,New Testament,Romans,ASV
WORD,indeed,G1063,8,Romans 8:7,Epistles,New Testament,Romans,ASV
PHRASE,can be.,G1410,8,Romans 8:7,Epistles,New Testament,Romans,ASV
PHRASE,So then,G1161,8,Romans 8:8,Epistles,New Testament,Romans,ASV
WORD,they,G3588,8,Romans 8:8,Epistles,New Testament,Romans,ASV
PHRASE,that are,G5607,8,Romans 8:8,Epistles,New Testament,Romans,ASV
WORD,in,G1722,8,Romans 8:8,Epistles,New Testament,Romans,ASV
PHRASE,the flesh,G4561,8,Romans 8:8,Epistles,New Testament,Romans,ASV
WORD,cannot,G3756,8,Romans 8:8,Epistles,New Testament,Romans,ASV
WORD,please,G700,8,Romans 8:8,Epistles,New Testament,Romans,ASV
WORD,God.,G2316,8,Romans 8:8,Epistles,New Testament,Romans,ASV
WORD,But,G1161,8,Romans 8:9,Epistles,New Testament,Romans,ASV
WORD,ye,G5210,8,Romans 8:9,Epistles,New Testament,Romans,ASV
WORD,are,G2075,8,Romans 8:9,Epistles,New Testament,Romans,ASV
WORD,not,G3756,8,Romans 8:9,Epistles,New Testament,Romans,ASV
WORD,in,G1722,8,Romans 8:9,Epistles,New Testament,Romans,ASV
PHRASE,"the flesh,",G4561,8,Romans 8:9,Epistles,New Testament,Romans,ASV
WORD,but,G235,8,Romans 8:9,Epistles,New Testament,Romans,ASV
WORD,in,G1722,8,Romans 8:9,Epistles,New Testament,Romans,ASV
PHRASE,"the Spirit,",G4151,8,Romans 8:9,Epistles,New Testament,Romans,ASV
PHRASE,if so be,G1512,8,Romans 8:9,Epistles,New Testament,Romans,ASV
PHRASE,that the Spirit,G4151,8,Romans 8:9,Epistles,New Testament,Romans,ASV
PHRASE,of God,G2316,8,Romans 8:9,Epistles,New Testament,Romans,ASV
WORD,dwell,G3611,8,Romans 8:9,Epistles,New Testament,Romans,ASV
WORD,in,G1722,8,Romans 8:9,Epistles,New Testament,Romans,ASV
WORD,you.,G5213,8,Romans 8:9,Epistles,New Testament,Romans,ASV
WORD,Now,G1161,8,Romans 8:9,Epistles,New Testament,Romans,ASV
WORD,if,G1487,8,Romans 8:9,Epistles,New Testament,Romans,ASV
PHRASE,any man,G5100,8,Romans 8:9,Epistles,New Testament,Romans,ASV
WORD,have,G2192,8,Romans 8:9,Epistles,New Testament,Romans,ASV
WORD,not,G3756,8,Romans 8:9,Epistles,New Testament,Romans,ASV
PHRASE,the Spirit,G4151,8,Romans 8:9,Epistles,New Testament,Romans,ASV
PHRASE,"of Christ,",G5547,8,Romans 8:9,Epistles,New Testament,Romans,ASV
WORD,he,G3778,8,Romans 8:9,Epistles,New Testament,Romans,ASV
WORD,is,G2076,8,Romans 8:9,Epistles,New Testament,Romans,ASV
WORD,none,G3756,8,Romans 8:9,Epistles,New Testament,Romans,ASV
PHRASE,of his.,G846,8,Romans 8:9,Epistles,New Testament,Romans,ASV
WORD,And,G1161,8,Romans 8:10,Epistles,New Testament,Romans,ASV
WORD,if,G1487,8,Romans 8:10,Epistles,New Testament,Romans,ASV
WORD,Christ,G5547,8,Romans 8:10,Epistles,New Testament,Romans,ASV
WORD,[be],,8,Romans 8:10,Epistles,New Testament,Romans,ASV
WORD,in,G1722,8,Romans 8:10,Epistles,New Testament,Romans,ASV
WORD,"you,",G5213,8,Romans 8:10,Epistles,New Testament,Romans,ASV
WORD,the,G3588,8,Romans 8:10,Epistles,New Testament,Romans,ASV
WORD,body,G4983,8,Romans 8:10,Epistles,New Testament,Romans,ASV
WORD,[is],,8,Romans 8:10,Epistles,New Testament,Romans,ASV
WORD,dead,G3498,8,Romans 8:10,Epistles,New Testament,Romans,ASV
WORD,because,G1223,8,Romans 8:10,Epistles,New Testament,Romans,ASV
PHRASE,of sin;,G266,8,Romans 8:10,Epistles,New Testament,Romans,ASV
WORD,but,G1161,8,Romans 8:10,Epistles,New Testament,Romans,ASV
WORD,the,G3588,8,Romans 8:10,Epistles,New Testament,Romans,ASV
WORD,Spirit,G4151,8,Romans 8:10,Epistles,New Testament,Romans,ASV
WORD,[is],,8,Romans 8:10,Epistles,New Testament,Romans,ASV
WORD,life,G2222,8,Romans 8:10,Epistles,New Testament,Romans,ASV
WORD,because,G1223,8,Romans 8:10,Epistles,New Testament,Romans,ASV
PHRASE,of righteousness.,G1343,8,Romans 8:10,Epistles,New Testament,Romans,ASV
WORD,But,G1161,8,Romans 8:11,Epistles,New Testament,Romans,ASV
WORD,if,G1487,8,Romans 8:11,Epistles,New Testament,Romans,ASV
WORD,the,G3588,8,Romans 8:11,Epistles,New Testament,Romans,ASV
WORD,Spirit,G4151,8,Romans 8:11,Epistles,New Testament,Romans,ASV
PHRASE,of him,G3588,8,Romans 8:11,Epistles,New Testament,Romans,ASV
PHRASE,that raised up,G1453,8,Romans 8:11,Epistles,New Testament,Romans,ASV
WORD,Jesus,G2424,8,Romans 8:11,Epistles,New Testament,Romans,ASV
WORD,from,G1537,8,Romans 8:11,Epistles,New Testament,Romans,ASV
PHRASE,the dead,G3498,8,Romans 8:11,Epistles,New Testament,Romans,ASV
WORD,dwell,G3611,8,Romans 8:11,Epistles,New Testament,Romans,ASV
WORD,in,G1722,8,Romans 8:11,Epistles,New Testament,Romans,ASV
WORD,"you,",G5213,8,Romans 8:11,Epistles,New Testament,Romans,ASV
PHRASE,he that raised up,G1453,8,Romans 8:11,Epistles,New Testament,Romans,ASV
WORD,Christ,G5547,8,Romans 8:11,Epistles,New Testament,Romans,ASV
WORD,from,G1537,8,Romans 8:11,Epistles,New Testament,Romans,ASV
PHRASE,the dead,G3498,8,Romans 8:11,Epistles,New Testament,Romans,ASV
WORD,shall,G2227,8,Romans 8:11,Epistles,New Testament,Romans,ASV
WORD,also,G2532,8,Romans 8:11,Epistles,New Testament,Romans,ASV
WORD,quicken,G2227,8,Romans 8:11,Epistles,New Testament,Romans,ASV
WORD,your,G5216,8,Romans 8:11,Epistles,New Testament,Romans,ASV
WORD,mortal,G2349,8,Romans 8:11,Epistles,New Testament,Romans,ASV
WORD,bodies,G4983,8,Romans 8:11,Epistles,New Testament,Romans,ASV
WORD,by,G1223,8,Romans 8:11,Epistles,New Testament,Romans,ASV
WORD,his,G846,8,Romans 8:11,Epistles,New Testament,Romans,ASV
WORD,Spirit,G4151,8,Romans 8:11,Epistles,New Testament,Romans,ASV
PHRASE,that dwelleth,G1774,8,Romans 8:11,Epistles,New Testament,Romans,ASV
WORD,in,G1722,8,Romans 8:11,Epistles,New Testament,Romans,ASV
WORD,you.,G5213,8,Romans 8:11,Epistles,New Testament,Romans,ASV
WORD,"Therefore,",G686,8,Romans 8:12,Epistles,New Testament,Romans,ASV
WORD,,G3767,8,Romans 8:12,Epistles,New Testament,Romans,ASV
WORD,"brethren,",G80,8,Romans 8:12,Epistles,New Testament,Romans,ASV
PHRASE,we are,G2070,8,Romans 8:12,Epistles,New Testament,Romans,ASV
WORD,"debtors,",G3781,8,Romans 8:12,Epistles,New Testament,Romans,ASV
WORD,not,G3756,8,Romans 8:12,Epistles,New Testament,Romans,ASV
PHRASE,to the,G3588,8,Romans 8:12,Epistles,New Testament,Romans,ASV
WORD,"flesh,",G4561,8,Romans 8:12,Epistles,New Testament,Romans,ASV
PHRASE,to live,G2198,8,Romans 8:12,Epistles,New Testament,Romans,ASV
WORD,after,G2596,8,Romans 8:12,Epistles,New Testament,Romans,ASV
PHRASE,the flesh.,G4561,8,Romans 8:12,Epistles,New Testament,Romans,ASV
WORD,For,G1063,8,Romans 8:13,Epistles,New Testament,Romans,ASV
WORD,if,G1487,8,Romans 8:13,Epistles,New Testament,Romans,ASV
PHRASE,ye live,G2198,8,Romans 8:13,Epistles,New Testament,Romans,ASV
WORD,after,G2596,8,Romans 8:13,Epistles,New Testament,Romans,ASV
PHRASE,"the flesh,",G4561,8,Romans 8:13,Epistles,New Testament,Romans,ASV
PHRASE,ye shall,G3195,8,Romans 8:13,Epistles,New Testament,Romans,ASV
WORD,die:,G599,8,Romans 8:13,Epistles,New Testament,Romans,ASV
WORD,but,G1161,8,Romans 8:13,Epistles,New Testament,Romans,ASV
WORD,if,G1487,8,Romans 8:13,Epistles,New Testament,Romans,ASV
WORD,ye,G2289,8,Romans 8:13,Epistles,New Testament,Romans,ASV
PHRASE,through the Spirit,G4151,8,Romans 8:13,Epistles,New Testament,Romans,ASV
PHRASE,do mortify,G2289,8,Romans 8:13,Epistles,New Testament,Romans,ASV
WORD,the,G3588,8,Romans 8:13,Epistles,New Testament,Romans,ASV
WORD,deeds,G4234,8,Romans 8:13,Epistles,New Testament,Romans,ASV
PHRASE,of the,G3588,8,Romans 8:13,Epistles,New Testament,Romans,ASV
WORD,"body,",G4983,8,Romans 8:13,Epistles,New Testament,Romans,ASV
PHRASE,ye shall live.,G2198,8,Romans 8:13,Epistles,New Testament,Romans,ASV
WORD,For,G1063,8,Romans 8:14,Epistles,New Testament,Romans,ASV
PHRASE,as many as,G3745,8,Romans 8:14,Epistles,New Testament,Romans,ASV
PHRASE,are led,G71,8,Romans 8:14,Epistles,New Testament,Romans,ASV
PHRASE,by the Spirit,G4151,8,Romans 8:14,Epistles,New Testament,Romans,ASV
PHRASE,"of God,",G2316,8,Romans 8:14,Epistles,New Testament,Romans,ASV
WORD,they,G3778,8,Romans 8:14,Epistles,New Testament,Romans,ASV
WORD,are,G1526,8,Romans 8:14,Epistles,New Testament,Romans,ASV
PHRASE,the sons,G5207,8,Romans 8:14,Epistles,New Testament,Romans,ASV
PHRASE,of God.,G2316,8,Romans 8:14,Epistles,New Testament,Romans,ASV
WORD,For,G1063,8,Romans 8:15,Epistles,New Testament,Romans,ASV
PHRASE,ye have,G2983,8,Romans 8:15,Epistles,New Testament,Romans,ASV
WORD,not,G3756,8,Romans 8:15,Epistles,New Testament,Romans,ASV
WORD,received,G2983,8,Romans 8:15,Epistles,New Testament,Romans,ASV
PHRASE,the spirit,G4151,8,Romans 8:15,Epistles,New Testament,Romans,ASV
PHRASE,of bondage,G1397,8,Romans 8:15,Epistles,New Testament,Romans,ASV
WORD,again,G3825,8,Romans 8:15,Epistles,New Testament,Romans,ASV
WORD,to,G1519,8,Romans 8:15,Epistles,New Testament,Romans,ASV
WORD,fear;,G5401,8,Romans 8:15,Epistles,New Testament,Romans,ASV
WORD,but,G235,8,Romans 8:15,Epistles,New Testament,Romans,ASV
PHRASE,ye have received,G2983,8,Romans 8:15,Epistles,New Testament,Romans,ASV
PHRASE,the Spirit,G4151,8,Romans 8:15,Epistles,New Testament,Romans,ASV
PHRASE,"of adoption,",G5206,8,Romans 8:15,Epistles,New Testament,Romans,ASV
WORD,whereby,G1722,8,Romans 8:15,Epistles,New Testament,Romans,ASV
WORD,,G3739,8,Romans 8:15,Epistles,New Testament,Romans,ASV
PHRASE,"we cry,",G2896,8,Romans 8:15,Epistles,New Testament,Romans,ASV
WORD,"Abba,",G5,8,Romans 8:15,Epistles,New Testament,Romans,ASV
WORD,Father.,G3962,8,Romans 8:15,Epistles,New Testament,Romans,ASV
WORD,The,G3588,8,Romans 8:16,Epistles,New Testament,Romans,ASV
WORD,Spirit,G4151,8,Romans 8:16,Epistles,New Testament,Romans,ASV
WORD,itself,G846,8,Romans 8:16,Epistles,New Testament,Romans,ASV
PHRASE,beareth witness,G4828,8,Romans 8:16,Epistles,New Testament,Romans,ASV
PHRASE,with our,G2257,8,Romans 8:16,Epistles,New Testament,Romans,ASV
WORD,"spirit,",G4151,8,Romans 8:16,Epistles,New Testament,Romans,ASV
WORD,that,G3754,8,Romans 8:16,Epistles,New Testament,Romans,ASV
PHRASE,we are,G2070,8,Romans 8:16,Epistles,New Testament,Romans,ASV
PHRASE,the children,G5043,8,Romans 8:16,Epistles,New Testament,Romans,ASV
PHRASE,of God:,G2316,8,Romans 8:16,Epistles,New Testament,Romans,ASV
WORD,And,G1161,8,Romans 8:17,Epistles,New Testament,Romans,ASV
WORD,if,G1487,8,Romans 8:17,Epistles,New Testament,Romans,ASV
WORD,"children,",G5043,8,Romans 8:17,Epistles,New Testament,Romans,ASV
WORD,then,G2532,8,Romans 8:17,Epistles,New Testament,Romans,ASV
WORD,heirs;,G2818,8,Romans 8:17,Epistles,New Testament,Romans,ASV
WORD,heirs,G2818,8,Romans 8:17,Epistles,New Testament,Romans,ASV
PHRASE,"of God,",G2316,8,Romans 8:17,Epistles,New Testament,Romans,ASV
WORD,and,G1161,8,Romans 8:17,Epistles,New Testament,Romans,ASV
WORD,joint-heirs,G4789,8,Romans 8:17,Epistles,New Testament,Romans,ASV
PHRASE,with Christ;,G5547,8,Romans 8:17,Epistles,New Testament,Romans,ASV
PHRASE,if so be,G1512,8,Romans 8:17,Epistles,New Testament,Romans,ASV
PHRASE,that we suffer with,G4841,8,Romans 8:17,Epistles,New Testament,Romans,ASV
WORD,"[him],",,8,Romans 8:17,Epistles,New Testament,Romans,ASV
WORD,that,G2443,8,Romans 8:17,Epistles,New Testament,Romans,ASV
PHRASE,we may be,G4888,8,Romans 8:17,Epistles,New Testament,Romans,ASV
WORD,also,G2532,8,Romans 8:17,Epistles,New Testament,Romans,ASV
PHRASE,glorified together.,G4888,8,Romans 8:17,Epistles,New Testament,Romans,ASV
WORD,For,G1063,8,Romans 8:18,Epistles,New Testament,Romans,ASV
PHRASE,I reckon,G3049,8,Romans 8:18,Epistles,New Testament,Romans,ASV
WORD,that,G3754,8,Romans 8:18,Epistles,New Testament,Romans,ASV
WORD,the,G3588,8,Romans 8:18,Epistles,New Testament,Romans,ASV
WORD,sufferings,G3804,8,Romans 8:18,Epistles,New Testament,Romans,ASV
PHRASE,of this,G3588,8,Romans 8:18,Epistles,New Testament,Romans,ASV
WORD,present,G3568,8,Romans 8:18,Epistles,New Testament,Romans,ASV
WORD,time,G2540,8,Romans 8:18,Epistles,New Testament,Romans,ASV
WORD,[are],,8,Romans 8:18,Epistles,New Testament,Romans,ASV
WORD,not,G3756,8,Romans 8:18,Epistles,New Testament,Romans,ASV
WORD,worthy,G514,8,Romans 8:18,Epistles,New Testament,Romans,ASV
PHRASE,[to be compared],,8,Romans 8:18,Epistles,New Testament,Romans,ASV
WORD,with,G4314,8,Romans 8:18,Epistles,New Testament,Romans,ASV
PHRASE,the glory,G1391,8,Romans 8:18,Epistles,New Testament,Romans,ASV
PHRASE,which shall,G3195,8,Romans 8:18,Epistles,New Testament,Romans,ASV
PHRASE,be revealed,G601,8,Romans 8:18,Epistles,New Testament,Romans,ASV
WORD,in,G1519,8,Romans 8:18,Epistles,New Testament,Romans,ASV
WORD,us.,G2248,8,Romans 8:18,Epistles,New Testament,Romans,ASV
WORD,For,G1063,8,Romans 8:19,Epistles,New Testament,Romans,ASV
WORD,the,G3588,8,Romans 8:19,Epistles,New Testament,Romans,ASV
PHRASE,earnest expectation,G603,8,Romans 8:19,Epistles,New Testament,Romans,ASV
PHRASE,of the,G3588,8,Romans 8:19,Epistles,New Testament,Romans,ASV
WORD,creature,G2937,8,Romans 8:19,Epistles,New Testament,Romans,ASV
WORD,waiteth,G553,8,Romans 8:19,Epistles,New Testament,Romans,ASV
PHRASE,for the,G3588,8,Romans 8:19,Epistles,New Testament,Romans,ASV
WORD,manifestation,G602,8,Romans 8:19,Epistles,New Testament,Romans,ASV
PHRASE,of the,G3588,8,Romans 8:19,Epistles,New Testament,Romans,ASV
WORD,sons,G5207,8,Romans 8:19,Epistles,New Testament,Romans,ASV
PHRASE,of God.,G2316,8,Romans 8:19,Epistles,New Testament,Romans,ASV
WORD,For,G1063,8,Romans 8:20,Epistles,New Testament,Romans,ASV
WORD,the,G3588,8,Romans 8:20,Epistles,New Testament,Romans,ASV
WORD,creature,G2937,8,Romans 8:20,Epistles,New Testament,Romans,ASV
PHRASE,was made subject,G5293,8,Romans 8:20,Epistles,New Testament,Romans,ASV
PHRASE,"to vanity,",G3153,8,Romans 8:20,Epistles,New Testament,Romans,ASV
WORD,not,G3756,8,Romans 8:20,Epistles,New Testament,Romans,ASV
WORD,"willingly,",G1635,8,Romans 8:20,Epistles,New Testament,Romans,ASV
WORD,but,G235,8,Romans 8:20,Epistles,New Testament,Romans,ASV
PHRASE,by reason,G1223,8,Romans 8:20,Epistles,New Testament,Romans,ASV
PHRASE,of him,G3588,8,Romans 8:20,Epistles,New Testament,Romans,ASV
PHRASE,who hath subjected,G5293,8,Romans 8:20,Epistles,New Testament,Romans,ASV
PHRASE,[the same],,8,Romans 8:20,Epistles,New Testament,Romans,ASV
WORD,in,G1909,8,Romans 8:20,Epistles,New Testament,Romans,ASV
WORD,"hope,",G1680,8,Romans 8:20,Epistles,New Testament,Romans,ASV
WORD,Because,G3754,8,Romans 8:21,Epistles,New Testament,Romans,ASV
WORD,the,G3588,8,Romans 8:21,Epistles,New Testament,Romans,ASV
WORD,creature,G2937,8,Romans 8:21,Epistles,New Testament,Romans,ASV
WORD,itself,G846,8,Romans 8:21,Epistles,New Testament,Romans,ASV
WORD,also,G2532,8,Romans 8:21,Epistles,New Testament,Romans,ASV
PHRASE,shall be delivered,G1659,8,Romans 8:21,Epistles,New Testament,Romans,ASV
WORD,from,G575,8,Romans 8:21,Epistles,New Testament,Romans,ASV
WORD,the,G3588,8,Romans 8:21,Epistles,New Testament,Romans,ASV
WORD,bondage,G1397,8,Romans 8:21,Epistles,New Testament,Romans,ASV
PHRASE,of corruption,G5356,8,Romans 8:21,Epistles,New Testament,Romans,ASV
WORD,into,G1519,8,Romans 8:21,Epistles,New Testament,Romans,ASV
WORD,the,G3588,8,Romans 8:21,Epistles,New Testament,Romans,ASV
WORD,glorious,G1391,8,Romans 8:21,Epistles,New Testament,Romans,ASV
WORD,liberty,G1657,8,Romans 8:21,Epistles,New Testament,Romans,ASV
PHRASE,of the,G3588,8,Romans 8:21,Epistles,New Testament,Romans,ASV
WORD,children,G5043,8,Romans 8:21,Epistles,New Testament,Romans,ASV
PHRASE,of God.,G2316,8,Romans 8:21,Epistles,New Testament,Romans,ASV
WORD,For,G1063,8,Romans 8:22,Epistles,New Testament,Romans,ASV
PHRASE,we know,G1492,8,Romans 8:22,Epistles,New Testament,Romans,ASV
WORD,that,G3754,8,Romans 8:22,Epistles,New Testament,Romans,ASV
WORD,the,G3588,8,Romans 8:22,Epistles,New Testament,Romans,ASV
WORD,whole,G3956,8,Romans 8:22,Epistles,New Testament,Romans,ASV
WORD,creation,G2937,8,Romans 8:22,Epistles,New Testament,Romans,ASV
WORD,groaneth,G4959,8,Romans 8:22,Epistles,New Testament,Romans,ASV
WORD,and,G2532,8,Romans 8:22,Epistles,New Testament,Romans,ASV
PHRASE,travaileth in pain together,G4944,8,Romans 8:22,Epistles,New Testament,Romans,ASV
WORD,until,G891,8,Romans 8:22,Epistles,New Testament,Romans,ASV
WORD,now.,G3568,8,Romans 8:22,Epistles,New Testament,Romans,ASV
WORD,And,G1161,8,Romans 8:23,Epistles,New Testament,Romans,ASV
WORD,not,G3756,8,Romans 8:23,Epistles,New Testament,Romans,ASV
WORD,only,G3440,8,Romans 8:23,Epistles,New Testament,Romans,ASV
WORD,"[they],",,8,Romans 8:23,Epistles,New Testament,Romans,ASV
WORD,but,G235,8,Romans 8:23,Epistles,New Testament,Romans,ASV
WORD,ourselves,G846,8,Romans 8:23,Epistles,New Testament,Romans,ASV
WORD,"also,",G2532,8,Romans 8:23,Epistles,New Testament,Romans,ASV
PHRASE,which have,G2192,8,Romans 8:23,Epistles,New Testament,Romans,ASV
WORD,the,G3588,8,Romans 8:23,Epistles,New Testament,Romans,ASV
WORD,firstfruits,G536,8,Romans 8:23,Epistles,New Testament,Romans,ASV
PHRASE,of the,G3588,8,Romans 8:23,Epistles,New Testament,Romans,ASV
WORD,"Spirit,",G4151,8,Romans 8:23,Epistles,New Testament,Romans,ASV
WORD,even,G2532,8,Romans 8:23,Epistles,New Testament,Romans,ASV
WORD,we,G2249,8,Romans 8:23,Epistles,New Testament,Romans,ASV
WORD,ourselves,G846,8,Romans 8:23,Epistles,New Testament,Romans,ASV
WORD,groan,G4727,8,Romans 8:23,Epistles,New Testament,Romans,ASV
WORD,within,G1722,8,Romans 8:23,Epistles,New Testament,Romans,ASV
WORD,"ourselves,",G1438,8,Romans 8:23,Epistles,New Testament,Romans,ASV
WORD,waiting,G553,8,Romans 8:23,Epistles,New Testament,Romans,ASV
PHRASE,"for the adoption,",G5206,8,Romans 8:23,Epistles,New Testament,Romans,ASV
PHRASE,"[to wit],",,8,Romans 8:23,Epistles,New Testament,Romans,ASV
WORD,the,G3588,8,Romans 8:23,Epistles,New Testament,Romans,ASV
WORD,redemption,G629,8,Romans 8:23,Epistles,New Testament,Romans,ASV
PHRASE,of our,G2257,8,Romans 8:23,Epistles,New Testament,Romans,ASV
WORD,body.,G4983,8,Romans 8:23,Epistles,New Testament,Romans,ASV
WORD,For,G1063,8,Romans 8:24,Epistles,New Testament,Romans,ASV
PHRASE,we are saved,G4982,8,Romans 8:24,Epistles,New Testament,Romans,ASV
PHRASE,by hope:,G1680,8,Romans 8:24,Epistles,New Testament,Romans,ASV
WORD,but,G1161,8,Romans 8:24,Epistles,New Testament,Romans,ASV
WORD,hope,G1680,8,Romans 8:24,Epistles,New Testament,Romans,ASV
PHRASE,that is seen,G991,8,Romans 8:24,Epistles,New Testament,Romans,ASV
WORD,is,G2076,8,Romans 8:24,Epistles,New Testament,Romans,ASV
WORD,not,G3756,8,Romans 8:24,Epistles,New Testament,Romans,ASV
WORD,hope:,G1680,8,Romans 8:24,Epistles,New Testament,Romans,ASV
WORD,for,G1063,8,Romans 8:24,Epistles,New Testament,Romans,ASV
WORD,what,G3739,8,Romans 8:24,Epistles,New Testament,Romans,ASV
PHRASE,a man,G5100,8,Romans 8:24,Epistles,New Testament,Romans,ASV
WORD,"seeth,",G991,8,Romans 8:24,Epistles,New Testament,Romans,ASV
WORD,why,G5101,8,Romans 8:24,Epistles,New Testament,Romans,ASV
PHRASE,doth he,G1679,8,Romans 8:24,Epistles,New Testament,Romans,ASV
WORD,yet,G2532,8,Romans 8:24,Epistles,New Testament,Romans,ASV
PHRASE,hope for?,G1679,8,Romans 8:24,Epistles,New Testament,Romans,ASV
WORD,But,G1161,8,Romans 8:25,Epistles,New Testament,Romans,ASV
WORD,if,G1487,8,Romans 8:25,Epistles,New Testament,Romans,ASV
PHRASE,we hope,G1679,8,Romans 8:25,Epistles,New Testament,Romans,ASV
PHRASE,for that,G3739,8,Romans 8:25,Epistles,New Testament,Romans,ASV
PHRASE,we see,G991,8,Romans 8:25,Epistles,New Testament,Romans,ASV
WORD,"not,",G3756,8,Romans 8:25,Epistles,New Testament,Romans,ASV
WORD,[then],,8,Romans 8:25,Epistles,New Testament,Romans,ASV
PHRASE,do we,G553,8,Romans 8:25,Epistles,New Testament,Romans,ASV
WORD,with,G1223,8,Romans 8:25,Epistles,New Testament,Romans,ASV
WORD,patience,G5281,8,Romans 8:25,Epistles,New Testament,Romans,ASV
PHRASE,wait for,G553,8,Romans 8:25,Epistles,New Testament,Romans,ASV
WORD,[it].,,8,Romans 8:25,Epistles,New Testament,Romans,ASV
WORD,Likewise,G5615,8,Romans 8:26,Epistles,New Testament,Romans,ASV
WORD,the,G3588,8,Romans 8:26,Epistles,New Testament,Romans,ASV
WORD,Spirit,G4151,8,Romans 8:26,Epistles,New Testament,Romans,ASV
WORD,also,G2532,8,Romans 8:26,Epistles,New Testament,Romans,ASV
WORD,helpeth,G4878,8,Romans 8:26,Epistles,New Testament,Romans,ASV
WORD,our,G2257,8,Romans 8:26,Epistles,New Testament,Romans,ASV
WORD,infirmities:,G769,8,Romans 8:26,Epistles,New Testament,Romans,ASV
WORD,for,G1063,8,Romans 8:26,Epistles,New Testament,Romans,ASV
PHRASE,we know,G1492,8,Romans 8:26,Epistles,New Testament,Romans,ASV
WORD,not,G3756,8,Romans 8:26,Epistles,New Testament,Romans,ASV
WORD,what,G5101,8,Romans 8:26,Epistles,New Testament,Romans,ASV
PHRASE,we should pray for,G4336,8,Romans 8:26,Epistles,New Testament,Romans,ASV
WORD,as,G2526,8,Romans 8:26,Epistles,New Testament,Romans,ASV
PHRASE,we ought:,G1163,8,Romans 8:26,Epistles,New Testament,Romans,ASV
WORD,but,G235,8,Romans 8:26,Epistles,New Testament,Romans,ASV
WORD,the,G3588,8,Romans 8:26,Epistles,New Testament,Romans,ASV
WORD,Spirit,G4151,8,Romans 8:26,Epistles,New Testament,Romans,ASV
WORD,itself,G846,8,Romans 8:26,Epistles,New Testament,Romans,ASV
PHRASE,maketh intercession,G5241,8,Romans 8:26,Epistles,New Testament,Romans,ASV
WORD,for,G5228,8,Romans 8:26,Epistles,New Testament,Romans,ASV
WORD,us,G2257,8,Romans 8:26,Epistles,New Testament,Romans,ASV
PHRASE,with groanings,G4726,8,Romans 8:26,Epistles,New Testament,Romans,ASV
PHRASE,which cannot be uttered.,G215,8,Romans 8:26,Epistles,New Testament,Romans,ASV
WORD,And,G1161,8,Romans 8:27,Epistles,New Testament,Romans,ASV
PHRASE,he that searcheth,G2045,8,Romans 8:27,Epistles,New Testament,Romans,ASV
WORD,the,G3588,8,Romans 8:27,Epistles,New Testament,Romans,ASV
WORD,hearts,G2588,8,Romans 8:27,Epistles,New Testament,Romans,ASV
WORD,knoweth,G1492,8,Romans 8:27,Epistles,New Testament,Romans,ASV
WORD,what,G5101,8,Romans 8:27,Epistles,New Testament,Romans,ASV
WORD,[is],,8,Romans 8:27,Epistles,New Testament,Romans,ASV
WORD,the,G3588,8,Romans 8:27,Epistles,New Testament,Romans,ASV
WORD,mind,G5427,8,Romans 8:27,Epistles,New Testament,Romans,ASV
PHRASE,of the,G3588,8,Romans 8:27,Epistles,New Testament,Romans,ASV
WORD,"Spirit,",G4151,8,Romans 8:27,Epistles,New Testament,Romans,ASV
WORD,because,G3754,8,Romans 8:27,Epistles,New Testament,Romans,ASV
PHRASE,he maketh intercession,G1793,8,Romans 8:27,Epistles,New Testament,Romans,ASV
WORD,for,G5228,8,Romans 8:27,Epistles,New Testament,Romans,ASV
PHRASE,the saints,G40,8,Romans 8:27,Epistles,New Testament,Romans,ASV
WORD,according,G2596,8,Romans 8:27,Epistles,New Testament,Romans,ASV
PHRASE,to [the will of] God.,G2316,8,Romans 8:27,Epistles,New Testament,Romans,ASV
WORD,And,G1161,8,Romans 8:28,Epistles,New Testament,Romans,ASV
PHRASE,we know,G1492,8,Romans 8:28,Epistles,New Testament,Romans,ASV
PHRASE,that all things,G3956,8,Romans 8:28,Epistles,New Testament,Romans,ASV
PHRASE,work together,G4903,8,Romans 8:28,Epistles,New Testament,Romans,ASV
WORD,for,G1519,8,Romans 8:28,Epistles,New Testament,Romans,ASV
WORD,good,G18,8,Romans 8:28,Epistles,New Testament,Romans,ASV
PHRASE,to them that,G3754,8,Romans 8:28,Epistles,New Testament,Romans,ASV
WORD,love,G25,8,Romans 8:28,Epistles,New Testament,Romans,ASV
WORD,"God,",G2316,8,Romans 8:28,Epistles,New Testament,Romans,ASV
PHRASE,to them who are,G5607,8,Romans 8:28,Epistles,New Testament,Romans,ASV
PHRASE,the called,G2822,8,Romans 8:28,Epistles,New Testament,Romans,ASV
PHRASE,according to,G2596,8,Romans 8:28,Epistles,New Testament,Romans,ASV
WORD,[his],,8,Romans 8:28,Epistles,New Testament,Romans,ASV
WORD,purpose.,G4286,8,Romans 8:28,Epistles,New Testament,Romans,ASV
WORD,For,G3754,8,Romans 8:29,Epistles,New Testament,Romans,ASV
WORD,whom,G3739,8,Romans 8:29,Epistles,New Testament,Romans,ASV
PHRASE,"he did foreknow,",G4267,8,Romans 8:29,Epistles,New Testament,Romans,ASV
WORD,he,G4309,8,Romans 8:29,Epistles,New Testament,Romans,ASV
WORD,also,G2532,8,Romans 8:29,Epistles,New Testament,Romans,ASV
PHRASE,did predestinate,G4309,8,Romans 8:29,Epistles,New Testament,Romans,ASV
PHRASE,[to be],,8,Romans 8:29,Epistles,New Testament,Romans,ASV
WORD,conformed,G4832,8,Romans 8:29,Epistles,New Testament,Romans,ASV
PHRASE,to the,G3588,8,Romans 8:29,Epistles,New Testament,Romans,ASV
WORD,image,G1504,8,Romans 8:29,Epistles,New Testament,Romans,ASV
PHRASE,of his,G846,8,Romans 8:29,Epistles,New Testament,Romans,ASV
WORD,"Son,",G5207,8,Romans 8:29,Epistles,New Testament,Romans,ASV
WORD,that,G1519,8,Romans 8:29,Epistles,New Testament,Romans,ASV
WORD,he,G846,8,Romans 8:29,Epistles,New Testament,Romans,ASV
PHRASE,might be,G1511,8,Romans 8:29,Epistles,New Testament,Romans,ASV
PHRASE,the firstborn,G4416,8,Romans 8:29,Epistles,New Testament,Romans,ASV
WORD,among,G1722,8,Romans 8:29,Epistles,New Testament,Romans,ASV
WORD,many,G4183,8,Romans 8:29,Epistles,New Testament,Romans,ASV
WORD,brethren.,G80,8,Romans 8:29,Epistles,New Testament,Romans,ASV
WORD,Moreover,G1161,8,Romans 8:30,Epistles,New Testament,Romans,ASV
WORD,whom,G3739,8,Romans 8:30,Epistles,New Testament,Romans,ASV
PHRASE,"he did predestinate,",G4309,8,Romans 8:30,Epistles,New Testament,Romans,ASV
WORD,them,G5128,8,Romans 8:30,Epistles,New Testament,Romans,ASV
WORD,he,G2564,8,Romans 8:30,Epistles,New Testament,Romans,ASV
WORD,also,G2532,8,Romans 8:30,Epistles,New Testament,Romans,ASV
WORD,called:,G2564,8,Romans 8:30,Epistles,New Testament,Romans,ASV
WORD,and,G2532,8,Romans 8:30,Epistles,New Testament,Romans,ASV
WORD,whom,G3739,8,Romans 8:30,Epistles,New Testament,Romans,ASV
PHRASE,"he called,",G2564,8,Romans 8:30,Epistles,New Testament,Romans,ASV
WORD,them,G5128,8,Romans 8:30,Epistles,New Testament,Romans,ASV
WORD,he,G1344,8,Romans 8:30,Epistles,New Testament,Romans,ASV
WORD,also,G2532,8,Romans 8:30,Epistles,New Testament,Romans,ASV
WORD,justified:,G1344,8,Romans 8:30,Epistles,New Testament,Romans,ASV
WORD,and,G1161,8,Romans 8:30,Epistles,New Testament,Romans,ASV
WORD,whom,G3739,8,Romans 8:30,Epistles,New Testament,Romans,ASV
PHRASE,"he justified,",G1344,8,Romans 8:30,Epistles,New Testament,Romans,ASV
WORD,them,G5128,8,Romans 8:30,Epistles,New Testament,Romans,ASV
WORD,he,G1392,8,Romans 8:30,Epistles,New Testament,Romans,ASV
WORD,also,G2532,8,Romans 8:30,Epistles,New Testament,Romans,ASV
WORD,glorified.,G1392,8,Romans 8:30,Epistles,New Testament,Romans,ASV
WORD,What,G5101,8,Romans 8:31,Epistles,New Testament,Romans,ASV
PHRASE,shall we,G2046,8,Romans 8:31,Epistles,New Testament,Romans,ASV
WORD,then,G3767,8,Romans 8:31,Epistles,New Testament,Romans,ASV
WORD,say,G2046,8,Romans 8:31,Epistles,New Testament,Romans,ASV
WORD,to,G4314,8,Romans 8:31,Epistles,New Testament,Romans,ASV
PHRASE,these things?,G5023,8,Romans 8:31,Epistles,New Testament,Romans,ASV
WORD,If,G1487,8,Romans 8:31,Epistles,New Testament,Romans,ASV
WORD,God,G2316,8,Romans 8:31,Epistles,New Testament,Romans,ASV
WORD,[be],,8,Romans 8:31,Epistles,New Testament,Romans,ASV
WORD,for,G5228,8,Romans 8:31,Epistles,New Testament,Romans,ASV
WORD,"us,",G2257,8,Romans 8:31,Epistles,New Testament,Romans,ASV
WORD,who,G5101,8,Romans 8:31,Epistles,New Testament,Romans,ASV
PHRASE,[can be],,8,Romans 8:31,Epistles,New Testament,Romans,ASV
WORD,against,G2596,8,Romans 8:31,Epistles,New Testament,Romans,ASV
WORD,us?,G2257,8,Romans 8:31,Epistles,New Testament,Romans,ASV
PHRASE,He that,G3739,8,Romans 8:32,Epistles,New Testament,Romans,ASV
WORD,spared,G5339,8,Romans 8:32,Epistles,New Testament,Romans,ASV
WORD,not,G3756,8,Romans 8:32,Epistles,New Testament,Romans,ASV
PHRASE,his own,G2398,8,Romans 8:32,Epistles,New Testament,Romans,ASV
WORD,"Son,",G5207,8,Romans 8:32,Epistles,New Testament,Romans,ASV
WORD,but,G235,8,Romans 8:32,Epistles,New Testament,Romans,ASV
WORD,delivered,G3860,8,Romans 8:32,Epistles,New Testament,Romans,ASV
WORD,him,G846,8,Romans 8:32,Epistles,New Testament,Romans,ASV
WORD,up,G3860,8,Romans 8:32,Epistles,New Testament,Romans,ASV
WORD,for,G5228,8,Romans 8:32,Epistles,New Testament,Romans,ASV
WORD,us,G2257,8,Romans 8:32,Epistles,New Testament,Romans,ASV
WORD,"all,",G3956,8,Romans 8:32,Epistles,New Testament,Romans,ASV
WORD,how,G4459,8,Romans 8:32,Epistles,New Testament,Romans,ASV
PHRASE,shall he,G5483,8,Romans 8:32,Epistles,New Testament,Romans,ASV
WORD,not,G3780,8,Romans 8:32,Epistles,New Testament,Romans,ASV
WORD,with,G4862,8,Romans 8:32,Epistles,New Testament,Romans,ASV
WORD,him,G846,8,Romans 8:32,Epistles,New Testament,Romans,ASV
WORD,also,G2532,8,Romans 8:32,Epistles,New Testament,Romans,ASV
PHRASE,freely give,G5483,8,Romans 8:32,Epistles,New Testament,Romans,ASV
WORD,us,G2254,8,Romans 8:32,Epistles,New Testament,Romans,ASV
PHRASE,all things?,G3956,8,Romans 8:32,Epistles,New Testament,Romans,ASV
WORD,Who,G5101,8,Romans 8:33,Epistles,New Testament,Romans,ASV
PHRASE,shall lay any thing,G1458,8,Romans 8:33,Epistles,New Testament,Romans,ASV
PHRASE,to the charge,G2596,8,Romans 8:33,Epistles,New Testament,Romans,ASV
PHRASE,of God's,G2316,8,Romans 8:33,Epistles,New Testament,Romans,ASV
WORD,elect?,G1588,8,Romans 8:33,Epistles,New Testament,Romans,ASV
PHRASE,[It is],,8,Romans 8:33,Epistles,New Testament,Romans,ASV
WORD,God,G2316,8,Romans 8:33,Epistles,New Testament,Romans,ASV
PHRASE,that justifieth.,G1344,8,Romans 8:33,Epistles,New Testament,Romans,ASV
WORD,Who,G5101,8,Romans 8:34,Epistles,New Testament,Romans,ASV
WORD,[is],,8,Romans 8:34,Epistles,New Testament,Romans,ASV
PHRASE,he that,G3588,8,Romans 8:34,Epistles,New Testament,Romans,ASV
WORD,condemneth?,G2632,8,Romans 8:34,Epistles,New Testament,Romans,ASV
PHRASE,[It is],,8,Romans 8:34,Epistles,New Testament,Romans,ASV
WORD,Christ,G5547,8,Romans 8:34,Epistles,New Testament,Romans,ASV
PHRASE,"that died,",G599,8,Romans 8:34,Epistles,New Testament,Romans,ASV
WORD,yea,G1161,8,Romans 8:34,Epistles,New Testament,Romans,ASV
WORD,"rather,",G3123,8,Romans 8:34,Epistles,New Testament,Romans,ASV
PHRASE,"that is risen again,",G1453,8,Romans 8:34,Epistles,New Testament,Romans,ASV
WORD,who,G3739,8,Romans 8:34,Epistles,New Testament,Romans,ASV
WORD,is,G2076,8,Romans 8:34,Epistles,New Testament,Romans,ASV
WORD,even,G2532,8,Romans 8:34,Epistles,New Testament,Romans,ASV
WORD,at,G1722,8,Romans 8:34,Epistles,New Testament,Romans,ASV
PHRASE,the right hand,G1188,8,Romans 8:34,Epistles,New Testament,Romans,ASV
PHRASE,"of God,",G2316,8,Romans 8:34,Epistles,New Testament,Romans,ASV
WORD,who,G3739,8,Romans 8:34,Epistles,New Testament,Romans,ASV
WORD,also,G2532,8,Romans 8:34,Epistles,New Testament,Romans,ASV
PHRASE,maketh intercession,G1793,8,Romans 8:34,Epistles,New Testament,Romans,ASV
WORD,for,G5228,8,Romans 8:34,Epistles,New Testament,Romans,ASV
WORD,us.,G2257,8,Romans 8:34,Epistles,New Testament,Romans,ASV
WORD,Who,G5101,8,Romans 8:35,Epistles,New Testament,Romans,ASV
PHRASE,shall separate,G5563,8,Romans 8:35,Epistles,New Testament,Romans,ASV
WORD,us,G2248,8,Romans 8:35,Epistles,New Testament,Romans,ASV
WORD,from,G575,8,Romans 8:35,Epistles,New Testament,Romans,ASV
WORD,the,G3588,8,Romans 8:35,Epistles,New Testament,Romans,ASV
WORD,love,G26,8,Romans 8:35,Epistles,New Testament,Romans,ASV
PHRASE,of Christ?,G5547,8,Romans 8:35,Epistles,New Testament,Romans,ASV
WORD,[shall],,8,Romans 8:35,Epistles,New Testament,Romans,ASV
WORD,"tribulation,",G2347,8,Romans 8:35,Epistles,New Testament,Romans,ASV
WORD,or,G2228,8,Romans 8:35,Epistles,New Testament,Romans,ASV
WORD,"distress,",G4730,8,Romans 8:35,Epistles,New Testament,Romans,ASV
WORD,or,G2228,8,Romans 8:35,Epistles,New Testament,Romans,ASV
WORD,"persecution,",G1375,8,Romans 8:35,Epistles,New Testament,Romans,ASV
WORD,or,G2228,8,Romans 8:35,Epistles,New Testament,Romans,ASV
WORD,"famine,",G3042,8,Romans 8:35,Epistles,New Testament,Romans,ASV
WORD,or,G2228,8,Romans 8:35,Epistles,New Testament,Romans,ASV
WORD,"nakedness,",G1132,8,Romans 8:35,Epistles,New Testament,Romans,ASV
WORD,or,G2228,8,Romans 8:35,Epistles,New Testament,Romans,ASV
WORD,"peril,",G2794,8,Romans 8:35,Epistles,New Testament,Romans,ASV
WORD,or,G2228,8,Romans 8:35,Epistles,New Testament,Romans,ASV
WORD,sword?,G3162,8,Romans 8:35,Epistles,New Testament,Romans,ASV
WORD,As,G2531,8,Romans 8:36,Epistles,New Testament,Romans,ASV
PHRASE,"it is written,",G1125,8,Romans 8:36,Epistles,New Testament,Romans,ASV
PHRASE,For thy,G4675,8,Romans 8:36,Epistles,New Testament,Romans,ASV
WORD,sake,G1752,8,Romans 8:36,Epistles,New Testament,Romans,ASV
PHRASE,we are killed,G2289,8,Romans 8:36,Epistles,New Testament,Romans,ASV
WORD,all,G3650,8,Romans 8:36,Epistles,New Testament,Romans,ASV
WORD,the,G3588,8,Romans 8:36,Epistles,New Testament,Romans,ASV
PHRASE,day long;,G2250,8,Romans 8:36,Epistles,New Testament,Romans,ASV
PHRASE,we are accounted,G3049,8,Romans 8:36,Epistles,New Testament,Romans,ASV
WORD,as,G5613,8,Romans 8:36,Epistles,New Testament,Romans,ASV
WORD,sheep,G4263,8,Romans 8:36,Epistles,New Testament,Romans,ASV
PHRASE,for the slaughter.,G4967,8,Romans 8:36,Epistles,New Testament,Romans,ASV
WORD,"Nay,",G235,8,Romans 8:37,Epistles,New Testament,Romans,ASV
WORD,in,G1722,8,Romans 8:37,Epistles,New Testament,Romans,ASV
WORD,all,G3956,8,Romans 8:37,Epistles,New Testament,Romans,ASV
PHRASE,these things,G5125,8,Romans 8:37,Epistles,New Testament,Romans,ASV
PHRASE,we are more than conquerors,G5245,8,Romans 8:37,Epistles,New Testament,Romans,ASV
WORD,through,G1223,8,Romans 8:37,Epistles,New Testament,Romans,ASV
PHRASE,him that loved,G25,8,Romans 8:37,Epistles,New Testament,Romans,ASV
WORD,us.,G2248,8,Romans 8:37,Epistles,New Testament,Romans,ASV
WORD,For,G1063,8,Romans 8:38,Epistles,New Testament,Romans,ASV
PHRASE,"I am persuaded,",G3982,8,Romans 8:38,Epistles,New Testament,Romans,ASV
WORD,that,G3754,8,Romans 8:38,Epistles,New Testament,Romans,ASV
WORD,neither,G3777,8,Romans 8:38,Epistles,New Testament,Romans,ASV
WORD,"death,",G2288,8,Romans 8:38,Epistles,New Testament,Romans,ASV
WORD,nor,G3777,8,Romans 8:38,Epistles,New Testament,Romans,ASV
WORD,"life,",G2222,8,Romans 8:38,Epistles,New Testament,Romans,ASV
WORD,nor,G3777,8,Romans 8:38,Epistles,New Testament,Romans,ASV
WORD,"angels,",G32,8,Romans 8:38,Epistles,New Testament,Romans,ASV
WORD,nor,G3777,8,Romans 8:38,Epistles,New Testament,Romans,ASV
WORD,"principalities,",G746,8,Romans 8:38,Epistles,New Testament,Romans,ASV
WORD,nor,G3777,8,Romans 8:38,Epistles,New Testament,Romans,ASV
WORD,"powers,",G1411,8,Romans 8:38,Epistles,New Testament,Romans,ASV
WORD,nor,G3777,8,Romans 8:38,Epistles,New Testament,Romans,ASV
PHRASE,"things present,",G1764,8,Romans 8:38,Epistles,New Testament,Romans,ASV
WORD,nor,G3777,8,Romans 8:38,Epistles,New Testament,Romans,ASV
PHRASE,"things to come,",G3195,8,Romans 8:38,Epistles,New Testament,Romans,ASV
WORD,Nor,G3777,8,Romans 8:39,Epistles,New Testament,Romans,ASV
WORD,"height,",G5313,8,Romans 8:39,Epistles,New Testament,Romans,ASV
WORD,nor,G3777,8,Romans 8:39,Epistles,New Testament,Romans,ASV
WORD,"depth,",G899,8,Romans 8:39,Epistles,New Testament,Romans,ASV
WORD,nor,G3777,8,Romans 8:39,Epistles,New Testament,Romans,ASV
WORD,any,G5100,8,Romans 8:39,Epistles,New Testament,Romans,ASV
WORD,other,G2087,8,Romans 8:39,Epistles,New Testament,Romans,ASV
WORD,"creature,",G2937,8,Romans 8:39,Epistles,New Testament,Romans,ASV
PHRASE,shall be able,G1410,8,Romans 8:39,Epistles,New Testament,Romans,ASV
PHRASE,to separate,G5563,8,Romans 8:39,Epistles,New Testament,Romans,ASV
WORD,us,G2248,8,Romans 8:39,Epistles,New Testament,Romans,ASV
WORD,from,G575,8,Romans 8:39,Epistles,New Testament,Romans,ASV
WORD,the,G3588,8,Romans 8:39,Epistles,New Testament,Romans,ASV
WORD,love,G26,8,Romans 8:39,Epistles,New Testament,Romans,ASV
PHRASE,"of God,",G2316,8,Romans 8:39,Epistles,New Testament,Romans,ASV
WORD,which,G3588,8,Romans 8:39,Epistles,New Testament,Romans,ASV
PHRASE,is in,G1722,8,Romans 8:39,Epistles,New Testament,Romans,ASV
WORD,Christ,G5547,8,Romans 8:39,Epistles,New Testament,Romans,ASV
WORD,Jesus,G2424,8,Romans 8:39,Epistles,New Testament,Romans,ASV
WORD,our,G2257,8,Romans 8:39,Epistles,New Testament,Romans,ASV
WORD,Lord.,G2962,8,Romans 8:39,Epistles,New Testament,Romans,ASV
PHRASE,I say,G3004,9,Romans 9:1,Epistles,New Testament,Romans,ASV
PHRASE,the truth,G225,9,Romans 9:1,Epistles,New Testament,Romans,ASV
WORD,in,G1722,9,Romans 9:1,Epistles,New Testament,Romans,ASV
WORD,"Christ,",G5547,9,Romans 9:1,Epistles,New Testament,Romans,ASV
PHRASE,I lie,G5574,9,Romans 9:1,Epistles,New Testament,Romans,ASV
WORD,"not,",G3756,9,Romans 9:1,Epistles,New Testament,Romans,ASV
WORD,my,G3450,9,Romans 9:1,Epistles,New Testament,Romans,ASV
WORD,conscience,G4893,9,Romans 9:1,Epistles,New Testament,Romans,ASV
PHRASE,also bearing,G4828,9,Romans 9:1,Epistles,New Testament,Romans,ASV
WORD,me,G3427,9,Romans 9:1,Epistles,New Testament,Romans,ASV
WORD,witness,G4828,9,Romans 9:1,Epistles,New Testament,Romans,ASV
WORD,in,G1722,9,Romans 9:1,Epistles,New Testament,Romans,ASV
PHRASE,the Holy,G40,9,Romans 9:1,Epistles,New Testament,Romans,ASV
WORD,"Ghost,",G4151,9,Romans 9:1,Epistles,New Testament,Romans,ASV
WORD,That,G3754,9,Romans 9:2,Epistles,New Testament,Romans,ASV
WORD,I,G3427,9,Romans 9:2,Epistles,New Testament,Romans,ASV
WORD,have,G2076,9,Romans 9:2,Epistles,New Testament,Romans,ASV
WORD,great,G3173,9,Romans 9:2,Epistles,New Testament,Romans,ASV
WORD,heaviness,G3077,9,Romans 9:2,Epistles,New Testament,Romans,ASV
WORD,and,G2532,9,Romans 9:2,Epistles,New Testament,Romans,ASV
WORD,continual,G88,9,Romans 9:2,Epistles,New Testament,Romans,ASV
PHRASE,sorrow in,G3601,9,Romans 9:2,Epistles,New Testament,Romans,ASV
WORD,my,G3450,9,Romans 9:2,Epistles,New Testament,Romans,ASV
WORD,heart.,G2588,9,Romans 9:2,Epistles,New Testament,Romans,ASV
WORD,For,G1063,9,Romans 9:3,Epistles,New Testament,Romans,ASV
WORD,I,G1473,9,Romans 9:3,Epistles,New Testament,Romans,ASV
PHRASE,could wish,G2172,9,Romans 9:3,Epistles,New Testament,Romans,ASV
PHRASE,that myself,G846,9,Romans 9:3,Epistles,New Testament,Romans,ASV
WORD,were,G1511,9,Romans 9:3,Epistles,New Testament,Romans,ASV
WORD,accursed,G331,9,Romans 9:3,Epistles,New Testament,Romans,ASV
WORD,from,G575,9,Romans 9:3,Epistles,New Testament,Romans,ASV
WORD,Christ,G5547,9,Romans 9:3,Epistles,New Testament,Romans,ASV
WORD,for,G5228,9,Romans 9:3,Epistles,New Testament,Romans,ASV
WORD,my,G3450,9,Romans 9:3,Epistles,New Testament,Romans,ASV
WORD,"brethren,",G80,9,Romans 9:3,Epistles,New Testament,Romans,ASV
WORD,my,G3450,9,Romans 9:3,Epistles,New Testament,Romans,ASV
WORD,kinsmen,G4773,9,Romans 9:3,Epistles,New Testament,Romans,ASV
WORD,according,G2596,9,Romans 9:3,Epistles,New Testament,Romans,ASV
PHRASE,to the flesh:,G4561,9,Romans 9:3,Epistles,New Testament,Romans,ASV
WORD,Who,G3748,9,Romans 9:4,Epistles,New Testament,Romans,ASV
WORD,are,G1526,9,Romans 9:4,Epistles,New Testament,Romans,ASV
WORD,Israelites;,G2475,9,Romans 9:4,Epistles,New Testament,Romans,ASV
PHRASE,to whom,G3739,9,Romans 9:4,Epistles,New Testament,Romans,ASV
WORD,[pertaineth],,9,Romans 9:4,Epistles,New Testament,Romans,ASV
WORD,the,G3588,9,Romans 9:4,Epistles,New Testament,Romans,ASV
WORD,"adoption,",G5206,9,Romans 9:4,Epistles,New Testament,Romans,ASV
WORD,and,G2532,9,Romans 9:4,Epistles,New Testament,Romans,ASV
WORD,the,G3588,9,Romans 9:4,Epistles,New Testament,Romans,ASV
WORD,"glory,",G1391,9,Romans 9:4,Epistles,New Testament,Romans,ASV
WORD,and,G2532,9,Romans 9:4,Epistles,New Testament,Romans,ASV
WORD,the,G3588,9,Romans 9:4,Epistles,New Testament,Romans,ASV
WORD,"covenants,",G1242,9,Romans 9:4,Epistles,New Testament,Romans,ASV
WORD,and,G2532,9,Romans 9:4,Epistles,New Testament,Romans,ASV
WORD,the,G3588,9,Romans 9:4,Epistles,New Testament,Romans,ASV
PHRASE,"giving of the law,",G3548,9,Romans 9:4,Epistles,New Testament,Romans,ASV
WORD,and,G2532,9,Romans 9:4,Epistles,New Testament,Romans,ASV
WORD,the,G3588,9,Romans 9:4,Epistles,New Testament,Romans,ASV
WORD,service,G2999,9,Romans 9:4,Epistles,New Testament,Romans,ASV
PHRASE,"[of God],",,9,Romans 9:4,Epistles,New Testament,Romans,ASV
WORD,and,G2532,9,Romans 9:4,Epistles,New Testament,Romans,ASV
WORD,the,G3588,9,Romans 9:4,Epistles,New Testament,Romans,ASV
WORD,promises;,G1860,9,Romans 9:4,Epistles,New Testament,Romans,ASV
WORD,Whose,G3739,9,Romans 9:5,Epistles,New Testament,Romans,ASV
WORD,[are],,9,Romans 9:5,Epistles,New Testament,Romans,ASV
WORD,the,G3588,9,Romans 9:5,Epistles,New Testament,Romans,ASV
WORD,"fathers,",G3962,9,Romans 9:5,Epistles,New Testament,Romans,ASV
WORD,and,G2532,9,Romans 9:5,Epistles,New Testament,Romans,ASV
WORD,of,G1537,9,Romans 9:5,Epistles,New Testament,Romans,ASV
WORD,whom,G3739,9,Romans 9:5,Epistles,New Testament,Romans,ASV
PHRASE,as concerning,G2596,9,Romans 9:5,Epistles,New Testament,Romans,ASV
PHRASE,the flesh,G4561,9,Romans 9:5,Epistles,New Testament,Romans,ASV
WORD,Christ,G5547,9,Romans 9:5,Epistles,New Testament,Romans,ASV
WORD,"[came],",,9,Romans 9:5,Epistles,New Testament,Romans,ASV
WORD,who,G5607,9,Romans 9:5,Epistles,New Testament,Romans,ASV
PHRASE,is over,G1909,9,Romans 9:5,Epistles,New Testament,Romans,ASV
WORD,"all,",G3956,9,Romans 9:5,Epistles,New Testament,Romans,ASV
WORD,God,G2316,9,Romans 9:5,Epistles,New Testament,Romans,ASV
WORD,blessed,G2128,9,Romans 9:5,Epistles,New Testament,Romans,ASV
WORD,for,G1519,9,Romans 9:5,Epistles,New Testament,Romans,ASV
WORD,ever.,G165,9,Romans 9:5,Epistles,New Testament,Romans,ASV
WORD,Amen.,G281,9,Romans 9:5,Epistles,New Testament,Romans,ASV
WORD,Not,G3756,9,Romans 9:6,Epistles,New Testament,Romans,ASV
WORD,as,G3634,9,Romans 9:6,Epistles,New Testament,Romans,ASV
WORD,though,G1161,9,Romans 9:6,Epistles,New Testament,Romans,ASV
WORD,the,G3588,9,Romans 9:6,Epistles,New Testament,Romans,ASV
WORD,word,G3056,9,Romans 9:6,Epistles,New Testament,Romans,ASV
PHRASE,of God,G2316,9,Romans 9:6,Epistles,New Testament,Romans,ASV
PHRASE,hath taken none effect.,G1601,9,Romans 9:6,Epistles,New Testament,Romans,ASV
WORD,For,G1063,9,Romans 9:6,Epistles,New Testament,Romans,ASV
WORD,they,G3588,9,Romans 9:6,Epistles,New Testament,Romans,ASV
WORD,[are],,9,Romans 9:6,Epistles,New Testament,Romans,ASV
WORD,not,G3756,9,Romans 9:6,Epistles,New Testament,Romans,ASV
WORD,all,G3956,9,Romans 9:6,Epistles,New Testament,Romans,ASV
WORD,"Israel,",G2474,9,Romans 9:6,Epistles,New Testament,Romans,ASV
PHRASE,which are,G3778,9,Romans 9:6,Epistles,New Testament,Romans,ASV
WORD,of,G1537,9,Romans 9:6,Epistles,New Testament,Romans,ASV
WORD,Israel:,G2474,9,Romans 9:6,Epistles,New Testament,Romans,ASV
WORD,"Neither,",G3761,9,Romans 9:7,Epistles,New Testament,Romans,ASV
WORD,because,G3754,9,Romans 9:7,Epistles,New Testament,Romans,ASV
PHRASE,they are,G1526,9,Romans 9:7,Epistles,New Testament,Romans,ASV
PHRASE,the seed,G4690,9,Romans 9:7,Epistles,New Testament,Romans,ASV
PHRASE,"of Abraham,",G11,9,Romans 9:7,Epistles,New Testament,Romans,ASV
PHRASE,[are they],,9,Romans 9:7,Epistles,New Testament,Romans,ASV
WORD,all,G3956,9,Romans 9:7,Epistles,New Testament,Romans,ASV
WORD,children:,G5043,9,Romans 9:7,Epistles,New Testament,Romans,ASV
WORD,"but,",G235,9,Romans 9:7,Epistles,New Testament,Romans,ASV
WORD,In,G1722,9,Romans 9:7,Epistles,New Testament,Romans,ASV
WORD,Isaac,G2464,9,Romans 9:7,Epistles,New Testament,Romans,ASV
WORD,shall,G2564,9,Romans 9:7,Epistles,New Testament,Romans,ASV
WORD,thy,G4671,9,Romans 9:7,Epistles,New Testament,Romans,ASV
WORD,seed,G4690,9,Romans 9:7,Epistles,New Testament,Romans,ASV
PHRASE,be called.,G2564,9,Romans 9:7,Epistles,New Testament,Romans,ASV
WORD,That,G5124,9,Romans 9:8,Epistles,New Testament,Romans,ASV
WORD,"is,",G2076,9,Romans 9:8,Epistles,New Testament,Romans,ASV
PHRASE,They which,G3588,9,Romans 9:8,Epistles,New Testament,Romans,ASV
PHRASE,are the children,G5043,9,Romans 9:8,Epistles,New Testament,Romans,ASV
PHRASE,of the,G3588,9,Romans 9:8,Epistles,New Testament,Romans,ASV
WORD,"flesh,",G4561,9,Romans 9:8,Epistles,New Testament,Romans,ASV
WORD,these,G5023,9,Romans 9:8,Epistles,New Testament,Romans,ASV
WORD,[are],,9,Romans 9:8,Epistles,New Testament,Romans,ASV
WORD,not,G3756,9,Romans 9:8,Epistles,New Testament,Romans,ASV
PHRASE,the children,G5043,9,Romans 9:8,Epistles,New Testament,Romans,ASV
PHRASE,of God:,G2316,9,Romans 9:8,Epistles,New Testament,Romans,ASV
WORD,but,G235,9,Romans 9:8,Epistles,New Testament,Romans,ASV
WORD,the,G3588,9,Romans 9:8,Epistles,New Testament,Romans,ASV
WORD,children,G5043,9,Romans 9:8,Epistles,New Testament,Romans,ASV
PHRASE,of the,G3588,9,Romans 9:8,Epistles,New Testament,Romans,ASV
WORD,promise,G1860,9,Romans 9:8,Epistles,New Testament,Romans,ASV
PHRASE,are counted,G3049,9,Romans 9:8,Epistles,New Testament,Romans,ASV
WORD,for,G1519,9,Romans 9:8,Epistles,New Testament,Romans,ASV
PHRASE,the seed.,G4690,9,Romans 9:8,Epistles,New Testament,Romans,ASV
WORD,For,G1063,9,Romans 9:9,Epistles,New Testament,Romans,ASV
WORD,this,G3778,9,Romans 9:9,Epistles,New Testament,Romans,ASV
WORD,[is],,9,Romans 9:9,Epistles,New Testament,Romans,ASV
WORD,the,G3588,9,Romans 9:9,Epistles,New Testament,Romans,ASV
WORD,word,G3056,9,Romans 9:9,Epistles,New Testament,Romans,ASV
PHRASE,"of promise,",G1860,9,Romans 9:9,Epistles,New Testament,Romans,ASV
WORD,At,G2596,9,Romans 9:9,Epistles,New Testament,Romans,ASV
WORD,this,G5126,9,Romans 9:9,Epistles,New Testament,Romans,ASV
WORD,time,G2540,9,Romans 9:9,Epistles,New Testament,Romans,ASV
PHRASE,"will I come,",G2064,9,Romans 9:9,Epistles,New Testament,Romans,ASV
WORD,and,G2532,9,Romans 9:9,Epistles,New Testament,Romans,ASV
WORD,Sara,G4564,9,Romans 9:9,Epistles,New Testament,Romans,ASV
PHRASE,shall have,G2071,9,Romans 9:9,Epistles,New Testament,Romans,ASV
PHRASE,a son.,G5207,9,Romans 9:9,Epistles,New Testament,Romans,ASV
WORD,And,G1161,9,Romans 9:10,Epistles,New Testament,Romans,ASV
WORD,not,G3756,9,Romans 9:10,Epistles,New Testament,Romans,ASV
WORD,only,G3440,9,Romans 9:10,Epistles,New Testament,Romans,ASV
WORD,[this];,,9,Romans 9:10,Epistles,New Testament,Romans,ASV
WORD,but,G235,9,Romans 9:10,Epistles,New Testament,Romans,ASV
PHRASE,when Rebecca,G4479,9,Romans 9:10,Epistles,New Testament,Romans,ASV
WORD,also,G2532,9,Romans 9:10,Epistles,New Testament,Romans,ASV
WORD,had,G2192,9,Romans 9:10,Epistles,New Testament,Romans,ASV
WORD,conceived,G2845,9,Romans 9:10,Epistles,New Testament,Romans,ASV
WORD,by,G1537,9,Romans 9:10,Epistles,New Testament,Romans,ASV
WORD,"one,",G1520,9,Romans 9:10,Epistles,New Testament,Romans,ASV
WORD,[even],,9,Romans 9:10,Epistles,New Testament,Romans,ASV
PHRASE,by our,G2257,9,Romans 9:10,Epistles,New Testament,Romans,ASV
WORD,father,G3962,9,Romans 9:10,Epistles,New Testament,Romans,ASV
WORD,Isaac;,G2464,9,Romans 9:10,Epistles,New Testament,Romans,ASV
WORD,(For,G1063,9,Romans 9:11,Epistles,New Testament,Romans,ASV
PHRASE,[the children],,9,Romans 9:11,Epistles,New Testament,Romans,ASV
WORD,being,G1080,9,Romans 9:11,Epistles,New Testament,Romans,ASV
PHRASE,not yet,G3380,9,Romans 9:11,Epistles,New Testament,Romans,ASV
WORD,"born,",G1080,9,Romans 9:11,Epistles,New Testament,Romans,ASV
WORD,neither,G3366,9,Romans 9:11,Epistles,New Testament,Romans,ASV
PHRASE,having done,G4238,9,Romans 9:11,Epistles,New Testament,Romans,ASV
WORD,any,G5100,9,Romans 9:11,Epistles,New Testament,Romans,ASV
WORD,good,G18,9,Romans 9:11,Epistles,New Testament,Romans,ASV
WORD,or,G2228,9,Romans 9:11,Epistles,New Testament,Romans,ASV
WORD,"evil,",G2556,9,Romans 9:11,Epistles,New Testament,Romans,ASV
WORD,that,G2443,9,Romans 9:11,Epistles,New Testament,Romans,ASV
PHRASE,the purpose,G4286,9,Romans 9:11,Epistles,New Testament,Romans,ASV
PHRASE,of God,G2316,9,Romans 9:11,Epistles,New Testament,Romans,ASV
WORD,according,G2596,9,Romans 9:11,Epistles,New Testament,Romans,ASV
PHRASE,to election,G1589,9,Romans 9:11,Epistles,New Testament,Romans,ASV
PHRASE,"might stand,",G3306,9,Romans 9:11,Epistles,New Testament,Romans,ASV
WORD,not,G3756,9,Romans 9:11,Epistles,New Testament,Romans,ASV
WORD,of,G1537,9,Romans 9:11,Epistles,New Testament,Romans,ASV
WORD,"works,",G2041,9,Romans 9:11,Epistles,New Testament,Romans,ASV
WORD,but,G235,9,Romans 9:11,Epistles,New Testament,Romans,ASV
WORD,of,G1537,9,Romans 9:11,Epistles,New Testament,Romans,ASV
PHRASE,him that calleth;),G2564,9,Romans 9:11,Epistles,New Testament,Romans,ASV
PHRASE,It was said,G4483,9,Romans 9:12,Epistles,New Testament,Romans,ASV
PHRASE,"unto her,",G846,9,Romans 9:12,Epistles,New Testament,Romans,ASV
WORD,The,G3588,9,Romans 9:12,Epistles,New Testament,Romans,ASV
WORD,elder,G3187,9,Romans 9:12,Epistles,New Testament,Romans,ASV
PHRASE,shall serve,G1398,9,Romans 9:12,Epistles,New Testament,Romans,ASV
WORD,the,G3588,9,Romans 9:12,Epistles,New Testament,Romans,ASV
WORD,younger.,G1640,9,Romans 9:12,Epistles,New Testament,Romans,ASV
WORD,As,G2531,9,Romans 9:13,Epistles,New Testament,Romans,ASV
PHRASE,"it is written,",G1125,9,Romans 9:13,Epistles,New Testament,Romans,ASV
WORD,Jacob,G2384,9,Romans 9:13,Epistles,New Testament,Romans,ASV
PHRASE,"have I loved,",G25,9,Romans 9:13,Epistles,New Testament,Romans,ASV
WORD,but,G1161,9,Romans 9:13,Epistles,New Testament,Romans,ASV
WORD,Esau,G2269,9,Romans 9:13,Epistles,New Testament,Romans,ASV
PHRASE,have I hated.,G3404,9,Romans 9:13,Epistles,New Testament,Romans,ASV
WORD,What,G5101,9,Romans 9:14,Epistles,New Testament,Romans,ASV
PHRASE,shall we say,G2046,9,Romans 9:14,Epistles,New Testament,Romans,ASV
WORD,then?,G3767,9,Romans 9:14,Epistles,New Testament,Romans,ASV
PHRASE,[Is there],,9,Romans 9:14,Epistles,New Testament,Romans,ASV
WORD,unrighteousness,G93,9,Romans 9:14,Epistles,New Testament,Romans,ASV
WORD,with,G3844,9,Romans 9:14,Epistles,New Testament,Romans,ASV
WORD,God?,G2316,9,Romans 9:14,Epistles,New Testament,Romans,ASV
PHRASE,God forbid.,G3361,9,Romans 9:14,Epistles,New Testament,Romans,ASV
WORD,,G1096,9,Romans 9:14,Epistles,New Testament,Romans,ASV
WORD,For,G1063,9,Romans 9:15,Epistles,New Testament,Romans,ASV
PHRASE,he saith,G3004,9,Romans 9:15,Epistles,New Testament,Romans,ASV
PHRASE,"to Moses,",G3475,9,Romans 9:15,Epistles,New Testament,Romans,ASV
PHRASE,I will have mercy on,G1653,9,Romans 9:15,Epistles,New Testament,Romans,ASV
WORD,whom,G3739,9,Romans 9:15,Epistles,New Testament,Romans,ASV
PHRASE,"I will have mercy,",G1653,9,Romans 9:15,Epistles,New Testament,Romans,ASV
WORD,and,G2532,9,Romans 9:15,Epistles,New Testament,Romans,ASV
PHRASE,I will have compassion,G3627,9,Romans 9:15,Epistles,New Testament,Romans,ASV
PHRASE,on whom,G3739,9,Romans 9:15,Epistles,New Testament,Romans,ASV
PHRASE,I will have compassion.,G3627,9,Romans 9:15,Epistles,New Testament,Romans,ASV
WORD,So,G686,9,Romans 9:16,Epistles,New Testament,Romans,ASV
WORD,then,G3767,9,Romans 9:16,Epistles,New Testament,Romans,ASV
PHRASE,[it is],,9,Romans 9:16,Epistles,New Testament,Romans,ASV
WORD,not,G3756,9,Romans 9:16,Epistles,New Testament,Romans,ASV
PHRASE,of him,G3588,9,Romans 9:16,Epistles,New Testament,Romans,ASV
PHRASE,"that willeth,",G2309,9,Romans 9:16,Epistles,New Testament,Romans,ASV
WORD,nor,G3761,9,Romans 9:16,Epistles,New Testament,Romans,ASV
PHRASE,of him,G3588,9,Romans 9:16,Epistles,New Testament,Romans,ASV
PHRASE,"that runneth,",G5143,9,Romans 9:16,Epistles,New Testament,Romans,ASV
WORD,but,G235,9,Romans 9:16,Epistles,New Testament,Romans,ASV
PHRASE,of God,G2316,9,Romans 9:16,Epistles,New Testament,Romans,ASV
PHRASE,that sheweth mercy.,G1653,9,Romans 9:16,Epistles,New Testament,Romans,ASV
WORD,For,G1063,9,Romans 9:17,Epistles,New Testament,Romans,ASV
WORD,the,G3588,9,Romans 9:17,Epistles,New Testament,Romans,ASV
WORD,scripture,G1124,9,Romans 9:17,Epistles,New Testament,Romans,ASV
WORD,saith,G3004,9,Romans 9:17,Epistles,New Testament,Romans,ASV
PHRASE,"unto Pharaoh,",G5328,9,Romans 9:17,Epistles,New Testament,Romans,ASV
WORD,Even,G1519,9,Romans 9:17,Epistles,New Testament,Romans,ASV
WORD,for,G3754,9,Romans 9:17,Epistles,New Testament,Romans,ASV
WORD,this,G5124,9,Romans 9:17,Epistles,New Testament,Romans,ASV
PHRASE,same purpose,G846,9,Romans 9:17,Epistles,New Testament,Romans,ASV
PHRASE,have I raised,G1825,9,Romans 9:17,Epistles,New Testament,Romans,ASV
WORD,thee,G4571,9,Romans 9:17,Epistles,New Testament,Romans,ASV
WORD,"up,",G1825,9,Romans 9:17,Epistles,New Testament,Romans,ASV
WORD,that,G3704,9,Romans 9:17,Epistles,New Testament,Romans,ASV
PHRASE,I might shew,G1731,9,Romans 9:17,Epistles,New Testament,Romans,ASV
WORD,my,G3450,9,Romans 9:17,Epistles,New Testament,Romans,ASV
WORD,power,G1411,9,Romans 9:17,Epistles,New Testament,Romans,ASV
WORD,in,G1722,9,Romans 9:17,Epistles,New Testament,Romans,ASV
WORD,"thee,",G4671,9,Romans 9:17,Epistles,New Testament,Romans,ASV
WORD,and,G2532,9,Romans 9:17,Epistles,New Testament,Romans,ASV
WORD,that,G3704,9,Romans 9:17,Epistles,New Testament,Romans,ASV
WORD,my,G3450,9,Romans 9:17,Epistles,New Testament,Romans,ASV
WORD,name,G3686,9,Romans 9:17,Epistles,New Testament,Romans,ASV
PHRASE,might be declared,G1229,9,Romans 9:17,Epistles,New Testament,Romans,ASV
WORD,throughout,G1722,9,Romans 9:17,Epistles,New Testament,Romans,ASV
WORD,all,G3956,9,Romans 9:17,Epistles,New Testament,Romans,ASV
WORD,the,G3588,9,Romans 9:17,Epistles,New Testament,Romans,ASV
WORD,earth.,G1093,9,Romans 9:17,Epistles,New Testament,Romans,ASV
WORD,Therefore,G686,9,Romans 9:18,Epistles,New Testament,Romans,ASV
WORD,,G3767,9,Romans 9:18,Epistles,New Testament,Romans,ASV
PHRASE,hath he mercy,G1653,9,Romans 9:18,Epistles,New Testament,Romans,ASV
PHRASE,on whom,G3739,9,Romans 9:18,Epistles,New Testament,Romans,ASV
PHRASE,he will,G2309,9,Romans 9:18,Epistles,New Testament,Romans,ASV
PHRASE,"[have mercy],",,9,Romans 9:18,Epistles,New Testament,Romans,ASV
WORD,and,G1161,9,Romans 9:18,Epistles,New Testament,Romans,ASV
WORD,whom,G3739,9,Romans 9:18,Epistles,New Testament,Romans,ASV
PHRASE,he will,G2309,9,Romans 9:18,Epistles,New Testament,Romans,ASV
PHRASE,he hardeneth.,G4645,9,Romans 9:18,Epistles,New Testament,Romans,ASV
PHRASE,Thou wilt say,G2046,9,Romans 9:19,Epistles,New Testament,Romans,ASV
WORD,then,G3767,9,Romans 9:19,Epistles,New Testament,Romans,ASV
PHRASE,"unto me,",G3427,9,Romans 9:19,Epistles,New Testament,Romans,ASV
WORD,Why,G5101,9,Romans 9:19,Epistles,New Testament,Romans,ASV
PHRASE,doth he yet,G2089,9,Romans 9:19,Epistles,New Testament,Romans,ASV
PHRASE,find fault?,G3201,9,Romans 9:19,Epistles,New Testament,Romans,ASV
WORD,For,G1063,9,Romans 9:19,Epistles,New Testament,Romans,ASV
WORD,who,G5101,9,Romans 9:19,Epistles,New Testament,Romans,ASV
PHRASE,hath resisted,G436,9,Romans 9:19,Epistles,New Testament,Romans,ASV
WORD,his,G846,9,Romans 9:19,Epistles,New Testament,Romans,ASV
WORD,will?,G1013,9,Romans 9:19,Epistles,New Testament,Romans,ASV
WORD,Nay,G3361,9,Romans 9:20,Epistles,New Testament,Romans,ASV
WORD,"but,",G3304,9,Romans 9:20,Epistles,New Testament,Romans,ASV
WORD,O,G5599,9,Romans 9:20,Epistles,New Testament,Romans,ASV
WORD,"man,",G444,9,Romans 9:20,Epistles,New Testament,Romans,ASV
WORD,who,G5101,9,Romans 9:20,Epistles,New Testament,Romans,ASV
WORD,art,G1488,9,Romans 9:20,Epistles,New Testament,Romans,ASV
WORD,thou,G4771,9,Romans 9:20,Epistles,New Testament,Romans,ASV
PHRASE,that repliest against,G470,9,Romans 9:20,Epistles,New Testament,Romans,ASV
WORD,God?,G2316,9,Romans 9:20,Epistles,New Testament,Romans,ASV
WORD,Shall,G2046,9,Romans 9:20,Epistles,New Testament,Romans,ASV
WORD,the,G3588,9,Romans 9:20,Epistles,New Testament,Romans,ASV
PHRASE,thing formed,G4110,9,Romans 9:20,Epistles,New Testament,Romans,ASV
WORD,say,G2046,9,Romans 9:20,Epistles,New Testament,Romans,ASV
PHRASE,to him,G3588,9,Romans 9:20,Epistles,New Testament,Romans,ASV
PHRASE,that formed,G4111,9,Romans 9:20,Epistles,New Testament,Romans,ASV
WORD,"[it],",,9,Romans 9:20,Epistles,New Testament,Romans,ASV
WORD,Why,G5101,9,Romans 9:20,Epistles,New Testament,Romans,ASV
PHRASE,hast thou made,G4160,9,Romans 9:20,Epistles,New Testament,Romans,ASV
WORD,me,G3165,9,Romans 9:20,Epistles,New Testament,Romans,ASV
WORD,thus?,G3779,9,Romans 9:20,Epistles,New Testament,Romans,ASV
WORD,Hath,G2192,9,Romans 9:21,Epistles,New Testament,Romans,ASV
WORD,not,G3756,9,Romans 9:21,Epistles,New Testament,Romans,ASV
WORD,the,G3588,9,Romans 9:21,Epistles,New Testament,Romans,ASV
WORD,potter,G2763,9,Romans 9:21,Epistles,New Testament,Romans,ASV
WORD,power,G1849,9,Romans 9:21,Epistles,New Testament,Romans,ASV
PHRASE,over the,G3588,9,Romans 9:21,Epistles,New Testament,Romans,ASV
WORD,"clay,",G4081,9,Romans 9:21,Epistles,New Testament,Romans,ASV
WORD,of,G1537,9,Romans 9:21,Epistles,New Testament,Romans,ASV
WORD,the,G3588,9,Romans 9:21,Epistles,New Testament,Romans,ASV
WORD,same,G846,9,Romans 9:21,Epistles,New Testament,Romans,ASV
WORD,lump,G5445,9,Romans 9:21,Epistles,New Testament,Romans,ASV
WORD,to,G3739,9,Romans 9:21,Epistles,New Testament,Romans,ASV
WORD,make,G4160,9,Romans 9:21,Epistles,New Testament,Romans,ASV
PHRASE,one vessel,G4632,9,Romans 9:21,Epistles,New Testament,Romans,ASV
WORD,unto,G1519,9,Romans 9:21,Epistles,New Testament,Romans,ASV
WORD,"honour,",G5092,9,Romans 9:21,Epistles,New Testament,Romans,ASV
WORD,and,G1161,9,Romans 9:21,Epistles,New Testament,Romans,ASV
WORD,another,G3739,9,Romans 9:21,Epistles,New Testament,Romans,ASV
WORD,unto,G1519,9,Romans 9:21,Epistles,New Testament,Romans,ASV
WORD,dishonour?,G819,9,Romans 9:21,Epistles,New Testament,Romans,ASV
WORD,[What],,9,Romans 9:22,Epistles,New Testament,Romans,ASV
WORD,if,G1487,9,Romans 9:22,Epistles,New Testament,Romans,ASV
WORD,"God,",G2316,9,Romans 9:22,Epistles,New Testament,Romans,ASV
WORD,willing,G2309,9,Romans 9:22,Epistles,New Testament,Romans,ASV
PHRASE,to shew,G1731,9,Romans 9:22,Epistles,New Testament,Romans,ASV
WORD,[his],,9,Romans 9:22,Epistles,New Testament,Romans,ASV
WORD,"wrath,",G3709,9,Romans 9:22,Epistles,New Testament,Romans,ASV
WORD,and,G2532,9,Romans 9:22,Epistles,New Testament,Romans,ASV
PHRASE,to make,G1107,9,Romans 9:22,Epistles,New Testament,Romans,ASV
WORD,his,G846,9,Romans 9:22,Epistles,New Testament,Romans,ASV
WORD,power,G1415,9,Romans 9:22,Epistles,New Testament,Romans,ASV
WORD,"known,",G1107,9,Romans 9:22,Epistles,New Testament,Romans,ASV
WORD,endured,G5342,9,Romans 9:22,Epistles,New Testament,Romans,ASV
WORD,with,G1722,9,Romans 9:22,Epistles,New Testament,Romans,ASV
WORD,much,G4183,9,Romans 9:22,Epistles,New Testament,Romans,ASV
WORD,longsuffering,G3115,9,Romans 9:22,Epistles,New Testament,Romans,ASV
PHRASE,the vessels,G4632,9,Romans 9:22,Epistles,New Testament,Romans,ASV
PHRASE,of wrath,G3709,9,Romans 9:22,Epistles,New Testament,Romans,ASV
WORD,fitted,G2675,9,Romans 9:22,Epistles,New Testament,Romans,ASV
WORD,to,G1519,9,Romans 9:22,Epistles,New Testament,Romans,ASV
WORD,destruction:,G684,9,Romans 9:22,Epistles,New Testament,Romans,ASV
WORD,And,G2532,9,Romans 9:23,Epistles,New Testament,Romans,ASV
WORD,that,G2443,9,Romans 9:23,Epistles,New Testament,Romans,ASV
PHRASE,he might make known,G1107,9,Romans 9:23,Epistles,New Testament,Romans,ASV
WORD,the,G3588,9,Romans 9:23,Epistles,New Testament,Romans,ASV
WORD,riches,G4149,9,Romans 9:23,Epistles,New Testament,Romans,ASV
PHRASE,of his,G846,9,Romans 9:23,Epistles,New Testament,Romans,ASV
WORD,glory,G1391,9,Romans 9:23,Epistles,New Testament,Romans,ASV
WORD,on,G1909,9,Romans 9:23,Epistles,New Testament,Romans,ASV
PHRASE,the vessels,G4632,9,Romans 9:23,Epistles,New Testament,Romans,ASV
PHRASE,"of mercy,",G1656,9,Romans 9:23,Epistles,New Testament,Romans,ASV
WORD,which,G3739,9,Romans 9:23,Epistles,New Testament,Romans,ASV
PHRASE,he had afore prepared,G4282,9,Romans 9:23,Epistles,New Testament,Romans,ASV
WORD,unto,G1519,9,Romans 9:23,Epistles,New Testament,Romans,ASV
WORD,"glory,",G1391,9,Romans 9:23,Epistles,New Testament,Romans,ASV
WORD,Even,G2532,9,Romans 9:24,Epistles,New Testament,Romans,ASV
WORD,"us,",G2248,9,Romans 9:24,Epistles,New Testament,Romans,ASV
WORD,whom,G3739,9,Romans 9:24,Epistles,New Testament,Romans,ASV
PHRASE,"he hath called,",G2564,9,Romans 9:24,Epistles,New Testament,Romans,ASV
WORD,not,G3756,9,Romans 9:24,Epistles,New Testament,Romans,ASV
WORD,of,G1537,9,Romans 9:24,Epistles,New Testament,Romans,ASV
PHRASE,the Jews,G2453,9,Romans 9:24,Epistles,New Testament,Romans,ASV
WORD,"only,",G3440,9,Romans 9:24,Epistles,New Testament,Romans,ASV
WORD,but,G235,9,Romans 9:24,Epistles,New Testament,Romans,ASV
WORD,also,G2532,9,Romans 9:24,Epistles,New Testament,Romans,ASV
WORD,of,G1537,9,Romans 9:24,Epistles,New Testament,Romans,ASV
PHRASE,the Gentiles?,G1484,9,Romans 9:24,Epistles,New Testament,Romans,ASV
WORD,As,G5613,9,Romans 9:25,Epistles,New Testament,Romans,ASV
PHRASE,he saith,G3004,9,Romans 9:25,Epistles,New Testament,Romans,ASV
WORD,also,G2532,9,Romans 9:25,Epistles,New Testament,Romans,ASV
WORD,in,G1722,9,Romans 9:25,Epistles,New Testament,Romans,ASV
WORD,"Osee,",G5617,9,Romans 9:25,Epistles,New Testament,Romans,ASV
PHRASE,I will call,G2564,9,Romans 9:25,Epistles,New Testament,Romans,ASV
PHRASE,them my,G3450,9,Romans 9:25,Epistles,New Testament,Romans,ASV
WORD,"people,",G2992,9,Romans 9:25,Epistles,New Testament,Romans,ASV
WORD,which,G3588,9,Romans 9:25,Epistles,New Testament,Romans,ASV
PHRASE,were not,G3756,9,Romans 9:25,Epistles,New Testament,Romans,ASV
WORD,my,G3450,9,Romans 9:25,Epistles,New Testament,Romans,ASV
WORD,people;,G2992,9,Romans 9:25,Epistles,New Testament,Romans,ASV
WORD,and,G2532,9,Romans 9:25,Epistles,New Testament,Romans,ASV
PHRASE,"her beloved,",G25,9,Romans 9:25,Epistles,New Testament,Romans,ASV
PHRASE,which was,G25,9,Romans 9:25,Epistles,New Testament,Romans,ASV
WORD,not,G3756,9,Romans 9:25,Epistles,New Testament,Romans,ASV
WORD,beloved.,G25,9,Romans 9:25,Epistles,New Testament,Romans,ASV
WORD,And,G2532,9,Romans 9:26,Epistles,New Testament,Romans,ASV
PHRASE,"it shall come to pass,",G2071,9,Romans 9:26,Epistles,New Testament,Romans,ASV
WORD,[that],,9,Romans 9:26,Epistles,New Testament,Romans,ASV
WORD,in,G1722,9,Romans 9:26,Epistles,New Testament,Romans,ASV
WORD,the,G3588,9,Romans 9:26,Epistles,New Testament,Romans,ASV
WORD,place,G5117,9,Romans 9:26,Epistles,New Testament,Romans,ASV
WORD,where,G3739,9,Romans 9:26,Epistles,New Testament,Romans,ASV
PHRASE,it was said,G4483,9,Romans 9:26,Epistles,New Testament,Romans,ASV
PHRASE,"unto them,",G846,9,Romans 9:26,Epistles,New Testament,Romans,ASV
WORD,Ye,G5210,9,Romans 9:26,Epistles,New Testament,Romans,ASV
WORD,[are],,9,Romans 9:26,Epistles,New Testament,Romans,ASV
WORD,not,G3756,9,Romans 9:26,Epistles,New Testament,Romans,ASV
WORD,my,G3450,9,Romans 9:26,Epistles,New Testament,Romans,ASV
WORD,people;,G2992,9,Romans 9:26,Epistles,New Testament,Romans,ASV
WORD,there,G1563,9,Romans 9:26,Epistles,New Testament,Romans,ASV
PHRASE,shall they be called,G2564,9,Romans 9:26,Epistles,New Testament,Romans,ASV
PHRASE,the children,G5207,9,Romans 9:26,Epistles,New Testament,Romans,ASV
PHRASE,of the living,G2198,9,Romans 9:26,Epistles,New Testament,Romans,ASV
WORD,God.,G2316,9,Romans 9:26,Epistles,New Testament,Romans,ASV
WORD,Esaias,G2268,9,Romans 9:27,Epistles,New Testament,Romans,ASV
WORD,also,G1161,9,Romans 9:27,Epistles,New Testament,Romans,ASV
WORD,crieth,G2896,9,Romans 9:27,Epistles,New Testament,Romans,ASV
WORD,concerning,G5228,9,Romans 9:27,Epistles,New Testament,Romans,ASV
WORD,"Israel,",G2474,9,Romans 9:27,Epistles,New Testament,Romans,ASV
WORD,Though,G1437,9,Romans 9:27,Epistles,New Testament,Romans,ASV
WORD,the,G3588,9,Romans 9:27,Epistles,New Testament,Romans,ASV
WORD,number,G706,9,Romans 9:27,Epistles,New Testament,Romans,ASV
PHRASE,of the,G3588,9,Romans 9:27,Epistles,New Testament,Romans,ASV
WORD,children,G5207,9,Romans 9:27,Epistles,New Testament,Romans,ASV
PHRASE,of Israel,G2474,9,Romans 9:27,Epistles,New Testament,Romans,ASV
WORD,be,G5600,9,Romans 9:27,Epistles,New Testament,Romans,ASV
WORD,as,G5613,9,Romans 9:27,Epistles,New Testament,Romans,ASV
WORD,the,G3588,9,Romans 9:27,Epistles,New Testament,Romans,ASV
WORD,sand,G285,9,Romans 9:27,Epistles,New Testament,Romans,ASV
PHRASE,of the,G3588,9,Romans 9:27,Epistles,New Testament,Romans,ASV
WORD,"sea,",G2281,9,Romans 9:27,Epistles,New Testament,Romans,ASV
WORD,a,G3588,9,Romans 9:27,Epistles,New Testament,Romans,ASV
WORD,remnant,G2640,9,Romans 9:27,Epistles,New Testament,Romans,ASV
PHRASE,shall be saved:,G4982,9,Romans 9:27,Epistles,New Testament,Romans,ASV
WORD,For,G1063,9,Romans 9:28,Epistles,New Testament,Romans,ASV
PHRASE,he will finish,G4931,9,Romans 9:28,Epistles,New Testament,Romans,ASV
PHRASE,"the work,",G3056,9,Romans 9:28,Epistles,New Testament,Romans,ASV
WORD,and,G2532,9,Romans 9:28,Epistles,New Testament,Romans,ASV
PHRASE,cut [it] short,G4932,9,Romans 9:28,Epistles,New Testament,Romans,ASV
WORD,in,G1722,9,Romans 9:28,Epistles,New Testament,Romans,ASV
WORD,righteousness:,G1343,9,Romans 9:28,Epistles,New Testament,Romans,ASV
WORD,because,G3754,9,Romans 9:28,Epistles,New Testament,Romans,ASV
PHRASE,a short,G4932,9,Romans 9:28,Epistles,New Testament,Romans,ASV
WORD,work,G3056,9,Romans 9:28,Epistles,New Testament,Romans,ASV
WORD,will,G4160,9,Romans 9:28,Epistles,New Testament,Romans,ASV
PHRASE,the Lord,G2962,9,Romans 9:28,Epistles,New Testament,Romans,ASV
WORD,make,G4160,9,Romans 9:28,Epistles,New Testament,Romans,ASV
WORD,upon,G1909,9,Romans 9:28,Epistles,New Testament,Romans,ASV
WORD,the,G3588,9,Romans 9:28,Epistles,New Testament,Romans,ASV
WORD,earth.,G1093,9,Romans 9:28,Epistles,New Testament,Romans,ASV
WORD,And,G2532,9,Romans 9:29,Epistles,New Testament,Romans,ASV
WORD,as,G2531,9,Romans 9:29,Epistles,New Testament,Romans,ASV
WORD,Esaias,G2268,9,Romans 9:29,Epistles,New Testament,Romans,ASV
PHRASE,"said before,",G4280,9,Romans 9:29,Epistles,New Testament,Romans,ASV
WORD,,G1487,9,Romans 9:29,Epistles,New Testament,Romans,ASV
WORD,Except,G3361,9,Romans 9:29,Epistles,New Testament,Romans,ASV
PHRASE,the Lord,G2962,9,Romans 9:29,Epistles,New Testament,Romans,ASV
PHRASE,of Sabaoth,G4519,9,Romans 9:29,Epistles,New Testament,Romans,ASV
PHRASE,had left,G1459,9,Romans 9:29,Epistles,New Testament,Romans,ASV
WORD,us,G2254,9,Romans 9:29,Epistles,New Testament,Romans,ASV
PHRASE,"a seed,",G4690,9,Romans 9:29,Epistles,New Testament,Romans,ASV
PHRASE,we had been,G1096,9,Romans 9:29,Epistles,New Testament,Romans,ASV
WORD,as,G5613,9,Romans 9:29,Epistles,New Testament,Romans,ASV
WORD,"Sodoma,",G4670,9,Romans 9:29,Epistles,New Testament,Romans,ASV
WORD,and,G2532,9,Romans 9:29,Epistles,New Testament,Romans,ASV
PHRASE,been made like,G3666,9,Romans 9:29,Epistles,New Testament,Romans,ASV
WORD,unto,G5613,9,Romans 9:29,Epistles,New Testament,Romans,ASV
WORD,Gomorrha.,G1116,9,Romans 9:29,Epistles,New Testament,Romans,ASV
WORD,What,G5101,9,Romans 9:30,Epistles,New Testament,Romans,ASV
PHRASE,shall we say,G2046,9,Romans 9:30,Epistles,New Testament,Romans,ASV
WORD,then?,G3767,9,Romans 9:30,Epistles,New Testament,Romans,ASV
WORD,That,G3754,9,Romans 9:30,Epistles,New Testament,Romans,ASV
PHRASE,"the Gentiles,",G1484,9,Romans 9:30,Epistles,New Testament,Romans,ASV
WORD,which,G3588,9,Romans 9:30,Epistles,New Testament,Romans,ASV
WORD,followed,G1377,9,Romans 9:30,Epistles,New Testament,Romans,ASV
WORD,not,G3361,9,Romans 9:30,Epistles,New Testament,Romans,ASV
PHRASE,"after righteousness,",G1343,9,Romans 9:30,Epistles,New Testament,Romans,ASV
PHRASE,have attained,G2638,9,Romans 9:30,Epistles,New Testament,Romans,ASV
PHRASE,"to righteousness,",G1343,9,Romans 9:30,Epistles,New Testament,Romans,ASV
WORD,even,G1161,9,Romans 9:30,Epistles,New Testament,Romans,ASV
PHRASE,the righteousness,G1343,9,Romans 9:30,Epistles,New Testament,Romans,ASV
WORD,which,G3588,9,Romans 9:30,Epistles,New Testament,Romans,ASV
PHRASE,is of,G1537,9,Romans 9:30,Epistles,New Testament,Romans,ASV
WORD,faith.,G4102,9,Romans 9:30,Epistles,New Testament,Romans,ASV
WORD,But,G1161,9,Romans 9:31,Epistles,New Testament,Romans,ASV
WORD,"Israel,",G2474,9,Romans 9:31,Epistles,New Testament,Romans,ASV
PHRASE,which followed,G1377,9,Romans 9:31,Epistles,New Testament,Romans,ASV
PHRASE,after the law,G3551,9,Romans 9:31,Epistles,New Testament,Romans,ASV
PHRASE,"of righteousness,",G1343,9,Romans 9:31,Epistles,New Testament,Romans,ASV
WORD,hath,G5348,9,Romans 9:31,Epistles,New Testament,Romans,ASV
WORD,not,G3756,9,Romans 9:31,Epistles,New Testament,Romans,ASV
WORD,attained,G5348,9,Romans 9:31,Epistles,New Testament,Romans,ASV
WORD,to,G1519,9,Romans 9:31,Epistles,New Testament,Romans,ASV
PHRASE,the law,G3551,9,Romans 9:31,Epistles,New Testament,Romans,ASV
PHRASE,of righteousness.,G1343,9,Romans 9:31,Epistles,New Testament,Romans,ASV
WORD,Wherefore?,G1223,9,Romans 9:32,Epistles,New Testament,Romans,ASV
WORD,,G5101,9,Romans 9:32,Epistles,New Testament,Romans,ASV
WORD,Because,G3754,9,Romans 9:32,Epistles,New Testament,Romans,ASV
PHRASE,[they sought it],,9,Romans 9:32,Epistles,New Testament,Romans,ASV
WORD,not,G3756,9,Romans 9:32,Epistles,New Testament,Romans,ASV
WORD,by,G1537,9,Romans 9:32,Epistles,New Testament,Romans,ASV
WORD,"faith,",G4102,9,Romans 9:32,Epistles,New Testament,Romans,ASV
WORD,but,G235,9,Romans 9:32,Epistles,New Testament,Romans,ASV
WORD,as,G5613,9,Romans 9:32,Epistles,New Testament,Romans,ASV
PHRASE,it were by,G1537,9,Romans 9:32,Epistles,New Testament,Romans,ASV
PHRASE,the works,G2041,9,Romans 9:32,Epistles,New Testament,Romans,ASV
PHRASE,of the law.,G3551,9,Romans 9:32,Epistles,New Testament,Romans,ASV
WORD,For,G1063,9,Romans 9:32,Epistles,New Testament,Romans,ASV
PHRASE,they stumbled,G4350,9,Romans 9:32,Epistles,New Testament,Romans,ASV
PHRASE,at that,G3588,9,Romans 9:32,Epistles,New Testament,Romans,ASV
WORD,,G3037,9,Romans 9:32,Epistles,New Testament,Romans,ASV
WORD,stumblingstone;,G4348,9,Romans 9:32,Epistles,New Testament,Romans,ASV
WORD,As,G2531,9,Romans 9:33,Epistles,New Testament,Romans,ASV
PHRASE,"it is written,",G1125,9,Romans 9:33,Epistles,New Testament,Romans,ASV
WORD,"Behold,",G2400,9,Romans 9:33,Epistles,New Testament,Romans,ASV
PHRASE,I lay,G5087,9,Romans 9:33,Epistles,New Testament,Romans,ASV
WORD,in,G1722,9,Romans 9:33,Epistles,New Testament,Romans,ASV
WORD,Sion,G4622,9,Romans 9:33,Epistles,New Testament,Romans,ASV
WORD,,G3037,9,Romans 9:33,Epistles,New Testament,Romans,ASV
PHRASE,a stumblingstone,G4348,9,Romans 9:33,Epistles,New Testament,Romans,ASV
WORD,and,G2532,9,Romans 9:33,Epistles,New Testament,Romans,ASV
WORD,rock,G4073,9,Romans 9:33,Epistles,New Testament,Romans,ASV
PHRASE,of offence:,G4625,9,Romans 9:33,Epistles,New Testament,Romans,ASV
WORD,and,G2532,9,Romans 9:33,Epistles,New Testament,Romans,ASV
WORD,whosoever,G3956,9,Romans 9:33,Epistles,New Testament,Romans,ASV
WORD,believeth,G4100,9,Romans 9:33,Epistles,New Testament,Romans,ASV
WORD,on,G1909,9,Romans 9:33,Epistles,New Testament,Romans,ASV
WORD,him,G846,9,Romans 9:33,Epistles,New Testament,Romans,ASV
WORD,shall,G2617,9,Romans 9:33,Epistles,New Testament,Romans,ASV
WORD,not,G3756,9,Romans 9:33,Epistles,New Testament,Romans,ASV
PHRASE,be ashamed.,G2617,9,Romans 9:33,Epistles,New Testament,Romans,ASV
WORD,"Brethren,",G80,10,Romans 10:1,Epistles,New Testament,Romans,ASV
WORD,my,G1699,10,Romans 10:1,Epistles,New Testament,Romans,ASV
WORD,heart's,G2588,10,Romans 10:1,Epistles,New Testament,Romans,ASV
WORD,desire,G2107,10,Romans 10:1,Epistles,New Testament,Romans,ASV
WORD,and,G2532,10,Romans 10:1,Epistles,New Testament,Romans,ASV
WORD,prayer,G1162,10,Romans 10:1,Epistles,New Testament,Romans,ASV
WORD,to,G4314,10,Romans 10:1,Epistles,New Testament,Romans,ASV
WORD,God,G2316,10,Romans 10:1,Epistles,New Testament,Romans,ASV
WORD,for,G5228,10,Romans 10:1,Epistles,New Testament,Romans,ASV
WORD,Israel,G2474,10,Romans 10:1,Epistles,New Testament,Romans,ASV
PHRASE,"is, that",G2076,10,Romans 10:1,Epistles,New Testament,Romans,ASV
PHRASE,they might be saved.,G4991,10,Romans 10:1,Epistles,New Testament,Romans,ASV
WORD,For,G1063,10,Romans 10:2,Epistles,New Testament,Romans,ASV
PHRASE,I bear,G3140,10,Romans 10:2,Epistles,New Testament,Romans,ASV
WORD,them,G846,10,Romans 10:2,Epistles,New Testament,Romans,ASV
WORD,record,G3140,10,Romans 10:2,Epistles,New Testament,Romans,ASV
WORD,that,G3754,10,Romans 10:2,Epistles,New Testament,Romans,ASV
PHRASE,they have,G2192,10,Romans 10:2,Epistles,New Testament,Romans,ASV
PHRASE,a zeal,G2205,10,Romans 10:2,Epistles,New Testament,Romans,ASV
PHRASE,"of God,",G2316,10,Romans 10:2,Epistles,New Testament,Romans,ASV
WORD,but,G235,10,Romans 10:2,Epistles,New Testament,Romans,ASV
WORD,not,G3756,10,Romans 10:2,Epistles,New Testament,Romans,ASV
WORD,according,G2596,10,Romans 10:2,Epistles,New Testament,Romans,ASV
PHRASE,to knowledge.,G1922,10,Romans 10:2,Epistles,New Testament,Romans,ASV
WORD,For,G1063,10,Romans 10:3,Epistles,New Testament,Romans,ASV
PHRASE,they being ignorant,G50,10,Romans 10:3,Epistles,New Testament,Romans,ASV
PHRASE,of God's,G2316,10,Romans 10:3,Epistles,New Testament,Romans,ASV
WORD,"righteousness,",G1343,10,Romans 10:3,Epistles,New Testament,Romans,ASV
WORD,and,G2532,10,Romans 10:3,Epistles,New Testament,Romans,ASV
PHRASE,going about,G2212,10,Romans 10:3,Epistles,New Testament,Romans,ASV
PHRASE,to establish,G2476,10,Romans 10:3,Epistles,New Testament,Romans,ASV
PHRASE,their own,G2398,10,Romans 10:3,Epistles,New Testament,Romans,ASV
WORD,"righteousness,",G1343,10,Romans 10:3,Epistles,New Testament,Romans,ASV
WORD,have,G5293,10,Romans 10:3,Epistles,New Testament,Romans,ASV
WORD,not,G3756,10,Romans 10:3,Epistles,New Testament,Romans,ASV
PHRASE,submitted themselves,G5293,10,Romans 10:3,Epistles,New Testament,Romans,ASV
PHRASE,unto the,G3588,10,Romans 10:3,Epistles,New Testament,Romans,ASV
WORD,righteousness,G1343,10,Romans 10:3,Epistles,New Testament,Romans,ASV
PHRASE,of God.,G2316,10,Romans 10:3,Epistles,New Testament,Romans,ASV
WORD,For,G1063,10,Romans 10:4,Epistles,New Testament,Romans,ASV
WORD,Christ,G5547,10,Romans 10:4,Epistles,New Testament,Romans,ASV
WORD,[is],,10,Romans 10:4,Epistles,New Testament,Romans,ASV
PHRASE,the end,G5056,10,Romans 10:4,Epistles,New Testament,Romans,ASV
PHRASE,of the law,G3551,10,Romans 10:4,Epistles,New Testament,Romans,ASV
WORD,for,G1519,10,Romans 10:4,Epistles,New Testament,Romans,ASV
WORD,righteousness,G1343,10,Romans 10:4,Epistles,New Testament,Romans,ASV
PHRASE,to every one,G3956,10,Romans 10:4,Epistles,New Testament,Romans,ASV
PHRASE,that believeth.,G4100,10,Romans 10:4,Epistles,New Testament,Romans,ASV
WORD,For,G1063,10,Romans 10:5,Epistles,New Testament,Romans,ASV
WORD,Moses,G3475,10,Romans 10:5,Epistles,New Testament,Romans,ASV
WORD,describeth,G1125,10,Romans 10:5,Epistles,New Testament,Romans,ASV
WORD,the,G3588,10,Romans 10:5,Epistles,New Testament,Romans,ASV
WORD,righteousness,G1343,10,Romans 10:5,Epistles,New Testament,Romans,ASV
WORD,which,G3588,10,Romans 10:5,Epistles,New Testament,Romans,ASV
PHRASE,is of,G1537,10,Romans 10:5,Epistles,New Testament,Romans,ASV
WORD,the,G3588,10,Romans 10:5,Epistles,New Testament,Romans,ASV
WORD,"law,",G3551,10,Romans 10:5,Epistles,New Testament,Romans,ASV
WORD,That,G3754,10,Romans 10:5,Epistles,New Testament,Romans,ASV
PHRASE,the man,G444,10,Romans 10:5,Epistles,New Testament,Romans,ASV
WORD,which,G3588,10,Romans 10:5,Epistles,New Testament,Romans,ASV
WORD,doeth,G4160,10,Romans 10:5,Epistles,New Testament,Romans,ASV
PHRASE,those things,G846,10,Romans 10:5,Epistles,New Testament,Romans,ASV
PHRASE,shall live,G2198,10,Romans 10:5,Epistles,New Testament,Romans,ASV
WORD,by,G1722,10,Romans 10:5,Epistles,New Testament,Romans,ASV
WORD,them.,G846,10,Romans 10:5,Epistles,New Testament,Romans,ASV
WORD,But,G1161,10,Romans 10:6,Epistles,New Testament,Romans,ASV
PHRASE,the righteousness,G1343,10,Romans 10:6,Epistles,New Testament,Romans,ASV
WORD,which,G3588,10,Romans 10:6,Epistles,New Testament,Romans,ASV
PHRASE,is of,G1537,10,Romans 10:6,Epistles,New Testament,Romans,ASV
WORD,faith,G4102,10,Romans 10:6,Epistles,New Testament,Romans,ASV
WORD,speaketh,G3004,10,Romans 10:6,Epistles,New Testament,Romans,ASV
PHRASE,"on this wise,",G3779,10,Romans 10:6,Epistles,New Testament,Romans,ASV
WORD,Say,G2036,10,Romans 10:6,Epistles,New Testament,Romans,ASV
WORD,not,G3361,10,Romans 10:6,Epistles,New Testament,Romans,ASV
WORD,in,G1722,10,Romans 10:6,Epistles,New Testament,Romans,ASV
WORD,thine,G4675,10,Romans 10:6,Epistles,New Testament,Romans,ASV
WORD,"heart,",G2588,10,Romans 10:6,Epistles,New Testament,Romans,ASV
WORD,Who,G5101,10,Romans 10:6,Epistles,New Testament,Romans,ASV
PHRASE,shall ascend,G305,10,Romans 10:6,Epistles,New Testament,Romans,ASV
WORD,into,G1519,10,Romans 10:6,Epistles,New Testament,Romans,ASV
WORD,heaven?,G3772,10,Romans 10:6,Epistles,New Testament,Romans,ASV
WORD,(that,G5124,10,Romans 10:6,Epistles,New Testament,Romans,ASV
WORD,"is,",G2076,10,Romans 10:6,Epistles,New Testament,Romans,ASV
PHRASE,to bring,G2609,10,Romans 10:6,Epistles,New Testament,Romans,ASV
WORD,Christ,G5547,10,Romans 10:6,Epistles,New Testament,Romans,ASV
WORD,down,G2609,10,Romans 10:6,Epistles,New Testament,Romans,ASV
PHRASE,[from above]:),,10,Romans 10:6,Epistles,New Testament,Romans,ASV
WORD,"Or,",G2228,10,Romans 10:7,Epistles,New Testament,Romans,ASV
WORD,Who,G5101,10,Romans 10:7,Epistles,New Testament,Romans,ASV
PHRASE,shall descend,G2597,10,Romans 10:7,Epistles,New Testament,Romans,ASV
WORD,into,G1519,10,Romans 10:7,Epistles,New Testament,Romans,ASV
WORD,the,G3588,10,Romans 10:7,Epistles,New Testament,Romans,ASV
WORD,deep?,G12,10,Romans 10:7,Epistles,New Testament,Romans,ASV
WORD,(that,G5124,10,Romans 10:7,Epistles,New Testament,Romans,ASV
WORD,"is,",G2076,10,Romans 10:7,Epistles,New Testament,Romans,ASV
PHRASE,to bring up,G321,10,Romans 10:7,Epistles,New Testament,Romans,ASV
WORD,Christ,G5547,10,Romans 10:7,Epistles,New Testament,Romans,ASV
WORD,again,G321,10,Romans 10:7,Epistles,New Testament,Romans,ASV
WORD,from,G1537,10,Romans 10:7,Epistles,New Testament,Romans,ASV
PHRASE,the dead.),G3498,10,Romans 10:7,Epistles,New Testament,Romans,ASV
WORD,But,G235,10,Romans 10:8,Epistles,New Testament,Romans,ASV
WORD,what,G5101,10,Romans 10:8,Epistles,New Testament,Romans,ASV
PHRASE,saith it?,G3004,10,Romans 10:8,Epistles,New Testament,Romans,ASV
WORD,The,G3588,10,Romans 10:8,Epistles,New Testament,Romans,ASV
WORD,word,G4487,10,Romans 10:8,Epistles,New Testament,Romans,ASV
WORD,is,G2076,10,Romans 10:8,Epistles,New Testament,Romans,ASV
WORD,nigh,G1451,10,Romans 10:8,Epistles,New Testament,Romans,ASV
WORD,"thee,",G4675,10,Romans 10:8,Epistles,New Testament,Romans,ASV
WORD,[even],,10,Romans 10:8,Epistles,New Testament,Romans,ASV
WORD,in,G1722,10,Romans 10:8,Epistles,New Testament,Romans,ASV
WORD,thy,G4675,10,Romans 10:8,Epistles,New Testament,Romans,ASV
WORD,"mouth,",G4750,10,Romans 10:8,Epistles,New Testament,Romans,ASV
WORD,and,G2532,10,Romans 10:8,Epistles,New Testament,Romans,ASV
WORD,in,G1722,10,Romans 10:8,Epistles,New Testament,Romans,ASV
WORD,thy,G4675,10,Romans 10:8,Epistles,New Testament,Romans,ASV
WORD,heart:,G2588,10,Romans 10:8,Epistles,New Testament,Romans,ASV
WORD,that,G5124,10,Romans 10:8,Epistles,New Testament,Romans,ASV
WORD,"is,",G2076,10,Romans 10:8,Epistles,New Testament,Romans,ASV
WORD,the,G3588,10,Romans 10:8,Epistles,New Testament,Romans,ASV
WORD,word,G4487,10,Romans 10:8,Epistles,New Testament,Romans,ASV
PHRASE,"of faith,",G4102,10,Romans 10:8,Epistles,New Testament,Romans,ASV
WORD,which,G3739,10,Romans 10:8,Epistles,New Testament,Romans,ASV
PHRASE,we preach;,G2784,10,Romans 10:8,Epistles,New Testament,Romans,ASV
WORD,That,G3754,10,Romans 10:9,Epistles,New Testament,Romans,ASV
WORD,if,G1437,10,Romans 10:9,Epistles,New Testament,Romans,ASV
PHRASE,thou shalt confess,G3670,10,Romans 10:9,Epistles,New Testament,Romans,ASV
WORD,with,G1722,10,Romans 10:9,Epistles,New Testament,Romans,ASV
WORD,thy,G4675,10,Romans 10:9,Epistles,New Testament,Romans,ASV
WORD,mouth,G4750,10,Romans 10:9,Epistles,New Testament,Romans,ASV
PHRASE,the Lord,G2962,10,Romans 10:9,Epistles,New Testament,Romans,ASV
WORD,"Jesus,",G2424,10,Romans 10:9,Epistles,New Testament,Romans,ASV
WORD,and,G2532,10,Romans 10:9,Epistles,New Testament,Romans,ASV
PHRASE,shalt believe,G4100,10,Romans 10:9,Epistles,New Testament,Romans,ASV
WORD,in,G1722,10,Romans 10:9,Epistles,New Testament,Romans,ASV
WORD,thine,G4675,10,Romans 10:9,Epistles,New Testament,Romans,ASV
WORD,heart,G2588,10,Romans 10:9,Epistles,New Testament,Romans,ASV
WORD,that,G3754,10,Romans 10:9,Epistles,New Testament,Romans,ASV
WORD,God,G2316,10,Romans 10:9,Epistles,New Testament,Romans,ASV
PHRASE,hath raised,G1453,10,Romans 10:9,Epistles,New Testament,Romans,ASV
WORD,him,G846,10,Romans 10:9,Epistles,New Testament,Romans,ASV
WORD,from,G1537,10,Romans 10:9,Epistles,New Testament,Romans,ASV
PHRASE,"the dead,",G3498,10,Romans 10:9,Epistles,New Testament,Romans,ASV
PHRASE,thou shalt be saved.,G4982,10,Romans 10:9,Epistles,New Testament,Romans,ASV
WORD,For,G1063,10,Romans 10:10,Epistles,New Testament,Romans,ASV
PHRASE,with the heart,G2588,10,Romans 10:10,Epistles,New Testament,Romans,ASV
PHRASE,man believeth,G4100,10,Romans 10:10,Epistles,New Testament,Romans,ASV
WORD,unto,G1519,10,Romans 10:10,Epistles,New Testament,Romans,ASV
WORD,righteousness;,G1343,10,Romans 10:10,Epistles,New Testament,Romans,ASV
WORD,and,G1161,10,Romans 10:10,Epistles,New Testament,Romans,ASV
PHRASE,with the mouth,G4750,10,Romans 10:10,Epistles,New Testament,Romans,ASV
PHRASE,confession is made,G3670,10,Romans 10:10,Epistles,New Testament,Romans,ASV
WORD,unto,G1519,10,Romans 10:10,Epistles,New Testament,Romans,ASV
WORD,salvation.,G4991,10,Romans 10:10,Epistles,New Testament,Romans,ASV
WORD,For,G1063,10,Romans 10:11,Epistles,New Testament,Romans,ASV
WORD,the,G3588,10,Romans 10:11,Epistles,New Testament,Romans,ASV
WORD,scripture,G1124,10,Romans 10:11,Epistles,New Testament,Romans,ASV
WORD,"saith,",G3004,10,Romans 10:11,Epistles,New Testament,Romans,ASV
WORD,Whosoever,G3956,10,Romans 10:11,Epistles,New Testament,Romans,ASV
WORD,believeth,G4100,10,Romans 10:11,Epistles,New Testament,Romans,ASV
WORD,on,G1909,10,Romans 10:11,Epistles,New Testament,Romans,ASV
WORD,him,G846,10,Romans 10:11,Epistles,New Testament,Romans,ASV
WORD,shall,G2617,10,Romans 10:11,Epistles,New Testament,Romans,ASV
WORD,not,G3756,10,Romans 10:11,Epistles,New Testament,Romans,ASV
PHRASE,be ashamed.,G2617,10,Romans 10:11,Epistles,New Testament,Romans,ASV
WORD,For,G1063,10,Romans 10:12,Epistles,New Testament,Romans,ASV
PHRASE,there is,G2076,10,Romans 10:12,Epistles,New Testament,Romans,ASV
WORD,no,G3756,10,Romans 10:12,Epistles,New Testament,Romans,ASV
WORD,difference,G1293,10,Romans 10:12,Epistles,New Testament,Romans,ASV
WORD,between,G5037,10,Romans 10:12,Epistles,New Testament,Romans,ASV
PHRASE,the Jew,G2453,10,Romans 10:12,Epistles,New Testament,Romans,ASV
WORD,and,G2532,10,Romans 10:12,Epistles,New Testament,Romans,ASV
PHRASE,the Greek:,G1672,10,Romans 10:12,Epistles,New Testament,Romans,ASV
WORD,for,G1063,10,Romans 10:12,Epistles,New Testament,Romans,ASV
WORD,the,G3588,10,Romans 10:12,Epistles,New Testament,Romans,ASV
WORD,same,G846,10,Romans 10:12,Epistles,New Testament,Romans,ASV
WORD,Lord,G2962,10,Romans 10:12,Epistles,New Testament,Romans,ASV
PHRASE,over all,G3956,10,Romans 10:12,Epistles,New Testament,Romans,ASV
PHRASE,is rich,G4147,10,Romans 10:12,Epistles,New Testament,Romans,ASV
WORD,unto,G1519,10,Romans 10:12,Epistles,New Testament,Romans,ASV
WORD,all,G3956,10,Romans 10:12,Epistles,New Testament,Romans,ASV
PHRASE,that call upon,G1941,10,Romans 10:12,Epistles,New Testament,Romans,ASV
WORD,him.,G846,10,Romans 10:12,Epistles,New Testament,Romans,ASV
WORD,For,G1063,10,Romans 10:13,Epistles,New Testament,Romans,ASV
WORD,whosoever,G3956,10,Romans 10:13,Epistles,New Testament,Romans,ASV
PHRASE,shall call upon,G1941,10,Romans 10:13,Epistles,New Testament,Romans,ASV
WORD,the,G3588,10,Romans 10:13,Epistles,New Testament,Romans,ASV
WORD,name,G3686,10,Romans 10:13,Epistles,New Testament,Romans,ASV
PHRASE,of the Lord,G2962,10,Romans 10:13,Epistles,New Testament,Romans,ASV
PHRASE,shall be saved.,G4982,10,Romans 10:13,Epistles,New Testament,Romans,ASV
WORD,How,G4459,10,Romans 10:14,Epistles,New Testament,Romans,ASV
WORD,then,G3767,10,Romans 10:14,Epistles,New Testament,Romans,ASV
PHRASE,shall they call on,G1941,10,Romans 10:14,Epistles,New Testament,Romans,ASV
PHRASE,him in,G1519,10,Romans 10:14,Epistles,New Testament,Romans,ASV
WORD,whom,G3739,10,Romans 10:14,Epistles,New Testament,Romans,ASV
PHRASE,they have,G4100,10,Romans 10:14,Epistles,New Testament,Romans,ASV
WORD,not,G3756,10,Romans 10:14,Epistles,New Testament,Romans,ASV
WORD,believed?,G4100,10,Romans 10:14,Epistles,New Testament,Romans,ASV
WORD,and,G1161,10,Romans 10:14,Epistles,New Testament,Romans,ASV
WORD,how,G4459,10,Romans 10:14,Epistles,New Testament,Romans,ASV
PHRASE,shall they believe in,G4100,10,Romans 10:14,Epistles,New Testament,Romans,ASV
PHRASE,him of whom,G3739,10,Romans 10:14,Epistles,New Testament,Romans,ASV
PHRASE,they have,G191,10,Romans 10:14,Epistles,New Testament,Romans,ASV
WORD,not,G3756,10,Romans 10:14,Epistles,New Testament,Romans,ASV
WORD,heard?,G191,10,Romans 10:14,Epistles,New Testament,Romans,ASV
WORD,and,G1161,10,Romans 10:14,Epistles,New Testament,Romans,ASV
WORD,how,G4459,10,Romans 10:14,Epistles,New Testament,Romans,ASV
PHRASE,shall they hear,G191,10,Romans 10:14,Epistles,New Testament,Romans,ASV
WORD,without,G5565,10,Romans 10:14,Epistles,New Testament,Romans,ASV
PHRASE,a preacher?,G2784,10,Romans 10:14,Epistles,New Testament,Romans,ASV
WORD,And,G1161,10,Romans 10:15,Epistles,New Testament,Romans,ASV
WORD,how,G4459,10,Romans 10:15,Epistles,New Testament,Romans,ASV
PHRASE,"shall they preach,",G2784,10,Romans 10:15,Epistles,New Testament,Romans,ASV
WORD,,G1437,10,Romans 10:15,Epistles,New Testament,Romans,ASV
WORD,except,G3361,10,Romans 10:15,Epistles,New Testament,Romans,ASV
PHRASE,they be sent?,G649,10,Romans 10:15,Epistles,New Testament,Romans,ASV
WORD,as,G2531,10,Romans 10:15,Epistles,New Testament,Romans,ASV
PHRASE,"it is written,",G1125,10,Romans 10:15,Epistles,New Testament,Romans,ASV
WORD,How,G5613,10,Romans 10:15,Epistles,New Testament,Romans,ASV
WORD,beautiful,G5611,10,Romans 10:15,Epistles,New Testament,Romans,ASV
PHRASE,are the,G3588,10,Romans 10:15,Epistles,New Testament,Romans,ASV
PHRASE,feet of them,G4228,10,Romans 10:15,Epistles,New Testament,Romans,ASV
PHRASE,that preach the gospel,G2097,10,Romans 10:15,Epistles,New Testament,Romans,ASV
PHRASE,"of peace,",G1515,10,Romans 10:15,Epistles,New Testament,Romans,ASV
PHRASE,and bring glad tidings,G2097,10,Romans 10:15,Epistles,New Testament,Romans,ASV
PHRASE,of good things!,G18,10,Romans 10:15,Epistles,New Testament,Romans,ASV
WORD,But,G235,10,Romans 10:16,Epistles,New Testament,Romans,ASV
PHRASE,they have,G5219,10,Romans 10:16,Epistles,New Testament,Romans,ASV
WORD,not,G3756,10,Romans 10:16,Epistles,New Testament,Romans,ASV
WORD,all,G3956,10,Romans 10:16,Epistles,New Testament,Romans,ASV
WORD,obeyed,G5219,10,Romans 10:16,Epistles,New Testament,Romans,ASV
WORD,the,G3588,10,Romans 10:16,Epistles,New Testament,Romans,ASV
WORD,gospel.,G2098,10,Romans 10:16,Epistles,New Testament,Romans,ASV
WORD,For,G1063,10,Romans 10:16,Epistles,New Testament,Romans,ASV
WORD,Esaias,G2268,10,Romans 10:16,Epistles,New Testament,Romans,ASV
WORD,"saith,",G3004,10,Romans 10:16,Epistles,New Testament,Romans,ASV
WORD,"Lord,",G2962,10,Romans 10:16,Epistles,New Testament,Romans,ASV
WORD,who,G5101,10,Romans 10:16,Epistles,New Testament,Romans,ASV
PHRASE,hath believed,G4100,10,Romans 10:16,Epistles,New Testament,Romans,ASV
WORD,our,G2257,10,Romans 10:16,Epistles,New Testament,Romans,ASV
WORD,report?,G189,10,Romans 10:16,Epistles,New Testament,Romans,ASV
PHRASE,So then,G686,10,Romans 10:17,Epistles,New Testament,Romans,ASV
WORD,faith,G4102,10,Romans 10:17,Epistles,New Testament,Romans,ASV
WORD,[cometh],,10,Romans 10:17,Epistles,New Testament,Romans,ASV
WORD,by,G1537,10,Romans 10:17,Epistles,New Testament,Romans,ASV
WORD,"hearing,",G189,10,Romans 10:17,Epistles,New Testament,Romans,ASV
WORD,and,G1161,10,Romans 10:17,Epistles,New Testament,Romans,ASV
WORD,hearing,G189,10,Romans 10:17,Epistles,New Testament,Romans,ASV
WORD,by,G1223,10,Romans 10:17,Epistles,New Testament,Romans,ASV
PHRASE,the word,G4487,10,Romans 10:17,Epistles,New Testament,Romans,ASV
PHRASE,of God.,G2316,10,Romans 10:17,Epistles,New Testament,Romans,ASV
WORD,But,G235,10,Romans 10:18,Epistles,New Testament,Romans,ASV
PHRASE,"I say,",G3004,10,Romans 10:18,Epistles,New Testament,Romans,ASV
WORD,Have,G191,10,Romans 10:18,Epistles,New Testament,Romans,ASV
WORD,,G3361,10,Romans 10:18,Epistles,New Testament,Romans,ASV
PHRASE,they not,G3756,10,Romans 10:18,Epistles,New Testament,Romans,ASV
WORD,heard?,G191,10,Romans 10:18,Epistles,New Testament,Romans,ASV
PHRASE,"Yes verily,",G3304,10,Romans 10:18,Epistles,New Testament,Romans,ASV
WORD,their,G846,10,Romans 10:18,Epistles,New Testament,Romans,ASV
WORD,sound,G5353,10,Romans 10:18,Epistles,New Testament,Romans,ASV
WORD,went,G1831,10,Romans 10:18,Epistles,New Testament,Romans,ASV
WORD,into,G1519,10,Romans 10:18,Epistles,New Testament,Romans,ASV
WORD,all,G3956,10,Romans 10:18,Epistles,New Testament,Romans,ASV
WORD,the,G3588,10,Romans 10:18,Epistles,New Testament,Romans,ASV
WORD,"earth,",G1093,10,Romans 10:18,Epistles,New Testament,Romans,ASV
WORD,and,G2532,10,Romans 10:18,Epistles,New Testament,Romans,ASV
WORD,their,G846,10,Romans 10:18,Epistles,New Testament,Romans,ASV
WORD,words,G4487,10,Romans 10:18,Epistles,New Testament,Romans,ASV
WORD,unto,G1519,10,Romans 10:18,Epistles,New Testament,Romans,ASV
WORD,the,G3588,10,Romans 10:18,Epistles,New Testament,Romans,ASV
WORD,ends,G4009,10,Romans 10:18,Epistles,New Testament,Romans,ASV
PHRASE,of the,G3588,10,Romans 10:18,Epistles,New Testament,Romans,ASV
WORD,world.,G3625,10,Romans 10:18,Epistles,New Testament,Romans,ASV
WORD,But,G235,10,Romans 10:19,Epistles,New Testament,Romans,ASV
PHRASE,"I say,",G3004,10,Romans 10:19,Epistles,New Testament,Romans,ASV
WORD,Did,G1097,10,Romans 10:19,Epistles,New Testament,Romans,ASV
WORD,not,G3361,10,Romans 10:19,Epistles,New Testament,Romans,ASV
WORD,Israel,G2474,10,Romans 10:19,Epistles,New Testament,Romans,ASV
WORD,know?,G1097,10,Romans 10:19,Epistles,New Testament,Romans,ASV
WORD,First,G4413,10,Romans 10:19,Epistles,New Testament,Romans,ASV
WORD,Moses,G3475,10,Romans 10:19,Epistles,New Testament,Romans,ASV
WORD,"saith,",G3004,10,Romans 10:19,Epistles,New Testament,Romans,ASV
WORD,I,G1473,10,Romans 10:19,Epistles,New Testament,Romans,ASV
PHRASE,will provoke,G3863,10,Romans 10:19,Epistles,New Testament,Romans,ASV
WORD,you,G5209,10,Romans 10:19,Epistles,New Testament,Romans,ASV
PHRASE,to jealousy,G3863,10,Romans 10:19,Epistles,New Testament,Romans,ASV
WORD,by,G1909,10,Romans 10:19,Epistles,New Testament,Romans,ASV
PHRASE,[them that are],,10,Romans 10:19,Epistles,New Testament,Romans,ASV
WORD,no,G3756,10,Romans 10:19,Epistles,New Testament,Romans,ASV
WORD,"people,",G1484,10,Romans 10:19,Epistles,New Testament,Romans,ASV
WORD,[and],,10,Romans 10:19,Epistles,New Testament,Romans,ASV
WORD,by,G1909,10,Romans 10:19,Epistles,New Testament,Romans,ASV
PHRASE,a foolish,G801,10,Romans 10:19,Epistles,New Testament,Romans,ASV
WORD,nation,G1484,10,Romans 10:19,Epistles,New Testament,Romans,ASV
PHRASE,I will anger,G3949,10,Romans 10:19,Epistles,New Testament,Romans,ASV
WORD,you.,G5209,10,Romans 10:19,Epistles,New Testament,Romans,ASV
WORD,But,G1161,10,Romans 10:20,Epistles,New Testament,Romans,ASV
WORD,Esaias,G2268,10,Romans 10:20,Epistles,New Testament,Romans,ASV
PHRASE,"is very bold,",G662,10,Romans 10:20,Epistles,New Testament,Romans,ASV
WORD,and,G2532,10,Romans 10:20,Epistles,New Testament,Romans,ASV
WORD,"saith,",G3004,10,Romans 10:20,Epistles,New Testament,Romans,ASV
PHRASE,I was found,G2147,10,Romans 10:20,Epistles,New Testament,Romans,ASV
PHRASE,of them that sought,G2212,10,Romans 10:20,Epistles,New Testament,Romans,ASV
WORD,me,G1691,10,Romans 10:20,Epistles,New Testament,Romans,ASV
WORD,not;,G3361,10,Romans 10:20,Epistles,New Testament,Romans,ASV
PHRASE,I was made,G1096,10,Romans 10:20,Epistles,New Testament,Romans,ASV
WORD,manifest,G1717,10,Romans 10:20,Epistles,New Testament,Romans,ASV
PHRASE,unto them that asked,G1905,10,Romans 10:20,Epistles,New Testament,Romans,ASV
WORD,not,G3361,10,Romans 10:20,Epistles,New Testament,Romans,ASV
WORD,after,G1905,10,Romans 10:20,Epistles,New Testament,Romans,ASV
WORD,me.,G1691,10,Romans 10:20,Epistles,New Testament,Romans,ASV
WORD,But,G1161,10,Romans 10:21,Epistles,New Testament,Romans,ASV
WORD,to,G4314,10,Romans 10:21,Epistles,New Testament,Romans,ASV
WORD,Israel,G2474,10,Romans 10:21,Epistles,New Testament,Romans,ASV
PHRASE,"he saith,",G3004,10,Romans 10:21,Epistles,New Testament,Romans,ASV
WORD,All,G3650,10,Romans 10:21,Epistles,New Testament,Romans,ASV
PHRASE,day long,G2250,10,Romans 10:21,Epistles,New Testament,Romans,ASV
PHRASE,I have stretched forth,G1600,10,Romans 10:21,Epistles,New Testament,Romans,ASV
WORD,my,G3450,10,Romans 10:21,Epistles,New Testament,Romans,ASV
WORD,hands,G5495,10,Romans 10:21,Epistles,New Testament,Romans,ASV
WORD,unto,G4314,10,Romans 10:21,Epistles,New Testament,Romans,ASV
PHRASE,a disobedient,G544,10,Romans 10:21,Epistles,New Testament,Romans,ASV
WORD,and,G2532,10,Romans 10:21,Epistles,New Testament,Romans,ASV
WORD,gainsaying,G483,10,Romans 10:21,Epistles,New Testament,Romans,ASV
WORD,people.,G2992,10,Romans 10:21,Epistles,New Testament,Romans,ASV
PHRASE,I say,G3004,11,Romans 11:1,Epistles,New Testament,Romans,ASV
WORD,"then,",G3767,11,Romans 11:1,Epistles,New Testament,Romans,ASV
WORD,Hath,G683,11,Romans 11:1,Epistles,New Testament,Romans,ASV
WORD,God,G2316,11,Romans 11:1,Epistles,New Testament,Romans,ASV
PHRASE,cast away,G683,11,Romans 11:1,Epistles,New Testament,Romans,ASV
WORD,his,G846,11,Romans 11:1,Epistles,New Testament,Romans,ASV
WORD,people?,G2992,11,Romans 11:1,Epistles,New Testament,Romans,ASV
PHRASE,God forbid.,G3361,11,Romans 11:1,Epistles,New Testament,Romans,ASV
WORD,,G1096,11,Romans 11:1,Epistles,New Testament,Romans,ASV
WORD,For,G1063,11,Romans 11:1,Epistles,New Testament,Romans,ASV
WORD,I,G1473,11,Romans 11:1,Epistles,New Testament,Romans,ASV
WORD,also,G2532,11,Romans 11:1,Epistles,New Testament,Romans,ASV
WORD,am,G1510,11,Romans 11:1,Epistles,New Testament,Romans,ASV
PHRASE,"an Israelite,",G2475,11,Romans 11:1,Epistles,New Testament,Romans,ASV
WORD,of,G1537,11,Romans 11:1,Epistles,New Testament,Romans,ASV
PHRASE,the seed,G4690,11,Romans 11:1,Epistles,New Testament,Romans,ASV
PHRASE,"of Abraham,",G11,11,Romans 11:1,Epistles,New Testament,Romans,ASV
WORD,[of],,11,Romans 11:1,Epistles,New Testament,Romans,ASV
PHRASE,the tribe,G5443,11,Romans 11:1,Epistles,New Testament,Romans,ASV
PHRASE,of Benjamin.,G958,11,Romans 11:1,Epistles,New Testament,Romans,ASV
WORD,God,G2316,11,Romans 11:2,Epistles,New Testament,Romans,ASV
WORD,hath,G683,11,Romans 11:2,Epistles,New Testament,Romans,ASV
WORD,not,G3756,11,Romans 11:2,Epistles,New Testament,Romans,ASV
PHRASE,cast away,G683,11,Romans 11:2,Epistles,New Testament,Romans,ASV
WORD,his,G846,11,Romans 11:2,Epistles,New Testament,Romans,ASV
WORD,people,G2992,11,Romans 11:2,Epistles,New Testament,Romans,ASV
WORD,which,G3739,11,Romans 11:2,Epistles,New Testament,Romans,ASV
PHRASE,he foreknew.,G4267,11,Romans 11:2,Epistles,New Testament,Romans,ASV
PHRASE,Wot ye,G1492,11,Romans 11:2,Epistles,New Testament,Romans,ASV
WORD,not,G3756,11,Romans 11:2,Epistles,New Testament,Romans,ASV
WORD,what,G5101,11,Romans 11:2,Epistles,New Testament,Romans,ASV
WORD,the,G3588,11,Romans 11:2,Epistles,New Testament,Romans,ASV
WORD,scripture,G1124,11,Romans 11:2,Epistles,New Testament,Romans,ASV
WORD,saith,G3004,11,Romans 11:2,Epistles,New Testament,Romans,ASV
WORD,of,G1722,11,Romans 11:2,Epistles,New Testament,Romans,ASV
WORD,Elias?,G2243,11,Romans 11:2,Epistles,New Testament,Romans,ASV
WORD,how,G5613,11,Romans 11:2,Epistles,New Testament,Romans,ASV
PHRASE,he maketh intercession,G1793,11,Romans 11:2,Epistles,New Testament,Romans,ASV
PHRASE,to God,G2316,11,Romans 11:2,Epistles,New Testament,Romans,ASV
WORD,against,G2596,11,Romans 11:2,Epistles,New Testament,Romans,ASV
WORD,"Israel,",G2474,11,Romans 11:2,Epistles,New Testament,Romans,ASV
WORD,"saying,",G3004,11,Romans 11:2,Epistles,New Testament,Romans,ASV
WORD,"Lord,",G2962,11,Romans 11:3,Epistles,New Testament,Romans,ASV
PHRASE,they have killed,G615,11,Romans 11:3,Epistles,New Testament,Romans,ASV
WORD,thy,G4675,11,Romans 11:3,Epistles,New Testament,Romans,ASV
WORD,"prophets,",G4396,11,Romans 11:3,Epistles,New Testament,Romans,ASV
WORD,and,G2532,11,Romans 11:3,Epistles,New Testament,Romans,ASV
PHRASE,digged down,G2679,11,Romans 11:3,Epistles,New Testament,Romans,ASV
WORD,thine,G4675,11,Romans 11:3,Epistles,New Testament,Romans,ASV
WORD,altars;,G2379,11,Romans 11:3,Epistles,New Testament,Romans,ASV
PHRASE,and I,G2504,11,Romans 11:3,Epistles,New Testament,Romans,ASV
PHRASE,am left,G5275,11,Romans 11:3,Epistles,New Testament,Romans,ASV
WORD,"alone,",G3441,11,Romans 11:3,Epistles,New Testament,Romans,ASV
WORD,and,G2532,11,Romans 11:3,Epistles,New Testament,Romans,ASV
PHRASE,they seek,G2212,11,Romans 11:3,Epistles,New Testament,Romans,ASV
WORD,my,G3450,11,Romans 11:3,Epistles,New Testament,Romans,ASV
WORD,life.,G5590,11,Romans 11:3,Epistles,New Testament,Romans,ASV
WORD,But,G235,11,Romans 11:4,Epistles,New Testament,Romans,ASV
WORD,what,G5101,11,Romans 11:4,Epistles,New Testament,Romans,ASV
WORD,saith,G3004,11,Romans 11:4,Epistles,New Testament,Romans,ASV
WORD,the,G3588,11,Romans 11:4,Epistles,New Testament,Romans,ASV
PHRASE,answer of God,G5538,11,Romans 11:4,Epistles,New Testament,Romans,ASV
PHRASE,unto him?,G846,11,Romans 11:4,Epistles,New Testament,Romans,ASV
PHRASE,I have reserved,G2641,11,Romans 11:4,Epistles,New Testament,Romans,ASV
PHRASE,to myself,G1683,11,Romans 11:4,Epistles,New Testament,Romans,ASV
PHRASE,seven thousand,G2035,11,Romans 11:4,Epistles,New Testament,Romans,ASV
WORD,"men,",G435,11,Romans 11:4,Epistles,New Testament,Romans,ASV
WORD,who,G3748,11,Romans 11:4,Epistles,New Testament,Romans,ASV
WORD,have,G2578,11,Romans 11:4,Epistles,New Testament,Romans,ASV
WORD,not,G3756,11,Romans 11:4,Epistles,New Testament,Romans,ASV
WORD,bowed,G2578,11,Romans 11:4,Epistles,New Testament,Romans,ASV
PHRASE,the knee,G1119,11,Romans 11:4,Epistles,New Testament,Romans,ASV
PHRASE,to [the image of] Baal.,G896,11,Romans 11:4,Epistles,New Testament,Romans,ASV
PHRASE,Even so,G3779,11,Romans 11:5,Epistles,New Testament,Romans,ASV
WORD,then,G3767,11,Romans 11:5,Epistles,New Testament,Romans,ASV
WORD,at,G1722,11,Romans 11:5,Epistles,New Testament,Romans,ASV
WORD,this,G3588,11,Romans 11:5,Epistles,New Testament,Romans,ASV
WORD,present,G3568,11,Romans 11:5,Epistles,New Testament,Romans,ASV
WORD,time,G2540,11,Romans 11:5,Epistles,New Testament,Romans,ASV
WORD,also,G2532,11,Romans 11:5,Epistles,New Testament,Romans,ASV
PHRASE,there is,G1096,11,Romans 11:5,Epistles,New Testament,Romans,ASV
PHRASE,a remnant,G3005,11,Romans 11:5,Epistles,New Testament,Romans,ASV
WORD,according,G2596,11,Romans 11:5,Epistles,New Testament,Romans,ASV
PHRASE,to the election,G1589,11,Romans 11:5,Epistles,New Testament,Romans,ASV
PHRASE,of grace.,G5485,11,Romans 11:5,Epistles,New Testament,Romans,ASV
WORD,And,G1161,11,Romans 11:6,Epistles,New Testament,Romans,ASV
WORD,if,G1487,11,Romans 11:6,Epistles,New Testament,Romans,ASV
PHRASE,"by grace,",G5485,11,Romans 11:6,Epistles,New Testament,Romans,ASV
PHRASE,then [is it] no more,G3765,11,Romans 11:6,Epistles,New Testament,Romans,ASV
WORD,of,G1537,11,Romans 11:6,Epistles,New Testament,Romans,ASV
WORD,works:,G2041,11,Romans 11:6,Epistles,New Testament,Romans,ASV
WORD,otherwise,G1893,11,Romans 11:6,Epistles,New Testament,Romans,ASV
WORD,grace,G5485,11,Romans 11:6,Epistles,New Testament,Romans,ASV
WORD,is,G1096,11,Romans 11:6,Epistles,New Testament,Romans,ASV
PHRASE,no more,G3765,11,Romans 11:6,Epistles,New Testament,Romans,ASV
WORD,grace.,G5485,11,Romans 11:6,Epistles,New Testament,Romans,ASV
WORD,But,G1161,11,Romans 11:6,Epistles,New Testament,Romans,ASV
WORD,if,G1487,11,Romans 11:6,Epistles,New Testament,Romans,ASV
PHRASE,[it be],,11,Romans 11:6,Epistles,New Testament,Romans,ASV
WORD,of,G1537,11,Romans 11:6,Epistles,New Testament,Romans,ASV
WORD,"works,",G2041,11,Romans 11:6,Epistles,New Testament,Romans,ASV
PHRASE,then is it,G2076,11,Romans 11:6,Epistles,New Testament,Romans,ASV
PHRASE,no more,G3765,11,Romans 11:6,Epistles,New Testament,Romans,ASV
WORD,grace:,G5485,11,Romans 11:6,Epistles,New Testament,Romans,ASV
WORD,otherwise,G1893,11,Romans 11:6,Epistles,New Testament,Romans,ASV
WORD,work,G2041,11,Romans 11:6,Epistles,New Testament,Romans,ASV
WORD,is,G2076,11,Romans 11:6,Epistles,New Testament,Romans,ASV
PHRASE,no more,G3765,11,Romans 11:6,Epistles,New Testament,Romans,ASV
WORD,work.,G2041,11,Romans 11:6,Epistles,New Testament,Romans,ASV
WORD,What,G5101,11,Romans 11:7,Epistles,New Testament,Romans,ASV
WORD,then?,G3767,11,Romans 11:7,Epistles,New Testament,Romans,ASV
WORD,Israel,G2474,11,Romans 11:7,Epistles,New Testament,Romans,ASV
WORD,hath,G2013,11,Romans 11:7,Epistles,New Testament,Romans,ASV
WORD,not,G3756,11,Romans 11:7,Epistles,New Testament,Romans,ASV
WORD,obtained,G2013,11,Romans 11:7,Epistles,New Testament,Romans,ASV
WORD,that,G5127,11,Romans 11:7,Epistles,New Testament,Romans,ASV
WORD,which,G3739,11,Romans 11:7,Epistles,New Testament,Romans,ASV
PHRASE,he seeketh for;,G1934,11,Romans 11:7,Epistles,New Testament,Romans,ASV
WORD,but,G1161,11,Romans 11:7,Epistles,New Testament,Romans,ASV
WORD,the,G3588,11,Romans 11:7,Epistles,New Testament,Romans,ASV
WORD,election,G1589,11,Romans 11:7,Epistles,New Testament,Romans,ASV
PHRASE,"hath obtained it,",G2013,11,Romans 11:7,Epistles,New Testament,Romans,ASV
WORD,and,G1161,11,Romans 11:7,Epistles,New Testament,Romans,ASV
WORD,the,G3588,11,Romans 11:7,Epistles,New Testament,Romans,ASV
WORD,rest,G3062,11,Romans 11:7,Epistles,New Testament,Romans,ASV
PHRASE,were blinded,G4456,11,Romans 11:7,Epistles,New Testament,Romans,ASV
PHRASE,(According as,G2531,11,Romans 11:8,Epistles,New Testament,Romans,ASV
PHRASE,"it is written,",G1125,11,Romans 11:8,Epistles,New Testament,Romans,ASV
WORD,God,G2316,11,Romans 11:8,Epistles,New Testament,Romans,ASV
PHRASE,hath given,G1325,11,Romans 11:8,Epistles,New Testament,Romans,ASV
WORD,them,G846,11,Romans 11:8,Epistles,New Testament,Romans,ASV
PHRASE,the spirit,G4151,11,Romans 11:8,Epistles,New Testament,Romans,ASV
PHRASE,"of slumber,",G2659,11,Romans 11:8,Epistles,New Testament,Romans,ASV
WORD,eyes,G3788,11,Romans 11:8,Epistles,New Testament,Romans,ASV
PHRASE,that they should,G991,11,Romans 11:8,Epistles,New Testament,Romans,ASV
WORD,not,G3361,11,Romans 11:8,Epistles,New Testament,Romans,ASV
WORD,"see,",G991,11,Romans 11:8,Epistles,New Testament,Romans,ASV
WORD,and,G2532,11,Romans 11:8,Epistles,New Testament,Romans,ASV
WORD,ears,G3775,11,Romans 11:8,Epistles,New Testament,Romans,ASV
PHRASE,that they should,G191,11,Romans 11:8,Epistles,New Testament,Romans,ASV
WORD,not,G3361,11,Romans 11:8,Epistles,New Testament,Romans,ASV
WORD,hear;),G191,11,Romans 11:8,Epistles,New Testament,Romans,ASV
WORD,unto,G2193,11,Romans 11:8,Epistles,New Testament,Romans,ASV
WORD,this,G4594,11,Romans 11:8,Epistles,New Testament,Romans,ASV
WORD,day.,G2250,11,Romans 11:8,Epistles,New Testament,Romans,ASV
WORD,And,G2532,11,Romans 11:9,Epistles,New Testament,Romans,ASV
WORD,David,G1138,11,Romans 11:9,Epistles,New Testament,Romans,ASV
WORD,"saith,",G3004,11,Romans 11:9,Epistles,New Testament,Romans,ASV
WORD,Let,G1096,11,Romans 11:9,Epistles,New Testament,Romans,ASV
WORD,their,G846,11,Romans 11:9,Epistles,New Testament,Romans,ASV
WORD,table,G5132,11,Romans 11:9,Epistles,New Testament,Romans,ASV
PHRASE,be made,G1096,11,Romans 11:9,Epistles,New Testament,Romans,ASV
PHRASE,"a snare,",G3803,11,Romans 11:9,Epistles,New Testament,Romans,ASV
WORD,and,G2532,11,Romans 11:9,Epistles,New Testament,Romans,ASV
PHRASE,"a trap,",G2339,11,Romans 11:9,Epistles,New Testament,Romans,ASV
WORD,and,G2532,11,Romans 11:9,Epistles,New Testament,Romans,ASV
PHRASE,"a stumblingblock,",G4625,11,Romans 11:9,Epistles,New Testament,Romans,ASV
WORD,and,G2532,11,Romans 11:9,Epistles,New Testament,Romans,ASV
PHRASE,a recompence,G468,11,Romans 11:9,Epistles,New Testament,Romans,ASV
PHRASE,unto them:,G846,11,Romans 11:9,Epistles,New Testament,Romans,ASV
WORD,Let,G4654,11,Romans 11:10,Epistles,New Testament,Romans,ASV
WORD,their,G846,11,Romans 11:10,Epistles,New Testament,Romans,ASV
WORD,eyes,G3788,11,Romans 11:10,Epistles,New Testament,Romans,ASV
PHRASE,"be darkened,",G4654,11,Romans 11:10,Epistles,New Testament,Romans,ASV
PHRASE,that they may,G991,11,Romans 11:10,Epistles,New Testament,Romans,ASV
WORD,not,G3361,11,Romans 11:10,Epistles,New Testament,Romans,ASV
WORD,"see,",G991,11,Romans 11:10,Epistles,New Testament,Romans,ASV
WORD,and,G2532,11,Romans 11:10,Epistles,New Testament,Romans,ASV
PHRASE,bow down,G4781,11,Romans 11:10,Epistles,New Testament,Romans,ASV
WORD,their,G846,11,Romans 11:10,Epistles,New Testament,Romans,ASV
WORD,back,G3577,11,Romans 11:10,Epistles,New Testament,Romans,ASV
WORD,alway.,G1275,11,Romans 11:10,Epistles,New Testament,Romans,ASV
PHRASE,I say,G3004,11,Romans 11:11,Epistles,New Testament,Romans,ASV
WORD,"then,",G3767,11,Romans 11:11,Epistles,New Testament,Romans,ASV
PHRASE,Have they stumbled,G4417,11,Romans 11:11,Epistles,New Testament,Romans,ASV
WORD,that,G2443,11,Romans 11:11,Epistles,New Testament,Romans,ASV
PHRASE,they should fall?,G4098,11,Romans 11:11,Epistles,New Testament,Romans,ASV
PHRASE,God forbid:,G3361,11,Romans 11:11,Epistles,New Testament,Romans,ASV
WORD,,G1096,11,Romans 11:11,Epistles,New Testament,Romans,ASV
WORD,but,G235,11,Romans 11:11,Epistles,New Testament,Romans,ASV
WORD,[rather],,11,Romans 11:11,Epistles,New Testament,Romans,ASV
PHRASE,through their,G846,11,Romans 11:11,Epistles,New Testament,Romans,ASV
WORD,fall,G3900,11,Romans 11:11,Epistles,New Testament,Romans,ASV
WORD,salvation,G4991,11,Romans 11:11,Epistles,New Testament,Romans,ASV
PHRASE,[is come],,11,Romans 11:11,Epistles,New Testament,Romans,ASV
PHRASE,unto the,G3588,11,Romans 11:11,Epistles,New Testament,Romans,ASV
WORD,"Gentiles,",G1484,11,Romans 11:11,Epistles,New Testament,Romans,ASV
PHRASE,for to,G1519,11,Romans 11:11,Epistles,New Testament,Romans,ASV
WORD,provoke,G3863,11,Romans 11:11,Epistles,New Testament,Romans,ASV
WORD,them,G846,11,Romans 11:11,Epistles,New Testament,Romans,ASV
PHRASE,to jealousy.,G3863,11,Romans 11:11,Epistles,New Testament,Romans,ASV
WORD,Now,G1161,11,Romans 11:12,Epistles,New Testament,Romans,ASV
WORD,if,G1487,11,Romans 11:12,Epistles,New Testament,Romans,ASV
PHRASE,the fall,G3900,11,Romans 11:12,Epistles,New Testament,Romans,ASV
PHRASE,of them,G846,11,Romans 11:12,Epistles,New Testament,Romans,ASV
WORD,[be],,11,Romans 11:12,Epistles,New Testament,Romans,ASV
PHRASE,the riches,G4149,11,Romans 11:12,Epistles,New Testament,Romans,ASV
PHRASE,"of the world,",G2889,11,Romans 11:12,Epistles,New Testament,Romans,ASV
WORD,and,G2532,11,Romans 11:12,Epistles,New Testament,Romans,ASV
WORD,the,G3588,11,Romans 11:12,Epistles,New Testament,Romans,ASV
WORD,diminishing,G2275,11,Romans 11:12,Epistles,New Testament,Romans,ASV
PHRASE,of them,G846,11,Romans 11:12,Epistles,New Testament,Romans,ASV
PHRASE,the riches,G4149,11,Romans 11:12,Epistles,New Testament,Romans,ASV
PHRASE,of the Gentiles;,G1484,11,Romans 11:12,Epistles,New Testament,Romans,ASV
WORD,how,G4214,11,Romans 11:12,Epistles,New Testament,Romans,ASV
PHRASE,much more,G3123,11,Romans 11:12,Epistles,New Testament,Romans,ASV
WORD,their,G846,11,Romans 11:12,Epistles,New Testament,Romans,ASV
WORD,fulness?,G4138,11,Romans 11:12,Epistles,New Testament,Romans,ASV
WORD,For,G1063,11,Romans 11:13,Epistles,New Testament,Romans,ASV
PHRASE,I speak,G3004,11,Romans 11:13,Epistles,New Testament,Romans,ASV
PHRASE,to you,G5213,11,Romans 11:13,Epistles,New Testament,Romans,ASV
WORD,"Gentiles,",G1484,11,Romans 11:13,Epistles,New Testament,Romans,ASV
PHRASE,inasmuch as,G3745,11,Romans 11:13,Epistles,New Testament,Romans,ASV
WORD,I,G1473,11,Romans 11:13,Epistles,New Testament,Romans,ASV
WORD,am,G1510,11,Romans 11:13,Epistles,New Testament,Romans,ASV
PHRASE,the apostle,G652,11,Romans 11:13,Epistles,New Testament,Romans,ASV
PHRASE,"of the Gentiles,",G1484,11,Romans 11:13,Epistles,New Testament,Romans,ASV
PHRASE,I magnify,G1392,11,Romans 11:13,Epistles,New Testament,Romans,ASV
WORD,mine,G3450,11,Romans 11:13,Epistles,New Testament,Romans,ASV
WORD,office:,G1248,11,Romans 11:13,Epistles,New Testament,Romans,ASV
WORD,If,G1487,11,Romans 11:14,Epistles,New Testament,Romans,ASV
PHRASE,by any means,G4459,11,Romans 11:14,Epistles,New Testament,Romans,ASV
PHRASE,I may provoke to emulation,G3863,11,Romans 11:14,Epistles,New Testament,Romans,ASV
PHRASE,[them which are],,11,Romans 11:14,Epistles,New Testament,Romans,ASV
WORD,my,G3450,11,Romans 11:14,Epistles,New Testament,Romans,ASV
WORD,"flesh,",G4561,11,Romans 11:14,Epistles,New Testament,Romans,ASV
WORD,and,G2532,11,Romans 11:14,Epistles,New Testament,Romans,ASV
PHRASE,might save,G4982,11,Romans 11:14,Epistles,New Testament,Romans,ASV
WORD,some,G5100,11,Romans 11:14,Epistles,New Testament,Romans,ASV
WORD,of,G1537,11,Romans 11:14,Epistles,New Testament,Romans,ASV
WORD,them.,G846,11,Romans 11:14,Epistles,New Testament,Romans,ASV
WORD,For,G1063,11,Romans 11:15,Epistles,New Testament,Romans,ASV
WORD,if,G1487,11,Romans 11:15,Epistles,New Testament,Romans,ASV
WORD,the,G3588,11,Romans 11:15,Epistles,New Testament,Romans,ASV
PHRASE,casting away,G580,11,Romans 11:15,Epistles,New Testament,Romans,ASV
PHRASE,of them,G846,11,Romans 11:15,Epistles,New Testament,Romans,ASV
WORD,[be],,11,Romans 11:15,Epistles,New Testament,Romans,ASV
PHRASE,the reconciling,G2643,11,Romans 11:15,Epistles,New Testament,Romans,ASV
PHRASE,"of the world,",G2889,11,Romans 11:15,Epistles,New Testament,Romans,ASV
WORD,what,G5101,11,Romans 11:15,Epistles,New Testament,Romans,ASV
WORD,[shall],,11,Romans 11:15,Epistles,New Testament,Romans,ASV
WORD,the,G3588,11,Romans 11:15,Epistles,New Testament,Romans,ASV
WORD,receiving,G4356,11,Romans 11:15,Epistles,New Testament,Romans,ASV
PHRASE,"[of them be],",,11,Romans 11:15,Epistles,New Testament,Romans,ASV
WORD,,G1487,11,Romans 11:15,Epistles,New Testament,Romans,ASV
WORD,but,G3361,11,Romans 11:15,Epistles,New Testament,Romans,ASV
WORD,life,G2222,11,Romans 11:15,Epistles,New Testament,Romans,ASV
WORD,from,G1537,11,Romans 11:15,Epistles,New Testament,Romans,ASV
PHRASE,the dead?,G3498,11,Romans 11:15,Epistles,New Testament,Romans,ASV
WORD,For,G1161,11,Romans 11:16,Epistles,New Testament,Romans,ASV
WORD,if,G1487,11,Romans 11:16,Epistles,New Testament,Romans,ASV
WORD,the,G3588,11,Romans 11:16,Epistles,New Testament,Romans,ASV
WORD,firstfruit,G536,11,Romans 11:16,Epistles,New Testament,Romans,ASV
WORD,[be],,11,Romans 11:16,Epistles,New Testament,Romans,ASV
WORD,"holy,",G40,11,Romans 11:16,Epistles,New Testament,Romans,ASV
WORD,the,G3588,11,Romans 11:16,Epistles,New Testament,Romans,ASV
WORD,lump,G5445,11,Romans 11:16,Epistles,New Testament,Romans,ASV
WORD,[is],,11,Romans 11:16,Epistles,New Testament,Romans,ASV
WORD,also,G2532,11,Romans 11:16,Epistles,New Testament,Romans,ASV
WORD,[holy]:,,11,Romans 11:16,Epistles,New Testament,Romans,ASV
WORD,and,G2532,11,Romans 11:16,Epistles,New Testament,Romans,ASV
WORD,if,G1487,11,Romans 11:16,Epistles,New Testament,Romans,ASV
WORD,the,G3588,11,Romans 11:16,Epistles,New Testament,Romans,ASV
WORD,root,G4491,11,Romans 11:16,Epistles,New Testament,Romans,ASV
WORD,[be],,11,Romans 11:16,Epistles,New Testament,Romans,ASV
WORD,"holy,",G40,11,Romans 11:16,Epistles,New Testament,Romans,ASV
WORD,so,G2532,11,Romans 11:16,Epistles,New Testament,Romans,ASV
WORD,[are],,11,Romans 11:16,Epistles,New Testament,Romans,ASV
WORD,the,G3588,11,Romans 11:16,Epistles,New Testament,Romans,ASV
WORD,branches.,G2798,11,Romans 11:16,Epistles,New Testament,Romans,ASV
WORD,And,G1161,11,Romans 11:17,Epistles,New Testament,Romans,ASV
WORD,if,G1487,11,Romans 11:17,Epistles,New Testament,Romans,ASV
WORD,some,G5100,11,Romans 11:17,Epistles,New Testament,Romans,ASV
PHRASE,of the,G3588,11,Romans 11:17,Epistles,New Testament,Romans,ASV
WORD,branches,G2798,11,Romans 11:17,Epistles,New Testament,Romans,ASV
PHRASE,"be broken off,",G1575,11,Romans 11:17,Epistles,New Testament,Romans,ASV
WORD,and,G1161,11,Romans 11:17,Epistles,New Testament,Romans,ASV
WORD,"thou,",G4771,11,Romans 11:17,Epistles,New Testament,Romans,ASV
WORD,being,G5607,11,Romans 11:17,Epistles,New Testament,Romans,ASV
PHRASE,"a wild olive tree,",G65,11,Romans 11:17,Epistles,New Testament,Romans,ASV
PHRASE,wert graffed in,G1461,11,Romans 11:17,Epistles,New Testament,Romans,ASV
WORD,among,G1722,11,Romans 11:17,Epistles,New Testament,Romans,ASV
WORD,"them,",G846,11,Romans 11:17,Epistles,New Testament,Romans,ASV
WORD,and,G2532,11,Romans 11:17,Epistles,New Testament,Romans,ASV
WORD,with,G4791,11,Romans 11:17,Epistles,New Testament,Romans,ASV
WORD,them,G1096,11,Romans 11:17,Epistles,New Testament,Romans,ASV
WORD,partakest,G4791,11,Romans 11:17,Epistles,New Testament,Romans,ASV
PHRASE,of the,G3588,11,Romans 11:17,Epistles,New Testament,Romans,ASV
WORD,root,G4491,11,Romans 11:17,Epistles,New Testament,Romans,ASV
WORD,and,G2532,11,Romans 11:17,Epistles,New Testament,Romans,ASV
WORD,fatness,G4096,11,Romans 11:17,Epistles,New Testament,Romans,ASV
PHRASE,of the,G3588,11,Romans 11:17,Epistles,New Testament,Romans,ASV
PHRASE,olive tree;,G1636,11,Romans 11:17,Epistles,New Testament,Romans,ASV
WORD,Boast,G2620,11,Romans 11:18,Epistles,New Testament,Romans,ASV
WORD,not,G3361,11,Romans 11:18,Epistles,New Testament,Romans,ASV
WORD,against,G2620,11,Romans 11:18,Epistles,New Testament,Romans,ASV
WORD,the,G3588,11,Romans 11:18,Epistles,New Testament,Romans,ASV
WORD,branches.,G2798,11,Romans 11:18,Epistles,New Testament,Romans,ASV
WORD,But,G1161,11,Romans 11:18,Epistles,New Testament,Romans,ASV
WORD,if,G1487,11,Romans 11:18,Epistles,New Testament,Romans,ASV
PHRASE,"thou boast,",G2620,11,Romans 11:18,Epistles,New Testament,Romans,ASV
WORD,thou,G4771,11,Romans 11:18,Epistles,New Testament,Romans,ASV
WORD,bearest,G941,11,Romans 11:18,Epistles,New Testament,Romans,ASV
WORD,not,G3756,11,Romans 11:18,Epistles,New Testament,Romans,ASV
WORD,the,G3588,11,Romans 11:18,Epistles,New Testament,Romans,ASV
WORD,"root,",G4491,11,Romans 11:18,Epistles,New Testament,Romans,ASV
WORD,but,G235,11,Romans 11:18,Epistles,New Testament,Romans,ASV
WORD,the,G3588,11,Romans 11:18,Epistles,New Testament,Romans,ASV
WORD,root,G4491,11,Romans 11:18,Epistles,New Testament,Romans,ASV
WORD,thee.,G4571,11,Romans 11:18,Epistles,New Testament,Romans,ASV
PHRASE,Thou wilt say,G2046,11,Romans 11:19,Epistles,New Testament,Romans,ASV
WORD,"then,",G3767,11,Romans 11:19,Epistles,New Testament,Romans,ASV
WORD,The,G3588,11,Romans 11:19,Epistles,New Testament,Romans,ASV
WORD,branches,G2798,11,Romans 11:19,Epistles,New Testament,Romans,ASV
PHRASE,"were broken off,",G1575,11,Romans 11:19,Epistles,New Testament,Romans,ASV
WORD,that,G2443,11,Romans 11:19,Epistles,New Testament,Romans,ASV
WORD,I,G1473,11,Romans 11:19,Epistles,New Testament,Romans,ASV
PHRASE,might be graffed in.,G1461,11,Romans 11:19,Epistles,New Testament,Romans,ASV
WORD,Well;,G2573,11,Romans 11:20,Epistles,New Testament,Romans,ASV
PHRASE,because of unbelief,G570,11,Romans 11:20,Epistles,New Testament,Romans,ASV
PHRASE,"they were broken off,",G1575,11,Romans 11:20,Epistles,New Testament,Romans,ASV
WORD,and,G1161,11,Romans 11:20,Epistles,New Testament,Romans,ASV
WORD,thou,G4771,11,Romans 11:20,Epistles,New Testament,Romans,ASV
WORD,standest,G2476,11,Romans 11:20,Epistles,New Testament,Romans,ASV
PHRASE,by faith.,G4102,11,Romans 11:20,Epistles,New Testament,Romans,ASV
WORD,Be,G5309,11,Romans 11:20,Epistles,New Testament,Romans,ASV
WORD,not,G3361,11,Romans 11:20,Epistles,New Testament,Romans,ASV
WORD,"highminded,",G5309,11,Romans 11:20,Epistles,New Testament,Romans,ASV
WORD,but,G235,11,Romans 11:20,Epistles,New Testament,Romans,ASV
WORD,fear:,G5399,11,Romans 11:20,Epistles,New Testament,Romans,ASV
WORD,For,G1063,11,Romans 11:21,Epistles,New Testament,Romans,ASV
WORD,if,G1487,11,Romans 11:21,Epistles,New Testament,Romans,ASV
WORD,God,G2316,11,Romans 11:21,Epistles,New Testament,Romans,ASV
WORD,spared,G5339,11,Romans 11:21,Epistles,New Testament,Romans,ASV
WORD,not,G3756,11,Romans 11:21,Epistles,New Testament,Romans,ASV
WORD,the,G3588,11,Romans 11:21,Epistles,New Testament,Romans,ASV
WORD,natural,G5449,11,Romans 11:21,Epistles,New Testament,Romans,ASV
WORD,"branches,",G2798,11,Romans 11:21,Epistles,New Testament,Romans,ASV
PHRASE,[take heed],,11,Romans 11:21,Epistles,New Testament,Romans,ASV
WORD,lest,G3381,11,Romans 11:21,Epistles,New Testament,Romans,ASV
WORD,he,G5339,11,Romans 11:21,Epistles,New Testament,Romans,ASV
WORD,also,G3381,11,Romans 11:21,Epistles,New Testament,Romans,ASV
WORD,spare,G5339,11,Romans 11:21,Epistles,New Testament,Romans,ASV
WORD,not,G3761,11,Romans 11:21,Epistles,New Testament,Romans,ASV
WORD,thee.,G4675,11,Romans 11:21,Epistles,New Testament,Romans,ASV
WORD,Behold,G2396,11,Romans 11:22,Epistles,New Testament,Romans,ASV
WORD,therefore,G3767,11,Romans 11:22,Epistles,New Testament,Romans,ASV
PHRASE,the goodness,G5544,11,Romans 11:22,Epistles,New Testament,Romans,ASV
WORD,and,G2532,11,Romans 11:22,Epistles,New Testament,Romans,ASV
WORD,severity,G663,11,Romans 11:22,Epistles,New Testament,Romans,ASV
PHRASE,of God:,G2316,11,Romans 11:22,Epistles,New Testament,Romans,ASV
WORD,on,G1909,11,Romans 11:22,Epistles,New Testament,Romans,ASV
WORD,them,G3588,11,Romans 11:22,Epistles,New Testament,Romans,ASV
PHRASE,"which fell,",G4098,11,Romans 11:22,Epistles,New Testament,Romans,ASV
WORD,severity;,G663,11,Romans 11:22,Epistles,New Testament,Romans,ASV
WORD,but,G1161,11,Romans 11:22,Epistles,New Testament,Romans,ASV
WORD,toward,G1909,11,Romans 11:22,Epistles,New Testament,Romans,ASV
WORD,"thee,",G4571,11,Romans 11:22,Epistles,New Testament,Romans,ASV
WORD,"goodness,",G5544,11,Romans 11:22,Epistles,New Testament,Romans,ASV
WORD,if,G1437,11,Romans 11:22,Epistles,New Testament,Romans,ASV
PHRASE,thou continue in,G1961,11,Romans 11:22,Epistles,New Testament,Romans,ASV
WORD,[his],,11,Romans 11:22,Epistles,New Testament,Romans,ASV
WORD,goodness:,G5544,11,Romans 11:22,Epistles,New Testament,Romans,ASV
WORD,otherwise,G1893,11,Romans 11:22,Epistles,New Testament,Romans,ASV
WORD,thou,G4771,11,Romans 11:22,Epistles,New Testament,Romans,ASV
WORD,also,G2532,11,Romans 11:22,Epistles,New Testament,Romans,ASV
PHRASE,shalt be cut off.,G1581,11,Romans 11:22,Epistles,New Testament,Romans,ASV
WORD,And,G1161,11,Romans 11:23,Epistles,New Testament,Romans,ASV
WORD,they,G1565,11,Romans 11:23,Epistles,New Testament,Romans,ASV
WORD,"also,",G2532,11,Romans 11:23,Epistles,New Testament,Romans,ASV
WORD,if,G1437,11,Romans 11:23,Epistles,New Testament,Romans,ASV
PHRASE,they abide,G1961,11,Romans 11:23,Epistles,New Testament,Romans,ASV
WORD,not,G3361,11,Romans 11:23,Epistles,New Testament,Romans,ASV
PHRASE,"still in unbelief,",G570,11,Romans 11:23,Epistles,New Testament,Romans,ASV
PHRASE,shall be graffed in:,G1461,11,Romans 11:23,Epistles,New Testament,Romans,ASV
WORD,for,G1063,11,Romans 11:23,Epistles,New Testament,Romans,ASV
WORD,God,G2316,11,Romans 11:23,Epistles,New Testament,Romans,ASV
WORD,is,G2076,11,Romans 11:23,Epistles,New Testament,Romans,ASV
WORD,able,G1415,11,Romans 11:23,Epistles,New Testament,Romans,ASV
PHRASE,to graff,G1461,11,Romans 11:23,Epistles,New Testament,Romans,ASV
WORD,them,G846,11,Romans 11:23,Epistles,New Testament,Romans,ASV
WORD,in,G1461,11,Romans 11:23,Epistles,New Testament,Romans,ASV
WORD,again.,G3825,11,Romans 11:23,Epistles,New Testament,Romans,ASV
WORD,For,G1063,11,Romans 11:24,Epistles,New Testament,Romans,ASV
WORD,if,G1487,11,Romans 11:24,Epistles,New Testament,Romans,ASV
WORD,thou,G4771,11,Romans 11:24,Epistles,New Testament,Romans,ASV
PHRASE,wert cut,G1581,11,Romans 11:24,Epistles,New Testament,Romans,ASV
PHRASE,out of,G1537,11,Romans 11:24,Epistles,New Testament,Romans,ASV
PHRASE,the olive tree which is wild,G65,11,Romans 11:24,Epistles,New Testament,Romans,ASV
WORD,by,G2596,11,Romans 11:24,Epistles,New Testament,Romans,ASV
WORD,"nature,",G5449,11,Romans 11:24,Epistles,New Testament,Romans,ASV
WORD,and,G2532,11,Romans 11:24,Epistles,New Testament,Romans,ASV
PHRASE,wert graffed,G1461,11,Romans 11:24,Epistles,New Testament,Romans,ASV
PHRASE,contrary to,G3844,11,Romans 11:24,Epistles,New Testament,Romans,ASV
WORD,nature,G5449,11,Romans 11:24,Epistles,New Testament,Romans,ASV
WORD,into,G1519,11,Romans 11:24,Epistles,New Testament,Romans,ASV
PHRASE,a good olive tree:,G2565,11,Romans 11:24,Epistles,New Testament,Romans,ASV
PHRASE,how much,G4214,11,Romans 11:24,Epistles,New Testament,Romans,ASV
WORD,more,G3123,11,Romans 11:24,Epistles,New Testament,Romans,ASV
PHRASE,"shall these,",G3778,11,Romans 11:24,Epistles,New Testament,Romans,ASV
WORD,which,G3588,11,Romans 11:24,Epistles,New Testament,Romans,ASV
PHRASE,be the,G2596,11,Romans 11:24,Epistles,New Testament,Romans,ASV
WORD,natural,G5449,11,Romans 11:24,Epistles,New Testament,Romans,ASV
WORD,"[branches],",,11,Romans 11:24,Epistles,New Testament,Romans,ASV
PHRASE,be graffed into,G1461,11,Romans 11:24,Epistles,New Testament,Romans,ASV
PHRASE,their own,G2398,11,Romans 11:24,Epistles,New Testament,Romans,ASV
PHRASE,olive tree?,G1636,11,Romans 11:24,Epistles,New Testament,Romans,ASV
WORD,For,G1063,11,Romans 11:25,Epistles,New Testament,Romans,ASV
PHRASE,I would,G2309,11,Romans 11:25,Epistles,New Testament,Romans,ASV
WORD,"not,",G3756,11,Romans 11:25,Epistles,New Testament,Romans,ASV
WORD,"brethren,",G80,11,Romans 11:25,Epistles,New Testament,Romans,ASV
PHRASE,that ye,G5209,11,Romans 11:25,Epistles,New Testament,Romans,ASV
PHRASE,should be ignorant,G50,11,Romans 11:25,Epistles,New Testament,Romans,ASV
PHRASE,of this,G5124,11,Romans 11:25,Epistles,New Testament,Romans,ASV
WORD,"mystery,",G3466,11,Romans 11:25,Epistles,New Testament,Romans,ASV
WORD,,G2443,11,Romans 11:25,Epistles,New Testament,Romans,ASV
WORD,lest,G3361,11,Romans 11:25,Epistles,New Testament,Romans,ASV
PHRASE,ye should be,G5600,11,Romans 11:25,Epistles,New Testament,Romans,ASV
WORD,wise,G5429,11,Romans 11:25,Epistles,New Testament,Romans,ASV
WORD,in,G3844,11,Romans 11:25,Epistles,New Testament,Romans,ASV
PHRASE,your own conceits;,G1438,11,Romans 11:25,Epistles,New Testament,Romans,ASV
WORD,that,G3754,11,Romans 11:25,Epistles,New Testament,Romans,ASV
WORD,blindness,G4457,11,Romans 11:25,Epistles,New Testament,Romans,ASV
WORD,in,G575,11,Romans 11:25,Epistles,New Testament,Romans,ASV
WORD,part,G3313,11,Romans 11:25,Epistles,New Testament,Romans,ASV
PHRASE,is happened,G1096,11,Romans 11:25,Epistles,New Testament,Romans,ASV
PHRASE,"to Israel,",G2474,11,Romans 11:25,Epistles,New Testament,Romans,ASV
WORD,until,G891,11,Romans 11:25,Epistles,New Testament,Romans,ASV
WORD,the,G3588,11,Romans 11:25,Epistles,New Testament,Romans,ASV
WORD,fulness,G4138,11,Romans 11:25,Epistles,New Testament,Romans,ASV
PHRASE,of the,G3588,11,Romans 11:25,Epistles,New Testament,Romans,ASV
WORD,Gentiles,G1484,11,Romans 11:25,Epistles,New Testament,Romans,ASV
PHRASE,be come in.,G1525,11,Romans 11:25,Epistles,New Testament,Romans,ASV
WORD,And,G2532,11,Romans 11:26,Epistles,New Testament,Romans,ASV
WORD,so,G3779,11,Romans 11:26,Epistles,New Testament,Romans,ASV
WORD,all,G3956,11,Romans 11:26,Epistles,New Testament,Romans,ASV
WORD,Israel,G2474,11,Romans 11:26,Epistles,New Testament,Romans,ASV
PHRASE,shall be saved:,G4982,11,Romans 11:26,Epistles,New Testament,Romans,ASV
WORD,as,G2531,11,Romans 11:26,Epistles,New Testament,Romans,ASV
PHRASE,"it is written,",G1125,11,Romans 11:26,Epistles,New Testament,Romans,ASV
PHRASE,There shall come,G2240,11,Romans 11:26,Epistles,New Testament,Romans,ASV
PHRASE,out of,G1537,11,Romans 11:26,Epistles,New Testament,Romans,ASV
WORD,Sion,G4622,11,Romans 11:26,Epistles,New Testament,Romans,ASV
WORD,the,G3588,11,Romans 11:26,Epistles,New Testament,Romans,ASV
WORD,"Deliverer,",G4506,11,Romans 11:26,Epistles,New Testament,Romans,ASV
WORD,and,G2532,11,Romans 11:26,Epistles,New Testament,Romans,ASV
PHRASE,shall turn away,G654,11,Romans 11:26,Epistles,New Testament,Romans,ASV
WORD,ungodliness,G763,11,Romans 11:26,Epistles,New Testament,Romans,ASV
WORD,from,G575,11,Romans 11:26,Epistles,New Testament,Romans,ASV
WORD,Jacob:,G2384,11,Romans 11:26,Epistles,New Testament,Romans,ASV
WORD,For,G2532,11,Romans 11:27,Epistles,New Testament,Romans,ASV
WORD,this,G3778,11,Romans 11:27,Epistles,New Testament,Romans,ASV
WORD,[is],,11,Romans 11:27,Epistles,New Testament,Romans,ASV
WORD,,G3844,11,Romans 11:27,Epistles,New Testament,Romans,ASV
WORD,my,G1700,11,Romans 11:27,Epistles,New Testament,Romans,ASV
WORD,covenant,G1242,11,Romans 11:27,Epistles,New Testament,Romans,ASV
PHRASE,"unto them,",G846,11,Romans 11:27,Epistles,New Testament,Romans,ASV
WORD,when,G3752,11,Romans 11:27,Epistles,New Testament,Romans,ASV
PHRASE,I shall take away,G851,11,Romans 11:27,Epistles,New Testament,Romans,ASV
WORD,their,G846,11,Romans 11:27,Epistles,New Testament,Romans,ASV
WORD,sins.,G266,11,Romans 11:27,Epistles,New Testament,Romans,ASV
PHRASE,As concerning,G2596,11,Romans 11:28,Epistles,New Testament,Romans,ASV
WORD,the,G3588,11,Romans 11:28,Epistles,New Testament,Romans,ASV
WORD,"gospel,",G2098,11,Romans 11:28,Epistles,New Testament,Romans,ASV
PHRASE,[they are],,11,Romans 11:28,Epistles,New Testament,Romans,ASV
WORD,enemies,G2190,11,Romans 11:28,Epistles,New Testament,Romans,ASV
WORD,for,G1223,11,Romans 11:28,Epistles,New Testament,Romans,ASV
WORD,your,G5209,11,Romans 11:28,Epistles,New Testament,Romans,ASV
WORD,sakes:,G1223,11,Romans 11:28,Epistles,New Testament,Romans,ASV
WORD,but,G1161,11,Romans 11:28,Epistles,New Testament,Romans,ASV
PHRASE,as touching,G2596,11,Romans 11:28,Epistles,New Testament,Romans,ASV
WORD,the,G3588,11,Romans 11:28,Epistles,New Testament,Romans,ASV
WORD,"election,",G1589,11,Romans 11:28,Epistles,New Testament,Romans,ASV
PHRASE,[they are],,11,Romans 11:28,Epistles,New Testament,Romans,ASV
WORD,beloved,G27,11,Romans 11:28,Epistles,New Testament,Romans,ASV
WORD,for,G1223,11,Romans 11:28,Epistles,New Testament,Romans,ASV
WORD,the,G3588,11,Romans 11:28,Epistles,New Testament,Romans,ASV
WORD,fathers',G3962,11,Romans 11:28,Epistles,New Testament,Romans,ASV
WORD,sakes.,G1223,11,Romans 11:28,Epistles,New Testament,Romans,ASV
WORD,For,G1063,11,Romans 11:29,Epistles,New Testament,Romans,ASV
WORD,the,G3588,11,Romans 11:29,Epistles,New Testament,Romans,ASV
WORD,gifts,G5486,11,Romans 11:29,Epistles,New Testament,Romans,ASV
WORD,and,G2532,11,Romans 11:29,Epistles,New Testament,Romans,ASV
WORD,calling,G2821,11,Romans 11:29,Epistles,New Testament,Romans,ASV
PHRASE,of God,G2316,11,Romans 11:29,Epistles,New Testament,Romans,ASV
WORD,[are],,11,Romans 11:29,Epistles,New Testament,Romans,ASV
PHRASE,without repentance.,G278,11,Romans 11:29,Epistles,New Testament,Romans,ASV
WORD,For,G1063,11,Romans 11:30,Epistles,New Testament,Romans,ASV
WORD,as,G5618,11,Romans 11:30,Epistles,New Testament,Romans,ASV
WORD,ye,G5210,11,Romans 11:30,Epistles,New Testament,Romans,ASV
PHRASE,in times past,G4218,11,Romans 11:30,Epistles,New Testament,Romans,ASV
PHRASE,have not believed,G544,11,Romans 11:30,Epistles,New Testament,Romans,ASV
WORD,"God,",G2316,11,Romans 11:30,Epistles,New Testament,Romans,ASV
WORD,yet,G1161,11,Romans 11:30,Epistles,New Testament,Romans,ASV
WORD,have,G1653,11,Romans 11:30,Epistles,New Testament,Romans,ASV
WORD,now,G3568,11,Romans 11:30,Epistles,New Testament,Romans,ASV
PHRASE,obtained mercy,G1653,11,Romans 11:30,Epistles,New Testament,Romans,ASV
WORD,through,G5130,11,Romans 11:30,Epistles,New Testament,Romans,ASV
PHRASE,their unbelief:,G543,11,Romans 11:30,Epistles,New Testament,Romans,ASV
PHRASE,Even so,G3779,11,Romans 11:31,Epistles,New Testament,Romans,ASV
WORD,have,G544,11,Romans 11:31,Epistles,New Testament,Romans,ASV
WORD,these,G3778,11,Romans 11:31,Epistles,New Testament,Romans,ASV
WORD,also,G2532,11,Romans 11:31,Epistles,New Testament,Romans,ASV
WORD,now,G3568,11,Romans 11:31,Epistles,New Testament,Romans,ASV
PHRASE,"not believed,",G544,11,Romans 11:31,Epistles,New Testament,Romans,ASV
WORD,that,G2443,11,Romans 11:31,Epistles,New Testament,Romans,ASV
PHRASE,through your,G5212,11,Romans 11:31,Epistles,New Testament,Romans,ASV
WORD,mercy,G1656,11,Romans 11:31,Epistles,New Testament,Romans,ASV
WORD,they,G846,11,Romans 11:31,Epistles,New Testament,Romans,ASV
WORD,also,G2532,11,Romans 11:31,Epistles,New Testament,Romans,ASV
PHRASE,may obtain mercy.,G1653,11,Romans 11:31,Epistles,New Testament,Romans,ASV
WORD,For,G1063,11,Romans 11:32,Epistles,New Testament,Romans,ASV
WORD,God,G2316,11,Romans 11:32,Epistles,New Testament,Romans,ASV
PHRASE,hath concluded,G4788,11,Romans 11:32,Epistles,New Testament,Romans,ASV
PHRASE,them all,G3956,11,Romans 11:32,Epistles,New Testament,Romans,ASV
WORD,in,G1519,11,Romans 11:32,Epistles,New Testament,Romans,ASV
WORD,"unbelief,",G543,11,Romans 11:32,Epistles,New Testament,Romans,ASV
WORD,that,G2443,11,Romans 11:32,Epistles,New Testament,Romans,ASV
PHRASE,he might have mercy,G1653,11,Romans 11:32,Epistles,New Testament,Romans,ASV
PHRASE,upon all.,G3956,11,Romans 11:32,Epistles,New Testament,Romans,ASV
WORD,O,G5599,11,Romans 11:33,Epistles,New Testament,Romans,ASV
PHRASE,the depth,G899,11,Romans 11:33,Epistles,New Testament,Romans,ASV
PHRASE,of the riches,G4149,11,Romans 11:33,Epistles,New Testament,Romans,ASV
WORD,both,G2532,11,Romans 11:33,Epistles,New Testament,Romans,ASV
PHRASE,of the wisdom,G4678,11,Romans 11:33,Epistles,New Testament,Romans,ASV
WORD,and,G2532,11,Romans 11:33,Epistles,New Testament,Romans,ASV
WORD,knowledge,G1108,11,Romans 11:33,Epistles,New Testament,Romans,ASV
PHRASE,of God!,G2316,11,Romans 11:33,Epistles,New Testament,Romans,ASV
WORD,how,G5613,11,Romans 11:33,Epistles,New Testament,Romans,ASV
WORD,unsearchable,G419,11,Romans 11:33,Epistles,New Testament,Romans,ASV
WORD,[are],,11,Romans 11:33,Epistles,New Testament,Romans,ASV
WORD,his,G846,11,Romans 11:33,Epistles,New Testament,Romans,ASV
WORD,"judgments,",G2917,11,Romans 11:33,Epistles,New Testament,Romans,ASV
WORD,and,G2532,11,Romans 11:33,Epistles,New Testament,Romans,ASV
WORD,his,G846,11,Romans 11:33,Epistles,New Testament,Romans,ASV
WORD,ways,G3598,11,Romans 11:33,Epistles,New Testament,Romans,ASV
PHRASE,past finding out!,G421,11,Romans 11:33,Epistles,New Testament,Romans,ASV
WORD,For,G1063,11,Romans 11:34,Epistles,New Testament,Romans,ASV
WORD,who,G5101,11,Romans 11:34,Epistles,New Testament,Romans,ASV
PHRASE,hath known,G1097,11,Romans 11:34,Epistles,New Testament,Romans,ASV
PHRASE,the mind,G3563,11,Romans 11:34,Epistles,New Testament,Romans,ASV
PHRASE,of the Lord?,G2962,11,Romans 11:34,Epistles,New Testament,Romans,ASV
WORD,or,G2228,11,Romans 11:34,Epistles,New Testament,Romans,ASV
WORD,who,G5101,11,Romans 11:34,Epistles,New Testament,Romans,ASV
PHRASE,hath been,G1096,11,Romans 11:34,Epistles,New Testament,Romans,ASV
WORD,his,G846,11,Romans 11:34,Epistles,New Testament,Romans,ASV
WORD,counsellor?,G4825,11,Romans 11:34,Epistles,New Testament,Romans,ASV
WORD,Or,G2228,11,Romans 11:35,Epistles,New Testament,Romans,ASV
WORD,who,G5101,11,Romans 11:35,Epistles,New Testament,Romans,ASV
PHRASE,hath first given,G4272,11,Romans 11:35,Epistles,New Testament,Romans,ASV
PHRASE,"to him,",G846,11,Romans 11:35,Epistles,New Testament,Romans,ASV
WORD,and,G2532,11,Romans 11:35,Epistles,New Testament,Romans,ASV
PHRASE,it shall be recompensed,G467,11,Romans 11:35,Epistles,New Testament,Romans,ASV
PHRASE,unto him,G846,11,Romans 11:35,Epistles,New Testament,Romans,ASV
WORD,again?,G467,11,Romans 11:35,Epistles,New Testament,Romans,ASV
WORD,For,G3754,11,Romans 11:36,Epistles,New Testament,Romans,ASV
WORD,of,G1537,11,Romans 11:36,Epistles,New Testament,Romans,ASV
WORD,"him,",G846,11,Romans 11:36,Epistles,New Testament,Romans,ASV
WORD,and,G2532,11,Romans 11:36,Epistles,New Testament,Romans,ASV
WORD,through,G1223,11,Romans 11:36,Epistles,New Testament,Romans,ASV
WORD,"him,",G846,11,Romans 11:36,Epistles,New Testament,Romans,ASV
WORD,and,G2532,11,Romans 11:36,Epistles,New Testament,Romans,ASV
WORD,to,G1519,11,Romans 11:36,Epistles,New Testament,Romans,ASV
WORD,"him,",G846,11,Romans 11:36,Epistles,New Testament,Romans,ASV
WORD,[are],,11,Romans 11:36,Epistles,New Testament,Romans,ASV
PHRASE,all things:,G3956,11,Romans 11:36,Epistles,New Testament,Romans,ASV
PHRASE,to whom,G846,11,Romans 11:36,Epistles,New Testament,Romans,ASV
WORD,[be],,11,Romans 11:36,Epistles,New Testament,Romans,ASV
WORD,glory,G1391,11,Romans 11:36,Epistles,New Testament,Romans,ASV
WORD,for,G1519,11,Romans 11:36,Epistles,New Testament,Romans,ASV
WORD,ever.,G165,11,Romans 11:36,Epistles,New Testament,Romans,ASV
WORD,Amen.,G281,11,Romans 11:36,Epistles,New Testament,Romans,ASV
PHRASE,I beseech,G3870,12,Romans 12:1,Epistles,New Testament,Romans,ASV
WORD,you,G5209,12,Romans 12:1,Epistles,New Testament,Romans,ASV
WORD,"therefore,",G3767,12,Romans 12:1,Epistles,New Testament,Romans,ASV
WORD,"brethren,",G80,12,Romans 12:1,Epistles,New Testament,Romans,ASV
WORD,by,G1223,12,Romans 12:1,Epistles,New Testament,Romans,ASV
WORD,the,G3588,12,Romans 12:1,Epistles,New Testament,Romans,ASV
WORD,mercies,G3628,12,Romans 12:1,Epistles,New Testament,Romans,ASV
PHRASE,"of God,",G2316,12,Romans 12:1,Epistles,New Testament,Romans,ASV
PHRASE,that ye present,G3936,12,Romans 12:1,Epistles,New Testament,Romans,ASV
WORD,your,G5216,12,Romans 12:1,Epistles,New Testament,Romans,ASV
WORD,bodies,G4983,12,Romans 12:1,Epistles,New Testament,Romans,ASV
PHRASE,a living,G2198,12,Romans 12:1,Epistles,New Testament,Romans,ASV
WORD,"sacrifice,",G2378,12,Romans 12:1,Epistles,New Testament,Romans,ASV
WORD,"holy,",G40,12,Romans 12:1,Epistles,New Testament,Romans,ASV
WORD,acceptable,G2101,12,Romans 12:1,Epistles,New Testament,Romans,ASV
PHRASE,"unto God,",G2316,12,Romans 12:1,Epistles,New Testament,Romans,ASV
PHRASE,[which is],,12,Romans 12:1,Epistles,New Testament,Romans,ASV
WORD,your,G5216,12,Romans 12:1,Epistles,New Testament,Romans,ASV
WORD,reasonable,G3050,12,Romans 12:1,Epistles,New Testament,Romans,ASV
WORD,service.,G2999,12,Romans 12:1,Epistles,New Testament,Romans,ASV
WORD,And,G2532,12,Romans 12:2,Epistles,New Testament,Romans,ASV
WORD,be,G4964,12,Romans 12:2,Epistles,New Testament,Romans,ASV
WORD,not,G3361,12,Romans 12:2,Epistles,New Testament,Romans,ASV
WORD,conformed,G4964,12,Romans 12:2,Epistles,New Testament,Romans,ASV
PHRASE,to this,G5129,12,Romans 12:2,Epistles,New Testament,Romans,ASV
WORD,world:,G165,12,Romans 12:2,Epistles,New Testament,Romans,ASV
WORD,but,G235,12,Romans 12:2,Epistles,New Testament,Romans,ASV
PHRASE,be ye transformed,G3339,12,Romans 12:2,Epistles,New Testament,Romans,ASV
PHRASE,by the,G3588,12,Romans 12:2,Epistles,New Testament,Romans,ASV
WORD,renewing,G342,12,Romans 12:2,Epistles,New Testament,Romans,ASV
PHRASE,of your,G5216,12,Romans 12:2,Epistles,New Testament,Romans,ASV
WORD,"mind,",G3563,12,Romans 12:2,Epistles,New Testament,Romans,ASV
WORD,that,G1519,12,Romans 12:2,Epistles,New Testament,Romans,ASV
WORD,ye,G5209,12,Romans 12:2,Epistles,New Testament,Romans,ASV
PHRASE,may prove,G1381,12,Romans 12:2,Epistles,New Testament,Romans,ASV
WORD,what,G5101,12,Romans 12:2,Epistles,New Testament,Romans,ASV
WORD,[is],,12,Romans 12:2,Epistles,New Testament,Romans,ASV
PHRASE,"that good,",G18,12,Romans 12:2,Epistles,New Testament,Romans,ASV
WORD,and,G2532,12,Romans 12:2,Epistles,New Testament,Romans,ASV
WORD,"acceptable,",G2101,12,Romans 12:2,Epistles,New Testament,Romans,ASV
WORD,and,G2532,12,Romans 12:2,Epistles,New Testament,Romans,ASV
WORD,"perfect,",G5046,12,Romans 12:2,Epistles,New Testament,Romans,ASV
WORD,will,G2307,12,Romans 12:2,Epistles,New Testament,Romans,ASV
PHRASE,of God.,G2316,12,Romans 12:2,Epistles,New Testament,Romans,ASV
WORD,For,G1063,12,Romans 12:3,Epistles,New Testament,Romans,ASV
PHRASE,"I say,",G3004,12,Romans 12:3,Epistles,New Testament,Romans,ASV
WORD,through,G1223,12,Romans 12:3,Epistles,New Testament,Romans,ASV
WORD,the,G3588,12,Romans 12:3,Epistles,New Testament,Romans,ASV
WORD,grace,G5485,12,Romans 12:3,Epistles,New Testament,Romans,ASV
WORD,given,G1325,12,Romans 12:3,Epistles,New Testament,Romans,ASV
PHRASE,"unto me,",G3427,12,Romans 12:3,Epistles,New Testament,Romans,ASV
PHRASE,to every man,G3956,12,Romans 12:3,Epistles,New Testament,Romans,ASV
PHRASE,that is,G5607,12,Romans 12:3,Epistles,New Testament,Romans,ASV
WORD,among,G1722,12,Romans 12:3,Epistles,New Testament,Romans,ASV
WORD,"you,",G5213,12,Romans 12:3,Epistles,New Testament,Romans,ASV
WORD,not,G3361,12,Romans 12:3,Epistles,New Testament,Romans,ASV
PHRASE,to think,G5252,12,Romans 12:3,Epistles,New Testament,Romans,ASV
PHRASE,[of himself],,12,Romans 12:3,Epistles,New Testament,Romans,ASV
PHRASE,more highly,G3844,12,Romans 12:3,Epistles,New Testament,Romans,ASV
WORD,than,G3739,12,Romans 12:3,Epistles,New Testament,Romans,ASV
PHRASE,he ought,G1163,12,Romans 12:3,Epistles,New Testament,Romans,ASV
PHRASE,to think;,G5426,12,Romans 12:3,Epistles,New Testament,Romans,ASV
WORD,but,G235,12,Romans 12:3,Epistles,New Testament,Romans,ASV
PHRASE,to think,G5426,12,Romans 12:3,Epistles,New Testament,Romans,ASV
WORD,"soberly,",G4993,12,Romans 12:3,Epistles,New Testament,Romans,ASV
PHRASE,according as,G5613,12,Romans 12:3,Epistles,New Testament,Romans,ASV
WORD,God,G2316,12,Romans 12:3,Epistles,New Testament,Romans,ASV
PHRASE,hath dealt,G3307,12,Romans 12:3,Epistles,New Testament,Romans,ASV
PHRASE,to every man,G1538,12,Romans 12:3,Epistles,New Testament,Romans,ASV
PHRASE,the measure,G3358,12,Romans 12:3,Epistles,New Testament,Romans,ASV
PHRASE,of faith.,G4102,12,Romans 12:3,Epistles,New Testament,Romans,ASV
WORD,For,G1063,12,Romans 12:4,Epistles,New Testament,Romans,ASV
WORD,as,G2509,12,Romans 12:4,Epistles,New Testament,Romans,ASV
PHRASE,we have,G2192,12,Romans 12:4,Epistles,New Testament,Romans,ASV
WORD,many,G4183,12,Romans 12:4,Epistles,New Testament,Romans,ASV
WORD,members,G3196,12,Romans 12:4,Epistles,New Testament,Romans,ASV
WORD,in,G1722,12,Romans 12:4,Epistles,New Testament,Romans,ASV
WORD,one,G1520,12,Romans 12:4,Epistles,New Testament,Romans,ASV
WORD,"body,",G4983,12,Romans 12:4,Epistles,New Testament,Romans,ASV
WORD,and,G1161,12,Romans 12:4,Epistles,New Testament,Romans,ASV
WORD,all,G3956,12,Romans 12:4,Epistles,New Testament,Romans,ASV
WORD,members,G3196,12,Romans 12:4,Epistles,New Testament,Romans,ASV
WORD,have,G2192,12,Romans 12:4,Epistles,New Testament,Romans,ASV
WORD,not,G3756,12,Romans 12:4,Epistles,New Testament,Romans,ASV
WORD,the,G3588,12,Romans 12:4,Epistles,New Testament,Romans,ASV
WORD,same,G846,12,Romans 12:4,Epistles,New Testament,Romans,ASV
WORD,office:,G4234,12,Romans 12:4,Epistles,New Testament,Romans,ASV
WORD,So,G3779,12,Romans 12:5,Epistles,New Testament,Romans,ASV
WORD,"we,",G2070,12,Romans 12:5,Epistles,New Testament,Romans,ASV
WORD,[being],,12,Romans 12:5,Epistles,New Testament,Romans,ASV
WORD,"many,",G4183,12,Romans 12:5,Epistles,New Testament,Romans,ASV
WORD,are,G2070,12,Romans 12:5,Epistles,New Testament,Romans,ASV
WORD,one,G1520,12,Romans 12:5,Epistles,New Testament,Romans,ASV
WORD,body,G4983,12,Romans 12:5,Epistles,New Testament,Romans,ASV
WORD,in,G1722,12,Romans 12:5,Epistles,New Testament,Romans,ASV
WORD,"Christ,",G5547,12,Romans 12:5,Epistles,New Testament,Romans,ASV
WORD,and,G1161,12,Romans 12:5,Epistles,New Testament,Romans,ASV
WORD,every,G2596,12,Romans 12:5,Epistles,New Testament,Romans,ASV
WORD,one,G1520,12,Romans 12:5,Epistles,New Testament,Romans,ASV
WORD,members,G3196,12,Romans 12:5,Epistles,New Testament,Romans,ASV
PHRASE,one of another.,G240,12,Romans 12:5,Epistles,New Testament,Romans,ASV
WORD,Having,G2192,12,Romans 12:6,Epistles,New Testament,Romans,ASV
WORD,then,G1161,12,Romans 12:6,Epistles,New Testament,Romans,ASV
WORD,gifts,G5486,12,Romans 12:6,Epistles,New Testament,Romans,ASV
WORD,differing,G1313,12,Romans 12:6,Epistles,New Testament,Romans,ASV
WORD,according,G2596,12,Romans 12:6,Epistles,New Testament,Romans,ASV
PHRASE,to the,G3588,12,Romans 12:6,Epistles,New Testament,Romans,ASV
WORD,grace,G5485,12,Romans 12:6,Epistles,New Testament,Romans,ASV
PHRASE,that is given,G1325,12,Romans 12:6,Epistles,New Testament,Romans,ASV
PHRASE,"to us,",G2254,12,Romans 12:6,Epistles,New Testament,Romans,ASV
WORD,whether,G1535,12,Romans 12:6,Epistles,New Testament,Romans,ASV
WORD,"prophecy,",G4394,12,Romans 12:6,Epistles,New Testament,Romans,ASV
PHRASE,[let us prophesy],,12,Romans 12:6,Epistles,New Testament,Romans,ASV
WORD,according,G2596,12,Romans 12:6,Epistles,New Testament,Romans,ASV
PHRASE,to the,G3588,12,Romans 12:6,Epistles,New Testament,Romans,ASV
WORD,proportion,G356,12,Romans 12:6,Epistles,New Testament,Romans,ASV
PHRASE,of faith;,G4102,12,Romans 12:6,Epistles,New Testament,Romans,ASV
WORD,Or,G1535,12,Romans 12:7,Epistles,New Testament,Romans,ASV
WORD,"ministry,",G1248,12,Romans 12:7,Epistles,New Testament,Romans,ASV
PHRASE,[let us wait],,12,Romans 12:7,Epistles,New Testament,Romans,ASV
WORD,on,G1722,12,Romans 12:7,Epistles,New Testament,Romans,ASV
WORD,[our],,12,Romans 12:7,Epistles,New Testament,Romans,ASV
WORD,ministering:,G1248,12,Romans 12:7,Epistles,New Testament,Romans,ASV
WORD,or,G1535,12,Romans 12:7,Epistles,New Testament,Romans,ASV
PHRASE,"he that teacheth,",G1321,12,Romans 12:7,Epistles,New Testament,Romans,ASV
WORD,on,G1722,12,Romans 12:7,Epistles,New Testament,Romans,ASV
WORD,teaching;,G1319,12,Romans 12:7,Epistles,New Testament,Romans,ASV
WORD,Or,G1535,12,Romans 12:8,Epistles,New Testament,Romans,ASV
PHRASE,"he that exhorteth,",G3870,12,Romans 12:8,Epistles,New Testament,Romans,ASV
WORD,on,G1722,12,Romans 12:8,Epistles,New Testament,Romans,ASV
WORD,exhortation:,G3874,12,Romans 12:8,Epistles,New Testament,Romans,ASV
PHRASE,"he that giveth,",G3330,12,Romans 12:8,Epistles,New Testament,Romans,ASV
PHRASE,[let him do it],,12,Romans 12:8,Epistles,New Testament,Romans,ASV
WORD,with,G1722,12,Romans 12:8,Epistles,New Testament,Romans,ASV
WORD,simplicity;,G572,12,Romans 12:8,Epistles,New Testament,Romans,ASV
PHRASE,"he that ruleth,",G4291,12,Romans 12:8,Epistles,New Testament,Romans,ASV
WORD,with,G1722,12,Romans 12:8,Epistles,New Testament,Romans,ASV
WORD,diligence;,G4710,12,Romans 12:8,Epistles,New Testament,Romans,ASV
PHRASE,"he that sheweth mercy,",G1653,12,Romans 12:8,Epistles,New Testament,Romans,ASV
WORD,with,G1722,12,Romans 12:8,Epistles,New Testament,Romans,ASV
WORD,cheerfulness.,G2432,12,Romans 12:8,Epistles,New Testament,Romans,ASV
WORD,[Let],,12,Romans 12:9,Epistles,New Testament,Romans,ASV
WORD,love,G26,12,Romans 12:9,Epistles,New Testament,Romans,ASV
PHRASE,be without dissimulation.,G505,12,Romans 12:9,Epistles,New Testament,Romans,ASV
WORD,Abhor,G655,12,Romans 12:9,Epistles,New Testament,Romans,ASV
PHRASE,that which,G3588,12,Romans 12:9,Epistles,New Testament,Romans,ASV
PHRASE,is evil;,G4190,12,Romans 12:9,Epistles,New Testament,Romans,ASV
WORD,cleave,G2853,12,Romans 12:9,Epistles,New Testament,Romans,ASV
PHRASE,to that which,G3588,12,Romans 12:9,Epistles,New Testament,Romans,ASV
PHRASE,is good.,G18,12,Romans 12:9,Epistles,New Testament,Romans,ASV
WORD,[Be],,12,Romans 12:10,Epistles,New Testament,Romans,ASV
PHRASE,kindly affectioned,G5387,12,Romans 12:10,Epistles,New Testament,Romans,ASV
WORD,one,G240,12,Romans 12:10,Epistles,New Testament,Romans,ASV
WORD,to,G1519,12,Romans 12:10,Epistles,New Testament,Romans,ASV
WORD,another,G240,12,Romans 12:10,Epistles,New Testament,Romans,ASV
PHRASE,with brotherly love;,G5360,12,Romans 12:10,Epistles,New Testament,Romans,ASV
PHRASE,in honour,G5092,12,Romans 12:10,Epistles,New Testament,Romans,ASV
WORD,preferring,G4285,12,Romans 12:10,Epistles,New Testament,Romans,ASV
PHRASE,one another;,G240,12,Romans 12:10,Epistles,New Testament,Romans,ASV
WORD,Not,G3361,12,Romans 12:11,Epistles,New Testament,Romans,ASV
WORD,slothful,G3636,12,Romans 12:11,Epistles,New Testament,Romans,ASV
PHRASE,in business;,G4710,12,Romans 12:11,Epistles,New Testament,Romans,ASV
WORD,fervent,G2204,12,Romans 12:11,Epistles,New Testament,Romans,ASV
PHRASE,in spirit;,G4151,12,Romans 12:11,Epistles,New Testament,Romans,ASV
WORD,serving,G1398,12,Romans 12:11,Epistles,New Testament,Romans,ASV
WORD,the,G3588,12,Romans 12:11,Epistles,New Testament,Romans,ASV
WORD,Lord;,G2962,12,Romans 12:11,Epistles,New Testament,Romans,ASV
WORD,Rejoicing,G5463,12,Romans 12:12,Epistles,New Testament,Romans,ASV
PHRASE,in hope;,G1680,12,Romans 12:12,Epistles,New Testament,Romans,ASV
WORD,patient,G5278,12,Romans 12:12,Epistles,New Testament,Romans,ASV
PHRASE,in tribulation;,G2347,12,Romans 12:12,Epistles,New Testament,Romans,ASV
PHRASE,continuing instant,G4342,12,Romans 12:12,Epistles,New Testament,Romans,ASV
PHRASE,in prayer;,G4335,12,Romans 12:12,Epistles,New Testament,Romans,ASV
WORD,Distributing,G2841,12,Romans 12:13,Epistles,New Testament,Romans,ASV
PHRASE,to the,G3588,12,Romans 12:13,Epistles,New Testament,Romans,ASV
WORD,necessity,G5532,12,Romans 12:13,Epistles,New Testament,Romans,ASV
PHRASE,of saints;,G40,12,Romans 12:13,Epistles,New Testament,Romans,ASV
WORD,given,G1377,12,Romans 12:13,Epistles,New Testament,Romans,ASV
PHRASE,to hospitality.,G5381,12,Romans 12:13,Epistles,New Testament,Romans,ASV
WORD,Bless,G2127,12,Romans 12:14,Epistles,New Testament,Romans,ASV
PHRASE,them which,G3588,12,Romans 12:14,Epistles,New Testament,Romans,ASV
WORD,persecute,G1377,12,Romans 12:14,Epistles,New Testament,Romans,ASV
WORD,you:,G5209,12,Romans 12:14,Epistles,New Testament,Romans,ASV
WORD,"bless,",G2127,12,Romans 12:14,Epistles,New Testament,Romans,ASV
WORD,and,G2532,12,Romans 12:14,Epistles,New Testament,Romans,ASV
WORD,curse,G2672,12,Romans 12:14,Epistles,New Testament,Romans,ASV
WORD,not.,G3361,12,Romans 12:14,Epistles,New Testament,Romans,ASV
WORD,Rejoice,G5463,12,Romans 12:15,Epistles,New Testament,Romans,ASV
WORD,with,G3326,12,Romans 12:15,Epistles,New Testament,Romans,ASV
PHRASE,"them that do rejoice,",G5463,12,Romans 12:15,Epistles,New Testament,Romans,ASV
WORD,and,G2532,12,Romans 12:15,Epistles,New Testament,Romans,ASV
WORD,weep,G2799,12,Romans 12:15,Epistles,New Testament,Romans,ASV
WORD,with,G3326,12,Romans 12:15,Epistles,New Testament,Romans,ASV
PHRASE,them that weep.,G2799,12,Romans 12:15,Epistles,New Testament,Romans,ASV
WORD,[Be],,12,Romans 12:16,Epistles,New Testament,Romans,ASV
PHRASE,of the,G3588,12,Romans 12:16,Epistles,New Testament,Romans,ASV
WORD,same,G846,12,Romans 12:16,Epistles,New Testament,Romans,ASV
WORD,mind,G5426,12,Romans 12:16,Epistles,New Testament,Romans,ASV
WORD,one,G240,12,Romans 12:16,Epistles,New Testament,Romans,ASV
WORD,toward,G1519,12,Romans 12:16,Epistles,New Testament,Romans,ASV
WORD,another.,G240,12,Romans 12:16,Epistles,New Testament,Romans,ASV
WORD,Mind,G5426,12,Romans 12:16,Epistles,New Testament,Romans,ASV
WORD,not,G3361,12,Romans 12:16,Epistles,New Testament,Romans,ASV
PHRASE,"high things,",G5308,12,Romans 12:16,Epistles,New Testament,Romans,ASV
WORD,but,G235,12,Romans 12:16,Epistles,New Testament,Romans,ASV
WORD,condescend,G4879,12,Romans 12:16,Epistles,New Testament,Romans,ASV
PHRASE,to men of low estate.,G5011,12,Romans 12:16,Epistles,New Testament,Romans,ASV
WORD,Be,G1096,12,Romans 12:16,Epistles,New Testament,Romans,ASV
WORD,not,G3361,12,Romans 12:16,Epistles,New Testament,Romans,ASV
WORD,wise,G5429,12,Romans 12:16,Epistles,New Testament,Romans,ASV
WORD,in,G3844,12,Romans 12:16,Epistles,New Testament,Romans,ASV
PHRASE,your own conceits.,G1438,12,Romans 12:16,Epistles,New Testament,Romans,ASV
WORD,Recompense,G591,12,Romans 12:17,Epistles,New Testament,Romans,ASV
PHRASE,to no man,G3367,12,Romans 12:17,Epistles,New Testament,Romans,ASV
WORD,evil,G2556,12,Romans 12:17,Epistles,New Testament,Romans,ASV
WORD,for,G473,12,Romans 12:17,Epistles,New Testament,Romans,ASV
WORD,evil.,G2556,12,Romans 12:17,Epistles,New Testament,Romans,ASV
WORD,Provide,G4306,12,Romans 12:17,Epistles,New Testament,Romans,ASV
PHRASE,things honest,G2570,12,Romans 12:17,Epistles,New Testament,Romans,ASV
PHRASE,in the sight,G1799,12,Romans 12:17,Epistles,New Testament,Romans,ASV
PHRASE,of all,G3956,12,Romans 12:17,Epistles,New Testament,Romans,ASV
WORD,men.,G444,12,Romans 12:17,Epistles,New Testament,Romans,ASV
WORD,If,G1487,12,Romans 12:18,Epistles,New Testament,Romans,ASV
PHRASE,"it be possible,",G1415,12,Romans 12:18,Epistles,New Testament,Romans,ASV
PHRASE,as much as lieth in,G1537,12,Romans 12:18,Epistles,New Testament,Romans,ASV
WORD,"you,",G5216,12,Romans 12:18,Epistles,New Testament,Romans,ASV
PHRASE,live peaceably,G1514,12,Romans 12:18,Epistles,New Testament,Romans,ASV
WORD,with,G3326,12,Romans 12:18,Epistles,New Testament,Romans,ASV
WORD,all,G3956,12,Romans 12:18,Epistles,New Testament,Romans,ASV
WORD,men.,G444,12,Romans 12:18,Epistles,New Testament,Romans,ASV
PHRASE,"Dearly beloved,",G27,12,Romans 12:19,Epistles,New Testament,Romans,ASV
WORD,avenge,G1556,12,Romans 12:19,Epistles,New Testament,Romans,ASV
WORD,not,G3361,12,Romans 12:19,Epistles,New Testament,Romans,ASV
WORD,"yourselves,",G1438,12,Romans 12:19,Epistles,New Testament,Romans,ASV
WORD,but,G235,12,Romans 12:19,Epistles,New Testament,Romans,ASV
WORD,[rather],,12,Romans 12:19,Epistles,New Testament,Romans,ASV
WORD,give,G1325,12,Romans 12:19,Epistles,New Testament,Romans,ASV
WORD,place,G5117,12,Romans 12:19,Epistles,New Testament,Romans,ASV
PHRASE,unto wrath:,G3709,12,Romans 12:19,Epistles,New Testament,Romans,ASV
WORD,for,G1063,12,Romans 12:19,Epistles,New Testament,Romans,ASV
PHRASE,"it is written,",G1125,12,Romans 12:19,Epistles,New Testament,Romans,ASV
WORD,Vengeance,G1557,12,Romans 12:19,Epistles,New Testament,Romans,ASV
WORD,[is],,12,Romans 12:19,Epistles,New Testament,Romans,ASV
WORD,mine;,G1698,12,Romans 12:19,Epistles,New Testament,Romans,ASV
WORD,I,G1473,12,Romans 12:19,Epistles,New Testament,Romans,ASV
PHRASE,"will repay,",G467,12,Romans 12:19,Epistles,New Testament,Romans,ASV
WORD,saith,G3004,12,Romans 12:19,Epistles,New Testament,Romans,ASV
PHRASE,the Lord.,G2962,12,Romans 12:19,Epistles,New Testament,Romans,ASV
WORD,Therefore,G3767,12,Romans 12:20,Epistles,New Testament,Romans,ASV
WORD,if,G1437,12,Romans 12:20,Epistles,New Testament,Romans,ASV
WORD,thine,G4675,12,Romans 12:20,Epistles,New Testament,Romans,ASV
WORD,enemy,G2190,12,Romans 12:20,Epistles,New Testament,Romans,ASV
WORD,"hunger,",G3983,12,Romans 12:20,Epistles,New Testament,Romans,ASV
WORD,feed,G5595,12,Romans 12:20,Epistles,New Testament,Romans,ASV
WORD,him;,G846,12,Romans 12:20,Epistles,New Testament,Romans,ASV
WORD,if,G1437,12,Romans 12:20,Epistles,New Testament,Romans,ASV
PHRASE,"he thirst,",G1372,12,Romans 12:20,Epistles,New Testament,Romans,ASV
WORD,give,G4222,12,Romans 12:20,Epistles,New Testament,Romans,ASV
WORD,him,G846,12,Romans 12:20,Epistles,New Testament,Romans,ASV
WORD,drink:,G4222,12,Romans 12:20,Epistles,New Testament,Romans,ASV
WORD,for,G1063,12,Romans 12:20,Epistles,New Testament,Romans,ASV
PHRASE,in so,G5124,12,Romans 12:20,Epistles,New Testament,Romans,ASV
WORD,doing,G4160,12,Romans 12:20,Epistles,New Testament,Romans,ASV
PHRASE,thou shalt heap,G4987,12,Romans 12:20,Epistles,New Testament,Romans,ASV
WORD,coals,G440,12,Romans 12:20,Epistles,New Testament,Romans,ASV
PHRASE,of fire,G4442,12,Romans 12:20,Epistles,New Testament,Romans,ASV
WORD,on,G1909,12,Romans 12:20,Epistles,New Testament,Romans,ASV
WORD,his,G846,12,Romans 12:20,Epistles,New Testament,Romans,ASV
WORD,head.,G2776,12,Romans 12:20,Epistles,New Testament,Romans,ASV
WORD,Be,G3528,12,Romans 12:21,Epistles,New Testament,Romans,ASV
WORD,not,G3361,12,Romans 12:21,Epistles,New Testament,Romans,ASV
WORD,overcome,G3528,12,Romans 12:21,Epistles,New Testament,Romans,ASV
WORD,of,G5259,12,Romans 12:21,Epistles,New Testament,Romans,ASV
WORD,"evil,",G2556,12,Romans 12:21,Epistles,New Testament,Romans,ASV
WORD,but,G235,12,Romans 12:21,Epistles,New Testament,Romans,ASV
WORD,overcome,G3528,12,Romans 12:21,Epistles,New Testament,Romans,ASV
WORD,evil,G2556,12,Romans 12:21,Epistles,New Testament,Romans,ASV
WORD,with,G1722,12,Romans 12:21,Epistles,New Testament,Romans,ASV
WORD,good.,G18,12,Romans 12:21,Epistles,New Testament,Romans,ASV
PHRASE,Let every,G3956,13,Romans 13:1,Epistles,New Testament,Romans,ASV
WORD,soul,G5590,13,Romans 13:1,Epistles,New Testament,Romans,ASV
PHRASE,be subject,G5293,13,Romans 13:1,Epistles,New Testament,Romans,ASV
PHRASE,unto the higher,G5242,13,Romans 13:1,Epistles,New Testament,Romans,ASV
WORD,powers.,G1849,13,Romans 13:1,Epistles,New Testament,Romans,ASV
WORD,For,G1063,13,Romans 13:1,Epistles,New Testament,Romans,ASV
PHRASE,there is,G2076,13,Romans 13:1,Epistles,New Testament,Romans,ASV
WORD,no,G3756,13,Romans 13:1,Epistles,New Testament,Romans,ASV
WORD,power,G1849,13,Romans 13:1,Epistles,New Testament,Romans,ASV
WORD,,G1487,13,Romans 13:1,Epistles,New Testament,Romans,ASV
WORD,but,G3361,13,Romans 13:1,Epistles,New Testament,Romans,ASV
WORD,of,G575,13,Romans 13:1,Epistles,New Testament,Romans,ASV
WORD,God:,G2316,13,Romans 13:1,Epistles,New Testament,Romans,ASV
PHRASE,the powers,G1849,13,Romans 13:1,Epistles,New Testament,Romans,ASV
PHRASE,that be,G5607,13,Romans 13:1,Epistles,New Testament,Romans,ASV
WORD,are,G1526,13,Romans 13:1,Epistles,New Testament,Romans,ASV
WORD,ordained,G5021,13,Romans 13:1,Epistles,New Testament,Romans,ASV
WORD,of,G5259,13,Romans 13:1,Epistles,New Testament,Romans,ASV
WORD,God.,G2316,13,Romans 13:1,Epistles,New Testament,Romans,ASV
PHRASE,Whosoever therefore,G5620,13,Romans 13:2,Epistles,New Testament,Romans,ASV
WORD,resisteth,G498,13,Romans 13:2,Epistles,New Testament,Romans,ASV
WORD,the,G3588,13,Romans 13:2,Epistles,New Testament,Romans,ASV
WORD,"power,",G1849,13,Romans 13:2,Epistles,New Testament,Romans,ASV
WORD,resisteth,G436,13,Romans 13:2,Epistles,New Testament,Romans,ASV
WORD,the,G3588,13,Romans 13:2,Epistles,New Testament,Romans,ASV
WORD,ordinance,G1296,13,Romans 13:2,Epistles,New Testament,Romans,ASV
PHRASE,of God:,G2316,13,Romans 13:2,Epistles,New Testament,Romans,ASV
WORD,and,G1161,13,Romans 13:2,Epistles,New Testament,Romans,ASV
PHRASE,they that resist,G436,13,Romans 13:2,Epistles,New Testament,Romans,ASV
PHRASE,shall receive,G2983,13,Romans 13:2,Epistles,New Testament,Romans,ASV
PHRASE,to themselves,G1438,13,Romans 13:2,Epistles,New Testament,Romans,ASV
WORD,damnation.,G2917,13,Romans 13:2,Epistles,New Testament,Romans,ASV
WORD,For,G1063,13,Romans 13:3,Epistles,New Testament,Romans,ASV
WORD,rulers,G758,13,Romans 13:3,Epistles,New Testament,Romans,ASV
WORD,are,G1526,13,Romans 13:3,Epistles,New Testament,Romans,ASV
WORD,not,G3756,13,Romans 13:3,Epistles,New Testament,Romans,ASV
PHRASE,a terror,G5401,13,Romans 13:3,Epistles,New Testament,Romans,ASV
PHRASE,to good,G18,13,Romans 13:3,Epistles,New Testament,Romans,ASV
WORD,"works,",G2041,13,Romans 13:3,Epistles,New Testament,Romans,ASV
WORD,but,G235,13,Romans 13:3,Epistles,New Testament,Romans,ASV
PHRASE,to the,G3588,13,Romans 13:3,Epistles,New Testament,Romans,ASV
WORD,evil.,G2556,13,Romans 13:3,Epistles,New Testament,Romans,ASV
PHRASE,Wilt thou,G2309,13,Romans 13:3,Epistles,New Testament,Romans,ASV
WORD,then,G1161,13,Romans 13:3,Epistles,New Testament,Romans,ASV
WORD,not,G3361,13,Romans 13:3,Epistles,New Testament,Romans,ASV
PHRASE,be afraid,G5399,13,Romans 13:3,Epistles,New Testament,Romans,ASV
PHRASE,of the,G3588,13,Romans 13:3,Epistles,New Testament,Romans,ASV
WORD,power?,G1849,13,Romans 13:3,Epistles,New Testament,Romans,ASV
WORD,do,G4160,13,Romans 13:3,Epistles,New Testament,Romans,ASV
PHRASE,that which,G3588,13,Romans 13:3,Epistles,New Testament,Romans,ASV
PHRASE,"is good,",G18,13,Romans 13:3,Epistles,New Testament,Romans,ASV
WORD,and,G2532,13,Romans 13:3,Epistles,New Testament,Romans,ASV
PHRASE,thou shalt have,G2192,13,Romans 13:3,Epistles,New Testament,Romans,ASV
WORD,praise,G1868,13,Romans 13:3,Epistles,New Testament,Romans,ASV
WORD,of,G1537,13,Romans 13:3,Epistles,New Testament,Romans,ASV
PHRASE,the same:,G846,13,Romans 13:3,Epistles,New Testament,Romans,ASV
WORD,For,G1063,13,Romans 13:4,Epistles,New Testament,Romans,ASV
PHRASE,he is,G2076,13,Romans 13:4,Epistles,New Testament,Romans,ASV
PHRASE,the minister,G1249,13,Romans 13:4,Epistles,New Testament,Romans,ASV
PHRASE,of God,G2316,13,Romans 13:4,Epistles,New Testament,Romans,ASV
PHRASE,to thee,G4671,13,Romans 13:4,Epistles,New Testament,Romans,ASV
WORD,for,G1519,13,Romans 13:4,Epistles,New Testament,Romans,ASV
WORD,good.,G18,13,Romans 13:4,Epistles,New Testament,Romans,ASV
WORD,But,G1161,13,Romans 13:4,Epistles,New Testament,Romans,ASV
WORD,if,G1437,13,Romans 13:4,Epistles,New Testament,Romans,ASV
PHRASE,thou do,G4160,13,Romans 13:4,Epistles,New Testament,Romans,ASV
PHRASE,that which,G3588,13,Romans 13:4,Epistles,New Testament,Romans,ASV
PHRASE,"is evil,",G2556,13,Romans 13:4,Epistles,New Testament,Romans,ASV
PHRASE,be afraid;,G5399,13,Romans 13:4,Epistles,New Testament,Romans,ASV
WORD,for,G1063,13,Romans 13:4,Epistles,New Testament,Romans,ASV
PHRASE,he beareth,G5409,13,Romans 13:4,Epistles,New Testament,Romans,ASV
WORD,not,G3756,13,Romans 13:4,Epistles,New Testament,Romans,ASV
WORD,the,G3588,13,Romans 13:4,Epistles,New Testament,Romans,ASV
WORD,sword,G3162,13,Romans 13:4,Epistles,New Testament,Romans,ASV
PHRASE,in vain:,G1500,13,Romans 13:4,Epistles,New Testament,Romans,ASV
WORD,for,G1063,13,Romans 13:4,Epistles,New Testament,Romans,ASV
PHRASE,he is,G2076,13,Romans 13:4,Epistles,New Testament,Romans,ASV
PHRASE,the minister,G1249,13,Romans 13:4,Epistles,New Testament,Romans,ASV
PHRASE,"of God,",G2316,13,Romans 13:4,Epistles,New Testament,Romans,ASV
PHRASE,a revenger,G1558,13,Romans 13:4,Epistles,New Testament,Romans,ASV
PHRASE,to [execute],,13,Romans 13:4,Epistles,New Testament,Romans,ASV
WORD,wrath,G3709,13,Romans 13:4,Epistles,New Testament,Romans,ASV
WORD,upon,G1519,13,Romans 13:4,Epistles,New Testament,Romans,ASV
PHRASE,him that,G3588,13,Romans 13:4,Epistles,New Testament,Romans,ASV
WORD,doeth,G4238,13,Romans 13:4,Epistles,New Testament,Romans,ASV
WORD,evil.,G2556,13,Romans 13:4,Epistles,New Testament,Romans,ASV
WORD,Wherefore,G1352,13,Romans 13:5,Epistles,New Testament,Romans,ASV
WORD,[ye],,13,Romans 13:5,Epistles,New Testament,Romans,ASV
PHRASE,must needs,G318,13,Romans 13:5,Epistles,New Testament,Romans,ASV
PHRASE,"be subject,",G5293,13,Romans 13:5,Epistles,New Testament,Romans,ASV
WORD,not,G3756,13,Romans 13:5,Epistles,New Testament,Romans,ASV
WORD,only,G3440,13,Romans 13:5,Epistles,New Testament,Romans,ASV
WORD,for,G1223,13,Romans 13:5,Epistles,New Testament,Romans,ASV
WORD,"wrath,",G3709,13,Romans 13:5,Epistles,New Testament,Romans,ASV
WORD,but,G235,13,Romans 13:5,Epistles,New Testament,Romans,ASV
WORD,also,G2532,13,Romans 13:5,Epistles,New Testament,Romans,ASV
PHRASE,for conscience,G4893,13,Romans 13:5,Epistles,New Testament,Romans,ASV
WORD,sake.,G1223,13,Romans 13:5,Epistles,New Testament,Romans,ASV
WORD,For,G1063,13,Romans 13:6,Epistles,New Testament,Romans,ASV
WORD,for,G1223,13,Romans 13:6,Epistles,New Testament,Romans,ASV
WORD,this,G5124,13,Romans 13:6,Epistles,New Testament,Romans,ASV
WORD,cause,G1223,13,Romans 13:6,Epistles,New Testament,Romans,ASV
PHRASE,pay ye,G5055,13,Romans 13:6,Epistles,New Testament,Romans,ASV
WORD,tribute,G5411,13,Romans 13:6,Epistles,New Testament,Romans,ASV
WORD,also:,G2532,13,Romans 13:6,Epistles,New Testament,Romans,ASV
WORD,for,G1063,13,Romans 13:6,Epistles,New Testament,Romans,ASV
PHRASE,they are,G1526,13,Romans 13:6,Epistles,New Testament,Romans,ASV
WORD,God's,G2316,13,Romans 13:6,Epistles,New Testament,Romans,ASV
WORD,"ministers,",G3011,13,Romans 13:6,Epistles,New Testament,Romans,ASV
PHRASE,attending continually,G4342,13,Romans 13:6,Epistles,New Testament,Romans,ASV
WORD,upon,G1519,13,Romans 13:6,Epistles,New Testament,Romans,ASV
WORD,this,G5124,13,Romans 13:6,Epistles,New Testament,Romans,ASV
PHRASE,very thing.,G846,13,Romans 13:6,Epistles,New Testament,Romans,ASV
WORD,Render,G591,13,Romans 13:7,Epistles,New Testament,Romans,ASV
WORD,therefore,G3767,13,Romans 13:7,Epistles,New Testament,Romans,ASV
PHRASE,to all,G3956,13,Romans 13:7,Epistles,New Testament,Romans,ASV
PHRASE,their dues:,G3782,13,Romans 13:7,Epistles,New Testament,Romans,ASV
WORD,tribute,G5411,13,Romans 13:7,Epistles,New Testament,Romans,ASV
PHRASE,to whom,G3588,13,Romans 13:7,Epistles,New Testament,Romans,ASV
WORD,tribute,G5411,13,Romans 13:7,Epistles,New Testament,Romans,ASV
PHRASE,[is due];,,13,Romans 13:7,Epistles,New Testament,Romans,ASV
WORD,custom,G5056,13,Romans 13:7,Epistles,New Testament,Romans,ASV
PHRASE,to whom,G3588,13,Romans 13:7,Epistles,New Testament,Romans,ASV
WORD,custom;,G5056,13,Romans 13:7,Epistles,New Testament,Romans,ASV
WORD,fear,G5401,13,Romans 13:7,Epistles,New Testament,Romans,ASV
PHRASE,to whom,G3588,13,Romans 13:7,Epistles,New Testament,Romans,ASV
WORD,fear;,G5401,13,Romans 13:7,Epistles,New Testament,Romans,ASV
WORD,honour,G5092,13,Romans 13:7,Epistles,New Testament,Romans,ASV
PHRASE,to whom,G3588,13,Romans 13:7,Epistles,New Testament,Romans,ASV
WORD,honour.,G5092,13,Romans 13:7,Epistles,New Testament,Romans,ASV
WORD,Owe,G3784,13,Romans 13:8,Epistles,New Testament,Romans,ASV
PHRASE,no man,G3367,13,Romans 13:8,Epistles,New Testament,Romans,ASV
PHRASE,"any thing,",G3367,13,Romans 13:8,Epistles,New Testament,Romans,ASV
WORD,,G1487,13,Romans 13:8,Epistles,New Testament,Romans,ASV
WORD,but,G3361,13,Romans 13:8,Epistles,New Testament,Romans,ASV
PHRASE,to love,G25,13,Romans 13:8,Epistles,New Testament,Romans,ASV
PHRASE,one another:,G240,13,Romans 13:8,Epistles,New Testament,Romans,ASV
WORD,for,G1063,13,Romans 13:8,Epistles,New Testament,Romans,ASV
PHRASE,he that,G3588,13,Romans 13:8,Epistles,New Testament,Romans,ASV
WORD,loveth,G25,13,Romans 13:8,Epistles,New Testament,Romans,ASV
WORD,another,G2087,13,Romans 13:8,Epistles,New Testament,Romans,ASV
PHRASE,hath fulfilled,G4137,13,Romans 13:8,Epistles,New Testament,Romans,ASV
PHRASE,the law.,G3551,13,Romans 13:8,Epistles,New Testament,Romans,ASV
PHRASE,"For this,",G1063,13,Romans 13:9,Epistles,New Testament,Romans,ASV
PHRASE,Thou shalt,G3431,13,Romans 13:9,Epistles,New Testament,Romans,ASV
WORD,not,G3756,13,Romans 13:9,Epistles,New Testament,Romans,ASV
PHRASE,"commit adultery,",G3431,13,Romans 13:9,Epistles,New Testament,Romans,ASV
PHRASE,Thou shalt,G5407,13,Romans 13:9,Epistles,New Testament,Romans,ASV
WORD,not,G3756,13,Romans 13:9,Epistles,New Testament,Romans,ASV
WORD,"kill,",G5407,13,Romans 13:9,Epistles,New Testament,Romans,ASV
PHRASE,Thou shalt,G2813,13,Romans 13:9,Epistles,New Testament,Romans,ASV
WORD,not,G3756,13,Romans 13:9,Epistles,New Testament,Romans,ASV
WORD,"steal,",G2813,13,Romans 13:9,Epistles,New Testament,Romans,ASV
PHRASE,Thou shalt,G5576,13,Romans 13:9,Epistles,New Testament,Romans,ASV
WORD,not,G3756,13,Romans 13:9,Epistles,New Testament,Romans,ASV
PHRASE,"bear false witness,",G5576,13,Romans 13:9,Epistles,New Testament,Romans,ASV
PHRASE,Thou shalt,G1937,13,Romans 13:9,Epistles,New Testament,Romans,ASV
WORD,not,G3756,13,Romans 13:9,Epistles,New Testament,Romans,ASV
WORD,covet;,G1937,13,Romans 13:9,Epistles,New Testament,Romans,ASV
WORD,and,G2532,13,Romans 13:9,Epistles,New Testament,Romans,ASV
WORD,if,G1487,13,Romans 13:9,Epistles,New Testament,Romans,ASV
PHRASE,[there be],,13,Romans 13:9,Epistles,New Testament,Romans,ASV
WORD,any,G5100,13,Romans 13:9,Epistles,New Testament,Romans,ASV
WORD,other,G2087,13,Romans 13:9,Epistles,New Testament,Romans,ASV
WORD,"commandment,",G1785,13,Romans 13:9,Epistles,New Testament,Romans,ASV
PHRASE,it is briefly comprehended,G346,13,Romans 13:9,Epistles,New Testament,Romans,ASV
WORD,in,G1722,13,Romans 13:9,Epistles,New Testament,Romans,ASV
WORD,this,G5129,13,Romans 13:9,Epistles,New Testament,Romans,ASV
WORD,"saying,",G3056,13,Romans 13:9,Epistles,New Testament,Romans,ASV
WORD,"namely,",G1722,13,Romans 13:9,Epistles,New Testament,Romans,ASV
PHRASE,Thou shalt love,G25,13,Romans 13:9,Epistles,New Testament,Romans,ASV
WORD,thy,G4675,13,Romans 13:9,Epistles,New Testament,Romans,ASV
WORD,neighbour,G4139,13,Romans 13:9,Epistles,New Testament,Romans,ASV
WORD,as,G5613,13,Romans 13:9,Epistles,New Testament,Romans,ASV
WORD,thyself.,G1438,13,Romans 13:9,Epistles,New Testament,Romans,ASV
WORD,Love,G26,13,Romans 13:10,Epistles,New Testament,Romans,ASV
WORD,worketh,G2038,13,Romans 13:10,Epistles,New Testament,Romans,ASV
WORD,no,G3756,13,Romans 13:10,Epistles,New Testament,Romans,ASV
WORD,ill,G2556,13,Romans 13:10,Epistles,New Testament,Romans,ASV
WORD,to,G3588,13,Romans 13:10,Epistles,New Testament,Romans,ASV
PHRASE,his neighbour:,G4139,13,Romans 13:10,Epistles,New Testament,Romans,ASV
WORD,therefore,G3767,13,Romans 13:10,Epistles,New Testament,Romans,ASV
WORD,love,G26,13,Romans 13:10,Epistles,New Testament,Romans,ASV
WORD,[is],,13,Romans 13:10,Epistles,New Testament,Romans,ASV
PHRASE,the fulfilling,G4138,13,Romans 13:10,Epistles,New Testament,Romans,ASV
PHRASE,of the law.,G3551,13,Romans 13:10,Epistles,New Testament,Romans,ASV
WORD,And,G2532,13,Romans 13:11,Epistles,New Testament,Romans,ASV
WORD,"that,",G5124,13,Romans 13:11,Epistles,New Testament,Romans,ASV
WORD,knowing,G1492,13,Romans 13:11,Epistles,New Testament,Romans,ASV
WORD,the,G3588,13,Romans 13:11,Epistles,New Testament,Romans,ASV
WORD,"time,",G2540,13,Romans 13:11,Epistles,New Testament,Romans,ASV
WORD,that,G3754,13,Romans 13:11,Epistles,New Testament,Romans,ASV
WORD,now,G2235,13,Romans 13:11,Epistles,New Testament,Romans,ASV
PHRASE,[it is],,13,Romans 13:11,Epistles,New Testament,Romans,ASV
PHRASE,high time,G5610,13,Romans 13:11,Epistles,New Testament,Romans,ASV
PHRASE,to awake,G1453,13,Romans 13:11,Epistles,New Testament,Romans,ASV
PHRASE,out of,G1537,13,Romans 13:11,Epistles,New Testament,Romans,ASV
WORD,sleep:,G5258,13,Romans 13:11,Epistles,New Testament,Romans,ASV
WORD,for,G1063,13,Romans 13:11,Epistles,New Testament,Romans,ASV
WORD,now,G3568,13,Romans 13:11,Epistles,New Testament,Romans,ASV
WORD,[is],,13,Romans 13:11,Epistles,New Testament,Romans,ASV
WORD,our,G2257,13,Romans 13:11,Epistles,New Testament,Romans,ASV
WORD,salvation,G4991,13,Romans 13:11,Epistles,New Testament,Romans,ASV
WORD,nearer,G1452,13,Romans 13:11,Epistles,New Testament,Romans,ASV
WORD,than,G2228,13,Romans 13:11,Epistles,New Testament,Romans,ASV
WORD,when,G3753,13,Romans 13:11,Epistles,New Testament,Romans,ASV
PHRASE,we believed.,G4100,13,Romans 13:11,Epistles,New Testament,Romans,ASV
WORD,The,G3588,13,Romans 13:12,Epistles,New Testament,Romans,ASV
WORD,night,G3571,13,Romans 13:12,Epistles,New Testament,Romans,ASV
PHRASE,"is far spent,",G4298,13,Romans 13:12,Epistles,New Testament,Romans,ASV
WORD,the,G3588,13,Romans 13:12,Epistles,New Testament,Romans,ASV
WORD,day,G2250,13,Romans 13:12,Epistles,New Testament,Romans,ASV
PHRASE,is at hand:,G1448,13,Romans 13:12,Epistles,New Testament,Romans,ASV
PHRASE,let us,G659,13,Romans 13:12,Epistles,New Testament,Romans,ASV
WORD,therefore,G3767,13,Romans 13:12,Epistles,New Testament,Romans,ASV
PHRASE,cast off,G659,13,Romans 13:12,Epistles,New Testament,Romans,ASV
WORD,the,G3588,13,Romans 13:12,Epistles,New Testament,Romans,ASV
WORD,works,G2041,13,Romans 13:12,Epistles,New Testament,Romans,ASV
PHRASE,"of darkness,",G4655,13,Romans 13:12,Epistles,New Testament,Romans,ASV
WORD,and,G2532,13,Romans 13:12,Epistles,New Testament,Romans,ASV
PHRASE,let us put on,G1746,13,Romans 13:12,Epistles,New Testament,Romans,ASV
WORD,the,G3588,13,Romans 13:12,Epistles,New Testament,Romans,ASV
WORD,armour,G3696,13,Romans 13:12,Epistles,New Testament,Romans,ASV
PHRASE,of light.,G5457,13,Romans 13:12,Epistles,New Testament,Romans,ASV
PHRASE,Let us walk,G4043,13,Romans 13:13,Epistles,New Testament,Romans,ASV
WORD,"honestly,",G2156,13,Romans 13:13,Epistles,New Testament,Romans,ASV
WORD,as,G5613,13,Romans 13:13,Epistles,New Testament,Romans,ASV
WORD,in,G1722,13,Romans 13:13,Epistles,New Testament,Romans,ASV
PHRASE,the day;,G2250,13,Romans 13:13,Epistles,New Testament,Romans,ASV
WORD,not,G3361,13,Romans 13:13,Epistles,New Testament,Romans,ASV
PHRASE,in rioting,G2970,13,Romans 13:13,Epistles,New Testament,Romans,ASV
WORD,and,G2532,13,Romans 13:13,Epistles,New Testament,Romans,ASV
WORD,"drunkenness,",G3178,13,Romans 13:13,Epistles,New Testament,Romans,ASV
WORD,not,G3361,13,Romans 13:13,Epistles,New Testament,Romans,ASV
PHRASE,in chambering,G2845,13,Romans 13:13,Epistles,New Testament,Romans,ASV
WORD,and,G2532,13,Romans 13:13,Epistles,New Testament,Romans,ASV
WORD,"wantonness,",G766,13,Romans 13:13,Epistles,New Testament,Romans,ASV
WORD,not,G3361,13,Romans 13:13,Epistles,New Testament,Romans,ASV
PHRASE,in strife,G2054,13,Romans 13:13,Epistles,New Testament,Romans,ASV
WORD,and,G2532,13,Romans 13:13,Epistles,New Testament,Romans,ASV
WORD,envying.,G2205,13,Romans 13:13,Epistles,New Testament,Romans,ASV
WORD,But,G235,13,Romans 13:14,Epistles,New Testament,Romans,ASV
PHRASE,put ye on,G1746,13,Romans 13:14,Epistles,New Testament,Romans,ASV
WORD,the,G3588,13,Romans 13:14,Epistles,New Testament,Romans,ASV
WORD,Lord,G2962,13,Romans 13:14,Epistles,New Testament,Romans,ASV
WORD,Jesus,G2424,13,Romans 13:14,Epistles,New Testament,Romans,ASV
WORD,"Christ,",G5547,13,Romans 13:14,Epistles,New Testament,Romans,ASV
WORD,and,G2532,13,Romans 13:14,Epistles,New Testament,Romans,ASV
WORD,make,G4160,13,Romans 13:14,Epistles,New Testament,Romans,ASV
WORD,not,G3361,13,Romans 13:14,Epistles,New Testament,Romans,ASV
WORD,provision,G4307,13,Romans 13:14,Epistles,New Testament,Romans,ASV
WORD,for,G1519,13,Romans 13:14,Epistles,New Testament,Romans,ASV
WORD,the,G3588,13,Romans 13:14,Epistles,New Testament,Romans,ASV
WORD,"flesh,",G4561,13,Romans 13:14,Epistles,New Testament,Romans,ASV
PHRASE,to [fulfil] the lusts [thereof].,G1939,13,Romans 13:14,Epistles,New Testament,Romans,ASV
PHRASE,Him that,G3588,14,Romans 14:1,Epistles,New Testament,Romans,ASV
PHRASE,is weak,G770,14,Romans 14:1,Epistles,New Testament,Romans,ASV
PHRASE,in the,G3588,14,Romans 14:1,Epistles,New Testament,Romans,ASV
WORD,faith,G4102,14,Romans 14:1,Epistles,New Testament,Romans,ASV
PHRASE,"receive ye,",G4355,14,Romans 14:1,Epistles,New Testament,Romans,ASV
WORD,[but],,14,Romans 14:1,Epistles,New Testament,Romans,ASV
WORD,not,G3361,14,Romans 14:1,Epistles,New Testament,Romans,ASV
WORD,to,G1519,14,Romans 14:1,Epistles,New Testament,Romans,ASV
WORD,doubtful,G1261,14,Romans 14:1,Epistles,New Testament,Romans,ASV
WORD,disputations.,G1253,14,Romans 14:1,Epistles,New Testament,Romans,ASV
WORD,For,G3303,14,Romans 14:2,Epistles,New Testament,Romans,ASV
WORD,one,G3739,14,Romans 14:2,Epistles,New Testament,Romans,ASV
WORD,believeth,G4100,14,Romans 14:2,Epistles,New Testament,Romans,ASV
PHRASE,that he may eat,G5315,14,Romans 14:2,Epistles,New Testament,Romans,ASV
PHRASE,all things:,G3956,14,Romans 14:2,Epistles,New Testament,Romans,ASV
WORD,"another,",G1161,14,Romans 14:2,Epistles,New Testament,Romans,ASV
WORD,who,G3588,14,Romans 14:2,Epistles,New Testament,Romans,ASV
PHRASE,"is weak,",G770,14,Romans 14:2,Epistles,New Testament,Romans,ASV
WORD,eateth,G2068,14,Romans 14:2,Epistles,New Testament,Romans,ASV
WORD,herbs.,G3001,14,Romans 14:2,Epistles,New Testament,Romans,ASV
WORD,Let,G1848,14,Romans 14:3,Epistles,New Testament,Romans,ASV
WORD,not,G3361,14,Romans 14:3,Epistles,New Testament,Romans,ASV
PHRASE,him that,G3588,14,Romans 14:3,Epistles,New Testament,Romans,ASV
WORD,eateth,G2068,14,Romans 14:3,Epistles,New Testament,Romans,ASV
WORD,despise,G1848,14,Romans 14:3,Epistles,New Testament,Romans,ASV
PHRASE,him that,G3588,14,Romans 14:3,Epistles,New Testament,Romans,ASV
WORD,eateth,G2068,14,Romans 14:3,Epistles,New Testament,Romans,ASV
WORD,not;,G3361,14,Romans 14:3,Epistles,New Testament,Romans,ASV
WORD,and,G2532,14,Romans 14:3,Epistles,New Testament,Romans,ASV
WORD,let,G2068,14,Romans 14:3,Epistles,New Testament,Romans,ASV
WORD,not,G3361,14,Romans 14:3,Epistles,New Testament,Romans,ASV
PHRASE,him which eateth,G2068,14,Romans 14:3,Epistles,New Testament,Romans,ASV
WORD,not,G3361,14,Romans 14:3,Epistles,New Testament,Romans,ASV
WORD,judge,G2919,14,Romans 14:3,Epistles,New Testament,Romans,ASV
PHRASE,him that,G3588,14,Romans 14:3,Epistles,New Testament,Romans,ASV
WORD,eateth:,G2068,14,Romans 14:3,Epistles,New Testament,Romans,ASV
WORD,for,G1063,14,Romans 14:3,Epistles,New Testament,Romans,ASV
WORD,God,G2316,14,Romans 14:3,Epistles,New Testament,Romans,ASV
PHRASE,hath received,G4355,14,Romans 14:3,Epistles,New Testament,Romans,ASV
WORD,him.,G846,14,Romans 14:3,Epistles,New Testament,Romans,ASV
WORD,Who,G5101,14,Romans 14:4,Epistles,New Testament,Romans,ASV
WORD,art,G1488,14,Romans 14:4,Epistles,New Testament,Romans,ASV
WORD,thou,G4771,14,Romans 14:4,Epistles,New Testament,Romans,ASV
PHRASE,that judgest,G2919,14,Romans 14:4,Epistles,New Testament,Romans,ASV
PHRASE,another man's,G245,14,Romans 14:4,Epistles,New Testament,Romans,ASV
WORD,servant?,G3610,14,Romans 14:4,Epistles,New Testament,Romans,ASV
PHRASE,to his own,G2398,14,Romans 14:4,Epistles,New Testament,Romans,ASV
WORD,master,G2962,14,Romans 14:4,Epistles,New Testament,Romans,ASV
PHRASE,he standeth,G4739,14,Romans 14:4,Epistles,New Testament,Romans,ASV
WORD,or,G2228,14,Romans 14:4,Epistles,New Testament,Romans,ASV
WORD,falleth.,G4098,14,Romans 14:4,Epistles,New Testament,Romans,ASV
WORD,"Yea,",G1161,14,Romans 14:4,Epistles,New Testament,Romans,ASV
PHRASE,he shall be holden up:,G2476,14,Romans 14:4,Epistles,New Testament,Romans,ASV
WORD,for,G1063,14,Romans 14:4,Epistles,New Testament,Romans,ASV
WORD,God,G2316,14,Romans 14:4,Epistles,New Testament,Romans,ASV
WORD,is,G2076,14,Romans 14:4,Epistles,New Testament,Romans,ASV
WORD,able,G1415,14,Romans 14:4,Epistles,New Testament,Romans,ASV
PHRASE,to make,G2476,14,Romans 14:4,Epistles,New Testament,Romans,ASV
WORD,him,G846,14,Romans 14:4,Epistles,New Testament,Romans,ASV
WORD,stand.,G2476,14,Romans 14:4,Epistles,New Testament,Romans,ASV
WORD,One,G3303,14,Romans 14:5,Epistles,New Testament,Romans,ASV
WORD,man,G3739,14,Romans 14:5,Epistles,New Testament,Romans,ASV
WORD,esteemeth,G2919,14,Romans 14:5,Epistles,New Testament,Romans,ASV
PHRASE,one day,G2250,14,Romans 14:5,Epistles,New Testament,Romans,ASV
WORD,above,G3844,14,Romans 14:5,Epistles,New Testament,Romans,ASV
WORD,another:,G2250,14,Romans 14:5,Epistles,New Testament,Romans,ASV
WORD,another,G3739,14,Romans 14:5,Epistles,New Testament,Romans,ASV
WORD,esteemeth,G2919,14,Romans 14:5,Epistles,New Testament,Romans,ASV
WORD,every,G3956,14,Romans 14:5,Epistles,New Testament,Romans,ASV
WORD,day,G2250,14,Romans 14:5,Epistles,New Testament,Romans,ASV
WORD,[alike].,,14,Romans 14:5,Epistles,New Testament,Romans,ASV
WORD,Let,G4135,14,Romans 14:5,Epistles,New Testament,Romans,ASV
PHRASE,every man,G1538,14,Romans 14:5,Epistles,New Testament,Romans,ASV
PHRASE,be fully persuaded,G4135,14,Romans 14:5,Epistles,New Testament,Romans,ASV
WORD,in,G1722,14,Romans 14:5,Epistles,New Testament,Romans,ASV
PHRASE,his own,G2398,14,Romans 14:5,Epistles,New Testament,Romans,ASV
WORD,mind.,G3563,14,Romans 14:5,Epistles,New Testament,Romans,ASV
PHRASE,He that,G3588,14,Romans 14:6,Epistles,New Testament,Romans,ASV
WORD,regardeth,G5426,14,Romans 14:6,Epistles,New Testament,Romans,ASV
WORD,the,G3588,14,Romans 14:6,Epistles,New Testament,Romans,ASV
WORD,"day,",G2250,14,Romans 14:6,Epistles,New Testament,Romans,ASV
WORD,regardeth,G5426,14,Romans 14:6,Epistles,New Testament,Romans,ASV
WORD,[it],,14,Romans 14:6,Epistles,New Testament,Romans,ASV
PHRASE,unto the Lord;,G2962,14,Romans 14:6,Epistles,New Testament,Romans,ASV
WORD,and,G2532,14,Romans 14:6,Epistles,New Testament,Romans,ASV
PHRASE,he that,G3588,14,Romans 14:6,Epistles,New Testament,Romans,ASV
WORD,regardeth,G5426,14,Romans 14:6,Epistles,New Testament,Romans,ASV
WORD,not,G3361,14,Romans 14:6,Epistles,New Testament,Romans,ASV
WORD,the,G3588,14,Romans 14:6,Epistles,New Testament,Romans,ASV
WORD,"day,",G2250,14,Romans 14:6,Epistles,New Testament,Romans,ASV
PHRASE,to the Lord,G2962,14,Romans 14:6,Epistles,New Testament,Romans,ASV
PHRASE,he doth,G5426,14,Romans 14:6,Epistles,New Testament,Romans,ASV
WORD,not,G3756,14,Romans 14:6,Epistles,New Testament,Romans,ASV
WORD,regard,G5426,14,Romans 14:6,Epistles,New Testament,Romans,ASV
WORD,[it].,,14,Romans 14:6,Epistles,New Testament,Romans,ASV
PHRASE,He that,G3588,14,Romans 14:6,Epistles,New Testament,Romans,ASV
WORD,"eateth,",G2068,14,Romans 14:6,Epistles,New Testament,Romans,ASV
WORD,eateth,G2068,14,Romans 14:6,Epistles,New Testament,Romans,ASV
PHRASE,"to the Lord,",G2962,14,Romans 14:6,Epistles,New Testament,Romans,ASV
WORD,for,G1063,14,Romans 14:6,Epistles,New Testament,Romans,ASV
PHRASE,he giveth God,G2316,14,Romans 14:6,Epistles,New Testament,Romans,ASV
WORD,thanks;,G2168,14,Romans 14:6,Epistles,New Testament,Romans,ASV
WORD,and,G2532,14,Romans 14:6,Epistles,New Testament,Romans,ASV
PHRASE,he that,G3588,14,Romans 14:6,Epistles,New Testament,Romans,ASV
WORD,eateth,G2068,14,Romans 14:6,Epistles,New Testament,Romans,ASV
WORD,"not,",G3361,14,Romans 14:6,Epistles,New Testament,Romans,ASV
PHRASE,to the Lord,G2962,14,Romans 14:6,Epistles,New Testament,Romans,ASV
PHRASE,he eateth,G2068,14,Romans 14:6,Epistles,New Testament,Romans,ASV
WORD,"not,",G3756,14,Romans 14:6,Epistles,New Testament,Romans,ASV
WORD,and,G2532,14,Romans 14:6,Epistles,New Testament,Romans,ASV
PHRASE,giveth God,G2316,14,Romans 14:6,Epistles,New Testament,Romans,ASV
WORD,thanks.,G2168,14,Romans 14:6,Epistles,New Testament,Romans,ASV
WORD,For,G1063,14,Romans 14:7,Epistles,New Testament,Romans,ASV
WORD,none,G3762,14,Romans 14:7,Epistles,New Testament,Romans,ASV
PHRASE,of us,G2257,14,Romans 14:7,Epistles,New Testament,Romans,ASV
WORD,liveth,G2198,14,Romans 14:7,Epistles,New Testament,Romans,ASV
PHRASE,"to himself,",G1438,14,Romans 14:7,Epistles,New Testament,Romans,ASV
WORD,and,G2532,14,Romans 14:7,Epistles,New Testament,Romans,ASV
PHRASE,no man,G3762,14,Romans 14:7,Epistles,New Testament,Romans,ASV
WORD,dieth,G599,14,Romans 14:7,Epistles,New Testament,Romans,ASV
PHRASE,to himself.,G1438,14,Romans 14:7,Epistles,New Testament,Romans,ASV
WORD,For,G1063,14,Romans 14:8,Epistles,New Testament,Romans,ASV
WORD,whether,G1437,14,Romans 14:8,Epistles,New Testament,Romans,ASV
PHRASE,"we live,",G2198,14,Romans 14:8,Epistles,New Testament,Romans,ASV
PHRASE,we live,G2198,14,Romans 14:8,Epistles,New Testament,Romans,ASV
PHRASE,unto the,G3588,14,Romans 14:8,Epistles,New Testament,Romans,ASV
WORD,Lord;,G2962,14,Romans 14:8,Epistles,New Testament,Romans,ASV
PHRASE,and whether,G1437,14,Romans 14:8,Epistles,New Testament,Romans,ASV
PHRASE,"we die,",G599,14,Romans 14:8,Epistles,New Testament,Romans,ASV
PHRASE,we die,G599,14,Romans 14:8,Epistles,New Testament,Romans,ASV
PHRASE,unto the,G3588,14,Romans 14:8,Epistles,New Testament,Romans,ASV
WORD,Lord:,G2962,14,Romans 14:8,Epistles,New Testament,Romans,ASV
WORD,whether,G1437,14,Romans 14:8,Epistles,New Testament,Romans,ASV
PHRASE,we live,G2198,14,Romans 14:8,Epistles,New Testament,Romans,ASV
WORD,"therefore,",G3767,14,Romans 14:8,Epistles,New Testament,Romans,ASV
WORD,or,G1437,14,Romans 14:8,Epistles,New Testament,Romans,ASV
WORD,"die,",G599,14,Romans 14:8,Epistles,New Testament,Romans,ASV
PHRASE,we are,G2070,14,Romans 14:8,Epistles,New Testament,Romans,ASV
WORD,the,G3588,14,Romans 14:8,Epistles,New Testament,Romans,ASV
WORD,Lord's.,G2962,14,Romans 14:8,Epistles,New Testament,Romans,ASV
WORD,For,G1063,14,Romans 14:9,Epistles,New Testament,Romans,ASV
WORD,to,G1519,14,Romans 14:9,Epistles,New Testament,Romans,ASV
WORD,this,G5124,14,Romans 14:9,Epistles,New Testament,Romans,ASV
PHRASE,end Christ,G5547,14,Romans 14:9,Epistles,New Testament,Romans,ASV
WORD,both,G2532,14,Romans 14:9,Epistles,New Testament,Romans,ASV
WORD,"died,",G599,14,Romans 14:9,Epistles,New Testament,Romans,ASV
WORD,and,G2532,14,Romans 14:9,Epistles,New Testament,Romans,ASV
WORD,"rose,",G450,14,Romans 14:9,Epistles,New Testament,Romans,ASV
WORD,and,G2532,14,Romans 14:9,Epistles,New Testament,Romans,ASV
WORD,"revived,",G326,14,Romans 14:9,Epistles,New Testament,Romans,ASV
WORD,that,G2443,14,Romans 14:9,Epistles,New Testament,Romans,ASV
PHRASE,he might be Lord,G2961,14,Romans 14:9,Epistles,New Testament,Romans,ASV
WORD,both,G2532,14,Romans 14:9,Epistles,New Testament,Romans,ASV
PHRASE,of the dead,G3498,14,Romans 14:9,Epistles,New Testament,Romans,ASV
WORD,and,G2532,14,Romans 14:9,Epistles,New Testament,Romans,ASV
WORD,living.,G2198,14,Romans 14:9,Epistles,New Testament,Romans,ASV
WORD,But,G1161,14,Romans 14:10,Epistles,New Testament,Romans,ASV
WORD,why,G5101,14,Romans 14:10,Epistles,New Testament,Romans,ASV
WORD,dost,G2919,14,Romans 14:10,Epistles,New Testament,Romans,ASV
WORD,thou,G4771,14,Romans 14:10,Epistles,New Testament,Romans,ASV
WORD,judge,G2919,14,Romans 14:10,Epistles,New Testament,Romans,ASV
WORD,thy,G4675,14,Romans 14:10,Epistles,New Testament,Romans,ASV
WORD,brother?,G80,14,Romans 14:10,Epistles,New Testament,Romans,ASV
WORD,or,G2228,14,Romans 14:10,Epistles,New Testament,Romans,ASV
WORD,why,G5101,14,Romans 14:10,Epistles,New Testament,Romans,ASV
WORD,dost,G1848,14,Romans 14:10,Epistles,New Testament,Romans,ASV
WORD,thou,G4771,14,Romans 14:10,Epistles,New Testament,Romans,ASV
PHRASE,set at nought,G1848,14,Romans 14:10,Epistles,New Testament,Romans,ASV
WORD,thy,G4675,14,Romans 14:10,Epistles,New Testament,Romans,ASV
WORD,brother?,G80,14,Romans 14:10,Epistles,New Testament,Romans,ASV
WORD,for,G1063,14,Romans 14:10,Epistles,New Testament,Romans,ASV
PHRASE,we shall,G3936,14,Romans 14:10,Epistles,New Testament,Romans,ASV
WORD,all,G3956,14,Romans 14:10,Epistles,New Testament,Romans,ASV
PHRASE,stand before,G3936,14,Romans 14:10,Epistles,New Testament,Romans,ASV
WORD,the,G3588,14,Romans 14:10,Epistles,New Testament,Romans,ASV
PHRASE,judgment seat,G968,14,Romans 14:10,Epistles,New Testament,Romans,ASV
PHRASE,of Christ.,G5547,14,Romans 14:10,Epistles,New Testament,Romans,ASV
WORD,For,G1063,14,Romans 14:11,Epistles,New Testament,Romans,ASV
PHRASE,"it is written,",G1125,14,Romans 14:11,Epistles,New Testament,Romans,ASV
WORD,[As],,14,Romans 14:11,Epistles,New Testament,Romans,ASV
WORD,I,G1473,14,Romans 14:11,Epistles,New Testament,Romans,ASV
WORD,"live,",G2198,14,Romans 14:11,Epistles,New Testament,Romans,ASV
WORD,saith,G3004,14,Romans 14:11,Epistles,New Testament,Romans,ASV
PHRASE,"the Lord,",G2962,14,Romans 14:11,Epistles,New Testament,Romans,ASV
WORD,every,G3956,14,Romans 14:11,Epistles,New Testament,Romans,ASV
WORD,knee,G1119,14,Romans 14:11,Epistles,New Testament,Romans,ASV
PHRASE,shall bow,G2578,14,Romans 14:11,Epistles,New Testament,Romans,ASV
PHRASE,"to me,",G1698,14,Romans 14:11,Epistles,New Testament,Romans,ASV
WORD,and,G2532,14,Romans 14:11,Epistles,New Testament,Romans,ASV
WORD,every,G3956,14,Romans 14:11,Epistles,New Testament,Romans,ASV
WORD,tongue,G1100,14,Romans 14:11,Epistles,New Testament,Romans,ASV
PHRASE,shall confess,G1843,14,Romans 14:11,Epistles,New Testament,Romans,ASV
PHRASE,to God.,G2316,14,Romans 14:11,Epistles,New Testament,Romans,ASV
WORD,So,G3767,14,Romans 14:12,Epistles,New Testament,Romans,ASV
WORD,then,G686,14,Romans 14:12,Epistles,New Testament,Romans,ASV
PHRASE,every one,G1538,14,Romans 14:12,Epistles,New Testament,Romans,ASV
PHRASE,of us,G2257,14,Romans 14:12,Epistles,New Testament,Romans,ASV
PHRASE,shall give,G1325,14,Romans 14:12,Epistles,New Testament,Romans,ASV
WORD,account,G3056,14,Romans 14:12,Epistles,New Testament,Romans,ASV
WORD,of,G4012,14,Romans 14:12,Epistles,New Testament,Romans,ASV
WORD,himself,G1438,14,Romans 14:12,Epistles,New Testament,Romans,ASV
PHRASE,to God.,G2316,14,Romans 14:12,Epistles,New Testament,Romans,ASV
PHRASE,Let us,G2919,14,Romans 14:13,Epistles,New Testament,Romans,ASV
PHRASE,not therefore,G3767,14,Romans 14:13,Epistles,New Testament,Romans,ASV
WORD,judge,G2919,14,Romans 14:13,Epistles,New Testament,Romans,ASV
PHRASE,one another,G240,14,Romans 14:13,Epistles,New Testament,Romans,ASV
PHRASE,any more:,G3371,14,Romans 14:13,Epistles,New Testament,Romans,ASV
WORD,but,G235,14,Romans 14:13,Epistles,New Testament,Romans,ASV
WORD,judge,G2919,14,Romans 14:13,Epistles,New Testament,Romans,ASV
WORD,this,G5124,14,Romans 14:13,Epistles,New Testament,Romans,ASV
WORD,"rather,",G3123,14,Romans 14:13,Epistles,New Testament,Romans,ASV
PHRASE,that no man,G3361,14,Romans 14:13,Epistles,New Testament,Romans,ASV
WORD,put,G5087,14,Romans 14:13,Epistles,New Testament,Romans,ASV
PHRASE,a stumblingblock,G4348,14,Romans 14:13,Epistles,New Testament,Romans,ASV
WORD,or,G2228,14,Romans 14:13,Epistles,New Testament,Romans,ASV
PHRASE,an occasion to fall,G4625,14,Romans 14:13,Epistles,New Testament,Romans,ASV
PHRASE,in [his] brother's way.,G80,14,Romans 14:13,Epistles,New Testament,Romans,ASV
PHRASE,"I know,",G1492,14,Romans 14:14,Epistles,New Testament,Romans,ASV
WORD,and,G2532,14,Romans 14:14,Epistles,New Testament,Romans,ASV
PHRASE,am persuaded,G3982,14,Romans 14:14,Epistles,New Testament,Romans,ASV
WORD,by,G1722,14,Romans 14:14,Epistles,New Testament,Romans,ASV
PHRASE,the Lord,G2962,14,Romans 14:14,Epistles,New Testament,Romans,ASV
WORD,"Jesus,",G2424,14,Romans 14:14,Epistles,New Testament,Romans,ASV
WORD,that,G3754,14,Romans 14:14,Epistles,New Testament,Romans,ASV
PHRASE,[there is],,14,Romans 14:14,Epistles,New Testament,Romans,ASV
WORD,nothing,G3762,14,Romans 14:14,Epistles,New Testament,Romans,ASV
WORD,unclean,G2839,14,Romans 14:14,Epistles,New Testament,Romans,ASV
WORD,of,G1223,14,Romans 14:14,Epistles,New Testament,Romans,ASV
WORD,itself:,G1438,14,Romans 14:14,Epistles,New Testament,Romans,ASV
WORD,,G1487,14,Romans 14:14,Epistles,New Testament,Romans,ASV
WORD,but,G3361,14,Romans 14:14,Epistles,New Testament,Romans,ASV
WORD,to,G3588,14,Romans 14:14,Epistles,New Testament,Romans,ASV
PHRASE,him that esteemeth,G3049,14,Romans 14:14,Epistles,New Testament,Romans,ASV
PHRASE,any thing,G5100,14,Romans 14:14,Epistles,New Testament,Romans,ASV
PHRASE,to be,G1511,14,Romans 14:14,Epistles,New Testament,Romans,ASV
WORD,"unclean,",G2839,14,Romans 14:14,Epistles,New Testament,Romans,ASV
PHRASE,to him,G1565,14,Romans 14:14,Epistles,New Testament,Romans,ASV
PHRASE,[it is],,14,Romans 14:14,Epistles,New Testament,Romans,ASV
WORD,unclean.,G2839,14,Romans 14:14,Epistles,New Testament,Romans,ASV
WORD,But,G1161,14,Romans 14:15,Epistles,New Testament,Romans,ASV
WORD,if,G1487,14,Romans 14:15,Epistles,New Testament,Romans,ASV
WORD,thy,G4675,14,Romans 14:15,Epistles,New Testament,Romans,ASV
WORD,brother,G80,14,Romans 14:15,Epistles,New Testament,Romans,ASV
PHRASE,be grieved,G3076,14,Romans 14:15,Epistles,New Testament,Romans,ASV
WORD,with,G1223,14,Romans 14:15,Epistles,New Testament,Romans,ASV
WORD,[thy],,14,Romans 14:15,Epistles,New Testament,Romans,ASV
WORD,"meat,",G1033,14,Romans 14:15,Epistles,New Testament,Romans,ASV
WORD,now,G3765,14,Romans 14:15,Epistles,New Testament,Romans,ASV
PHRASE,walkest thou,G4043,14,Romans 14:15,Epistles,New Testament,Romans,ASV
WORD,not,G3765,14,Romans 14:15,Epistles,New Testament,Romans,ASV
WORD,,G2596,14,Romans 14:15,Epistles,New Testament,Romans,ASV
WORD,charitably.,G26,14,Romans 14:15,Epistles,New Testament,Romans,ASV
WORD,Destroy,G622,14,Romans 14:15,Epistles,New Testament,Romans,ASV
WORD,not,G3361,14,Romans 14:15,Epistles,New Testament,Romans,ASV
WORD,him,G1565,14,Romans 14:15,Epistles,New Testament,Romans,ASV
PHRASE,with thy,G4675,14,Romans 14:15,Epistles,New Testament,Romans,ASV
WORD,"meat,",G1033,14,Romans 14:15,Epistles,New Testament,Romans,ASV
WORD,for,G5228,14,Romans 14:15,Epistles,New Testament,Romans,ASV
WORD,whom,G3739,14,Romans 14:15,Epistles,New Testament,Romans,ASV
WORD,Christ,G5547,14,Romans 14:15,Epistles,New Testament,Romans,ASV
WORD,died.,G599,14,Romans 14:15,Epistles,New Testament,Romans,ASV
WORD,Let,G987,14,Romans 14:16,Epistles,New Testament,Romans,ASV
WORD,not,G3361,14,Romans 14:16,Epistles,New Testament,Romans,ASV
WORD,then,G3767,14,Romans 14:16,Epistles,New Testament,Romans,ASV
WORD,your,G5216,14,Romans 14:16,Epistles,New Testament,Romans,ASV
WORD,good,G18,14,Romans 14:16,Epistles,New Testament,Romans,ASV
PHRASE,be evil spoken of:,G987,14,Romans 14:16,Epistles,New Testament,Romans,ASV
WORD,For,G1063,14,Romans 14:17,Epistles,New Testament,Romans,ASV
WORD,the,G3588,14,Romans 14:17,Epistles,New Testament,Romans,ASV
WORD,kingdom,G932,14,Romans 14:17,Epistles,New Testament,Romans,ASV
PHRASE,of God,G2316,14,Romans 14:17,Epistles,New Testament,Romans,ASV
WORD,is,G2076,14,Romans 14:17,Epistles,New Testament,Romans,ASV
WORD,not,G3756,14,Romans 14:17,Epistles,New Testament,Romans,ASV
WORD,meat,G1035,14,Romans 14:17,Epistles,New Testament,Romans,ASV
WORD,and,G2532,14,Romans 14:17,Epistles,New Testament,Romans,ASV
WORD,drink;,G4213,14,Romans 14:17,Epistles,New Testament,Romans,ASV
WORD,but,G235,14,Romans 14:17,Epistles,New Testament,Romans,ASV
WORD,"righteousness,",G1343,14,Romans 14:17,Epistles,New Testament,Romans,ASV
WORD,and,G2532,14,Romans 14:17,Epistles,New Testament,Romans,ASV
WORD,"peace,",G1515,14,Romans 14:17,Epistles,New Testament,Romans,ASV
WORD,and,G2532,14,Romans 14:17,Epistles,New Testament,Romans,ASV
WORD,joy,G5479,14,Romans 14:17,Epistles,New Testament,Romans,ASV
WORD,in,G1722,14,Romans 14:17,Epistles,New Testament,Romans,ASV
PHRASE,the Holy,G40,14,Romans 14:17,Epistles,New Testament,Romans,ASV
WORD,Ghost.,G4151,14,Romans 14:17,Epistles,New Testament,Romans,ASV
WORD,For,G1063,14,Romans 14:18,Epistles,New Testament,Romans,ASV
PHRASE,he that,G3588,14,Romans 14:18,Epistles,New Testament,Romans,ASV
WORD,in,G1722,14,Romans 14:18,Epistles,New Testament,Romans,ASV
PHRASE,these things,G5125,14,Romans 14:18,Epistles,New Testament,Romans,ASV
WORD,serveth,G1398,14,Romans 14:18,Epistles,New Testament,Romans,ASV
WORD,Christ,G5547,14,Romans 14:18,Epistles,New Testament,Romans,ASV
WORD,[is],,14,Romans 14:18,Epistles,New Testament,Romans,ASV
WORD,acceptable,G2101,14,Romans 14:18,Epistles,New Testament,Romans,ASV
PHRASE,"to God,",G2316,14,Romans 14:18,Epistles,New Testament,Romans,ASV
WORD,and,G2532,14,Romans 14:18,Epistles,New Testament,Romans,ASV
WORD,approved,G1384,14,Romans 14:18,Epistles,New Testament,Romans,ASV
PHRASE,of men.,G444,14,Romans 14:18,Epistles,New Testament,Romans,ASV
PHRASE,Let us,G1377,14,Romans 14:19,Epistles,New Testament,Romans,ASV
WORD,therefore,G686,14,Romans 14:19,Epistles,New Testament,Romans,ASV
WORD,,G3767,14,Romans 14:19,Epistles,New Testament,Romans,ASV
PHRASE,follow after,G1377,14,Romans 14:19,Epistles,New Testament,Romans,ASV
PHRASE,the things which make for,G3588,14,Romans 14:19,Epistles,New Testament,Romans,ASV
WORD,"peace,",G1515,14,Romans 14:19,Epistles,New Testament,Romans,ASV
WORD,and,G2532,14,Romans 14:19,Epistles,New Testament,Romans,ASV
WORD,things,G3588,14,Romans 14:19,Epistles,New Testament,Romans,ASV
WORD,wherewith,G1519,14,Romans 14:19,Epistles,New Testament,Romans,ASV
WORD,one,G240,14,Romans 14:19,Epistles,New Testament,Romans,ASV
PHRASE,may edify,G3619,14,Romans 14:19,Epistles,New Testament,Romans,ASV
WORD,another.,G240,14,Romans 14:19,Epistles,New Testament,Romans,ASV
WORD,For,G1752,14,Romans 14:20,Epistles,New Testament,Romans,ASV
WORD,meat,G1033,14,Romans 14:20,Epistles,New Testament,Romans,ASV
WORD,destroy,G2647,14,Romans 14:20,Epistles,New Testament,Romans,ASV
WORD,not,G3361,14,Romans 14:20,Epistles,New Testament,Romans,ASV
WORD,the,G3588,14,Romans 14:20,Epistles,New Testament,Romans,ASV
WORD,work,G2041,14,Romans 14:20,Epistles,New Testament,Romans,ASV
PHRASE,of God.,G2316,14,Romans 14:20,Epistles,New Testament,Romans,ASV
PHRASE,All things,G3956,14,Romans 14:20,Epistles,New Testament,Romans,ASV
WORD,indeed,G3303,14,Romans 14:20,Epistles,New Testament,Romans,ASV
WORD,[are],,14,Romans 14:20,Epistles,New Testament,Romans,ASV
WORD,pure;,G2513,14,Romans 14:20,Epistles,New Testament,Romans,ASV
WORD,but,G235,14,Romans 14:20,Epistles,New Testament,Romans,ASV
PHRASE,[it is],,14,Romans 14:20,Epistles,New Testament,Romans,ASV
WORD,evil,G2556,14,Romans 14:20,Epistles,New Testament,Romans,ASV
PHRASE,for that,G3588,14,Romans 14:20,Epistles,New Testament,Romans,ASV
WORD,man,G444,14,Romans 14:20,Epistles,New Testament,Romans,ASV
PHRASE,who eateth,G2068,14,Romans 14:20,Epistles,New Testament,Romans,ASV
WORD,with,G1223,14,Romans 14:20,Epistles,New Testament,Romans,ASV
WORD,offence.,G4348,14,Romans 14:20,Epistles,New Testament,Romans,ASV
PHRASE,[It is],,14,Romans 14:21,Epistles,New Testament,Romans,ASV
WORD,good,G2570,14,Romans 14:21,Epistles,New Testament,Romans,ASV
WORD,neither,G3361,14,Romans 14:21,Epistles,New Testament,Romans,ASV
PHRASE,to eat,G5315,14,Romans 14:21,Epistles,New Testament,Romans,ASV
WORD,"flesh,",G2907,14,Romans 14:21,Epistles,New Testament,Romans,ASV
WORD,nor,G3366,14,Romans 14:21,Epistles,New Testament,Romans,ASV
PHRASE,to drink,G4095,14,Romans 14:21,Epistles,New Testament,Romans,ASV
WORD,"wine,",G3631,14,Romans 14:21,Epistles,New Testament,Romans,ASV
WORD,nor,G3366,14,Romans 14:21,Epistles,New Testament,Romans,ASV
PHRASE,[any thing],,14,Romans 14:21,Epistles,New Testament,Romans,ASV
WORD,whereby,G1722,14,Romans 14:21,Epistles,New Testament,Romans,ASV
WORD,,G3739,14,Romans 14:21,Epistles,New Testament,Romans,ASV
WORD,thy,G4675,14,Romans 14:21,Epistles,New Testament,Romans,ASV
WORD,brother,G80,14,Romans 14:21,Epistles,New Testament,Romans,ASV
WORD,"stumbleth,",G4350,14,Romans 14:21,Epistles,New Testament,Romans,ASV
WORD,or,G2228,14,Romans 14:21,Epistles,New Testament,Romans,ASV
PHRASE,"is offended,",G4624,14,Romans 14:21,Epistles,New Testament,Romans,ASV
WORD,or,G2228,14,Romans 14:21,Epistles,New Testament,Romans,ASV
PHRASE,is made weak.,G770,14,Romans 14:21,Epistles,New Testament,Romans,ASV
WORD,Hast,G2192,14,Romans 14:22,Epistles,New Testament,Romans,ASV
WORD,thou,G4771,14,Romans 14:22,Epistles,New Testament,Romans,ASV
WORD,faith?,G4102,14,Romans 14:22,Epistles,New Testament,Romans,ASV
WORD,have,G2192,14,Romans 14:22,Epistles,New Testament,Romans,ASV
WORD,[it],,14,Romans 14:22,Epistles,New Testament,Romans,ASV
WORD,to,G2596,14,Romans 14:22,Epistles,New Testament,Romans,ASV
WORD,thyself,G4572,14,Romans 14:22,Epistles,New Testament,Romans,ASV
WORD,before,G1799,14,Romans 14:22,Epistles,New Testament,Romans,ASV
WORD,God.,G2316,14,Romans 14:22,Epistles,New Testament,Romans,ASV
WORD,Happy,G3107,14,Romans 14:22,Epistles,New Testament,Romans,ASV
WORD,[is],,14,Romans 14:22,Epistles,New Testament,Romans,ASV
PHRASE,he that,G3588,14,Romans 14:22,Epistles,New Testament,Romans,ASV
WORD,condemneth,G2919,14,Romans 14:22,Epistles,New Testament,Romans,ASV
WORD,not,G3361,14,Romans 14:22,Epistles,New Testament,Romans,ASV
WORD,himself,G1438,14,Romans 14:22,Epistles,New Testament,Romans,ASV
WORD,in,G1722,14,Romans 14:22,Epistles,New Testament,Romans,ASV
PHRASE,that thing which,G3739,14,Romans 14:22,Epistles,New Testament,Romans,ASV
PHRASE,he alloweth.,G1381,14,Romans 14:22,Epistles,New Testament,Romans,ASV
WORD,And,G1161,14,Romans 14:23,Epistles,New Testament,Romans,ASV
PHRASE,he that doubteth,G1252,14,Romans 14:23,Epistles,New Testament,Romans,ASV
PHRASE,is damned,G2632,14,Romans 14:23,Epistles,New Testament,Romans,ASV
WORD,if,G1437,14,Romans 14:23,Epistles,New Testament,Romans,ASV
PHRASE,"he eat,",G5315,14,Romans 14:23,Epistles,New Testament,Romans,ASV
WORD,because,G3754,14,Romans 14:23,Epistles,New Testament,Romans,ASV
PHRASE,[he eateth],,14,Romans 14:23,Epistles,New Testament,Romans,ASV
WORD,not,G3756,14,Romans 14:23,Epistles,New Testament,Romans,ASV
WORD,of,G1537,14,Romans 14:23,Epistles,New Testament,Romans,ASV
WORD,faith:,G4102,14,Romans 14:23,Epistles,New Testament,Romans,ASV
WORD,for,G1161,14,Romans 14:23,Epistles,New Testament,Romans,ASV
WORD,whatsoever,G3956,14,Romans 14:23,Epistles,New Testament,Romans,ASV
WORD,[is],,14,Romans 14:23,Epistles,New Testament,Romans,ASV
WORD,not,G3756,14,Romans 14:23,Epistles,New Testament,Romans,ASV
WORD,of,G1537,14,Romans 14:23,Epistles,New Testament,Romans,ASV
WORD,faith,G4102,14,Romans 14:23,Epistles,New Testament,Romans,ASV
WORD,is,G2076,14,Romans 14:23,Epistles,New Testament,Romans,ASV
WORD,sin.,G266,14,Romans 14:23,Epistles,New Testament,Romans,ASV
WORD,We,G2249,15,Romans 15:1,Epistles,New Testament,Romans,ASV
WORD,then,G1161,15,Romans 15:1,Epistles,New Testament,Romans,ASV
PHRASE,that are strong,G1415,15,Romans 15:1,Epistles,New Testament,Romans,ASV
WORD,ought,G3784,15,Romans 15:1,Epistles,New Testament,Romans,ASV
PHRASE,to bear,G941,15,Romans 15:1,Epistles,New Testament,Romans,ASV
WORD,the,G3588,15,Romans 15:1,Epistles,New Testament,Romans,ASV
WORD,infirmities,G771,15,Romans 15:1,Epistles,New Testament,Romans,ASV
PHRASE,of the,G3588,15,Romans 15:1,Epistles,New Testament,Romans,ASV
WORD,"weak,",G102,15,Romans 15:1,Epistles,New Testament,Romans,ASV
WORD,and,G2532,15,Romans 15:1,Epistles,New Testament,Romans,ASV
WORD,not,G3361,15,Romans 15:1,Epistles,New Testament,Romans,ASV
PHRASE,to please,G700,15,Romans 15:1,Epistles,New Testament,Romans,ASV
WORD,ourselves.,G1438,15,Romans 15:1,Epistles,New Testament,Romans,ASV
WORD,Let,G700,15,Romans 15:2,Epistles,New Testament,Romans,ASV
PHRASE,every one,G1538,15,Romans 15:2,Epistles,New Testament,Romans,ASV
PHRASE,of us,G2257,15,Romans 15:2,Epistles,New Testament,Romans,ASV
WORD,please,G700,15,Romans 15:2,Epistles,New Testament,Romans,ASV
WORD,[his],,15,Romans 15:2,Epistles,New Testament,Romans,ASV
WORD,neighbour,G4139,15,Romans 15:2,Epistles,New Testament,Romans,ASV
WORD,for,G1519,15,Romans 15:2,Epistles,New Testament,Romans,ASV
WORD,[his],,15,Romans 15:2,Epistles,New Testament,Romans,ASV
WORD,good,G18,15,Romans 15:2,Epistles,New Testament,Romans,ASV
WORD,to,G4314,15,Romans 15:2,Epistles,New Testament,Romans,ASV
WORD,edification.,G3619,15,Romans 15:2,Epistles,New Testament,Romans,ASV
WORD,For,G1063,15,Romans 15:3,Epistles,New Testament,Romans,ASV
WORD,even,G2532,15,Romans 15:3,Epistles,New Testament,Romans,ASV
WORD,Christ,G5547,15,Romans 15:3,Epistles,New Testament,Romans,ASV
WORD,pleased,G700,15,Romans 15:3,Epistles,New Testament,Romans,ASV
WORD,not,G3756,15,Romans 15:3,Epistles,New Testament,Romans,ASV
WORD,himself;,G1438,15,Romans 15:3,Epistles,New Testament,Romans,ASV
WORD,"but,",G235,15,Romans 15:3,Epistles,New Testament,Romans,ASV
WORD,as,G2531,15,Romans 15:3,Epistles,New Testament,Romans,ASV
PHRASE,"it is written,",G1125,15,Romans 15:3,Epistles,New Testament,Romans,ASV
WORD,The,G3588,15,Romans 15:3,Epistles,New Testament,Romans,ASV
WORD,reproaches,G3680,15,Romans 15:3,Epistles,New Testament,Romans,ASV
PHRASE,of them,G3588,15,Romans 15:3,Epistles,New Testament,Romans,ASV
PHRASE,that reproached,G3679,15,Romans 15:3,Epistles,New Testament,Romans,ASV
WORD,thee,G4571,15,Romans 15:3,Epistles,New Testament,Romans,ASV
WORD,fell,G1968,15,Romans 15:3,Epistles,New Testament,Romans,ASV
WORD,on,G1909,15,Romans 15:3,Epistles,New Testament,Romans,ASV
WORD,me.,G1691,15,Romans 15:3,Epistles,New Testament,Romans,ASV
WORD,For,G1063,15,Romans 15:4,Epistles,New Testament,Romans,ASV
PHRASE,whatsoever things,G3745,15,Romans 15:4,Epistles,New Testament,Romans,ASV
PHRASE,were written aforetime,G4270,15,Romans 15:4,Epistles,New Testament,Romans,ASV
PHRASE,were written,G4270,15,Romans 15:4,Epistles,New Testament,Romans,ASV
WORD,for,G1519,15,Romans 15:4,Epistles,New Testament,Romans,ASV
WORD,our,G2251,15,Romans 15:4,Epistles,New Testament,Romans,ASV
WORD,"learning,",G1319,15,Romans 15:4,Epistles,New Testament,Romans,ASV
WORD,that,G2443,15,Romans 15:4,Epistles,New Testament,Romans,ASV
WORD,we,G2192,15,Romans 15:4,Epistles,New Testament,Romans,ASV
WORD,through,G1223,15,Romans 15:4,Epistles,New Testament,Romans,ASV
WORD,patience,G5281,15,Romans 15:4,Epistles,New Testament,Romans,ASV
WORD,and,G2532,15,Romans 15:4,Epistles,New Testament,Romans,ASV
WORD,comfort,G3874,15,Romans 15:4,Epistles,New Testament,Romans,ASV
PHRASE,of the,G3588,15,Romans 15:4,Epistles,New Testament,Romans,ASV
WORD,scriptures,G1124,15,Romans 15:4,Epistles,New Testament,Romans,ASV
PHRASE,might have,G2192,15,Romans 15:4,Epistles,New Testament,Romans,ASV
WORD,hope.,G1680,15,Romans 15:4,Epistles,New Testament,Romans,ASV
WORD,Now,G1161,15,Romans 15:5,Epistles,New Testament,Romans,ASV
WORD,the,G3588,15,Romans 15:5,Epistles,New Testament,Romans,ASV
WORD,God,G2316,15,Romans 15:5,Epistles,New Testament,Romans,ASV
PHRASE,of patience,G5281,15,Romans 15:5,Epistles,New Testament,Romans,ASV
WORD,and,G2532,15,Romans 15:5,Epistles,New Testament,Romans,ASV
WORD,consolation,G3874,15,Romans 15:5,Epistles,New Testament,Romans,ASV
WORD,grant,G1325,15,Romans 15:5,Epistles,New Testament,Romans,ASV
WORD,you,G5213,15,Romans 15:5,Epistles,New Testament,Romans,ASV
PHRASE,to be,G846,15,Romans 15:5,Epistles,New Testament,Romans,ASV
WORD,likeminded,G5426,15,Romans 15:5,Epistles,New Testament,Romans,ASV
WORD,one,G240,15,Romans 15:5,Epistles,New Testament,Romans,ASV
WORD,toward,G1722,15,Romans 15:5,Epistles,New Testament,Romans,ASV
WORD,another,G240,15,Romans 15:5,Epistles,New Testament,Romans,ASV
WORD,according,G2596,15,Romans 15:5,Epistles,New Testament,Romans,ASV
PHRASE,to Christ,G5547,15,Romans 15:5,Epistles,New Testament,Romans,ASV
WORD,Jesus:,G2424,15,Romans 15:5,Epistles,New Testament,Romans,ASV
WORD,That,G2443,15,Romans 15:6,Epistles,New Testament,Romans,ASV
PHRASE,ye may,G1392,15,Romans 15:6,Epistles,New Testament,Romans,ASV
WORD,with,G1722,15,Romans 15:6,Epistles,New Testament,Romans,ASV
PHRASE,one mind,G3661,15,Romans 15:6,Epistles,New Testament,Romans,ASV
WORD,[and],,15,Romans 15:6,Epistles,New Testament,Romans,ASV
WORD,one,G1520,15,Romans 15:6,Epistles,New Testament,Romans,ASV
WORD,mouth,G4750,15,Romans 15:6,Epistles,New Testament,Romans,ASV
WORD,glorify,G1392,15,Romans 15:6,Epistles,New Testament,Romans,ASV
WORD,"God,",G2316,15,Romans 15:6,Epistles,New Testament,Romans,ASV
WORD,even,G2532,15,Romans 15:6,Epistles,New Testament,Romans,ASV
PHRASE,the Father,G3962,15,Romans 15:6,Epistles,New Testament,Romans,ASV
PHRASE,of our,G2257,15,Romans 15:6,Epistles,New Testament,Romans,ASV
WORD,Lord,G2962,15,Romans 15:6,Epistles,New Testament,Romans,ASV
WORD,Jesus,G2424,15,Romans 15:6,Epistles,New Testament,Romans,ASV
WORD,Christ.,G5547,15,Romans 15:6,Epistles,New Testament,Romans,ASV
WORD,Wherefore,G1352,15,Romans 15:7,Epistles,New Testament,Romans,ASV
PHRASE,receive ye,G4355,15,Romans 15:7,Epistles,New Testament,Romans,ASV
PHRASE,"one another,",G240,15,Romans 15:7,Epistles,New Testament,Romans,ASV
WORD,as,G2531,15,Romans 15:7,Epistles,New Testament,Romans,ASV
WORD,Christ,G5547,15,Romans 15:7,Epistles,New Testament,Romans,ASV
WORD,also,G2532,15,Romans 15:7,Epistles,New Testament,Romans,ASV
WORD,received,G4355,15,Romans 15:7,Epistles,New Testament,Romans,ASV
WORD,us,G2248,15,Romans 15:7,Epistles,New Testament,Romans,ASV
WORD,to,G1519,15,Romans 15:7,Epistles,New Testament,Romans,ASV
PHRASE,the glory,G1391,15,Romans 15:7,Epistles,New Testament,Romans,ASV
PHRASE,of God.,G2316,15,Romans 15:7,Epistles,New Testament,Romans,ASV
WORD,Now,G1161,15,Romans 15:8,Epistles,New Testament,Romans,ASV
PHRASE,I say,G3004,15,Romans 15:8,Epistles,New Testament,Romans,ASV
PHRASE,that Jesus,G2424,15,Romans 15:8,Epistles,New Testament,Romans,ASV
WORD,Christ,G5547,15,Romans 15:8,Epistles,New Testament,Romans,ASV
WORD,was,G1096,15,Romans 15:8,Epistles,New Testament,Romans,ASV
PHRASE,a minister,G1249,15,Romans 15:8,Epistles,New Testament,Romans,ASV
PHRASE,of the circumcision,G4061,15,Romans 15:8,Epistles,New Testament,Romans,ASV
WORD,for,G5228,15,Romans 15:8,Epistles,New Testament,Romans,ASV
PHRASE,the truth,G225,15,Romans 15:8,Epistles,New Testament,Romans,ASV
PHRASE,"of God,",G2316,15,Romans 15:8,Epistles,New Testament,Romans,ASV
WORD,to,G1519,15,Romans 15:8,Epistles,New Testament,Romans,ASV
WORD,confirm,G950,15,Romans 15:8,Epistles,New Testament,Romans,ASV
WORD,the,G3588,15,Romans 15:8,Epistles,New Testament,Romans,ASV
WORD,promises,G1860,15,Romans 15:8,Epistles,New Testament,Romans,ASV
WORD,[made],,15,Romans 15:8,Epistles,New Testament,Romans,ASV
PHRASE,unto the,G3588,15,Romans 15:8,Epistles,New Testament,Romans,ASV
WORD,fathers:,G3962,15,Romans 15:8,Epistles,New Testament,Romans,ASV
WORD,And,G1161,15,Romans 15:9,Epistles,New Testament,Romans,ASV
PHRASE,that the,G3588,15,Romans 15:9,Epistles,New Testament,Romans,ASV
WORD,Gentiles,G1484,15,Romans 15:9,Epistles,New Testament,Romans,ASV
PHRASE,might glorify,G1392,15,Romans 15:9,Epistles,New Testament,Romans,ASV
WORD,God,G2316,15,Romans 15:9,Epistles,New Testament,Romans,ASV
WORD,for,G5228,15,Romans 15:9,Epistles,New Testament,Romans,ASV
WORD,[his],,15,Romans 15:9,Epistles,New Testament,Romans,ASV
WORD,mercy;,G1656,15,Romans 15:9,Epistles,New Testament,Romans,ASV
WORD,as,G2531,15,Romans 15:9,Epistles,New Testament,Romans,ASV
PHRASE,"it is written,",G1125,15,Romans 15:9,Epistles,New Testament,Romans,ASV
WORD,For,G1223,15,Romans 15:9,Epistles,New Testament,Romans,ASV
WORD,this,G5124,15,Romans 15:9,Epistles,New Testament,Romans,ASV
WORD,cause,G1223,15,Romans 15:9,Epistles,New Testament,Romans,ASV
PHRASE,I will confess,G1843,15,Romans 15:9,Epistles,New Testament,Romans,ASV
PHRASE,to thee,G4671,15,Romans 15:9,Epistles,New Testament,Romans,ASV
WORD,among,G1722,15,Romans 15:9,Epistles,New Testament,Romans,ASV
PHRASE,"the Gentiles,",G1484,15,Romans 15:9,Epistles,New Testament,Romans,ASV
WORD,and,G2532,15,Romans 15:9,Epistles,New Testament,Romans,ASV
WORD,sing,G5567,15,Romans 15:9,Epistles,New Testament,Romans,ASV
PHRASE,unto thy,G4675,15,Romans 15:9,Epistles,New Testament,Romans,ASV
WORD,name.,G3686,15,Romans 15:9,Epistles,New Testament,Romans,ASV
WORD,And,G2532,15,Romans 15:10,Epistles,New Testament,Romans,ASV
WORD,again,G3825,15,Romans 15:10,Epistles,New Testament,Romans,ASV
PHRASE,"he saith,",G3004,15,Romans 15:10,Epistles,New Testament,Romans,ASV
PHRASE,"Rejoice, ye",G2165,15,Romans 15:10,Epistles,New Testament,Romans,ASV
WORD,"Gentiles,",G1484,15,Romans 15:10,Epistles,New Testament,Romans,ASV
WORD,with,G3326,15,Romans 15:10,Epistles,New Testament,Romans,ASV
WORD,his,G846,15,Romans 15:10,Epistles,New Testament,Romans,ASV
WORD,people.,G2992,15,Romans 15:10,Epistles,New Testament,Romans,ASV
WORD,And,G2532,15,Romans 15:11,Epistles,New Testament,Romans,ASV
WORD,"again,",G3825,15,Romans 15:11,Epistles,New Testament,Romans,ASV
WORD,Praise,G134,15,Romans 15:11,Epistles,New Testament,Romans,ASV
WORD,the,G3588,15,Romans 15:11,Epistles,New Testament,Romans,ASV
WORD,"Lord,",G2962,15,Romans 15:11,Epistles,New Testament,Romans,ASV
WORD,all,G3956,15,Romans 15:11,Epistles,New Testament,Romans,ASV
WORD,ye,G134,15,Romans 15:11,Epistles,New Testament,Romans,ASV
WORD,Gentiles;,G1484,15,Romans 15:11,Epistles,New Testament,Romans,ASV
WORD,and,G2532,15,Romans 15:11,Epistles,New Testament,Romans,ASV
WORD,laud,G1867,15,Romans 15:11,Epistles,New Testament,Romans,ASV
WORD,"him,",G846,15,Romans 15:11,Epistles,New Testament,Romans,ASV
PHRASE,all ye,G3956,15,Romans 15:11,Epistles,New Testament,Romans,ASV
WORD,people.,G2992,15,Romans 15:11,Epistles,New Testament,Romans,ASV
WORD,And,G2532,15,Romans 15:12,Epistles,New Testament,Romans,ASV
WORD,"again,",G3825,15,Romans 15:12,Epistles,New Testament,Romans,ASV
WORD,Esaias,G2268,15,Romans 15:12,Epistles,New Testament,Romans,ASV
WORD,"saith,",G3004,15,Romans 15:12,Epistles,New Testament,Romans,ASV
PHRASE,There shall be,G2071,15,Romans 15:12,Epistles,New Testament,Romans,ASV
WORD,a,G3588,15,Romans 15:12,Epistles,New Testament,Romans,ASV
WORD,root,G4491,15,Romans 15:12,Epistles,New Testament,Romans,ASV
PHRASE,"of Jesse,",G2421,15,Romans 15:12,Epistles,New Testament,Romans,ASV
WORD,and,G2532,15,Romans 15:12,Epistles,New Testament,Romans,ASV
PHRASE,he that,G3588,15,Romans 15:12,Epistles,New Testament,Romans,ASV
PHRASE,shall rise,G450,15,Romans 15:12,Epistles,New Testament,Romans,ASV
PHRASE,to reign over,G757,15,Romans 15:12,Epistles,New Testament,Romans,ASV
PHRASE,the Gentiles;,G1484,15,Romans 15:12,Epistles,New Testament,Romans,ASV
WORD,in,G1909,15,Romans 15:12,Epistles,New Testament,Romans,ASV
WORD,him,G846,15,Romans 15:12,Epistles,New Testament,Romans,ASV
WORD,shall,G1679,15,Romans 15:12,Epistles,New Testament,Romans,ASV
PHRASE,the Gentiles,G1484,15,Romans 15:12,Epistles,New Testament,Romans,ASV
WORD,trust.,G1679,15,Romans 15:12,Epistles,New Testament,Romans,ASV
WORD,Now,G1161,15,Romans 15:13,Epistles,New Testament,Romans,ASV
WORD,the,G3588,15,Romans 15:13,Epistles,New Testament,Romans,ASV
WORD,God,G2316,15,Romans 15:13,Epistles,New Testament,Romans,ASV
PHRASE,of hope,G1680,15,Romans 15:13,Epistles,New Testament,Romans,ASV
WORD,fill,G4137,15,Romans 15:13,Epistles,New Testament,Romans,ASV
WORD,you,G5209,15,Romans 15:13,Epistles,New Testament,Romans,ASV
PHRASE,with all,G3956,15,Romans 15:13,Epistles,New Testament,Romans,ASV
WORD,joy,G5479,15,Romans 15:13,Epistles,New Testament,Romans,ASV
WORD,and,G2532,15,Romans 15:13,Epistles,New Testament,Romans,ASV
WORD,peace,G1515,15,Romans 15:13,Epistles,New Testament,Romans,ASV
WORD,in,G1722,15,Romans 15:13,Epistles,New Testament,Romans,ASV
WORD,"believing,",G4100,15,Romans 15:13,Epistles,New Testament,Romans,ASV
WORD,that,G1519,15,Romans 15:13,Epistles,New Testament,Romans,ASV
WORD,ye,G5209,15,Romans 15:13,Epistles,New Testament,Romans,ASV
PHRASE,may abound,G4052,15,Romans 15:13,Epistles,New Testament,Romans,ASV
WORD,in,G1722,15,Romans 15:13,Epistles,New Testament,Romans,ASV
WORD,"hope,",G1680,15,Romans 15:13,Epistles,New Testament,Romans,ASV
WORD,through,G1722,15,Romans 15:13,Epistles,New Testament,Romans,ASV
PHRASE,the power,G1411,15,Romans 15:13,Epistles,New Testament,Romans,ASV
PHRASE,of the Holy,G40,15,Romans 15:13,Epistles,New Testament,Romans,ASV
WORD,Ghost.,G4151,15,Romans 15:13,Epistles,New Testament,Romans,ASV
WORD,And,G1161,15,Romans 15:14,Epistles,New Testament,Romans,ASV
WORD,I,G1473,15,Romans 15:14,Epistles,New Testament,Romans,ASV
WORD,myself,G846,15,Romans 15:14,Epistles,New Testament,Romans,ASV
WORD,also,G2532,15,Romans 15:14,Epistles,New Testament,Romans,ASV
PHRASE,am persuaded,G3982,15,Romans 15:14,Epistles,New Testament,Romans,ASV
WORD,of,G4012,15,Romans 15:14,Epistles,New Testament,Romans,ASV
WORD,"you,",G5216,15,Romans 15:14,Epistles,New Testament,Romans,ASV
WORD,my,G3450,15,Romans 15:14,Epistles,New Testament,Romans,ASV
WORD,"brethren,",G80,15,Romans 15:14,Epistles,New Testament,Romans,ASV
WORD,that,G3754,15,Romans 15:14,Epistles,New Testament,Romans,ASV
WORD,ye,G846,15,Romans 15:14,Epistles,New Testament,Romans,ASV
WORD,also,G2532,15,Romans 15:14,Epistles,New Testament,Romans,ASV
WORD,are,G2075,15,Romans 15:14,Epistles,New Testament,Romans,ASV
WORD,full,G3324,15,Romans 15:14,Epistles,New Testament,Romans,ASV
PHRASE,"of goodness,",G19,15,Romans 15:14,Epistles,New Testament,Romans,ASV
WORD,filled,G4137,15,Romans 15:14,Epistles,New Testament,Romans,ASV
PHRASE,with all,G3956,15,Romans 15:14,Epistles,New Testament,Romans,ASV
WORD,"knowledge,",G1108,15,Romans 15:14,Epistles,New Testament,Romans,ASV
WORD,able,G1410,15,Romans 15:14,Epistles,New Testament,Romans,ASV
WORD,also,G2532,15,Romans 15:14,Epistles,New Testament,Romans,ASV
PHRASE,to admonish,G3560,15,Romans 15:14,Epistles,New Testament,Romans,ASV
PHRASE,one another.,G240,15,Romans 15:14,Epistles,New Testament,Romans,ASV
WORD,"Nevertheless,",G1161,15,Romans 15:15,Epistles,New Testament,Romans,ASV
WORD,"brethren,",G80,15,Romans 15:15,Epistles,New Testament,Romans,ASV
PHRASE,I have written,G1125,15,Romans 15:15,Epistles,New Testament,Romans,ASV
PHRASE,the more boldly,G5112,15,Romans 15:15,Epistles,New Testament,Romans,ASV
PHRASE,unto you,G5213,15,Romans 15:15,Epistles,New Testament,Romans,ASV
WORD,in,G575,15,Romans 15:15,Epistles,New Testament,Romans,ASV
PHRASE,"some sort,",G3313,15,Romans 15:15,Epistles,New Testament,Romans,ASV
WORD,as,G5613,15,Romans 15:15,Epistles,New Testament,Romans,ASV
WORD,putting,G1878,15,Romans 15:15,Epistles,New Testament,Romans,ASV
WORD,you,G5209,15,Romans 15:15,Epistles,New Testament,Romans,ASV
PHRASE,"in mind,",G1878,15,Romans 15:15,Epistles,New Testament,Romans,ASV
WORD,because,G1223,15,Romans 15:15,Epistles,New Testament,Romans,ASV
PHRASE,of the,G3588,15,Romans 15:15,Epistles,New Testament,Romans,ASV
WORD,grace,G5485,15,Romans 15:15,Epistles,New Testament,Romans,ASV
PHRASE,that is given,G1325,15,Romans 15:15,Epistles,New Testament,Romans,ASV
PHRASE,to me,G3427,15,Romans 15:15,Epistles,New Testament,Romans,ASV
WORD,of,G5259,15,Romans 15:15,Epistles,New Testament,Romans,ASV
WORD,"God,",G2316,15,Romans 15:15,Epistles,New Testament,Romans,ASV
PHRASE,That I,G3165,15,Romans 15:16,Epistles,New Testament,Romans,ASV
PHRASE,should be,G1511,15,Romans 15:16,Epistles,New Testament,Romans,ASV
PHRASE,the minister,G3011,15,Romans 15:16,Epistles,New Testament,Romans,ASV
PHRASE,of Jesus,G2424,15,Romans 15:16,Epistles,New Testament,Romans,ASV
WORD,Christ,G5547,15,Romans 15:16,Epistles,New Testament,Romans,ASV
WORD,to,G1519,15,Romans 15:16,Epistles,New Testament,Romans,ASV
WORD,the,G3588,15,Romans 15:16,Epistles,New Testament,Romans,ASV
WORD,"Gentiles,",G1484,15,Romans 15:16,Epistles,New Testament,Romans,ASV
WORD,ministering,G2418,15,Romans 15:16,Epistles,New Testament,Romans,ASV
WORD,the,G3588,15,Romans 15:16,Epistles,New Testament,Romans,ASV
WORD,gospel,G2098,15,Romans 15:16,Epistles,New Testament,Romans,ASV
PHRASE,"of God,",G2316,15,Romans 15:16,Epistles,New Testament,Romans,ASV
WORD,that,G2443,15,Romans 15:16,Epistles,New Testament,Romans,ASV
WORD,the,G3588,15,Romans 15:16,Epistles,New Testament,Romans,ASV
PHRASE,offering up,G4376,15,Romans 15:16,Epistles,New Testament,Romans,ASV
PHRASE,of the,G3588,15,Romans 15:16,Epistles,New Testament,Romans,ASV
WORD,Gentiles,G1484,15,Romans 15:16,Epistles,New Testament,Romans,ASV
PHRASE,might be,G1096,15,Romans 15:16,Epistles,New Testament,Romans,ASV
WORD,"acceptable,",G2144,15,Romans 15:16,Epistles,New Testament,Romans,ASV
PHRASE,being sanctified,G37,15,Romans 15:16,Epistles,New Testament,Romans,ASV
WORD,by,G1722,15,Romans 15:16,Epistles,New Testament,Romans,ASV
PHRASE,the Holy,G40,15,Romans 15:16,Epistles,New Testament,Romans,ASV
WORD,Ghost.,G4151,15,Romans 15:16,Epistles,New Testament,Romans,ASV
PHRASE,I have,G2192,15,Romans 15:17,Epistles,New Testament,Romans,ASV
PHRASE,therefore whereof,G3767,15,Romans 15:17,Epistles,New Testament,Romans,ASV
PHRASE,I may glory,G2746,15,Romans 15:17,Epistles,New Testament,Romans,ASV
WORD,through,G1722,15,Romans 15:17,Epistles,New Testament,Romans,ASV
WORD,Jesus,G2424,15,Romans 15:17,Epistles,New Testament,Romans,ASV
WORD,Christ,G5547,15,Romans 15:17,Epistles,New Testament,Romans,ASV
PHRASE,in those things which,G3588,15,Romans 15:17,Epistles,New Testament,Romans,ASV
PHRASE,pertain to,G4314,15,Romans 15:17,Epistles,New Testament,Romans,ASV
WORD,God.,G2316,15,Romans 15:17,Epistles,New Testament,Romans,ASV
WORD,For,G1063,15,Romans 15:18,Epistles,New Testament,Romans,ASV
PHRASE,I will,G5111,15,Romans 15:18,Epistles,New Testament,Romans,ASV
WORD,not,G3756,15,Romans 15:18,Epistles,New Testament,Romans,ASV
WORD,dare,G5111,15,Romans 15:18,Epistles,New Testament,Romans,ASV
PHRASE,to speak,G2980,15,Romans 15:18,Epistles,New Testament,Romans,ASV
PHRASE,of any,G5100,15,Romans 15:18,Epistles,New Testament,Romans,ASV
PHRASE,of those things which,G3739,15,Romans 15:18,Epistles,New Testament,Romans,ASV
WORD,Christ,G5547,15,Romans 15:18,Epistles,New Testament,Romans,ASV
WORD,hath,G2716,15,Romans 15:18,Epistles,New Testament,Romans,ASV
WORD,not,G3756,15,Romans 15:18,Epistles,New Testament,Romans,ASV
WORD,wrought,G2716,15,Romans 15:18,Epistles,New Testament,Romans,ASV
WORD,by,G1223,15,Romans 15:18,Epistles,New Testament,Romans,ASV
WORD,"me,",G1700,15,Romans 15:18,Epistles,New Testament,Romans,ASV
PHRASE,to make,G1519,15,Romans 15:18,Epistles,New Testament,Romans,ASV
PHRASE,the Gentiles,G1484,15,Romans 15:18,Epistles,New Testament,Romans,ASV
WORD,"obedient,",G5218,15,Romans 15:18,Epistles,New Testament,Romans,ASV
PHRASE,by word,G3056,15,Romans 15:18,Epistles,New Testament,Romans,ASV
WORD,and,G2532,15,Romans 15:18,Epistles,New Testament,Romans,ASV
WORD,"deed,",G2041,15,Romans 15:18,Epistles,New Testament,Romans,ASV
WORD,Through,G1722,15,Romans 15:19,Epistles,New Testament,Romans,ASV
WORD,mighty,G1411,15,Romans 15:19,Epistles,New Testament,Romans,ASV
WORD,signs,G4592,15,Romans 15:19,Epistles,New Testament,Romans,ASV
WORD,and,G2532,15,Romans 15:19,Epistles,New Testament,Romans,ASV
WORD,"wonders,",G5059,15,Romans 15:19,Epistles,New Testament,Romans,ASV
WORD,by,G1722,15,Romans 15:19,Epistles,New Testament,Romans,ASV
PHRASE,the power,G1411,15,Romans 15:19,Epistles,New Testament,Romans,ASV
PHRASE,of the Spirit,G4151,15,Romans 15:19,Epistles,New Testament,Romans,ASV
PHRASE,of God;,G2316,15,Romans 15:19,Epistles,New Testament,Romans,ASV
WORD,so,G5620,15,Romans 15:19,Epistles,New Testament,Romans,ASV
PHRASE,that from,G575,15,Romans 15:19,Epistles,New Testament,Romans,ASV
WORD,"Jerusalem,",G2419,15,Romans 15:19,Epistles,New Testament,Romans,ASV
WORD,and,G2532,15,Romans 15:19,Epistles,New Testament,Romans,ASV
PHRASE,round about,G2945,15,Romans 15:19,Epistles,New Testament,Romans,ASV
WORD,unto,G3360,15,Romans 15:19,Epistles,New Testament,Romans,ASV
WORD,"Illyricum,",G2437,15,Romans 15:19,Epistles,New Testament,Romans,ASV
WORD,I,G3165,15,Romans 15:19,Epistles,New Testament,Romans,ASV
PHRASE,have fully preached,G4137,15,Romans 15:19,Epistles,New Testament,Romans,ASV
WORD,the,G3588,15,Romans 15:19,Epistles,New Testament,Romans,ASV
WORD,gospel,G2098,15,Romans 15:19,Epistles,New Testament,Romans,ASV
PHRASE,of Christ.,G5547,15,Romans 15:19,Epistles,New Testament,Romans,ASV
WORD,"Yea,",G1161,15,Romans 15:20,Epistles,New Testament,Romans,ASV
WORD,so,G3779,15,Romans 15:20,Epistles,New Testament,Romans,ASV
PHRASE,have I strived,G5389,15,Romans 15:20,Epistles,New Testament,Romans,ASV
PHRASE,"to preach the gospel,",G2097,15,Romans 15:20,Epistles,New Testament,Romans,ASV
WORD,not,G3756,15,Romans 15:20,Epistles,New Testament,Romans,ASV
WORD,where,G3699,15,Romans 15:20,Epistles,New Testament,Romans,ASV
WORD,Christ,G5547,15,Romans 15:20,Epistles,New Testament,Romans,ASV
PHRASE,"was named,",G3687,15,Romans 15:20,Epistles,New Testament,Romans,ASV
WORD,,G2443,15,Romans 15:20,Epistles,New Testament,Romans,ASV
WORD,lest,G3361,15,Romans 15:20,Epistles,New Testament,Romans,ASV
PHRASE,I should build,G3618,15,Romans 15:20,Epistles,New Testament,Romans,ASV
WORD,upon,G1909,15,Romans 15:20,Epistles,New Testament,Romans,ASV
PHRASE,another man's,G245,15,Romans 15:20,Epistles,New Testament,Romans,ASV
WORD,foundation:,G2310,15,Romans 15:20,Epistles,New Testament,Romans,ASV
WORD,But,G235,15,Romans 15:21,Epistles,New Testament,Romans,ASV
WORD,as,G2531,15,Romans 15:21,Epistles,New Testament,Romans,ASV
PHRASE,"it is written,",G1125,15,Romans 15:21,Epistles,New Testament,Romans,ASV
PHRASE,To whom,G3739,15,Romans 15:21,Epistles,New Testament,Romans,ASV
WORD,he,G846,15,Romans 15:21,Epistles,New Testament,Romans,ASV
WORD,was,G312,15,Romans 15:21,Epistles,New Testament,Romans,ASV
WORD,not,G3756,15,Romans 15:21,Epistles,New Testament,Romans,ASV
WORD,spoken,G312,15,Romans 15:21,Epistles,New Testament,Romans,ASV
WORD,"of,",G4012,15,Romans 15:21,Epistles,New Testament,Romans,ASV
PHRASE,they shall see:,G3700,15,Romans 15:21,Epistles,New Testament,Romans,ASV
WORD,and,G2532,15,Romans 15:21,Epistles,New Testament,Romans,ASV
WORD,they,G3739,15,Romans 15:21,Epistles,New Testament,Romans,ASV
PHRASE,that have,G191,15,Romans 15:21,Epistles,New Testament,Romans,ASV
WORD,not,G3756,15,Romans 15:21,Epistles,New Testament,Romans,ASV
WORD,heard,G191,15,Romans 15:21,Epistles,New Testament,Romans,ASV
PHRASE,shall understand.,G4920,15,Romans 15:21,Epistles,New Testament,Romans,ASV
PHRASE,For which cause,G1352,15,Romans 15:22,Epistles,New Testament,Romans,ASV
WORD,also,G2532,15,Romans 15:22,Epistles,New Testament,Romans,ASV
PHRASE,I have been,G1465,15,Romans 15:22,Epistles,New Testament,Romans,ASV
WORD,much,G4183,15,Romans 15:22,Epistles,New Testament,Romans,ASV
WORD,hindered,G1465,15,Romans 15:22,Epistles,New Testament,Romans,ASV
PHRASE,from coming,G2064,15,Romans 15:22,Epistles,New Testament,Romans,ASV
WORD,to,G4314,15,Romans 15:22,Epistles,New Testament,Romans,ASV
WORD,you.,G5209,15,Romans 15:22,Epistles,New Testament,Romans,ASV
WORD,But,G1161,15,Romans 15:23,Epistles,New Testament,Romans,ASV
WORD,now,G3570,15,Romans 15:23,Epistles,New Testament,Romans,ASV
WORD,having,G2192,15,Romans 15:23,Epistles,New Testament,Romans,ASV
PHRASE,no more,G3371,15,Romans 15:23,Epistles,New Testament,Romans,ASV
WORD,place,G5117,15,Romans 15:23,Epistles,New Testament,Romans,ASV
WORD,in,G1722,15,Romans 15:23,Epistles,New Testament,Romans,ASV
WORD,these,G5125,15,Romans 15:23,Epistles,New Testament,Romans,ASV
WORD,"parts,",G2824,15,Romans 15:23,Epistles,New Testament,Romans,ASV
WORD,and,G1161,15,Romans 15:23,Epistles,New Testament,Romans,ASV
WORD,having,G2192,15,Romans 15:23,Epistles,New Testament,Romans,ASV
PHRASE,a great desire,G1974,15,Romans 15:23,Epistles,New Testament,Romans,ASV
PHRASE,these many,G4183,15,Romans 15:23,Epistles,New Testament,Romans,ASV
WORD,years,G2094,15,Romans 15:23,Epistles,New Testament,Romans,ASV
PHRASE,to come,G2064,15,Romans 15:23,Epistles,New Testament,Romans,ASV
WORD,unto,G4314,15,Romans 15:23,Epistles,New Testament,Romans,ASV
WORD,you;,G5209,15,Romans 15:23,Epistles,New Testament,Romans,ASV
WORD,Whensoever,G5613,15,Romans 15:24,Epistles,New Testament,Romans,ASV
WORD,,G1437,15,Romans 15:24,Epistles,New Testament,Romans,ASV
PHRASE,I take my journey,G4198,15,Romans 15:24,Epistles,New Testament,Romans,ASV
WORD,into,G1519,15,Romans 15:24,Epistles,New Testament,Romans,ASV
WORD,"Spain,",G4681,15,Romans 15:24,Epistles,New Testament,Romans,ASV
PHRASE,I will come,G2064,15,Romans 15:24,Epistles,New Testament,Romans,ASV
WORD,to,G4314,15,Romans 15:24,Epistles,New Testament,Romans,ASV
WORD,you:,G5209,15,Romans 15:24,Epistles,New Testament,Romans,ASV
WORD,for,G1063,15,Romans 15:24,Epistles,New Testament,Romans,ASV
PHRASE,I trust,G1679,15,Romans 15:24,Epistles,New Testament,Romans,ASV
PHRASE,to see,G2300,15,Romans 15:24,Epistles,New Testament,Romans,ASV
WORD,you,G5209,15,Romans 15:24,Epistles,New Testament,Romans,ASV
PHRASE,"in my journey,",G1279,15,Romans 15:24,Epistles,New Testament,Romans,ASV
WORD,and,G2532,15,Romans 15:24,Epistles,New Testament,Romans,ASV
PHRASE,to be brought on my way,G4311,15,Romans 15:24,Epistles,New Testament,Romans,ASV
WORD,thitherward,G1563,15,Romans 15:24,Epistles,New Testament,Romans,ASV
WORD,by,G5259,15,Romans 15:24,Epistles,New Testament,Romans,ASV
WORD,"you,",G5216,15,Romans 15:24,Epistles,New Testament,Romans,ASV
WORD,if,G1437,15,Romans 15:24,Epistles,New Testament,Romans,ASV
WORD,first,G4412,15,Romans 15:24,Epistles,New Testament,Romans,ASV
PHRASE,I be,G1705,15,Romans 15:24,Epistles,New Testament,Romans,ASV
WORD,somewhat,G3313,15,Romans 15:24,Epistles,New Testament,Romans,ASV
WORD,filled,G1705,15,Romans 15:24,Epistles,New Testament,Romans,ASV
WORD,with,G575,15,Romans 15:24,Epistles,New Testament,Romans,ASV
WORD,your,G5216,15,Romans 15:24,Epistles,New Testament,Romans,ASV
WORD,[company].,,15,Romans 15:24,Epistles,New Testament,Romans,ASV
WORD,But,G1161,15,Romans 15:25,Epistles,New Testament,Romans,ASV
WORD,now,G3570,15,Romans 15:25,Epistles,New Testament,Romans,ASV
PHRASE,I go,G4198,15,Romans 15:25,Epistles,New Testament,Romans,ASV
WORD,unto,G1519,15,Romans 15:25,Epistles,New Testament,Romans,ASV
WORD,Jerusalem,G2419,15,Romans 15:25,Epistles,New Testament,Romans,ASV
PHRASE,to minister,G1247,15,Romans 15:25,Epistles,New Testament,Romans,ASV
PHRASE,unto the,G3588,15,Romans 15:25,Epistles,New Testament,Romans,ASV
WORD,saints.,G40,15,Romans 15:25,Epistles,New Testament,Romans,ASV
WORD,For,G1063,15,Romans 15:26,Epistles,New Testament,Romans,ASV
PHRASE,it hath pleased them,G2106,15,Romans 15:26,Epistles,New Testament,Romans,ASV
PHRASE,of Macedonia,G3109,15,Romans 15:26,Epistles,New Testament,Romans,ASV
WORD,and,G2532,15,Romans 15:26,Epistles,New Testament,Romans,ASV
WORD,Achaia,G882,15,Romans 15:26,Epistles,New Testament,Romans,ASV
PHRASE,to make,G4160,15,Romans 15:26,Epistles,New Testament,Romans,ASV
PHRASE,a certain,G5100,15,Romans 15:26,Epistles,New Testament,Romans,ASV
WORD,contribution,G2842,15,Romans 15:26,Epistles,New Testament,Romans,ASV
WORD,for,G1519,15,Romans 15:26,Epistles,New Testament,Romans,ASV
WORD,the,G3588,15,Romans 15:26,Epistles,New Testament,Romans,ASV
WORD,poor,G4434,15,Romans 15:26,Epistles,New Testament,Romans,ASV
WORD,saints,G40,15,Romans 15:26,Epistles,New Testament,Romans,ASV
WORD,which,G3588,15,Romans 15:26,Epistles,New Testament,Romans,ASV
PHRASE,are at,G1722,15,Romans 15:26,Epistles,New Testament,Romans,ASV
WORD,Jerusalem.,G2419,15,Romans 15:26,Epistles,New Testament,Romans,ASV
PHRASE,It hath pleased them,G2106,15,Romans 15:27,Epistles,New Testament,Romans,ASV
WORD,verily;,G1063,15,Romans 15:27,Epistles,New Testament,Romans,ASV
WORD,and,G2532,15,Romans 15:27,Epistles,New Testament,Romans,ASV
WORD,their,G846,15,Romans 15:27,Epistles,New Testament,Romans,ASV
WORD,debtors,G3781,15,Romans 15:27,Epistles,New Testament,Romans,ASV
PHRASE,they are.,G1526,15,Romans 15:27,Epistles,New Testament,Romans,ASV
WORD,For,G1063,15,Romans 15:27,Epistles,New Testament,Romans,ASV
WORD,if,G1487,15,Romans 15:27,Epistles,New Testament,Romans,ASV
WORD,the,G3588,15,Romans 15:27,Epistles,New Testament,Romans,ASV
WORD,Gentiles,G1484,15,Romans 15:27,Epistles,New Testament,Romans,ASV
PHRASE,have been made partakers,G2841,15,Romans 15:27,Epistles,New Testament,Romans,ASV
PHRASE,of their,G846,15,Romans 15:27,Epistles,New Testament,Romans,ASV
PHRASE,"spiritual things,",G4152,15,Romans 15:27,Epistles,New Testament,Romans,ASV
PHRASE,their duty is,G3784,15,Romans 15:27,Epistles,New Testament,Romans,ASV
WORD,also,G2532,15,Romans 15:27,Epistles,New Testament,Romans,ASV
PHRASE,to minister,G3008,15,Romans 15:27,Epistles,New Testament,Romans,ASV
PHRASE,unto them,G846,15,Romans 15:27,Epistles,New Testament,Romans,ASV
WORD,in,G1722,15,Romans 15:27,Epistles,New Testament,Romans,ASV
PHRASE,carnal things.,G4559,15,Romans 15:27,Epistles,New Testament,Romans,ASV
PHRASE,When therefore,G3767,15,Romans 15:28,Epistles,New Testament,Romans,ASV
PHRASE,I have performed,G2005,15,Romans 15:28,Epistles,New Testament,Romans,ASV
WORD,"this,",G5124,15,Romans 15:28,Epistles,New Testament,Romans,ASV
WORD,and,G2532,15,Romans 15:28,Epistles,New Testament,Romans,ASV
PHRASE,have sealed,G4972,15,Romans 15:28,Epistles,New Testament,Romans,ASV
PHRASE,to them,G846,15,Romans 15:28,Epistles,New Testament,Romans,ASV
WORD,this,G5126,15,Romans 15:28,Epistles,New Testament,Romans,ASV
WORD,"fruit,",G2590,15,Romans 15:28,Epistles,New Testament,Romans,ASV
PHRASE,I will come,G565,15,Romans 15:28,Epistles,New Testament,Romans,ASV
WORD,by,G1223,15,Romans 15:28,Epistles,New Testament,Romans,ASV
WORD,you,G5216,15,Romans 15:28,Epistles,New Testament,Romans,ASV
WORD,into,G1519,15,Romans 15:28,Epistles,New Testament,Romans,ASV
WORD,Spain.,G4681,15,Romans 15:28,Epistles,New Testament,Romans,ASV
WORD,And,G1161,15,Romans 15:29,Epistles,New Testament,Romans,ASV
PHRASE,I am sure,G1492,15,Romans 15:29,Epistles,New Testament,Romans,ASV
WORD,"that,",G3754,15,Romans 15:29,Epistles,New Testament,Romans,ASV
PHRASE,when I come,G2064,15,Romans 15:29,Epistles,New Testament,Romans,ASV
WORD,unto,G4314,15,Romans 15:29,Epistles,New Testament,Romans,ASV
WORD,"you,",G5209,15,Romans 15:29,Epistles,New Testament,Romans,ASV
PHRASE,I shall come,G2064,15,Romans 15:29,Epistles,New Testament,Romans,ASV
WORD,in,G1722,15,Romans 15:29,Epistles,New Testament,Romans,ASV
PHRASE,the fulness,G4138,15,Romans 15:29,Epistles,New Testament,Romans,ASV
PHRASE,of the blessing,G2129,15,Romans 15:29,Epistles,New Testament,Romans,ASV
PHRASE,of the,G3588,15,Romans 15:29,Epistles,New Testament,Romans,ASV
WORD,gospel,G2098,15,Romans 15:29,Epistles,New Testament,Romans,ASV
PHRASE,of Christ.,G5547,15,Romans 15:29,Epistles,New Testament,Romans,ASV
WORD,Now,G1161,15,Romans 15:30,Epistles,New Testament,Romans,ASV
PHRASE,I beseech,G3870,15,Romans 15:30,Epistles,New Testament,Romans,ASV
WORD,"you,",G5209,15,Romans 15:30,Epistles,New Testament,Romans,ASV
WORD,"brethren,",G80,15,Romans 15:30,Epistles,New Testament,Romans,ASV
WORD,for,G1223,15,Romans 15:30,Epistles,New Testament,Romans,ASV
WORD,the,G3588,15,Romans 15:30,Epistles,New Testament,Romans,ASV
WORD,Lord,G2962,15,Romans 15:30,Epistles,New Testament,Romans,ASV
WORD,Jesus,G2424,15,Romans 15:30,Epistles,New Testament,Romans,ASV
WORD,Christ's,G5547,15,Romans 15:30,Epistles,New Testament,Romans,ASV
WORD,"sake,",G2257,15,Romans 15:30,Epistles,New Testament,Romans,ASV
WORD,and,G2532,15,Romans 15:30,Epistles,New Testament,Romans,ASV
WORD,for,G1223,15,Romans 15:30,Epistles,New Testament,Romans,ASV
WORD,the,G3588,15,Romans 15:30,Epistles,New Testament,Romans,ASV
WORD,love,G26,15,Romans 15:30,Epistles,New Testament,Romans,ASV
PHRASE,of the,G3588,15,Romans 15:30,Epistles,New Testament,Romans,ASV
WORD,"Spirit,",G4151,15,Romans 15:30,Epistles,New Testament,Romans,ASV
PHRASE,that ye strive together,G4865,15,Romans 15:30,Epistles,New Testament,Romans,ASV
PHRASE,with me,G3427,15,Romans 15:30,Epistles,New Testament,Romans,ASV
WORD,in,G1722,15,Romans 15:30,Epistles,New Testament,Romans,ASV
WORD,[your],,15,Romans 15:30,Epistles,New Testament,Romans,ASV
WORD,prayers,G4335,15,Romans 15:30,Epistles,New Testament,Romans,ASV
WORD,to,G4314,15,Romans 15:30,Epistles,New Testament,Romans,ASV
WORD,God,G2316,15,Romans 15:30,Epistles,New Testament,Romans,ASV
WORD,for,G5228,15,Romans 15:30,Epistles,New Testament,Romans,ASV
WORD,me;,G1700,15,Romans 15:30,Epistles,New Testament,Romans,ASV
WORD,That,G2443,15,Romans 15:31,Epistles,New Testament,Romans,ASV
PHRASE,I may be delivered,G4506,15,Romans 15:31,Epistles,New Testament,Romans,ASV
WORD,from,G575,15,Romans 15:31,Epistles,New Testament,Romans,ASV
PHRASE,them that,G3588,15,Romans 15:31,Epistles,New Testament,Romans,ASV
PHRASE,do not believe,G544,15,Romans 15:31,Epistles,New Testament,Romans,ASV
WORD,in,G1722,15,Romans 15:31,Epistles,New Testament,Romans,ASV
WORD,Judaea;,G2449,15,Romans 15:31,Epistles,New Testament,Romans,ASV
WORD,and,G2532,15,Romans 15:31,Epistles,New Testament,Romans,ASV
WORD,that,G2443,15,Romans 15:31,Epistles,New Testament,Romans,ASV
WORD,my,G3450,15,Romans 15:31,Epistles,New Testament,Romans,ASV
WORD,service,G1248,15,Romans 15:31,Epistles,New Testament,Romans,ASV
WORD,which,G3588,15,Romans 15:31,Epistles,New Testament,Romans,ASV
PHRASE,[I have],,15,Romans 15:31,Epistles,New Testament,Romans,ASV
WORD,for,G1519,15,Romans 15:31,Epistles,New Testament,Romans,ASV
WORD,Jerusalem,G2419,15,Romans 15:31,Epistles,New Testament,Romans,ASV
PHRASE,may be,G1096,15,Romans 15:31,Epistles,New Testament,Romans,ASV
WORD,accepted,G2144,15,Romans 15:31,Epistles,New Testament,Romans,ASV
PHRASE,of the,G3588,15,Romans 15:31,Epistles,New Testament,Romans,ASV
WORD,saints;,G40,15,Romans 15:31,Epistles,New Testament,Romans,ASV
WORD,That,G2443,15,Romans 15:32,Epistles,New Testament,Romans,ASV
PHRASE,I may come,G2064,15,Romans 15:32,Epistles,New Testament,Romans,ASV
WORD,unto,G4314,15,Romans 15:32,Epistles,New Testament,Romans,ASV
WORD,you,G5209,15,Romans 15:32,Epistles,New Testament,Romans,ASV
WORD,with,G1722,15,Romans 15:32,Epistles,New Testament,Romans,ASV
WORD,joy,G5479,15,Romans 15:32,Epistles,New Testament,Romans,ASV
WORD,by,G1223,15,Romans 15:32,Epistles,New Testament,Romans,ASV
PHRASE,the will,G2307,15,Romans 15:32,Epistles,New Testament,Romans,ASV
PHRASE,"of God,",G2316,15,Romans 15:32,Epistles,New Testament,Romans,ASV
WORD,and,G2532,15,Romans 15:32,Epistles,New Testament,Romans,ASV
WORD,may,G4875,15,Romans 15:32,Epistles,New Testament,Romans,ASV
PHRASE,with you,G5213,15,Romans 15:32,Epistles,New Testament,Romans,ASV
PHRASE,be refreshed.,G4875,15,Romans 15:32,Epistles,New Testament,Romans,ASV
WORD,Now,G1161,15,Romans 15:33,Epistles,New Testament,Romans,ASV
WORD,the,G3588,15,Romans 15:33,Epistles,New Testament,Romans,ASV
WORD,God,G2316,15,Romans 15:33,Epistles,New Testament,Romans,ASV
PHRASE,of peace,G1515,15,Romans 15:33,Epistles,New Testament,Romans,ASV
WORD,[be],,15,Romans 15:33,Epistles,New Testament,Romans,ASV
WORD,with,G3326,15,Romans 15:33,Epistles,New Testament,Romans,ASV
WORD,you,G5216,15,Romans 15:33,Epistles,New Testament,Romans,ASV
WORD,all.,G3956,15,Romans 15:33,Epistles,New Testament,Romans,ASV
WORD,Amen.,G281,15,Romans 15:33,Epistles,New Testament,Romans,ASV
PHRASE,I commend,G4921,16,Romans 16:1,Epistles,New Testament,Romans,ASV
PHRASE,unto you,G5213,16,Romans 16:1,Epistles,New Testament,Romans,ASV
WORD,Phebe,G5402,16,Romans 16:1,Epistles,New Testament,Romans,ASV
WORD,our,G2257,16,Romans 16:1,Epistles,New Testament,Romans,ASV
WORD,"sister,",G79,16,Romans 16:1,Epistles,New Testament,Romans,ASV
PHRASE,which is,G5607,16,Romans 16:1,Epistles,New Testament,Romans,ASV
PHRASE,a servant,G1249,16,Romans 16:1,Epistles,New Testament,Romans,ASV
PHRASE,of the,G3588,16,Romans 16:1,Epistles,New Testament,Romans,ASV
WORD,church,G1577,16,Romans 16:1,Epistles,New Testament,Romans,ASV
WORD,which,G3588,16,Romans 16:1,Epistles,New Testament,Romans,ASV
PHRASE,is at,G1722,16,Romans 16:1,Epistles,New Testament,Romans,ASV
WORD,Cenchrea:,G2747,16,Romans 16:1,Epistles,New Testament,Romans,ASV
WORD,That,G2443,16,Romans 16:2,Epistles,New Testament,Romans,ASV
PHRASE,ye receive,G4327,16,Romans 16:2,Epistles,New Testament,Romans,ASV
WORD,her,G846,16,Romans 16:2,Epistles,New Testament,Romans,ASV
WORD,in,G1722,16,Romans 16:2,Epistles,New Testament,Romans,ASV
PHRASE,"the Lord,",G2962,16,Romans 16:2,Epistles,New Testament,Romans,ASV
PHRASE,as becometh,G516,16,Romans 16:2,Epistles,New Testament,Romans,ASV
WORD,"saints,",G40,16,Romans 16:2,Epistles,New Testament,Romans,ASV
WORD,and,G2532,16,Romans 16:2,Epistles,New Testament,Romans,ASV
PHRASE,that ye assist,G3936,16,Romans 16:2,Epistles,New Testament,Romans,ASV
WORD,her,G846,16,Romans 16:2,Epistles,New Testament,Romans,ASV
WORD,in,G1722,16,Romans 16:2,Epistles,New Testament,Romans,ASV
WORD,whatsoever,G3739,16,Romans 16:2,Epistles,New Testament,Romans,ASV
WORD,business,G4229,16,Romans 16:2,Epistles,New Testament,Romans,ASV
PHRASE,she hath need,G5535,16,Romans 16:2,Epistles,New Testament,Romans,ASV
PHRASE,of you:,G5216,16,Romans 16:2,Epistles,New Testament,Romans,ASV
WORD,for,G1063,16,Romans 16:2,Epistles,New Testament,Romans,ASV
WORD,she,G846,16,Romans 16:2,Epistles,New Testament,Romans,ASV
PHRASE,hath been,G1096,16,Romans 16:2,Epistles,New Testament,Romans,ASV
PHRASE,a succourer,G4368,16,Romans 16:2,Epistles,New Testament,Romans,ASV
PHRASE,"of many,",G4183,16,Romans 16:2,Epistles,New Testament,Romans,ASV
WORD,and,G2532,16,Romans 16:2,Epistles,New Testament,Romans,ASV
PHRASE,of myself,G846,16,Romans 16:2,Epistles,New Testament,Romans,ASV
WORD,,G1700,16,Romans 16:2,Epistles,New Testament,Romans,ASV
WORD,also.,G2532,16,Romans 16:2,Epistles,New Testament,Romans,ASV
WORD,Greet,G782,16,Romans 16:3,Epistles,New Testament,Romans,ASV
WORD,Priscilla,G4252,16,Romans 16:3,Epistles,New Testament,Romans,ASV
WORD,and,G2532,16,Romans 16:3,Epistles,New Testament,Romans,ASV
WORD,Aquila,G207,16,Romans 16:3,Epistles,New Testament,Romans,ASV
WORD,my,G3450,16,Romans 16:3,Epistles,New Testament,Romans,ASV
WORD,helpers,G4904,16,Romans 16:3,Epistles,New Testament,Romans,ASV
WORD,in,G1722,16,Romans 16:3,Epistles,New Testament,Romans,ASV
WORD,Christ,G5547,16,Romans 16:3,Epistles,New Testament,Romans,ASV
WORD,Jesus:,G2424,16,Romans 16:3,Epistles,New Testament,Romans,ASV
WORD,Who,G3748,16,Romans 16:4,Epistles,New Testament,Romans,ASV
WORD,have,G5294,16,Romans 16:4,Epistles,New Testament,Romans,ASV
WORD,for,G5228,16,Romans 16:4,Epistles,New Testament,Romans,ASV
WORD,my,G3450,16,Romans 16:4,Epistles,New Testament,Romans,ASV
WORD,life,G5590,16,Romans 16:4,Epistles,New Testament,Romans,ASV
PHRASE,laid down,G5294,16,Romans 16:4,Epistles,New Testament,Romans,ASV
PHRASE,their own,G1438,16,Romans 16:4,Epistles,New Testament,Romans,ASV
WORD,necks:,G5137,16,Romans 16:4,Epistles,New Testament,Romans,ASV
PHRASE,unto whom,G3739,16,Romans 16:4,Epistles,New Testament,Romans,ASV
WORD,not,G3756,16,Romans 16:4,Epistles,New Testament,Romans,ASV
WORD,only,G3441,16,Romans 16:4,Epistles,New Testament,Romans,ASV
WORD,I,G1473,16,Romans 16:4,Epistles,New Testament,Romans,ASV
PHRASE,"give thanks,",G2168,16,Romans 16:4,Epistles,New Testament,Romans,ASV
WORD,but,G235,16,Romans 16:4,Epistles,New Testament,Romans,ASV
WORD,also,G2532,16,Romans 16:4,Epistles,New Testament,Romans,ASV
WORD,all,G3956,16,Romans 16:4,Epistles,New Testament,Romans,ASV
WORD,the,G3588,16,Romans 16:4,Epistles,New Testament,Romans,ASV
WORD,churches,G1577,16,Romans 16:4,Epistles,New Testament,Romans,ASV
PHRASE,of the,G3588,16,Romans 16:4,Epistles,New Testament,Romans,ASV
WORD,Gentiles.,G1484,16,Romans 16:4,Epistles,New Testament,Romans,ASV
WORD,Likewise,G2532,16,Romans 16:5,Epistles,New Testament,Romans,ASV
WORD,[greet],,16,Romans 16:5,Epistles,New Testament,Romans,ASV
PHRASE,the church,G1577,16,Romans 16:5,Epistles,New Testament,Romans,ASV
WORD,that,G3588,16,Romans 16:5,Epistles,New Testament,Romans,ASV
PHRASE,is in,G2596,16,Romans 16:5,Epistles,New Testament,Romans,ASV
WORD,their,G846,16,Romans 16:5,Epistles,New Testament,Romans,ASV
WORD,house.,G3624,16,Romans 16:5,Epistles,New Testament,Romans,ASV
WORD,Salute,G782,16,Romans 16:5,Epistles,New Testament,Romans,ASV
WORD,my,G3450,16,Romans 16:5,Epistles,New Testament,Romans,ASV
WORD,wellbeloved,G27,16,Romans 16:5,Epistles,New Testament,Romans,ASV
WORD,"Epaenetus,",G1866,16,Romans 16:5,Epistles,New Testament,Romans,ASV
WORD,who,G3739,16,Romans 16:5,Epistles,New Testament,Romans,ASV
WORD,is,G2076,16,Romans 16:5,Epistles,New Testament,Romans,ASV
PHRASE,the firstfruits,G536,16,Romans 16:5,Epistles,New Testament,Romans,ASV
PHRASE,of Achaia,G882,16,Romans 16:5,Epistles,New Testament,Romans,ASV
WORD,unto,G1519,16,Romans 16:5,Epistles,New Testament,Romans,ASV
WORD,Christ.,G5547,16,Romans 16:5,Epistles,New Testament,Romans,ASV
WORD,Greet,G782,16,Romans 16:6,Epistles,New Testament,Romans,ASV
WORD,"Mary,",G3137,16,Romans 16:6,Epistles,New Testament,Romans,ASV
WORD,who,G3748,16,Romans 16:6,Epistles,New Testament,Romans,ASV
WORD,bestowed,G2872,16,Romans 16:6,Epistles,New Testament,Romans,ASV
WORD,much,G4183,16,Romans 16:6,Epistles,New Testament,Romans,ASV
WORD,labour,G2872,16,Romans 16:6,Epistles,New Testament,Romans,ASV
WORD,on,G1519,16,Romans 16:6,Epistles,New Testament,Romans,ASV
WORD,us.,G2248,16,Romans 16:6,Epistles,New Testament,Romans,ASV
WORD,Salute,G782,16,Romans 16:7,Epistles,New Testament,Romans,ASV
WORD,Andronicus,G408,16,Romans 16:7,Epistles,New Testament,Romans,ASV
WORD,and,G2532,16,Romans 16:7,Epistles,New Testament,Romans,ASV
WORD,"Junia,",G2458,16,Romans 16:7,Epistles,New Testament,Romans,ASV
WORD,my,G3450,16,Romans 16:7,Epistles,New Testament,Romans,ASV
WORD,"kinsmen,",G4773,16,Romans 16:7,Epistles,New Testament,Romans,ASV
WORD,and,G2532,16,Romans 16:7,Epistles,New Testament,Romans,ASV
WORD,my,G3450,16,Romans 16:7,Epistles,New Testament,Romans,ASV
WORD,"fellowprisoners,",G4869,16,Romans 16:7,Epistles,New Testament,Romans,ASV
WORD,who,G3748,16,Romans 16:7,Epistles,New Testament,Romans,ASV
WORD,are,G1526,16,Romans 16:7,Epistles,New Testament,Romans,ASV
PHRASE,of note,G1978,16,Romans 16:7,Epistles,New Testament,Romans,ASV
WORD,among,G1722,16,Romans 16:7,Epistles,New Testament,Romans,ASV
WORD,the,G3588,16,Romans 16:7,Epistles,New Testament,Romans,ASV
WORD,"apostles,",G652,16,Romans 16:7,Epistles,New Testament,Romans,ASV
WORD,who,G3739,16,Romans 16:7,Epistles,New Testament,Romans,ASV
WORD,also,G2532,16,Romans 16:7,Epistles,New Testament,Romans,ASV
WORD,were,G1096,16,Romans 16:7,Epistles,New Testament,Romans,ASV
WORD,in,G1722,16,Romans 16:7,Epistles,New Testament,Romans,ASV
WORD,Christ,G5547,16,Romans 16:7,Epistles,New Testament,Romans,ASV
WORD,before,G4253,16,Romans 16:7,Epistles,New Testament,Romans,ASV
WORD,me.,G1700,16,Romans 16:7,Epistles,New Testament,Romans,ASV
WORD,Greet,G782,16,Romans 16:8,Epistles,New Testament,Romans,ASV
WORD,Amplias,G291,16,Romans 16:8,Epistles,New Testament,Romans,ASV
WORD,my,G3450,16,Romans 16:8,Epistles,New Testament,Romans,ASV
WORD,beloved,G27,16,Romans 16:8,Epistles,New Testament,Romans,ASV
WORD,in,G1722,16,Romans 16:8,Epistles,New Testament,Romans,ASV
PHRASE,the Lord.,G2962,16,Romans 16:8,Epistles,New Testament,Romans,ASV
WORD,Salute,G782,16,Romans 16:9,Epistles,New Testament,Romans,ASV
WORD,"Urbane,",G3773,16,Romans 16:9,Epistles,New Testament,Romans,ASV
WORD,our,G2257,16,Romans 16:9,Epistles,New Testament,Romans,ASV
WORD,helper,G4904,16,Romans 16:9,Epistles,New Testament,Romans,ASV
WORD,in,G1722,16,Romans 16:9,Epistles,New Testament,Romans,ASV
WORD,"Christ,",G5547,16,Romans 16:9,Epistles,New Testament,Romans,ASV
WORD,and,G2532,16,Romans 16:9,Epistles,New Testament,Romans,ASV
WORD,Stachys,G4720,16,Romans 16:9,Epistles,New Testament,Romans,ASV
WORD,my,G3450,16,Romans 16:9,Epistles,New Testament,Romans,ASV
WORD,beloved.,G27,16,Romans 16:9,Epistles,New Testament,Romans,ASV
WORD,Salute,G782,16,Romans 16:10,Epistles,New Testament,Romans,ASV
WORD,Apelles,G559,16,Romans 16:10,Epistles,New Testament,Romans,ASV
WORD,approved,G1384,16,Romans 16:10,Epistles,New Testament,Romans,ASV
WORD,in,G1722,16,Romans 16:10,Epistles,New Testament,Romans,ASV
WORD,Christ.,G5547,16,Romans 16:10,Epistles,New Testament,Romans,ASV
WORD,Salute,G782,16,Romans 16:10,Epistles,New Testament,Romans,ASV
PHRASE,them which,G3588,16,Romans 16:10,Epistles,New Testament,Romans,ASV
PHRASE,are of,G1537,16,Romans 16:10,Epistles,New Testament,Romans,ASV
WORD,Aristobulus',G711,16,Romans 16:10,Epistles,New Testament,Romans,ASV
WORD,[household].,,16,Romans 16:10,Epistles,New Testament,Romans,ASV
WORD,Salute,G782,16,Romans 16:11,Epistles,New Testament,Romans,ASV
WORD,Herodion,G2267,16,Romans 16:11,Epistles,New Testament,Romans,ASV
WORD,my,G3450,16,Romans 16:11,Epistles,New Testament,Romans,ASV
WORD,kinsman.,G4773,16,Romans 16:11,Epistles,New Testament,Romans,ASV
WORD,Greet,G782,16,Romans 16:11,Epistles,New Testament,Romans,ASV
PHRASE,them that,G3588,16,Romans 16:11,Epistles,New Testament,Romans,ASV
PHRASE,be of,G1537,16,Romans 16:11,Epistles,New Testament,Romans,ASV
WORD,the,G3588,16,Romans 16:11,Epistles,New Testament,Romans,ASV
WORD,[household],,16,Romans 16:11,Epistles,New Testament,Romans,ASV
PHRASE,"of Narcissus,",G3488,16,Romans 16:11,Epistles,New Testament,Romans,ASV
WORD,which,G3588,16,Romans 16:11,Epistles,New Testament,Romans,ASV
WORD,are,G5607,16,Romans 16:11,Epistles,New Testament,Romans,ASV
WORD,in,G1722,16,Romans 16:11,Epistles,New Testament,Romans,ASV
PHRASE,the Lord.,G2962,16,Romans 16:11,Epistles,New Testament,Romans,ASV
WORD,Salute,G782,16,Romans 16:12,Epistles,New Testament,Romans,ASV
WORD,Tryphena,G5170,16,Romans 16:12,Epistles,New Testament,Romans,ASV
WORD,and,G2532,16,Romans 16:12,Epistles,New Testament,Romans,ASV
WORD,"Tryphosa,",G5173,16,Romans 16:12,Epistles,New Testament,Romans,ASV
PHRASE,who labour,G2872,16,Romans 16:12,Epistles,New Testament,Romans,ASV
WORD,in,G1722,16,Romans 16:12,Epistles,New Testament,Romans,ASV
PHRASE,the Lord.,G2962,16,Romans 16:12,Epistles,New Testament,Romans,ASV
WORD,Salute,G782,16,Romans 16:12,Epistles,New Testament,Romans,ASV
WORD,the,G3588,16,Romans 16:12,Epistles,New Testament,Romans,ASV
WORD,beloved,G27,16,Romans 16:12,Epistles,New Testament,Romans,ASV
WORD,"Persis,",G4069,16,Romans 16:12,Epistles,New Testament,Romans,ASV
WORD,which,G3748,16,Romans 16:12,Epistles,New Testament,Romans,ASV
WORD,laboured,G2872,16,Romans 16:12,Epistles,New Testament,Romans,ASV
WORD,much,G4183,16,Romans 16:12,Epistles,New Testament,Romans,ASV
WORD,in,G1722,16,Romans 16:12,Epistles,New Testament,Romans,ASV
PHRASE,the Lord.,G2962,16,Romans 16:12,Epistles,New Testament,Romans,ASV
WORD,Salute,G782,16,Romans 16:13,Epistles,New Testament,Romans,ASV
WORD,Rufus,G4504,16,Romans 16:13,Epistles,New Testament,Romans,ASV
WORD,chosen,G1588,16,Romans 16:13,Epistles,New Testament,Romans,ASV
WORD,in,G1722,16,Romans 16:13,Epistles,New Testament,Romans,ASV
PHRASE,"the Lord,",G2962,16,Romans 16:13,Epistles,New Testament,Romans,ASV
WORD,and,G2532,16,Romans 16:13,Epistles,New Testament,Romans,ASV
WORD,his,G846,16,Romans 16:13,Epistles,New Testament,Romans,ASV
WORD,mother,G3384,16,Romans 16:13,Epistles,New Testament,Romans,ASV
WORD,and,G2532,16,Romans 16:13,Epistles,New Testament,Romans,ASV
WORD,mine.,G1700,16,Romans 16:13,Epistles,New Testament,Romans,ASV
WORD,Salute,G782,16,Romans 16:14,Epistles,New Testament,Romans,ASV
WORD,"Asyncritus,",G799,16,Romans 16:14,Epistles,New Testament,Romans,ASV
WORD,"Phlegon,",G5393,16,Romans 16:14,Epistles,New Testament,Romans,ASV
WORD,"Hermas,",G2057,16,Romans 16:14,Epistles,New Testament,Romans,ASV
WORD,"Patrobas,",G3969,16,Romans 16:14,Epistles,New Testament,Romans,ASV
WORD,"Hermes,",G2060,16,Romans 16:14,Epistles,New Testament,Romans,ASV
WORD,and,G2532,16,Romans 16:14,Epistles,New Testament,Romans,ASV
PHRASE,the brethren,G80,16,Romans 16:14,Epistles,New Testament,Romans,ASV
WORD,which,G3588,16,Romans 16:14,Epistles,New Testament,Romans,ASV
PHRASE,are with,G4862,16,Romans 16:14,Epistles,New Testament,Romans,ASV
WORD,them.,G846,16,Romans 16:14,Epistles,New Testament,Romans,ASV
WORD,Salute,G782,16,Romans 16:15,Epistles,New Testament,Romans,ASV
WORD,"Philologus,",G5378,16,Romans 16:15,Epistles,New Testament,Romans,ASV
WORD,and,G2532,16,Romans 16:15,Epistles,New Testament,Romans,ASV
WORD,"Julia,",G2456,16,Romans 16:15,Epistles,New Testament,Romans,ASV
WORD,"Nereus,",G3517,16,Romans 16:15,Epistles,New Testament,Romans,ASV
WORD,and,G2532,16,Romans 16:15,Epistles,New Testament,Romans,ASV
WORD,his,G846,16,Romans 16:15,Epistles,New Testament,Romans,ASV
WORD,"sister,",G79,16,Romans 16:15,Epistles,New Testament,Romans,ASV
WORD,and,G2532,16,Romans 16:15,Epistles,New Testament,Romans,ASV
WORD,"Olympas,",G3652,16,Romans 16:15,Epistles,New Testament,Romans,ASV
WORD,and,G2532,16,Romans 16:15,Epistles,New Testament,Romans,ASV
WORD,all,G3956,16,Romans 16:15,Epistles,New Testament,Romans,ASV
PHRASE,the saints,G40,16,Romans 16:15,Epistles,New Testament,Romans,ASV
WORD,which,G3588,16,Romans 16:15,Epistles,New Testament,Romans,ASV
PHRASE,are with,G4862,16,Romans 16:15,Epistles,New Testament,Romans,ASV
WORD,them.,G846,16,Romans 16:15,Epistles,New Testament,Romans,ASV
WORD,Salute,G782,16,Romans 16:16,Epistles,New Testament,Romans,ASV
PHRASE,one another,G240,16,Romans 16:16,Epistles,New Testament,Romans,ASV
WORD,with,G1722,16,Romans 16:16,Epistles,New Testament,Romans,ASV
PHRASE,an holy,G40,16,Romans 16:16,Epistles,New Testament,Romans,ASV
WORD,kiss.,G5370,16,Romans 16:16,Epistles,New Testament,Romans,ASV
WORD,The,G3588,16,Romans 16:16,Epistles,New Testament,Romans,ASV
WORD,churches,G1577,16,Romans 16:16,Epistles,New Testament,Romans,ASV
PHRASE,of Christ,G5547,16,Romans 16:16,Epistles,New Testament,Romans,ASV
WORD,salute,G782,16,Romans 16:16,Epistles,New Testament,Romans,ASV
WORD,you.,G5209,16,Romans 16:16,Epistles,New Testament,Romans,ASV
WORD,Now,G1161,16,Romans 16:17,Epistles,New Testament,Romans,ASV
PHRASE,I beseech,G3870,16,Romans 16:17,Epistles,New Testament,Romans,ASV
WORD,"you,",G5209,16,Romans 16:17,Epistles,New Testament,Romans,ASV
WORD,"brethren,",G80,16,Romans 16:17,Epistles,New Testament,Romans,ASV
WORD,mark,G4648,16,Romans 16:17,Epistles,New Testament,Romans,ASV
PHRASE,them which cause,G4160,16,Romans 16:17,Epistles,New Testament,Romans,ASV
WORD,divisions,G1370,16,Romans 16:17,Epistles,New Testament,Romans,ASV
WORD,and,G2532,16,Romans 16:17,Epistles,New Testament,Romans,ASV
WORD,offences,G4625,16,Romans 16:17,Epistles,New Testament,Romans,ASV
WORD,contrary,G3844,16,Romans 16:17,Epistles,New Testament,Romans,ASV
PHRASE,to the,G3588,16,Romans 16:17,Epistles,New Testament,Romans,ASV
WORD,doctrine,G1322,16,Romans 16:17,Epistles,New Testament,Romans,ASV
WORD,which,G3739,16,Romans 16:17,Epistles,New Testament,Romans,ASV
WORD,ye,G5210,16,Romans 16:17,Epistles,New Testament,Romans,ASV
PHRASE,have learned;,G3129,16,Romans 16:17,Epistles,New Testament,Romans,ASV
WORD,and,G2532,16,Romans 16:17,Epistles,New Testament,Romans,ASV
WORD,avoid,G1578,16,Romans 16:17,Epistles,New Testament,Romans,ASV
WORD,them.,G846,16,Romans 16:17,Epistles,New Testament,Romans,ASV
WORD,For,G1063,16,Romans 16:18,Epistles,New Testament,Romans,ASV
PHRASE,they that,G3588,16,Romans 16:18,Epistles,New Testament,Romans,ASV
PHRASE,are such,G5108,16,Romans 16:18,Epistles,New Testament,Romans,ASV
WORD,serve,G1398,16,Romans 16:18,Epistles,New Testament,Romans,ASV
WORD,not,G3756,16,Romans 16:18,Epistles,New Testament,Romans,ASV
WORD,our,G2257,16,Romans 16:18,Epistles,New Testament,Romans,ASV
WORD,Lord,G2962,16,Romans 16:18,Epistles,New Testament,Romans,ASV
WORD,Jesus,G2424,16,Romans 16:18,Epistles,New Testament,Romans,ASV
WORD,"Christ,",G5547,16,Romans 16:18,Epistles,New Testament,Romans,ASV
WORD,but,G235,16,Romans 16:18,Epistles,New Testament,Romans,ASV
PHRASE,their own,G1438,16,Romans 16:18,Epistles,New Testament,Romans,ASV
WORD,belly;,G2836,16,Romans 16:18,Epistles,New Testament,Romans,ASV
WORD,and,G2532,16,Romans 16:18,Epistles,New Testament,Romans,ASV
WORD,by,G1223,16,Romans 16:18,Epistles,New Testament,Romans,ASV
PHRASE,good words,G5542,16,Romans 16:18,Epistles,New Testament,Romans,ASV
WORD,and,G2532,16,Romans 16:18,Epistles,New Testament,Romans,ASV
PHRASE,fair speeches,G2129,16,Romans 16:18,Epistles,New Testament,Romans,ASV
WORD,deceive,G1818,16,Romans 16:18,Epistles,New Testament,Romans,ASV
WORD,the,G3588,16,Romans 16:18,Epistles,New Testament,Romans,ASV
WORD,hearts,G2588,16,Romans 16:18,Epistles,New Testament,Romans,ASV
PHRASE,of the,G3588,16,Romans 16:18,Epistles,New Testament,Romans,ASV
WORD,simple.,G172,16,Romans 16:18,Epistles,New Testament,Romans,ASV
WORD,For,G1063,16,Romans 16:19,Epistles,New Testament,Romans,ASV
WORD,your,G5216,16,Romans 16:19,Epistles,New Testament,Romans,ASV
WORD,obedience,G5218,16,Romans 16:19,Epistles,New Testament,Romans,ASV
PHRASE,is come abroad,G864,16,Romans 16:19,Epistles,New Testament,Romans,ASV
WORD,unto,G1519,16,Romans 16:19,Epistles,New Testament,Romans,ASV
WORD,all,G3956,16,Romans 16:19,Epistles,New Testament,Romans,ASV
WORD,[men].,,16,Romans 16:19,Epistles,New Testament,Romans,ASV
PHRASE,I am glad,G5463,16,Romans 16:19,Epistles,New Testament,Romans,ASV
WORD,therefore,G3767,16,Romans 16:19,Epistles,New Testament,Romans,ASV
WORD,on,G1909,16,Romans 16:19,Epistles,New Testament,Romans,ASV
WORD,your,G5213,16,Romans 16:19,Epistles,New Testament,Romans,ASV
WORD,behalf:,G1909,16,Romans 16:19,Epistles,New Testament,Romans,ASV
PHRASE,but yet,G1161,16,Romans 16:19,Epistles,New Testament,Romans,ASV
PHRASE,I would have,G2309,16,Romans 16:19,Epistles,New Testament,Romans,ASV
WORD,you,G5209,16,Romans 16:19,Epistles,New Testament,Romans,ASV
WORD,wise,G4680,16,Romans 16:19,Epistles,New Testament,Romans,ASV
WORD,unto,G1519,16,Romans 16:19,Epistles,New Testament,Romans,ASV
PHRASE,that which is,G1511,16,Romans 16:19,Epistles,New Testament,Romans,ASV
WORD,"good,",G18,16,Romans 16:19,Epistles,New Testament,Romans,ASV
WORD,and,G1161,16,Romans 16:19,Epistles,New Testament,Romans,ASV
WORD,simple,G185,16,Romans 16:19,Epistles,New Testament,Romans,ASV
WORD,concerning,G1519,16,Romans 16:19,Epistles,New Testament,Romans,ASV
WORD,evil.,G2556,16,Romans 16:19,Epistles,New Testament,Romans,ASV
WORD,And,G1161,16,Romans 16:20,Epistles,New Testament,Romans,ASV
WORD,the,G3588,16,Romans 16:20,Epistles,New Testament,Romans,ASV
WORD,God,G2316,16,Romans 16:20,Epistles,New Testament,Romans,ASV
PHRASE,of peace,G1515,16,Romans 16:20,Epistles,New Testament,Romans,ASV
PHRASE,shall bruise,G4937,16,Romans 16:20,Epistles,New Testament,Romans,ASV
WORD,Satan,G4567,16,Romans 16:20,Epistles,New Testament,Romans,ASV
WORD,under,G5259,16,Romans 16:20,Epistles,New Testament,Romans,ASV
WORD,your,G5216,16,Romans 16:20,Epistles,New Testament,Romans,ASV
WORD,feet,G4228,16,Romans 16:20,Epistles,New Testament,Romans,ASV
WORD,,G1722,16,Romans 16:20,Epistles,New Testament,Romans,ASV
WORD,shortly.,G5034,16,Romans 16:20,Epistles,New Testament,Romans,ASV
WORD,The,G3588,16,Romans 16:20,Epistles,New Testament,Romans,ASV
WORD,grace,G5485,16,Romans 16:20,Epistles,New Testament,Romans,ASV
PHRASE,of our,G2257,16,Romans 16:20,Epistles,New Testament,Romans,ASV
WORD,Lord,G2962,16,Romans 16:20,Epistles,New Testament,Romans,ASV
WORD,Jesus,G2424,16,Romans 16:20,Epistles,New Testament,Romans,ASV
WORD,Christ,G5547,16,Romans 16:20,Epistles,New Testament,Romans,ASV
WORD,[be],,16,Romans 16:20,Epistles,New Testament,Romans,ASV
WORD,with,G3326,16,Romans 16:20,Epistles,New Testament,Romans,ASV
WORD,you.,G5216,16,Romans 16:20,Epistles,New Testament,Romans,ASV
WORD,Amen.,G281,16,Romans 16:20,Epistles,New Testament,Romans,ASV
WORD,Timotheus,G5095,16,Romans 16:21,Epistles,New Testament,Romans,ASV
WORD,my,G3450,16,Romans 16:21,Epistles,New Testament,Romans,ASV
WORD,"workfellow,",G4904,16,Romans 16:21,Epistles,New Testament,Romans,ASV
WORD,and,G2532,16,Romans 16:21,Epistles,New Testament,Romans,ASV
WORD,"Lucius,",G3066,16,Romans 16:21,Epistles,New Testament,Romans,ASV
WORD,and,G2532,16,Romans 16:21,Epistles,New Testament,Romans,ASV
WORD,"Jason,",G2394,16,Romans 16:21,Epistles,New Testament,Romans,ASV
WORD,and,G2532,16,Romans 16:21,Epistles,New Testament,Romans,ASV
WORD,"Sosipater,",G4989,16,Romans 16:21,Epistles,New Testament,Romans,ASV
WORD,my,G3450,16,Romans 16:21,Epistles,New Testament,Romans,ASV
WORD,"kinsmen,",G4773,16,Romans 16:21,Epistles,New Testament,Romans,ASV
WORD,salute,G782,16,Romans 16:21,Epistles,New Testament,Romans,ASV
WORD,you.,G5209,16,Romans 16:21,Epistles,New Testament,Romans,ASV
WORD,I,G1473,16,Romans 16:22,Epistles,New Testament,Romans,ASV
WORD,"Tertius,",G5060,16,Romans 16:22,Epistles,New Testament,Romans,ASV
PHRASE,who wrote,G1125,16,Romans 16:22,Epistles,New Testament,Romans,ASV
WORD,[this],,16,Romans 16:22,Epistles,New Testament,Romans,ASV
WORD,"epistle,",G1992,16,Romans 16:22,Epistles,New Testament,Romans,ASV
WORD,salute,G782,16,Romans 16:22,Epistles,New Testament,Romans,ASV
WORD,you,G5209,16,Romans 16:22,Epistles,New Testament,Romans,ASV
WORD,in,G1722,16,Romans 16:22,Epistles,New Testament,Romans,ASV
PHRASE,the Lord.,G2962,16,Romans 16:22,Epistles,New Testament,Romans,ASV
WORD,Gaius,G1050,16,Romans 16:23,Epistles,New Testament,Romans,ASV
WORD,mine,G3450,16,Romans 16:23,Epistles,New Testament,Romans,ASV
WORD,"host,",G3581,16,Romans 16:23,Epistles,New Testament,Romans,ASV
WORD,and,G2532,16,Romans 16:23,Epistles,New Testament,Romans,ASV
PHRASE,of the,G3588,16,Romans 16:23,Epistles,New Testament,Romans,ASV
WORD,whole,G3650,16,Romans 16:23,Epistles,New Testament,Romans,ASV
WORD,"church,",G1577,16,Romans 16:23,Epistles,New Testament,Romans,ASV
WORD,saluteth,G782,16,Romans 16:23,Epistles,New Testament,Romans,ASV
WORD,you.,G5209,16,Romans 16:23,Epistles,New Testament,Romans,ASV
WORD,Erastus,G2037,16,Romans 16:23,Epistles,New Testament,Romans,ASV
WORD,the,G3588,16,Romans 16:23,Epistles,New Testament,Romans,ASV
WORD,chamberlain,G3623,16,Romans 16:23,Epistles,New Testament,Romans,ASV
PHRASE,of the,G3588,16,Romans 16:23,Epistles,New Testament,Romans,ASV
WORD,city,G4172,16,Romans 16:23,Epistles,New Testament,Romans,ASV
WORD,saluteth,G782,16,Romans 16:23,Epistles,New Testament,Romans,ASV
WORD,"you,",G5209,16,Romans 16:23,Epistles,New Testament,Romans,ASV
WORD,and,G2532,16,Romans 16:23,Epistles,New Testament,Romans,ASV
WORD,Quartus,G2890,16,Romans 16:23,Epistles,New Testament,Romans,ASV
WORD,a,G3588,16,Romans 16:23,Epistles,New Testament,Romans,ASV
WORD,brother.,G80,16,Romans 16:23,Epistles,New Testament,Romans,ASV
WORD,The,G3588,16,Romans 16:24,Epistles,New Testament,Romans,ASV
WORD,grace,G5485,16,Romans 16:24,Epistles,New Testament,Romans,ASV
PHRASE,of our,G2257,16,Romans 16:24,Epistles,New Testament,Romans,ASV
WORD,Lord,G2962,16,Romans 16:24,Epistles,New Testament,Romans,ASV
WORD,Jesus,G2424,16,Romans 16:24,Epistles,New Testament,Romans,ASV
WORD,Christ,G5547,16,Romans 16:24,Epistles,New Testament,Romans,ASV
WORD,[be],,16,Romans 16:24,Epistles,New Testament,Romans,ASV
WORD,with,G3326,16,Romans 16:24,Epistles,New Testament,Romans,ASV
WORD,you,G5216,16,Romans 16:24,Epistles,New Testament,Romans,ASV
WORD,all.,G3956,16,Romans 16:24,Epistles,New Testament,Romans,ASV
WORD,Amen.,G281,16,Romans 16:24,Epistles,New Testament,Romans,ASV
WORD,Now,G1161,16,Romans 16:25,Epistles,New Testament,Romans,ASV
PHRASE,to him that,G3588,16,Romans 16:25,Epistles,New Testament,Romans,ASV
PHRASE,is of power,G1410,16,Romans 16:25,Epistles,New Testament,Romans,ASV
PHRASE,to stablish,G4741,16,Romans 16:25,Epistles,New Testament,Romans,ASV
WORD,you,G5209,16,Romans 16:25,Epistles,New Testament,Romans,ASV
WORD,according,G2596,16,Romans 16:25,Epistles,New Testament,Romans,ASV
PHRASE,to my,G3450,16,Romans 16:25,Epistles,New Testament,Romans,ASV
WORD,"gospel,",G2098,16,Romans 16:25,Epistles,New Testament,Romans,ASV
WORD,and,G2532,16,Romans 16:25,Epistles,New Testament,Romans,ASV
WORD,the,G3588,16,Romans 16:25,Epistles,New Testament,Romans,ASV
WORD,preaching,G2782,16,Romans 16:25,Epistles,New Testament,Romans,ASV
PHRASE,of Jesus,G2424,16,Romans 16:25,Epistles,New Testament,Romans,ASV
WORD,"Christ,",G5547,16,Romans 16:25,Epistles,New Testament,Romans,ASV
WORD,according,G2596,16,Romans 16:25,Epistles,New Testament,Romans,ASV
PHRASE,to the revelation,G602,16,Romans 16:25,Epistles,New Testament,Romans,ASV
PHRASE,"of the mystery,",G3466,16,Romans 16:25,Epistles,New Testament,Romans,ASV
PHRASE,which was kept secret,G4601,16,Romans 16:25,Epistles,New Testament,Romans,ASV
PHRASE,"since the world began,",G5550,16,Romans 16:25,Epistles,New Testament,Romans,ASV
WORD,,G166,16,Romans 16:25,Epistles,New Testament,Romans,ASV
WORD,But,G1161,16,Romans 16:26,Epistles,New Testament,Romans,ASV
WORD,now,G3568,16,Romans 16:26,Epistles,New Testament,Romans,ASV
PHRASE,"is made manifest,",G5319,16,Romans 16:26,Epistles,New Testament,Romans,ASV
WORD,and,G5037,16,Romans 16:26,Epistles,New Testament,Romans,ASV
WORD,by,G1223,16,Romans 16:26,Epistles,New Testament,Romans,ASV
PHRASE,the scriptures,G1124,16,Romans 16:26,Epistles,New Testament,Romans,ASV
PHRASE,"of the prophets,",G4397,16,Romans 16:26,Epistles,New Testament,Romans,ASV
WORD,according,G2596,16,Romans 16:26,Epistles,New Testament,Romans,ASV
PHRASE,to the commandment,G2003,16,Romans 16:26,Epistles,New Testament,Romans,ASV
PHRASE,of the,G3588,16,Romans 16:26,Epistles,New Testament,Romans,ASV
WORD,everlasting,G166,16,Romans 16:26,Epistles,New Testament,Romans,ASV
WORD,"God,",G2316,16,Romans 16:26,Epistles,New Testament,Romans,ASV
PHRASE,made known,G1107,16,Romans 16:26,Epistles,New Testament,Romans,ASV
WORD,to,G1519,16,Romans 16:26,Epistles,New Testament,Romans,ASV
WORD,all,G3956,16,Romans 16:26,Epistles,New Testament,Romans,ASV
WORD,nations,G1484,16,Romans 16:26,Epistles,New Testament,Romans,ASV
WORD,for,G1519,16,Romans 16:26,Epistles,New Testament,Romans,ASV
PHRASE,the obedience,G5218,16,Romans 16:26,Epistles,New Testament,Romans,ASV
PHRASE,of faith:,G4102,16,Romans 16:26,Epistles,New Testament,Romans,ASV
PHRASE,To God,G2316,16,Romans 16:27,Epistles,New Testament,Romans,ASV
WORD,only,G3441,16,Romans 16:27,Epistles,New Testament,Romans,ASV
WORD,"wise,",G4680,16,Romans 16:27,Epistles,New Testament,Romans,ASV
WORD,[be],,16,Romans 16:27,Epistles,New Testament,Romans,ASV
WORD,glory,G1391,16,Romans 16:27,Epistles,New Testament,Romans,ASV
WORD,through,G1223,16,Romans 16:27,Epistles,New Testament,Romans,ASV
WORD,Jesus,G2424,16,Romans 16:27,Epistles,New Testament,Romans,ASV
WORD,Christ,G5547,16,Romans 16:27,Epistles,New Testament,Romans,ASV
WORD,for,G1519,16,Romans 16:27,Epistles,New Testament,Romans,ASV
WORD,ever.,G165,16,Romans 16:27,Epistles,New Testament,Romans,ASV
WORD,Amen.,G281,16,Romans 16:27,Epistles,New Testament,Romans,ASV
WORD,Written,G1125,16,Romans 16:27,Epistles,New Testament,Romans,ASV
WORD,to,G4314,16,Romans 16:27,Epistles,New Testament,Romans,ASV
PHRASE,the Romans,G4514,16,Romans 16:27,Epistles,New Testament,Romans,ASV
WORD,from,G575,16,Romans 16:27,Epistles,New Testament,Romans,ASV
WORD,"Corinthus,",G2882,16,Romans 16:27,Epistles,New Testament,Romans,ASV
PHRASE,[and sent],,16,Romans 16:27,Epistles,New Testament,Romans,ASV
WORD,by,G1223,16,Romans 16:27,Epistles,New Testament,Romans,ASV
WORD,Phebe,G5402,16,Romans 16:27,Epistles,New Testament,Romans,ASV
WORD,servant,G1249,16,Romans 16:27,Epistles,New Testament,Romans,ASV
PHRASE,of the church,G1577,16,Romans 16:27,Epistles,New Testament,Romans,ASV
WORD,at,G1722,16,Romans 16:27,Epistles,New Testament,Romans,ASV
WORD,Cenchrea.,G2747,16,Romans 16:27,Epistles,New Testament,Romans,ASV
