verse_part_type,verse_part,hebrew_id,bible_chapter,bible_verse,lit_type,testament_type,bible_book,version
WORD,"Paul,",G3972,1,1 Corinthians 1:1,Epistles,New Testament,1 Corinthians,KJV
WORD,called,G2822,1,1 Corinthians 1:1,Epistles,New Testament,1 Corinthians,KJV
PHRASE,[to be],,1,1 Corinthians 1:1,Epistles,New Testament,1 Corinthians,KJV
PHRASE,an apostle,G652,1,1 Corinthians 1:1,Epistles,New Testament,1 Corinthians,KJV
PHRASE,of Jesus,G2424,1,1 Corinthians 1:1,Epistles,New Testament,1 Corinthians,KJV
WORD,Christ,G5547,1,1 Corinthians 1:1,Epistles,New Testament,1 Corinthians,KJV
WORD,through,G1223,1,1 Corinthians 1:1,Epistles,New Testament,1 Corinthians,KJV
PHRASE,the will,G2307,1,1 Corinthians 1:1,Epistles,New Testament,1 Corinthians,KJV
PHRASE,"of God,",G2316,1,1 Corinthians 1:1,Epistles,New Testament,1 Corinthians,KJV
WORD,and,G2532,1,1 Corinthians 1:1,Epistles,New Testament,1 Corinthians,KJV
WORD,Sosthenes,G4988,1,1 Corinthians 1:1,Epistles,New Testament,1 Corinthians,KJV
WORD,[our],,1,1 Corinthians 1:1,Epistles,New Testament,1 Corinthians,KJV
WORD,"brother,",G80,1,1 Corinthians 1:1,Epistles,New Testament,1 Corinthians,KJV
PHRASE,Unto the,G3588,1,1 Corinthians 1:2,Epistles,New Testament,1 Corinthians,KJV
WORD,church,G1577,1,1 Corinthians 1:2,Epistles,New Testament,1 Corinthians,KJV
PHRASE,of God,G2316,1,1 Corinthians 1:2,Epistles,New Testament,1 Corinthians,KJV
WORD,which,G3588,1,1 Corinthians 1:2,Epistles,New Testament,1 Corinthians,KJV
WORD,is,G5607,1,1 Corinthians 1:2,Epistles,New Testament,1 Corinthians,KJV
WORD,at,G1722,1,1 Corinthians 1:2,Epistles,New Testament,1 Corinthians,KJV
WORD,"Corinth,",G2882,1,1 Corinthians 1:2,Epistles,New Testament,1 Corinthians,KJV
PHRASE,to them that are sanctified,G37,1,1 Corinthians 1:2,Epistles,New Testament,1 Corinthians,KJV
WORD,in,G1722,1,1 Corinthians 1:2,Epistles,New Testament,1 Corinthians,KJV
WORD,Christ,G5547,1,1 Corinthians 1:2,Epistles,New Testament,1 Corinthians,KJV
WORD,"Jesus,",G2424,1,1 Corinthians 1:2,Epistles,New Testament,1 Corinthians,KJV
WORD,called,G2822,1,1 Corinthians 1:2,Epistles,New Testament,1 Corinthians,KJV
PHRASE,[to be],,1,1 Corinthians 1:2,Epistles,New Testament,1 Corinthians,KJV
WORD,"saints,",G40,1,1 Corinthians 1:2,Epistles,New Testament,1 Corinthians,KJV
WORD,with,G4862,1,1 Corinthians 1:2,Epistles,New Testament,1 Corinthians,KJV
WORD,all,G3956,1,1 Corinthians 1:2,Epistles,New Testament,1 Corinthians,KJV
PHRASE,that in,G1722,1,1 Corinthians 1:2,Epistles,New Testament,1 Corinthians,KJV
WORD,every,G3956,1,1 Corinthians 1:2,Epistles,New Testament,1 Corinthians,KJV
WORD,place,G5117,1,1 Corinthians 1:2,Epistles,New Testament,1 Corinthians,KJV
PHRASE,call upon,G1941,1,1 Corinthians 1:2,Epistles,New Testament,1 Corinthians,KJV
WORD,the,G3588,1,1 Corinthians 1:2,Epistles,New Testament,1 Corinthians,KJV
WORD,name,G3686,1,1 Corinthians 1:2,Epistles,New Testament,1 Corinthians,KJV
PHRASE,of Jesus,G2424,1,1 Corinthians 1:2,Epistles,New Testament,1 Corinthians,KJV
WORD,Christ,G5547,1,1 Corinthians 1:2,Epistles,New Testament,1 Corinthians,KJV
WORD,our,G2257,1,1 Corinthians 1:2,Epistles,New Testament,1 Corinthians,KJV
WORD,"Lord,",G2962,1,1 Corinthians 1:2,Epistles,New Testament,1 Corinthians,KJV
WORD,both,G5037,1,1 Corinthians 1:2,Epistles,New Testament,1 Corinthians,KJV
WORD,theirs,G846,1,1 Corinthians 1:2,Epistles,New Testament,1 Corinthians,KJV
WORD,and,G2532,1,1 Corinthians 1:2,Epistles,New Testament,1 Corinthians,KJV
WORD,ours:,G2257,1,1 Corinthians 1:2,Epistles,New Testament,1 Corinthians,KJV
WORD,Grace,G5485,1,1 Corinthians 1:3,Epistles,New Testament,1 Corinthians,KJV
WORD,[be],,1,1 Corinthians 1:3,Epistles,New Testament,1 Corinthians,KJV
PHRASE,"unto you,",G5213,1,1 Corinthians 1:3,Epistles,New Testament,1 Corinthians,KJV
WORD,and,G2532,1,1 Corinthians 1:3,Epistles,New Testament,1 Corinthians,KJV
WORD,"peace,",G1515,1,1 Corinthians 1:3,Epistles,New Testament,1 Corinthians,KJV
WORD,from,G575,1,1 Corinthians 1:3,Epistles,New Testament,1 Corinthians,KJV
WORD,God,G2316,1,1 Corinthians 1:3,Epistles,New Testament,1 Corinthians,KJV
WORD,our,G2257,1,1 Corinthians 1:3,Epistles,New Testament,1 Corinthians,KJV
WORD,"Father,",G3962,1,1 Corinthians 1:3,Epistles,New Testament,1 Corinthians,KJV
WORD,and,G2532,1,1 Corinthians 1:3,Epistles,New Testament,1 Corinthians,KJV
WORD,[from],,1,1 Corinthians 1:3,Epistles,New Testament,1 Corinthians,KJV
PHRASE,the Lord,G2962,1,1 Corinthians 1:3,Epistles,New Testament,1 Corinthians,KJV
WORD,Jesus,G2424,1,1 Corinthians 1:3,Epistles,New Testament,1 Corinthians,KJV
WORD,Christ.,G5547,1,1 Corinthians 1:3,Epistles,New Testament,1 Corinthians,KJV
PHRASE,I thank,G2168,1,1 Corinthians 1:4,Epistles,New Testament,1 Corinthians,KJV
WORD,my,G3450,1,1 Corinthians 1:4,Epistles,New Testament,1 Corinthians,KJV
WORD,God,G2316,1,1 Corinthians 1:4,Epistles,New Testament,1 Corinthians,KJV
WORD,always,G3842,1,1 Corinthians 1:4,Epistles,New Testament,1 Corinthians,KJV
WORD,on,G4012,1,1 Corinthians 1:4,Epistles,New Testament,1 Corinthians,KJV
WORD,your,G5216,1,1 Corinthians 1:4,Epistles,New Testament,1 Corinthians,KJV
WORD,"behalf,",G4012,1,1 Corinthians 1:4,Epistles,New Testament,1 Corinthians,KJV
WORD,for,G1909,1,1 Corinthians 1:4,Epistles,New Testament,1 Corinthians,KJV
WORD,the,G3588,1,1 Corinthians 1:4,Epistles,New Testament,1 Corinthians,KJV
WORD,grace,G5485,1,1 Corinthians 1:4,Epistles,New Testament,1 Corinthians,KJV
PHRASE,of God,G2316,1,1 Corinthians 1:4,Epistles,New Testament,1 Corinthians,KJV
WORD,which,G3588,1,1 Corinthians 1:4,Epistles,New Testament,1 Corinthians,KJV
PHRASE,is given,G1325,1,1 Corinthians 1:4,Epistles,New Testament,1 Corinthians,KJV
WORD,you,G5213,1,1 Corinthians 1:4,Epistles,New Testament,1 Corinthians,KJV
WORD,by,G1722,1,1 Corinthians 1:4,Epistles,New Testament,1 Corinthians,KJV
WORD,Jesus,G2424,1,1 Corinthians 1:4,Epistles,New Testament,1 Corinthians,KJV
WORD,Christ;,G5547,1,1 Corinthians 1:4,Epistles,New Testament,1 Corinthians,KJV
WORD,That,G3754,1,1 Corinthians 1:5,Epistles,New Testament,1 Corinthians,KJV
WORD,in,G1722,1,1 Corinthians 1:5,Epistles,New Testament,1 Corinthians,KJV
PHRASE,every thing,G3956,1,1 Corinthians 1:5,Epistles,New Testament,1 Corinthians,KJV
PHRASE,ye are enriched,G4148,1,1 Corinthians 1:5,Epistles,New Testament,1 Corinthians,KJV
WORD,by,G1722,1,1 Corinthians 1:5,Epistles,New Testament,1 Corinthians,KJV
WORD,"him,",G846,1,1 Corinthians 1:5,Epistles,New Testament,1 Corinthians,KJV
WORD,in,G1722,1,1 Corinthians 1:5,Epistles,New Testament,1 Corinthians,KJV
WORD,all,G3956,1,1 Corinthians 1:5,Epistles,New Testament,1 Corinthians,KJV
WORD,"utterance,",G3056,1,1 Corinthians 1:5,Epistles,New Testament,1 Corinthians,KJV
WORD,and,G2532,1,1 Corinthians 1:5,Epistles,New Testament,1 Corinthians,KJV
WORD,[in],,1,1 Corinthians 1:5,Epistles,New Testament,1 Corinthians,KJV
WORD,all,G3956,1,1 Corinthians 1:5,Epistles,New Testament,1 Corinthians,KJV
WORD,knowledge;,G1108,1,1 Corinthians 1:5,Epistles,New Testament,1 Corinthians,KJV
PHRASE,Even as,G2531,1,1 Corinthians 1:6,Epistles,New Testament,1 Corinthians,KJV
WORD,the,G3588,1,1 Corinthians 1:6,Epistles,New Testament,1 Corinthians,KJV
WORD,testimony,G3142,1,1 Corinthians 1:6,Epistles,New Testament,1 Corinthians,KJV
PHRASE,of Christ,G5547,1,1 Corinthians 1:6,Epistles,New Testament,1 Corinthians,KJV
PHRASE,was confirmed,G950,1,1 Corinthians 1:6,Epistles,New Testament,1 Corinthians,KJV
WORD,in,G1722,1,1 Corinthians 1:6,Epistles,New Testament,1 Corinthians,KJV
WORD,you:,G5213,1,1 Corinthians 1:6,Epistles,New Testament,1 Corinthians,KJV
PHRASE,So that,G5620,1,1 Corinthians 1:7,Epistles,New Testament,1 Corinthians,KJV
WORD,ye,G5209,1,1 Corinthians 1:7,Epistles,New Testament,1 Corinthians,KJV
PHRASE,come behind,G5302,1,1 Corinthians 1:7,Epistles,New Testament,1 Corinthians,KJV
WORD,in,G1722,1,1 Corinthians 1:7,Epistles,New Testament,1 Corinthians,KJV
WORD,no,G3361,1,1 Corinthians 1:7,Epistles,New Testament,1 Corinthians,KJV
WORD,gift;,G5486,1,1 Corinthians 1:7,Epistles,New Testament,1 Corinthians,KJV
PHRASE,waiting for,G553,1,1 Corinthians 1:7,Epistles,New Testament,1 Corinthians,KJV
WORD,the,G3588,1,1 Corinthians 1:7,Epistles,New Testament,1 Corinthians,KJV
WORD,coming,G602,1,1 Corinthians 1:7,Epistles,New Testament,1 Corinthians,KJV
PHRASE,of our,G2257,1,1 Corinthians 1:7,Epistles,New Testament,1 Corinthians,KJV
WORD,Lord,G2962,1,1 Corinthians 1:7,Epistles,New Testament,1 Corinthians,KJV
WORD,Jesus,G2424,1,1 Corinthians 1:7,Epistles,New Testament,1 Corinthians,KJV
WORD,Christ:,G5547,1,1 Corinthians 1:7,Epistles,New Testament,1 Corinthians,KJV
WORD,Who,G3739,1,1 Corinthians 1:8,Epistles,New Testament,1 Corinthians,KJV
WORD,shall,G950,1,1 Corinthians 1:8,Epistles,New Testament,1 Corinthians,KJV
WORD,also,G2532,1,1 Corinthians 1:8,Epistles,New Testament,1 Corinthians,KJV
WORD,confirm,G950,1,1 Corinthians 1:8,Epistles,New Testament,1 Corinthians,KJV
WORD,you,G5209,1,1 Corinthians 1:8,Epistles,New Testament,1 Corinthians,KJV
WORD,unto,G2193,1,1 Corinthians 1:8,Epistles,New Testament,1 Corinthians,KJV
PHRASE,"the end,",G5056,1,1 Corinthians 1:8,Epistles,New Testament,1 Corinthians,KJV
PHRASE,[that ye may be],,1,1 Corinthians 1:8,Epistles,New Testament,1 Corinthians,KJV
WORD,blameless,G410,1,1 Corinthians 1:8,Epistles,New Testament,1 Corinthians,KJV
WORD,in,G1722,1,1 Corinthians 1:8,Epistles,New Testament,1 Corinthians,KJV
WORD,the,G3588,1,1 Corinthians 1:8,Epistles,New Testament,1 Corinthians,KJV
WORD,day,G2250,1,1 Corinthians 1:8,Epistles,New Testament,1 Corinthians,KJV
PHRASE,of our,G2257,1,1 Corinthians 1:8,Epistles,New Testament,1 Corinthians,KJV
WORD,Lord,G2962,1,1 Corinthians 1:8,Epistles,New Testament,1 Corinthians,KJV
WORD,Jesus,G2424,1,1 Corinthians 1:8,Epistles,New Testament,1 Corinthians,KJV
WORD,Christ.,G5547,1,1 Corinthians 1:8,Epistles,New Testament,1 Corinthians,KJV
WORD,God,G2316,1,1 Corinthians 1:9,Epistles,New Testament,1 Corinthians,KJV
WORD,[is],,1,1 Corinthians 1:9,Epistles,New Testament,1 Corinthians,KJV
WORD,"faithful,",G4103,1,1 Corinthians 1:9,Epistles,New Testament,1 Corinthians,KJV
WORD,by,G1223,1,1 Corinthians 1:9,Epistles,New Testament,1 Corinthians,KJV
WORD,whom,G3739,1,1 Corinthians 1:9,Epistles,New Testament,1 Corinthians,KJV
PHRASE,ye were called,G2564,1,1 Corinthians 1:9,Epistles,New Testament,1 Corinthians,KJV
WORD,unto,G1519,1,1 Corinthians 1:9,Epistles,New Testament,1 Corinthians,KJV
PHRASE,the fellowship,G2842,1,1 Corinthians 1:9,Epistles,New Testament,1 Corinthians,KJV
PHRASE,of his,G846,1,1 Corinthians 1:9,Epistles,New Testament,1 Corinthians,KJV
WORD,Son,G5207,1,1 Corinthians 1:9,Epistles,New Testament,1 Corinthians,KJV
WORD,Jesus,G2424,1,1 Corinthians 1:9,Epistles,New Testament,1 Corinthians,KJV
WORD,Christ,G5547,1,1 Corinthians 1:9,Epistles,New Testament,1 Corinthians,KJV
WORD,our,G2257,1,1 Corinthians 1:9,Epistles,New Testament,1 Corinthians,KJV
WORD,Lord.,G2962,1,1 Corinthians 1:9,Epistles,New Testament,1 Corinthians,KJV
WORD,Now,G1161,1,1 Corinthians 1:10,Epistles,New Testament,1 Corinthians,KJV
PHRASE,I beseech,G3870,1,1 Corinthians 1:10,Epistles,New Testament,1 Corinthians,KJV
WORD,"you,",G5209,1,1 Corinthians 1:10,Epistles,New Testament,1 Corinthians,KJV
WORD,"brethren,",G80,1,1 Corinthians 1:10,Epistles,New Testament,1 Corinthians,KJV
WORD,by,G1223,1,1 Corinthians 1:10,Epistles,New Testament,1 Corinthians,KJV
WORD,the,G3588,1,1 Corinthians 1:10,Epistles,New Testament,1 Corinthians,KJV
WORD,name,G3686,1,1 Corinthians 1:10,Epistles,New Testament,1 Corinthians,KJV
PHRASE,of our,G2257,1,1 Corinthians 1:10,Epistles,New Testament,1 Corinthians,KJV
WORD,Lord,G2962,1,1 Corinthians 1:10,Epistles,New Testament,1 Corinthians,KJV
WORD,Jesus,G2424,1,1 Corinthians 1:10,Epistles,New Testament,1 Corinthians,KJV
WORD,"Christ,",G5547,1,1 Corinthians 1:10,Epistles,New Testament,1 Corinthians,KJV
WORD,that,G2443,1,1 Corinthians 1:10,Epistles,New Testament,1 Corinthians,KJV
WORD,ye,G3004,1,1 Corinthians 1:10,Epistles,New Testament,1 Corinthians,KJV
WORD,all,G3956,1,1 Corinthians 1:10,Epistles,New Testament,1 Corinthians,KJV
WORD,speak,G3004,1,1 Corinthians 1:10,Epistles,New Testament,1 Corinthians,KJV
WORD,the,G3588,1,1 Corinthians 1:10,Epistles,New Testament,1 Corinthians,KJV
PHRASE,"same thing,",G846,1,1 Corinthians 1:10,Epistles,New Testament,1 Corinthians,KJV
WORD,and,G2532,1,1 Corinthians 1:10,Epistles,New Testament,1 Corinthians,KJV
WORD,[that],,1,1 Corinthians 1:10,Epistles,New Testament,1 Corinthians,KJV
PHRASE,there be,G5600,1,1 Corinthians 1:10,Epistles,New Testament,1 Corinthians,KJV
WORD,no,G3361,1,1 Corinthians 1:10,Epistles,New Testament,1 Corinthians,KJV
WORD,divisions,G4978,1,1 Corinthians 1:10,Epistles,New Testament,1 Corinthians,KJV
WORD,among,G1722,1,1 Corinthians 1:10,Epistles,New Testament,1 Corinthians,KJV
WORD,you;,G5213,1,1 Corinthians 1:10,Epistles,New Testament,1 Corinthians,KJV
WORD,but,G1161,1,1 Corinthians 1:10,Epistles,New Testament,1 Corinthians,KJV
WORD,[that],,1,1 Corinthians 1:10,Epistles,New Testament,1 Corinthians,KJV
PHRASE,ye be,G5600,1,1 Corinthians 1:10,Epistles,New Testament,1 Corinthians,KJV
PHRASE,perfectly joined together,G2675,1,1 Corinthians 1:10,Epistles,New Testament,1 Corinthians,KJV
WORD,in,G1722,1,1 Corinthians 1:10,Epistles,New Testament,1 Corinthians,KJV
WORD,the,G3588,1,1 Corinthians 1:10,Epistles,New Testament,1 Corinthians,KJV
WORD,same,G846,1,1 Corinthians 1:10,Epistles,New Testament,1 Corinthians,KJV
WORD,mind,G3563,1,1 Corinthians 1:10,Epistles,New Testament,1 Corinthians,KJV
WORD,and,G2532,1,1 Corinthians 1:10,Epistles,New Testament,1 Corinthians,KJV
WORD,in,G1722,1,1 Corinthians 1:10,Epistles,New Testament,1 Corinthians,KJV
WORD,the,G3588,1,1 Corinthians 1:10,Epistles,New Testament,1 Corinthians,KJV
WORD,same,G846,1,1 Corinthians 1:10,Epistles,New Testament,1 Corinthians,KJV
WORD,judgment.,G1106,1,1 Corinthians 1:10,Epistles,New Testament,1 Corinthians,KJV
WORD,For,G1063,1,1 Corinthians 1:11,Epistles,New Testament,1 Corinthians,KJV
PHRASE,it hath been declared,G1213,1,1 Corinthians 1:11,Epistles,New Testament,1 Corinthians,KJV
PHRASE,unto me,G3427,1,1 Corinthians 1:11,Epistles,New Testament,1 Corinthians,KJV
WORD,of,G4012,1,1 Corinthians 1:11,Epistles,New Testament,1 Corinthians,KJV
WORD,"you,",G5216,1,1 Corinthians 1:11,Epistles,New Testament,1 Corinthians,KJV
WORD,my,G3450,1,1 Corinthians 1:11,Epistles,New Testament,1 Corinthians,KJV
WORD,"brethren,",G80,1,1 Corinthians 1:11,Epistles,New Testament,1 Corinthians,KJV
WORD,by,G5259,1,1 Corinthians 1:11,Epistles,New Testament,1 Corinthians,KJV
WORD,them,G3588,1,1 Corinthians 1:11,Epistles,New Testament,1 Corinthians,KJV
PHRASE,[which are of the house],,1,1 Corinthians 1:11,Epistles,New Testament,1 Corinthians,KJV
PHRASE,"of Chloe,",G5514,1,1 Corinthians 1:11,Epistles,New Testament,1 Corinthians,KJV
WORD,that,G3754,1,1 Corinthians 1:11,Epistles,New Testament,1 Corinthians,KJV
PHRASE,there are,G1526,1,1 Corinthians 1:11,Epistles,New Testament,1 Corinthians,KJV
WORD,contentions,G2054,1,1 Corinthians 1:11,Epistles,New Testament,1 Corinthians,KJV
WORD,among,G1722,1,1 Corinthians 1:11,Epistles,New Testament,1 Corinthians,KJV
WORD,you.,G5213,1,1 Corinthians 1:11,Epistles,New Testament,1 Corinthians,KJV
WORD,Now,G1161,1,1 Corinthians 1:12,Epistles,New Testament,1 Corinthians,KJV
WORD,this,G5124,1,1 Corinthians 1:12,Epistles,New Testament,1 Corinthians,KJV
PHRASE,"I say,",G3004,1,1 Corinthians 1:12,Epistles,New Testament,1 Corinthians,KJV
WORD,that,G3754,1,1 Corinthians 1:12,Epistles,New Testament,1 Corinthians,KJV
PHRASE,every one,G1538,1,1 Corinthians 1:12,Epistles,New Testament,1 Corinthians,KJV
PHRASE,of you,G5216,1,1 Corinthians 1:12,Epistles,New Testament,1 Corinthians,KJV
WORD,"saith,",G3004,1,1 Corinthians 1:12,Epistles,New Testament,1 Corinthians,KJV
WORD,I,G1473,1,1 Corinthians 1:12,Epistles,New Testament,1 Corinthians,KJV
WORD,am,G1510,1,1 Corinthians 1:12,Epistles,New Testament,1 Corinthians,KJV
PHRASE,of Paul;,G3972,1,1 Corinthians 1:12,Epistles,New Testament,1 Corinthians,KJV
WORD,and,G1161,1,1 Corinthians 1:12,Epistles,New Testament,1 Corinthians,KJV
WORD,I,G1473,1,1 Corinthians 1:12,Epistles,New Testament,1 Corinthians,KJV
PHRASE,of Apollos;,G625,1,1 Corinthians 1:12,Epistles,New Testament,1 Corinthians,KJV
WORD,and,G1161,1,1 Corinthians 1:12,Epistles,New Testament,1 Corinthians,KJV
WORD,I,G1473,1,1 Corinthians 1:12,Epistles,New Testament,1 Corinthians,KJV
PHRASE,of Cephas;,G2786,1,1 Corinthians 1:12,Epistles,New Testament,1 Corinthians,KJV
WORD,and,G1161,1,1 Corinthians 1:12,Epistles,New Testament,1 Corinthians,KJV
WORD,I,G1473,1,1 Corinthians 1:12,Epistles,New Testament,1 Corinthians,KJV
PHRASE,of Christ.,G5547,1,1 Corinthians 1:12,Epistles,New Testament,1 Corinthians,KJV
WORD,Is,G3307,1,1 Corinthians 1:13,Epistles,New Testament,1 Corinthians,KJV
WORD,Christ,G5547,1,1 Corinthians 1:13,Epistles,New Testament,1 Corinthians,KJV
WORD,divided?,G3307,1,1 Corinthians 1:13,Epistles,New Testament,1 Corinthians,KJV
WORD,was,G4717,1,1 Corinthians 1:13,Epistles,New Testament,1 Corinthians,KJV
WORD,Paul,G3972,1,1 Corinthians 1:13,Epistles,New Testament,1 Corinthians,KJV
WORD,crucified,G4717,1,1 Corinthians 1:13,Epistles,New Testament,1 Corinthians,KJV
WORD,for,G5228,1,1 Corinthians 1:13,Epistles,New Testament,1 Corinthians,KJV
WORD,you?,G5216,1,1 Corinthians 1:13,Epistles,New Testament,1 Corinthians,KJV
WORD,or,G2228,1,1 Corinthians 1:13,Epistles,New Testament,1 Corinthians,KJV
PHRASE,were ye baptized,G907,1,1 Corinthians 1:13,Epistles,New Testament,1 Corinthians,KJV
WORD,in,G1519,1,1 Corinthians 1:13,Epistles,New Testament,1 Corinthians,KJV
WORD,the,G3588,1,1 Corinthians 1:13,Epistles,New Testament,1 Corinthians,KJV
WORD,name,G3686,1,1 Corinthians 1:13,Epistles,New Testament,1 Corinthians,KJV
PHRASE,of Paul?,G3972,1,1 Corinthians 1:13,Epistles,New Testament,1 Corinthians,KJV
PHRASE,I thank,G2168,1,1 Corinthians 1:14,Epistles,New Testament,1 Corinthians,KJV
WORD,God,G2316,1,1 Corinthians 1:14,Epistles,New Testament,1 Corinthians,KJV
WORD,that,G3754,1,1 Corinthians 1:14,Epistles,New Testament,1 Corinthians,KJV
PHRASE,I baptized,G907,1,1 Corinthians 1:14,Epistles,New Testament,1 Corinthians,KJV
WORD,none,G3762,1,1 Corinthians 1:14,Epistles,New Testament,1 Corinthians,KJV
PHRASE,"of you,",G5216,1,1 Corinthians 1:14,Epistles,New Testament,1 Corinthians,KJV
WORD,,G1487,1,1 Corinthians 1:14,Epistles,New Testament,1 Corinthians,KJV
WORD,but,G3361,1,1 Corinthians 1:14,Epistles,New Testament,1 Corinthians,KJV
WORD,Crispus,G2921,1,1 Corinthians 1:14,Epistles,New Testament,1 Corinthians,KJV
WORD,and,G2532,1,1 Corinthians 1:14,Epistles,New Testament,1 Corinthians,KJV
WORD,Gaius;,G1050,1,1 Corinthians 1:14,Epistles,New Testament,1 Corinthians,KJV
WORD,,G2443,1,1 Corinthians 1:15,Epistles,New Testament,1 Corinthians,KJV
WORD,Lest,G3361,1,1 Corinthians 1:15,Epistles,New Testament,1 Corinthians,KJV
WORD,any,G5100,1,1 Corinthians 1:15,Epistles,New Testament,1 Corinthians,KJV
PHRASE,should say,G2036,1,1 Corinthians 1:15,Epistles,New Testament,1 Corinthians,KJV
WORD,that,G3754,1,1 Corinthians 1:15,Epistles,New Testament,1 Corinthians,KJV
PHRASE,I had baptized,G907,1,1 Corinthians 1:15,Epistles,New Testament,1 Corinthians,KJV
WORD,in,G1519,1,1 Corinthians 1:15,Epistles,New Testament,1 Corinthians,KJV
PHRASE,mine own,G1699,1,1 Corinthians 1:15,Epistles,New Testament,1 Corinthians,KJV
WORD,name.,G3686,1,1 Corinthians 1:15,Epistles,New Testament,1 Corinthians,KJV
WORD,And,G1161,1,1 Corinthians 1:16,Epistles,New Testament,1 Corinthians,KJV
PHRASE,I baptized,G907,1,1 Corinthians 1:16,Epistles,New Testament,1 Corinthians,KJV
WORD,also,G2532,1,1 Corinthians 1:16,Epistles,New Testament,1 Corinthians,KJV
PHRASE,the household,G3624,1,1 Corinthians 1:16,Epistles,New Testament,1 Corinthians,KJV
PHRASE,of Stephanas:,G4734,1,1 Corinthians 1:16,Epistles,New Testament,1 Corinthians,KJV
WORD,"besides,",G3063,1,1 Corinthians 1:16,Epistles,New Testament,1 Corinthians,KJV
PHRASE,I know,G1492,1,1 Corinthians 1:16,Epistles,New Testament,1 Corinthians,KJV
WORD,not,G3756,1,1 Corinthians 1:16,Epistles,New Testament,1 Corinthians,KJV
PHRASE,whether I baptized,G907,1,1 Corinthians 1:16,Epistles,New Testament,1 Corinthians,KJV
WORD,any,G5100,1,1 Corinthians 1:16,Epistles,New Testament,1 Corinthians,KJV
WORD,other.,G243,1,1 Corinthians 1:16,Epistles,New Testament,1 Corinthians,KJV
WORD,For,G1063,1,1 Corinthians 1:17,Epistles,New Testament,1 Corinthians,KJV
WORD,Christ,G5547,1,1 Corinthians 1:17,Epistles,New Testament,1 Corinthians,KJV
WORD,sent,G649,1,1 Corinthians 1:17,Epistles,New Testament,1 Corinthians,KJV
WORD,me,G3165,1,1 Corinthians 1:17,Epistles,New Testament,1 Corinthians,KJV
WORD,not,G3756,1,1 Corinthians 1:17,Epistles,New Testament,1 Corinthians,KJV
PHRASE,"to baptize,",G907,1,1 Corinthians 1:17,Epistles,New Testament,1 Corinthians,KJV
WORD,but,G235,1,1 Corinthians 1:17,Epistles,New Testament,1 Corinthians,KJV
PHRASE,to preach the gospel:,G2097,1,1 Corinthians 1:17,Epistles,New Testament,1 Corinthians,KJV
WORD,not,G3756,1,1 Corinthians 1:17,Epistles,New Testament,1 Corinthians,KJV
WORD,with,G1722,1,1 Corinthians 1:17,Epistles,New Testament,1 Corinthians,KJV
WORD,wisdom,G4678,1,1 Corinthians 1:17,Epistles,New Testament,1 Corinthians,KJV
PHRASE,"of words,",G3056,1,1 Corinthians 1:17,Epistles,New Testament,1 Corinthians,KJV
WORD,,G2443,1,1 Corinthians 1:17,Epistles,New Testament,1 Corinthians,KJV
WORD,lest,G3361,1,1 Corinthians 1:17,Epistles,New Testament,1 Corinthians,KJV
WORD,the,G3588,1,1 Corinthians 1:17,Epistles,New Testament,1 Corinthians,KJV
WORD,cross,G4716,1,1 Corinthians 1:17,Epistles,New Testament,1 Corinthians,KJV
PHRASE,of Christ,G5547,1,1 Corinthians 1:17,Epistles,New Testament,1 Corinthians,KJV
PHRASE,should be made of none effect.,G2758,1,1 Corinthians 1:17,Epistles,New Testament,1 Corinthians,KJV
WORD,For,G1063,1,1 Corinthians 1:18,Epistles,New Testament,1 Corinthians,KJV
WORD,the,G3588,1,1 Corinthians 1:18,Epistles,New Testament,1 Corinthians,KJV
WORD,preaching,G3056,1,1 Corinthians 1:18,Epistles,New Testament,1 Corinthians,KJV
PHRASE,of the,G3588,1,1 Corinthians 1:18,Epistles,New Testament,1 Corinthians,KJV
WORD,cross,G4716,1,1 Corinthians 1:18,Epistles,New Testament,1 Corinthians,KJV
WORD,is,G2076,1,1 Corinthians 1:18,Epistles,New Testament,1 Corinthians,KJV
PHRASE,to them,G3303,1,1 Corinthians 1:18,Epistles,New Testament,1 Corinthians,KJV
PHRASE,that perish,G622,1,1 Corinthians 1:18,Epistles,New Testament,1 Corinthians,KJV
WORD,foolishness;,G3472,1,1 Corinthians 1:18,Epistles,New Testament,1 Corinthians,KJV
WORD,but,G1161,1,1 Corinthians 1:18,Epistles,New Testament,1 Corinthians,KJV
PHRASE,unto us,G2254,1,1 Corinthians 1:18,Epistles,New Testament,1 Corinthians,KJV
PHRASE,which are saved,G4982,1,1 Corinthians 1:18,Epistles,New Testament,1 Corinthians,KJV
PHRASE,it is,G2076,1,1 Corinthians 1:18,Epistles,New Testament,1 Corinthians,KJV
PHRASE,the power,G1411,1,1 Corinthians 1:18,Epistles,New Testament,1 Corinthians,KJV
PHRASE,of God.,G2316,1,1 Corinthians 1:18,Epistles,New Testament,1 Corinthians,KJV
WORD,For,G1063,1,1 Corinthians 1:19,Epistles,New Testament,1 Corinthians,KJV
PHRASE,"it is written,",G1125,1,1 Corinthians 1:19,Epistles,New Testament,1 Corinthians,KJV
PHRASE,I will destroy,G622,1,1 Corinthians 1:19,Epistles,New Testament,1 Corinthians,KJV
WORD,the,G3588,1,1 Corinthians 1:19,Epistles,New Testament,1 Corinthians,KJV
WORD,wisdom,G4678,1,1 Corinthians 1:19,Epistles,New Testament,1 Corinthians,KJV
PHRASE,of the,G3588,1,1 Corinthians 1:19,Epistles,New Testament,1 Corinthians,KJV
WORD,"wise,",G4680,1,1 Corinthians 1:19,Epistles,New Testament,1 Corinthians,KJV
WORD,and,G2532,1,1 Corinthians 1:19,Epistles,New Testament,1 Corinthians,KJV
PHRASE,will bring to nothing,G114,1,1 Corinthians 1:19,Epistles,New Testament,1 Corinthians,KJV
WORD,the,G3588,1,1 Corinthians 1:19,Epistles,New Testament,1 Corinthians,KJV
WORD,understanding,G4907,1,1 Corinthians 1:19,Epistles,New Testament,1 Corinthians,KJV
PHRASE,of the,G3588,1,1 Corinthians 1:19,Epistles,New Testament,1 Corinthians,KJV
WORD,prudent.,G4908,1,1 Corinthians 1:19,Epistles,New Testament,1 Corinthians,KJV
WORD,Where,G4226,1,1 Corinthians 1:20,Epistles,New Testament,1 Corinthians,KJV
WORD,[is],,1,1 Corinthians 1:20,Epistles,New Testament,1 Corinthians,KJV
PHRASE,the wise?,G4680,1,1 Corinthians 1:20,Epistles,New Testament,1 Corinthians,KJV
WORD,where,G4226,1,1 Corinthians 1:20,Epistles,New Testament,1 Corinthians,KJV
WORD,[is],,1,1 Corinthians 1:20,Epistles,New Testament,1 Corinthians,KJV
PHRASE,the scribe?,G1122,1,1 Corinthians 1:20,Epistles,New Testament,1 Corinthians,KJV
WORD,where,G4226,1,1 Corinthians 1:20,Epistles,New Testament,1 Corinthians,KJV
WORD,[is],,1,1 Corinthians 1:20,Epistles,New Testament,1 Corinthians,KJV
PHRASE,the disputer,G4804,1,1 Corinthians 1:20,Epistles,New Testament,1 Corinthians,KJV
PHRASE,of this,G5127,1,1 Corinthians 1:20,Epistles,New Testament,1 Corinthians,KJV
WORD,world?,G165,1,1 Corinthians 1:20,Epistles,New Testament,1 Corinthians,KJV
WORD,hath,G3471,1,1 Corinthians 1:20,Epistles,New Testament,1 Corinthians,KJV
WORD,not,G3780,1,1 Corinthians 1:20,Epistles,New Testament,1 Corinthians,KJV
WORD,God,G2316,1,1 Corinthians 1:20,Epistles,New Testament,1 Corinthians,KJV
PHRASE,made foolish,G3471,1,1 Corinthians 1:20,Epistles,New Testament,1 Corinthians,KJV
WORD,the,G3588,1,1 Corinthians 1:20,Epistles,New Testament,1 Corinthians,KJV
WORD,wisdom,G4678,1,1 Corinthians 1:20,Epistles,New Testament,1 Corinthians,KJV
PHRASE,of this,G5127,1,1 Corinthians 1:20,Epistles,New Testament,1 Corinthians,KJV
WORD,world?,G2889,1,1 Corinthians 1:20,Epistles,New Testament,1 Corinthians,KJV
WORD,For,G1063,1,1 Corinthians 1:21,Epistles,New Testament,1 Corinthians,KJV
WORD,after,G1894,1,1 Corinthians 1:21,Epistles,New Testament,1 Corinthians,KJV
PHRASE,that in,G1722,1,1 Corinthians 1:21,Epistles,New Testament,1 Corinthians,KJV
WORD,the,G3588,1,1 Corinthians 1:21,Epistles,New Testament,1 Corinthians,KJV
WORD,wisdom,G4678,1,1 Corinthians 1:21,Epistles,New Testament,1 Corinthians,KJV
PHRASE,of God,G2316,1,1 Corinthians 1:21,Epistles,New Testament,1 Corinthians,KJV
WORD,the,G3588,1,1 Corinthians 1:21,Epistles,New Testament,1 Corinthians,KJV
WORD,world,G2889,1,1 Corinthians 1:21,Epistles,New Testament,1 Corinthians,KJV
WORD,by,G1223,1,1 Corinthians 1:21,Epistles,New Testament,1 Corinthians,KJV
WORD,wisdom,G4678,1,1 Corinthians 1:21,Epistles,New Testament,1 Corinthians,KJV
WORD,knew,G1097,1,1 Corinthians 1:21,Epistles,New Testament,1 Corinthians,KJV
WORD,not,G3756,1,1 Corinthians 1:21,Epistles,New Testament,1 Corinthians,KJV
WORD,"God,",G2316,1,1 Corinthians 1:21,Epistles,New Testament,1 Corinthians,KJV
PHRASE,it pleased,G2106,1,1 Corinthians 1:21,Epistles,New Testament,1 Corinthians,KJV
WORD,God,G2316,1,1 Corinthians 1:21,Epistles,New Testament,1 Corinthians,KJV
WORD,by,G1223,1,1 Corinthians 1:21,Epistles,New Testament,1 Corinthians,KJV
WORD,the,G3588,1,1 Corinthians 1:21,Epistles,New Testament,1 Corinthians,KJV
WORD,foolishness,G3472,1,1 Corinthians 1:21,Epistles,New Testament,1 Corinthians,KJV
PHRASE,of preaching,G2782,1,1 Corinthians 1:21,Epistles,New Testament,1 Corinthians,KJV
PHRASE,to save,G4982,1,1 Corinthians 1:21,Epistles,New Testament,1 Corinthians,KJV
PHRASE,them that,G3588,1,1 Corinthians 1:21,Epistles,New Testament,1 Corinthians,KJV
WORD,believe.,G4100,1,1 Corinthians 1:21,Epistles,New Testament,1 Corinthians,KJV
WORD,For,G1894,1,1 Corinthians 1:22,Epistles,New Testament,1 Corinthians,KJV
PHRASE,the Jews,G2453,1,1 Corinthians 1:22,Epistles,New Testament,1 Corinthians,KJV
WORD,require,G154,1,1 Corinthians 1:22,Epistles,New Testament,1 Corinthians,KJV
PHRASE,"a sign,",G4592,1,1 Corinthians 1:22,Epistles,New Testament,1 Corinthians,KJV
WORD,and,G2532,1,1 Corinthians 1:22,Epistles,New Testament,1 Corinthians,KJV
PHRASE,the Greeks,G1672,1,1 Corinthians 1:22,Epistles,New Testament,1 Corinthians,KJV
WORD,seek,G2212,1,1 Corinthians 1:22,Epistles,New Testament,1 Corinthians,KJV
PHRASE,after wisdom:,G4678,1,1 Corinthians 1:22,Epistles,New Testament,1 Corinthians,KJV
WORD,But,G1161,1,1 Corinthians 1:23,Epistles,New Testament,1 Corinthians,KJV
WORD,we,G2249,1,1 Corinthians 1:23,Epistles,New Testament,1 Corinthians,KJV
WORD,preach,G2784,1,1 Corinthians 1:23,Epistles,New Testament,1 Corinthians,KJV
WORD,Christ,G5547,1,1 Corinthians 1:23,Epistles,New Testament,1 Corinthians,KJV
WORD,"crucified,",G4717,1,1 Corinthians 1:23,Epistles,New Testament,1 Corinthians,KJV
PHRASE,unto the Jews,G2453,1,1 Corinthians 1:23,Epistles,New Testament,1 Corinthians,KJV
PHRASE,"a stumblingblock,",G4625,1,1 Corinthians 1:23,Epistles,New Testament,1 Corinthians,KJV
WORD,and,G1161,1,1 Corinthians 1:23,Epistles,New Testament,1 Corinthians,KJV
PHRASE,unto the Greeks,G1672,1,1 Corinthians 1:23,Epistles,New Testament,1 Corinthians,KJV
WORD,foolishness;,G3472,1,1 Corinthians 1:23,Epistles,New Testament,1 Corinthians,KJV
WORD,But,G1161,1,1 Corinthians 1:24,Epistles,New Testament,1 Corinthians,KJV
PHRASE,unto them,G846,1,1 Corinthians 1:24,Epistles,New Testament,1 Corinthians,KJV
WORD,which,G3588,1,1 Corinthians 1:24,Epistles,New Testament,1 Corinthians,KJV
PHRASE,"are called,",G2822,1,1 Corinthians 1:24,Epistles,New Testament,1 Corinthians,KJV
WORD,both,G5037,1,1 Corinthians 1:24,Epistles,New Testament,1 Corinthians,KJV
WORD,Jews,G2453,1,1 Corinthians 1:24,Epistles,New Testament,1 Corinthians,KJV
WORD,and,G2532,1,1 Corinthians 1:24,Epistles,New Testament,1 Corinthians,KJV
WORD,"Greeks,",G1672,1,1 Corinthians 1:24,Epistles,New Testament,1 Corinthians,KJV
WORD,Christ,G5547,1,1 Corinthians 1:24,Epistles,New Testament,1 Corinthians,KJV
PHRASE,the power,G1411,1,1 Corinthians 1:24,Epistles,New Testament,1 Corinthians,KJV
PHRASE,"of God,",G2316,1,1 Corinthians 1:24,Epistles,New Testament,1 Corinthians,KJV
WORD,and,G2532,1,1 Corinthians 1:24,Epistles,New Testament,1 Corinthians,KJV
PHRASE,the wisdom,G4678,1,1 Corinthians 1:24,Epistles,New Testament,1 Corinthians,KJV
PHRASE,of God.,G2316,1,1 Corinthians 1:24,Epistles,New Testament,1 Corinthians,KJV
WORD,Because,G3754,1,1 Corinthians 1:25,Epistles,New Testament,1 Corinthians,KJV
WORD,the,G3588,1,1 Corinthians 1:25,Epistles,New Testament,1 Corinthians,KJV
WORD,foolishness,G3474,1,1 Corinthians 1:25,Epistles,New Testament,1 Corinthians,KJV
PHRASE,of God,G2316,1,1 Corinthians 1:25,Epistles,New Testament,1 Corinthians,KJV
WORD,is,G2076,1,1 Corinthians 1:25,Epistles,New Testament,1 Corinthians,KJV
PHRASE,wiser than,G4680,1,1 Corinthians 1:25,Epistles,New Testament,1 Corinthians,KJV
WORD,men;,G444,1,1 Corinthians 1:25,Epistles,New Testament,1 Corinthians,KJV
WORD,and,G2532,1,1 Corinthians 1:25,Epistles,New Testament,1 Corinthians,KJV
WORD,the,G3588,1,1 Corinthians 1:25,Epistles,New Testament,1 Corinthians,KJV
WORD,weakness,G772,1,1 Corinthians 1:25,Epistles,New Testament,1 Corinthians,KJV
PHRASE,of God,G2316,1,1 Corinthians 1:25,Epistles,New Testament,1 Corinthians,KJV
WORD,is,G2076,1,1 Corinthians 1:25,Epistles,New Testament,1 Corinthians,KJV
PHRASE,stronger than,G2478,1,1 Corinthians 1:25,Epistles,New Testament,1 Corinthians,KJV
WORD,men.,G444,1,1 Corinthians 1:25,Epistles,New Testament,1 Corinthians,KJV
WORD,For,G1063,1,1 Corinthians 1:26,Epistles,New Testament,1 Corinthians,KJV
PHRASE,ye see,G991,1,1 Corinthians 1:26,Epistles,New Testament,1 Corinthians,KJV
WORD,your,G5216,1,1 Corinthians 1:26,Epistles,New Testament,1 Corinthians,KJV
WORD,"calling,",G2821,1,1 Corinthians 1:26,Epistles,New Testament,1 Corinthians,KJV
WORD,"brethren,",G80,1,1 Corinthians 1:26,Epistles,New Testament,1 Corinthians,KJV
PHRASE,how that,G3754,1,1 Corinthians 1:26,Epistles,New Testament,1 Corinthians,KJV
WORD,not,G3756,1,1 Corinthians 1:26,Epistles,New Testament,1 Corinthians,KJV
WORD,many,G4183,1,1 Corinthians 1:26,Epistles,New Testament,1 Corinthians,KJV
PHRASE,wise men,G4680,1,1 Corinthians 1:26,Epistles,New Testament,1 Corinthians,KJV
WORD,after,G2596,1,1 Corinthians 1:26,Epistles,New Testament,1 Corinthians,KJV
PHRASE,"the flesh,",G4561,1,1 Corinthians 1:26,Epistles,New Testament,1 Corinthians,KJV
WORD,not,G3756,1,1 Corinthians 1:26,Epistles,New Testament,1 Corinthians,KJV
WORD,many,G4183,1,1 Corinthians 1:26,Epistles,New Testament,1 Corinthians,KJV
WORD,"mighty,",G1415,1,1 Corinthians 1:26,Epistles,New Testament,1 Corinthians,KJV
WORD,not,G3756,1,1 Corinthians 1:26,Epistles,New Testament,1 Corinthians,KJV
WORD,many,G4183,1,1 Corinthians 1:26,Epistles,New Testament,1 Corinthians,KJV
WORD,"noble,",G2104,1,1 Corinthians 1:26,Epistles,New Testament,1 Corinthians,KJV
PHRASE,[are called]:,,1,1 Corinthians 1:26,Epistles,New Testament,1 Corinthians,KJV
WORD,But,G235,1,1 Corinthians 1:27,Epistles,New Testament,1 Corinthians,KJV
WORD,God,G2316,1,1 Corinthians 1:27,Epistles,New Testament,1 Corinthians,KJV
PHRASE,hath chosen,G1586,1,1 Corinthians 1:27,Epistles,New Testament,1 Corinthians,KJV
WORD,the,G3588,1,1 Corinthians 1:27,Epistles,New Testament,1 Corinthians,KJV
PHRASE,foolish things,G3474,1,1 Corinthians 1:27,Epistles,New Testament,1 Corinthians,KJV
PHRASE,of the,G3588,1,1 Corinthians 1:27,Epistles,New Testament,1 Corinthians,KJV
WORD,world,G2889,1,1 Corinthians 1:27,Epistles,New Testament,1 Corinthians,KJV
WORD,to,G2443,1,1 Corinthians 1:27,Epistles,New Testament,1 Corinthians,KJV
WORD,confound,G2617,1,1 Corinthians 1:27,Epistles,New Testament,1 Corinthians,KJV
WORD,the,G3588,1,1 Corinthians 1:27,Epistles,New Testament,1 Corinthians,KJV
WORD,wise;,G4680,1,1 Corinthians 1:27,Epistles,New Testament,1 Corinthians,KJV
WORD,and,G2532,1,1 Corinthians 1:27,Epistles,New Testament,1 Corinthians,KJV
WORD,God,G2316,1,1 Corinthians 1:27,Epistles,New Testament,1 Corinthians,KJV
PHRASE,hath chosen,G1586,1,1 Corinthians 1:27,Epistles,New Testament,1 Corinthians,KJV
WORD,the,G3588,1,1 Corinthians 1:27,Epistles,New Testament,1 Corinthians,KJV
PHRASE,weak things,G772,1,1 Corinthians 1:27,Epistles,New Testament,1 Corinthians,KJV
PHRASE,of the,G3588,1,1 Corinthians 1:27,Epistles,New Testament,1 Corinthians,KJV
WORD,world,G2889,1,1 Corinthians 1:27,Epistles,New Testament,1 Corinthians,KJV
WORD,to,G2443,1,1 Corinthians 1:27,Epistles,New Testament,1 Corinthians,KJV
WORD,confound,G2617,1,1 Corinthians 1:27,Epistles,New Testament,1 Corinthians,KJV
PHRASE,the things,G3588,1,1 Corinthians 1:27,Epistles,New Testament,1 Corinthians,KJV
PHRASE,which are mighty;,G2478,1,1 Corinthians 1:27,Epistles,New Testament,1 Corinthians,KJV
WORD,And,G2532,1,1 Corinthians 1:28,Epistles,New Testament,1 Corinthians,KJV
PHRASE,base things,G36,1,1 Corinthians 1:28,Epistles,New Testament,1 Corinthians,KJV
PHRASE,of the,G3588,1,1 Corinthians 1:28,Epistles,New Testament,1 Corinthians,KJV
WORD,"world,",G2889,1,1 Corinthians 1:28,Epistles,New Testament,1 Corinthians,KJV
WORD,and,G2532,1,1 Corinthians 1:28,Epistles,New Testament,1 Corinthians,KJV
PHRASE,things which,G3588,1,1 Corinthians 1:28,Epistles,New Testament,1 Corinthians,KJV
PHRASE,"are despised,",G1848,1,1 Corinthians 1:28,Epistles,New Testament,1 Corinthians,KJV
WORD,hath,G1586,1,1 Corinthians 1:28,Epistles,New Testament,1 Corinthians,KJV
WORD,God,G2316,1,1 Corinthians 1:28,Epistles,New Testament,1 Corinthians,KJV
WORD,"chosen,",G1586,1,1 Corinthians 1:28,Epistles,New Testament,1 Corinthians,KJV
WORD,"[yea],",,1,1 Corinthians 1:28,Epistles,New Testament,1 Corinthians,KJV
WORD,and,G2532,1,1 Corinthians 1:28,Epistles,New Testament,1 Corinthians,KJV
PHRASE,things which,G3588,1,1 Corinthians 1:28,Epistles,New Testament,1 Corinthians,KJV
WORD,are,G5607,1,1 Corinthians 1:28,Epistles,New Testament,1 Corinthians,KJV
WORD,"not,",G3361,1,1 Corinthians 1:28,Epistles,New Testament,1 Corinthians,KJV
WORD,to,G2443,1,1 Corinthians 1:28,Epistles,New Testament,1 Corinthians,KJV
PHRASE,bring to nought,G2673,1,1 Corinthians 1:28,Epistles,New Testament,1 Corinthians,KJV
WORD,things,G3588,1,1 Corinthians 1:28,Epistles,New Testament,1 Corinthians,KJV
PHRASE,that are:,G5607,1,1 Corinthians 1:28,Epistles,New Testament,1 Corinthians,KJV
WORD,That,G3704,1,1 Corinthians 1:29,Epistles,New Testament,1 Corinthians,KJV
WORD,no,G3361,1,1 Corinthians 1:29,Epistles,New Testament,1 Corinthians,KJV
WORD,flesh,G4561,1,1 Corinthians 1:29,Epistles,New Testament,1 Corinthians,KJV
PHRASE,should glory,G2744,1,1 Corinthians 1:29,Epistles,New Testament,1 Corinthians,KJV
WORD,in,G1799,1,1 Corinthians 1:29,Epistles,New Testament,1 Corinthians,KJV
WORD,his,G846,1,1 Corinthians 1:29,Epistles,New Testament,1 Corinthians,KJV
WORD,presence.,G1799,1,1 Corinthians 1:29,Epistles,New Testament,1 Corinthians,KJV
WORD,But,G1161,1,1 Corinthians 1:30,Epistles,New Testament,1 Corinthians,KJV
WORD,of,G1537,1,1 Corinthians 1:30,Epistles,New Testament,1 Corinthians,KJV
WORD,him,G846,1,1 Corinthians 1:30,Epistles,New Testament,1 Corinthians,KJV
WORD,are,G2075,1,1 Corinthians 1:30,Epistles,New Testament,1 Corinthians,KJV
WORD,ye,G5210,1,1 Corinthians 1:30,Epistles,New Testament,1 Corinthians,KJV
WORD,in,G1722,1,1 Corinthians 1:30,Epistles,New Testament,1 Corinthians,KJV
WORD,Christ,G5547,1,1 Corinthians 1:30,Epistles,New Testament,1 Corinthians,KJV
WORD,"Jesus,",G2424,1,1 Corinthians 1:30,Epistles,New Testament,1 Corinthians,KJV
WORD,who,G3739,1,1 Corinthians 1:30,Epistles,New Testament,1 Corinthians,KJV
WORD,of,G575,1,1 Corinthians 1:30,Epistles,New Testament,1 Corinthians,KJV
WORD,God,G2316,1,1 Corinthians 1:30,Epistles,New Testament,1 Corinthians,KJV
PHRASE,is made,G1096,1,1 Corinthians 1:30,Epistles,New Testament,1 Corinthians,KJV
PHRASE,unto us,G2254,1,1 Corinthians 1:30,Epistles,New Testament,1 Corinthians,KJV
WORD,"wisdom,",G4678,1,1 Corinthians 1:30,Epistles,New Testament,1 Corinthians,KJV
PHRASE,"and righteousness,",G1343,1,1 Corinthians 1:30,Epistles,New Testament,1 Corinthians,KJV
WORD,and,G2532,1,1 Corinthians 1:30,Epistles,New Testament,1 Corinthians,KJV
WORD,"sanctification,",G38,1,1 Corinthians 1:30,Epistles,New Testament,1 Corinthians,KJV
WORD,and,G2532,1,1 Corinthians 1:30,Epistles,New Testament,1 Corinthians,KJV
WORD,redemption:,G629,1,1 Corinthians 1:30,Epistles,New Testament,1 Corinthians,KJV
WORD,"That,",G2443,1,1 Corinthians 1:31,Epistles,New Testament,1 Corinthians,KJV
PHRASE,according as,G2531,1,1 Corinthians 1:31,Epistles,New Testament,1 Corinthians,KJV
PHRASE,"it is written,",G1125,1,1 Corinthians 1:31,Epistles,New Testament,1 Corinthians,KJV
PHRASE,"He that glorieth,",G2744,1,1 Corinthians 1:31,Epistles,New Testament,1 Corinthians,KJV
PHRASE,let him glory,G2744,1,1 Corinthians 1:31,Epistles,New Testament,1 Corinthians,KJV
WORD,in,G1722,1,1 Corinthians 1:31,Epistles,New Testament,1 Corinthians,KJV
PHRASE,the Lord.,G2962,1,1 Corinthians 1:31,Epistles,New Testament,1 Corinthians,KJV
PHRASE,"And I,",G2504,2,1 Corinthians 2:1,Epistles,New Testament,1 Corinthians,KJV
WORD,"brethren,",G80,2,1 Corinthians 2:1,Epistles,New Testament,1 Corinthians,KJV
PHRASE,when I came,G2064,2,1 Corinthians 2:1,Epistles,New Testament,1 Corinthians,KJV
WORD,to,G4314,2,1 Corinthians 2:1,Epistles,New Testament,1 Corinthians,KJV
WORD,"you,",G5209,2,1 Corinthians 2:1,Epistles,New Testament,1 Corinthians,KJV
WORD,came,G2064,2,1 Corinthians 2:1,Epistles,New Testament,1 Corinthians,KJV
WORD,not,G3756,2,1 Corinthians 2:1,Epistles,New Testament,1 Corinthians,KJV
WORD,with,G2596,2,1 Corinthians 2:1,Epistles,New Testament,1 Corinthians,KJV
WORD,excellency,G5247,2,1 Corinthians 2:1,Epistles,New Testament,1 Corinthians,KJV
PHRASE,of speech,G3056,2,1 Corinthians 2:1,Epistles,New Testament,1 Corinthians,KJV
WORD,or,G2228,2,1 Corinthians 2:1,Epistles,New Testament,1 Corinthians,KJV
PHRASE,"of wisdom,",G4678,2,1 Corinthians 2:1,Epistles,New Testament,1 Corinthians,KJV
WORD,declaring,G2605,2,1 Corinthians 2:1,Epistles,New Testament,1 Corinthians,KJV
PHRASE,unto you,G5213,2,1 Corinthians 2:1,Epistles,New Testament,1 Corinthians,KJV
WORD,the,G3588,2,1 Corinthians 2:1,Epistles,New Testament,1 Corinthians,KJV
WORD,testimony,G3142,2,1 Corinthians 2:1,Epistles,New Testament,1 Corinthians,KJV
PHRASE,of God.,G2316,2,1 Corinthians 2:1,Epistles,New Testament,1 Corinthians,KJV
WORD,For,G1063,2,1 Corinthians 2:2,Epistles,New Testament,1 Corinthians,KJV
PHRASE,I determined,G2919,2,1 Corinthians 2:2,Epistles,New Testament,1 Corinthians,KJV
WORD,not,G3756,2,1 Corinthians 2:2,Epistles,New Testament,1 Corinthians,KJV
PHRASE,to know,G1492,2,1 Corinthians 2:2,Epistles,New Testament,1 Corinthians,KJV
PHRASE,any thing,G5100,2,1 Corinthians 2:2,Epistles,New Testament,1 Corinthians,KJV
WORD,among,G1722,2,1 Corinthians 2:2,Epistles,New Testament,1 Corinthians,KJV
WORD,"you,",G5213,2,1 Corinthians 2:2,Epistles,New Testament,1 Corinthians,KJV
WORD,,G1487,2,1 Corinthians 2:2,Epistles,New Testament,1 Corinthians,KJV
WORD,save,G3361,2,1 Corinthians 2:2,Epistles,New Testament,1 Corinthians,KJV
WORD,Jesus,G2424,2,1 Corinthians 2:2,Epistles,New Testament,1 Corinthians,KJV
WORD,"Christ,",G5547,2,1 Corinthians 2:2,Epistles,New Testament,1 Corinthians,KJV
WORD,and,G2532,2,1 Corinthians 2:2,Epistles,New Testament,1 Corinthians,KJV
WORD,him,G5126,2,1 Corinthians 2:2,Epistles,New Testament,1 Corinthians,KJV
WORD,crucified.,G4717,2,1 Corinthians 2:2,Epistles,New Testament,1 Corinthians,KJV
WORD,And,G2532,2,1 Corinthians 2:3,Epistles,New Testament,1 Corinthians,KJV
WORD,I,G1473,2,1 Corinthians 2:3,Epistles,New Testament,1 Corinthians,KJV
WORD,was,G1096,2,1 Corinthians 2:3,Epistles,New Testament,1 Corinthians,KJV
WORD,with,G4314,2,1 Corinthians 2:3,Epistles,New Testament,1 Corinthians,KJV
WORD,you,G5209,2,1 Corinthians 2:3,Epistles,New Testament,1 Corinthians,KJV
WORD,in,G1722,2,1 Corinthians 2:3,Epistles,New Testament,1 Corinthians,KJV
WORD,"weakness,",G769,2,1 Corinthians 2:3,Epistles,New Testament,1 Corinthians,KJV
WORD,and,G2532,2,1 Corinthians 2:3,Epistles,New Testament,1 Corinthians,KJV
WORD,in,G1722,2,1 Corinthians 2:3,Epistles,New Testament,1 Corinthians,KJV
WORD,"fear,",G5401,2,1 Corinthians 2:3,Epistles,New Testament,1 Corinthians,KJV
WORD,and,G2532,2,1 Corinthians 2:3,Epistles,New Testament,1 Corinthians,KJV
WORD,in,G1722,2,1 Corinthians 2:3,Epistles,New Testament,1 Corinthians,KJV
WORD,much,G4183,2,1 Corinthians 2:3,Epistles,New Testament,1 Corinthians,KJV
WORD,trembling.,G5156,2,1 Corinthians 2:3,Epistles,New Testament,1 Corinthians,KJV
WORD,And,G2532,2,1 Corinthians 2:4,Epistles,New Testament,1 Corinthians,KJV
WORD,my,G3450,2,1 Corinthians 2:4,Epistles,New Testament,1 Corinthians,KJV
WORD,speech,G3056,2,1 Corinthians 2:4,Epistles,New Testament,1 Corinthians,KJV
WORD,and,G2532,2,1 Corinthians 2:4,Epistles,New Testament,1 Corinthians,KJV
WORD,my,G3450,2,1 Corinthians 2:4,Epistles,New Testament,1 Corinthians,KJV
WORD,preaching,G2782,2,1 Corinthians 2:4,Epistles,New Testament,1 Corinthians,KJV
WORD,[was],,2,1 Corinthians 2:4,Epistles,New Testament,1 Corinthians,KJV
WORD,not,G3756,2,1 Corinthians 2:4,Epistles,New Testament,1 Corinthians,KJV
WORD,with,G1722,2,1 Corinthians 2:4,Epistles,New Testament,1 Corinthians,KJV
WORD,enticing,G3981,2,1 Corinthians 2:4,Epistles,New Testament,1 Corinthians,KJV
WORD,words,G3056,2,1 Corinthians 2:4,Epistles,New Testament,1 Corinthians,KJV
PHRASE,of man's,G442,2,1 Corinthians 2:4,Epistles,New Testament,1 Corinthians,KJV
WORD,"wisdom,",G4678,2,1 Corinthians 2:4,Epistles,New Testament,1 Corinthians,KJV
WORD,but,G235,2,1 Corinthians 2:4,Epistles,New Testament,1 Corinthians,KJV
WORD,in,G1722,2,1 Corinthians 2:4,Epistles,New Testament,1 Corinthians,KJV
WORD,demonstration,G585,2,1 Corinthians 2:4,Epistles,New Testament,1 Corinthians,KJV
PHRASE,of the Spirit,G4151,2,1 Corinthians 2:4,Epistles,New Testament,1 Corinthians,KJV
WORD,and,G2532,2,1 Corinthians 2:4,Epistles,New Testament,1 Corinthians,KJV
PHRASE,of power:,G1411,2,1 Corinthians 2:4,Epistles,New Testament,1 Corinthians,KJV
WORD,That,G2443,2,1 Corinthians 2:5,Epistles,New Testament,1 Corinthians,KJV
WORD,your,G5216,2,1 Corinthians 2:5,Epistles,New Testament,1 Corinthians,KJV
WORD,faith,G4102,2,1 Corinthians 2:5,Epistles,New Testament,1 Corinthians,KJV
WORD,should,G5600,2,1 Corinthians 2:5,Epistles,New Testament,1 Corinthians,KJV
WORD,not,G3361,2,1 Corinthians 2:5,Epistles,New Testament,1 Corinthians,KJV
WORD,stand,G5600,2,1 Corinthians 2:5,Epistles,New Testament,1 Corinthians,KJV
WORD,in,G1722,2,1 Corinthians 2:5,Epistles,New Testament,1 Corinthians,KJV
PHRASE,the wisdom,G4678,2,1 Corinthians 2:5,Epistles,New Testament,1 Corinthians,KJV
PHRASE,"of men,",G444,2,1 Corinthians 2:5,Epistles,New Testament,1 Corinthians,KJV
WORD,but,G235,2,1 Corinthians 2:5,Epistles,New Testament,1 Corinthians,KJV
WORD,in,G1722,2,1 Corinthians 2:5,Epistles,New Testament,1 Corinthians,KJV
PHRASE,the power,G1411,2,1 Corinthians 2:5,Epistles,New Testament,1 Corinthians,KJV
PHRASE,of God.,G2316,2,1 Corinthians 2:5,Epistles,New Testament,1 Corinthians,KJV
WORD,Howbeit,G1161,2,1 Corinthians 2:6,Epistles,New Testament,1 Corinthians,KJV
PHRASE,we speak,G2980,2,1 Corinthians 2:6,Epistles,New Testament,1 Corinthians,KJV
WORD,wisdom,G4678,2,1 Corinthians 2:6,Epistles,New Testament,1 Corinthians,KJV
WORD,among,G1722,2,1 Corinthians 2:6,Epistles,New Testament,1 Corinthians,KJV
PHRASE,them that,G3588,2,1 Corinthians 2:6,Epistles,New Testament,1 Corinthians,KJV
PHRASE,are perfect:,G5046,2,1 Corinthians 2:6,Epistles,New Testament,1 Corinthians,KJV
WORD,yet,G1161,2,1 Corinthians 2:6,Epistles,New Testament,1 Corinthians,KJV
WORD,not,G3756,2,1 Corinthians 2:6,Epistles,New Testament,1 Corinthians,KJV
PHRASE,the wisdom,G4678,2,1 Corinthians 2:6,Epistles,New Testament,1 Corinthians,KJV
PHRASE,of this,G5127,2,1 Corinthians 2:6,Epistles,New Testament,1 Corinthians,KJV
WORD,"world,",G165,2,1 Corinthians 2:6,Epistles,New Testament,1 Corinthians,KJV
WORD,nor,G3761,2,1 Corinthians 2:6,Epistles,New Testament,1 Corinthians,KJV
PHRASE,of the,G3588,2,1 Corinthians 2:6,Epistles,New Testament,1 Corinthians,KJV
WORD,princes,G758,2,1 Corinthians 2:6,Epistles,New Testament,1 Corinthians,KJV
PHRASE,of this,G5127,2,1 Corinthians 2:6,Epistles,New Testament,1 Corinthians,KJV
WORD,"world,",G165,2,1 Corinthians 2:6,Epistles,New Testament,1 Corinthians,KJV
WORD,that,G3588,2,1 Corinthians 2:6,Epistles,New Testament,1 Corinthians,KJV
PHRASE,come to nought:,G2673,2,1 Corinthians 2:6,Epistles,New Testament,1 Corinthians,KJV
WORD,But,G235,2,1 Corinthians 2:7,Epistles,New Testament,1 Corinthians,KJV
PHRASE,we speak,G2980,2,1 Corinthians 2:7,Epistles,New Testament,1 Corinthians,KJV
PHRASE,the wisdom,G4678,2,1 Corinthians 2:7,Epistles,New Testament,1 Corinthians,KJV
PHRASE,of God,G2316,2,1 Corinthians 2:7,Epistles,New Testament,1 Corinthians,KJV
WORD,in,G1722,2,1 Corinthians 2:7,Epistles,New Testament,1 Corinthians,KJV
PHRASE,"a mystery,",G3466,2,1 Corinthians 2:7,Epistles,New Testament,1 Corinthians,KJV
WORD,[even],,2,1 Corinthians 2:7,Epistles,New Testament,1 Corinthians,KJV
WORD,the,G3588,2,1 Corinthians 2:7,Epistles,New Testament,1 Corinthians,KJV
WORD,hidden,G613,2,1 Corinthians 2:7,Epistles,New Testament,1 Corinthians,KJV
WORD,"[wisdom],",,2,1 Corinthians 2:7,Epistles,New Testament,1 Corinthians,KJV
WORD,which,G3739,2,1 Corinthians 2:7,Epistles,New Testament,1 Corinthians,KJV
WORD,God,G2316,2,1 Corinthians 2:7,Epistles,New Testament,1 Corinthians,KJV
WORD,ordained,G4309,2,1 Corinthians 2:7,Epistles,New Testament,1 Corinthians,KJV
WORD,before,G4253,2,1 Corinthians 2:7,Epistles,New Testament,1 Corinthians,KJV
WORD,the,G3588,2,1 Corinthians 2:7,Epistles,New Testament,1 Corinthians,KJV
WORD,world,G165,2,1 Corinthians 2:7,Epistles,New Testament,1 Corinthians,KJV
WORD,unto,G1519,2,1 Corinthians 2:7,Epistles,New Testament,1 Corinthians,KJV
WORD,our,G2257,2,1 Corinthians 2:7,Epistles,New Testament,1 Corinthians,KJV
WORD,glory:,G1391,2,1 Corinthians 2:7,Epistles,New Testament,1 Corinthians,KJV
WORD,Which,G3739,2,1 Corinthians 2:8,Epistles,New Testament,1 Corinthians,KJV
WORD,none,G3762,2,1 Corinthians 2:8,Epistles,New Testament,1 Corinthians,KJV
PHRASE,of the,G3588,2,1 Corinthians 2:8,Epistles,New Testament,1 Corinthians,KJV
WORD,princes,G758,2,1 Corinthians 2:8,Epistles,New Testament,1 Corinthians,KJV
PHRASE,of this,G5127,2,1 Corinthians 2:8,Epistles,New Testament,1 Corinthians,KJV
WORD,world,G165,2,1 Corinthians 2:8,Epistles,New Testament,1 Corinthians,KJV
WORD,knew:,G1097,2,1 Corinthians 2:8,Epistles,New Testament,1 Corinthians,KJV
WORD,for,G1063,2,1 Corinthians 2:8,Epistles,New Testament,1 Corinthians,KJV
PHRASE,had they known,G1097,2,1 Corinthians 2:8,Epistles,New Testament,1 Corinthians,KJV
WORD,"[it],",,2,1 Corinthians 2:8,Epistles,New Testament,1 Corinthians,KJV
PHRASE,they would,G4717,2,1 Corinthians 2:8,Epistles,New Testament,1 Corinthians,KJV
WORD,not,G3756,2,1 Corinthians 2:8,Epistles,New Testament,1 Corinthians,KJV
PHRASE,have crucified,G4717,2,1 Corinthians 2:8,Epistles,New Testament,1 Corinthians,KJV
WORD,the,G3588,2,1 Corinthians 2:8,Epistles,New Testament,1 Corinthians,KJV
WORD,Lord,G2962,2,1 Corinthians 2:8,Epistles,New Testament,1 Corinthians,KJV
PHRASE,of glory.,G1391,2,1 Corinthians 2:8,Epistles,New Testament,1 Corinthians,KJV
WORD,But,G235,2,1 Corinthians 2:9,Epistles,New Testament,1 Corinthians,KJV
WORD,as,G2531,2,1 Corinthians 2:9,Epistles,New Testament,1 Corinthians,KJV
PHRASE,"it is written,",G1125,2,1 Corinthians 2:9,Epistles,New Testament,1 Corinthians,KJV
WORD,Eye,G3788,2,1 Corinthians 2:9,Epistles,New Testament,1 Corinthians,KJV
WORD,hath,G3708,2,1 Corinthians 2:9,Epistles,New Testament,1 Corinthians,KJV
WORD,not,G3756,2,1 Corinthians 2:9,Epistles,New Testament,1 Corinthians,KJV
WORD,"seen,",G3708,2,1 Corinthians 2:9,Epistles,New Testament,1 Corinthians,KJV
WORD,nor,G3756,2,1 Corinthians 2:9,Epistles,New Testament,1 Corinthians,KJV
WORD,ear,G3775,2,1 Corinthians 2:9,Epistles,New Testament,1 Corinthians,KJV
WORD,"heard,",G191,2,1 Corinthians 2:9,Epistles,New Testament,1 Corinthians,KJV
WORD,neither,G3756,2,1 Corinthians 2:9,Epistles,New Testament,1 Corinthians,KJV
PHRASE,have entered,G305,2,1 Corinthians 2:9,Epistles,New Testament,1 Corinthians,KJV
WORD,into,G1909,2,1 Corinthians 2:9,Epistles,New Testament,1 Corinthians,KJV
PHRASE,the heart,G2588,2,1 Corinthians 2:9,Epistles,New Testament,1 Corinthians,KJV
PHRASE,"of man,",G444,2,1 Corinthians 2:9,Epistles,New Testament,1 Corinthians,KJV
PHRASE,the things which,G3739,2,1 Corinthians 2:9,Epistles,New Testament,1 Corinthians,KJV
WORD,God,G2316,2,1 Corinthians 2:9,Epistles,New Testament,1 Corinthians,KJV
PHRASE,hath prepared,G2090,2,1 Corinthians 2:9,Epistles,New Testament,1 Corinthians,KJV
PHRASE,for them that love,G25,2,1 Corinthians 2:9,Epistles,New Testament,1 Corinthians,KJV
WORD,him.,G846,2,1 Corinthians 2:9,Epistles,New Testament,1 Corinthians,KJV
WORD,But,G1161,2,1 Corinthians 2:10,Epistles,New Testament,1 Corinthians,KJV
WORD,God,G2316,2,1 Corinthians 2:10,Epistles,New Testament,1 Corinthians,KJV
PHRASE,hath revealed,G601,2,1 Corinthians 2:10,Epistles,New Testament,1 Corinthians,KJV
WORD,[them],,2,1 Corinthians 2:10,Epistles,New Testament,1 Corinthians,KJV
PHRASE,unto us,G2254,2,1 Corinthians 2:10,Epistles,New Testament,1 Corinthians,KJV
WORD,by,G1223,2,1 Corinthians 2:10,Epistles,New Testament,1 Corinthians,KJV
WORD,his,G846,2,1 Corinthians 2:10,Epistles,New Testament,1 Corinthians,KJV
WORD,Spirit:,G4151,2,1 Corinthians 2:10,Epistles,New Testament,1 Corinthians,KJV
WORD,for,G1063,2,1 Corinthians 2:10,Epistles,New Testament,1 Corinthians,KJV
WORD,the,G3588,2,1 Corinthians 2:10,Epistles,New Testament,1 Corinthians,KJV
WORD,Spirit,G4151,2,1 Corinthians 2:10,Epistles,New Testament,1 Corinthians,KJV
WORD,searcheth,G2045,2,1 Corinthians 2:10,Epistles,New Testament,1 Corinthians,KJV
PHRASE,"all things,",G3956,2,1 Corinthians 2:10,Epistles,New Testament,1 Corinthians,KJV
WORD,"yea,",G2532,2,1 Corinthians 2:10,Epistles,New Testament,1 Corinthians,KJV
WORD,the,G3588,2,1 Corinthians 2:10,Epistles,New Testament,1 Corinthians,KJV
PHRASE,deep things,G899,2,1 Corinthians 2:10,Epistles,New Testament,1 Corinthians,KJV
PHRASE,of God.,G2316,2,1 Corinthians 2:10,Epistles,New Testament,1 Corinthians,KJV
WORD,For,G1063,2,1 Corinthians 2:11,Epistles,New Testament,1 Corinthians,KJV
WORD,what,G5101,2,1 Corinthians 2:11,Epistles,New Testament,1 Corinthians,KJV
WORD,man,G444,2,1 Corinthians 2:11,Epistles,New Testament,1 Corinthians,KJV
WORD,knoweth,G1492,2,1 Corinthians 2:11,Epistles,New Testament,1 Corinthians,KJV
PHRASE,the things,G3588,2,1 Corinthians 2:11,Epistles,New Testament,1 Corinthians,KJV
PHRASE,of a,G3588,2,1 Corinthians 2:11,Epistles,New Testament,1 Corinthians,KJV
WORD,"man,",G444,2,1 Corinthians 2:11,Epistles,New Testament,1 Corinthians,KJV
WORD,,G1487,2,1 Corinthians 2:11,Epistles,New Testament,1 Corinthians,KJV
WORD,save,G3361,2,1 Corinthians 2:11,Epistles,New Testament,1 Corinthians,KJV
WORD,the,G3588,2,1 Corinthians 2:11,Epistles,New Testament,1 Corinthians,KJV
WORD,spirit,G4151,2,1 Corinthians 2:11,Epistles,New Testament,1 Corinthians,KJV
PHRASE,of man,G444,2,1 Corinthians 2:11,Epistles,New Testament,1 Corinthians,KJV
WORD,which,G3588,2,1 Corinthians 2:11,Epistles,New Testament,1 Corinthians,KJV
PHRASE,is in,G1722,2,1 Corinthians 2:11,Epistles,New Testament,1 Corinthians,KJV
WORD,him?,G846,2,1 Corinthians 2:11,Epistles,New Testament,1 Corinthians,KJV
WORD,even,G2532,2,1 Corinthians 2:11,Epistles,New Testament,1 Corinthians,KJV
WORD,so,G3779,2,1 Corinthians 2:11,Epistles,New Testament,1 Corinthians,KJV
PHRASE,the things,G3588,2,1 Corinthians 2:11,Epistles,New Testament,1 Corinthians,KJV
PHRASE,of God,G2316,2,1 Corinthians 2:11,Epistles,New Testament,1 Corinthians,KJV
WORD,knoweth,G1492,2,1 Corinthians 2:11,Epistles,New Testament,1 Corinthians,KJV
PHRASE,"no man,",G3762,2,1 Corinthians 2:11,Epistles,New Testament,1 Corinthians,KJV
WORD,,G1487,2,1 Corinthians 2:11,Epistles,New Testament,1 Corinthians,KJV
WORD,but,G3361,2,1 Corinthians 2:11,Epistles,New Testament,1 Corinthians,KJV
WORD,the,G3588,2,1 Corinthians 2:11,Epistles,New Testament,1 Corinthians,KJV
WORD,Spirit,G4151,2,1 Corinthians 2:11,Epistles,New Testament,1 Corinthians,KJV
PHRASE,of God.,G2316,2,1 Corinthians 2:11,Epistles,New Testament,1 Corinthians,KJV
WORD,Now,G1161,2,1 Corinthians 2:12,Epistles,New Testament,1 Corinthians,KJV
WORD,we,G2249,2,1 Corinthians 2:12,Epistles,New Testament,1 Corinthians,KJV
PHRASE,"have received,",G2983,2,1 Corinthians 2:12,Epistles,New Testament,1 Corinthians,KJV
WORD,not,G3756,2,1 Corinthians 2:12,Epistles,New Testament,1 Corinthians,KJV
WORD,the,G3588,2,1 Corinthians 2:12,Epistles,New Testament,1 Corinthians,KJV
WORD,spirit,G4151,2,1 Corinthians 2:12,Epistles,New Testament,1 Corinthians,KJV
PHRASE,of the,G3588,2,1 Corinthians 2:12,Epistles,New Testament,1 Corinthians,KJV
WORD,"world,",G2889,2,1 Corinthians 2:12,Epistles,New Testament,1 Corinthians,KJV
WORD,but,G235,2,1 Corinthians 2:12,Epistles,New Testament,1 Corinthians,KJV
WORD,the,G3588,2,1 Corinthians 2:12,Epistles,New Testament,1 Corinthians,KJV
WORD,spirit,G4151,2,1 Corinthians 2:12,Epistles,New Testament,1 Corinthians,KJV
WORD,which,G3588,2,1 Corinthians 2:12,Epistles,New Testament,1 Corinthians,KJV
PHRASE,is of,G1537,2,1 Corinthians 2:12,Epistles,New Testament,1 Corinthians,KJV
WORD,God;,G2316,2,1 Corinthians 2:12,Epistles,New Testament,1 Corinthians,KJV
WORD,that,G2443,2,1 Corinthians 2:12,Epistles,New Testament,1 Corinthians,KJV
PHRASE,we might know,G1492,2,1 Corinthians 2:12,Epistles,New Testament,1 Corinthians,KJV
PHRASE,the things,G3588,2,1 Corinthians 2:12,Epistles,New Testament,1 Corinthians,KJV
PHRASE,that are freely given,G5483,2,1 Corinthians 2:12,Epistles,New Testament,1 Corinthians,KJV
PHRASE,to us,G2254,2,1 Corinthians 2:12,Epistles,New Testament,1 Corinthians,KJV
WORD,of,G5259,2,1 Corinthians 2:12,Epistles,New Testament,1 Corinthians,KJV
WORD,God.,G2316,2,1 Corinthians 2:12,Epistles,New Testament,1 Corinthians,KJV
PHRASE,Which things,G3739,2,1 Corinthians 2:13,Epistles,New Testament,1 Corinthians,KJV
WORD,also,G2532,2,1 Corinthians 2:13,Epistles,New Testament,1 Corinthians,KJV
PHRASE,"we speak,",G2980,2,1 Corinthians 2:13,Epistles,New Testament,1 Corinthians,KJV
WORD,not,G3756,2,1 Corinthians 2:13,Epistles,New Testament,1 Corinthians,KJV
WORD,in,G1722,2,1 Corinthians 2:13,Epistles,New Testament,1 Corinthians,KJV
PHRASE,the words,G3056,2,1 Corinthians 2:13,Epistles,New Testament,1 Corinthians,KJV
PHRASE,which man's,G442,2,1 Corinthians 2:13,Epistles,New Testament,1 Corinthians,KJV
WORD,wisdom,G4678,2,1 Corinthians 2:13,Epistles,New Testament,1 Corinthians,KJV
WORD,"teacheth,",G1318,2,1 Corinthians 2:13,Epistles,New Testament,1 Corinthians,KJV
WORD,but,G235,2,1 Corinthians 2:13,Epistles,New Testament,1 Corinthians,KJV
PHRASE,which the Holy,G40,2,1 Corinthians 2:13,Epistles,New Testament,1 Corinthians,KJV
WORD,Ghost,G4151,2,1 Corinthians 2:13,Epistles,New Testament,1 Corinthians,KJV
WORD,teacheth;,G1318,2,1 Corinthians 2:13,Epistles,New Testament,1 Corinthians,KJV
WORD,comparing,G4793,2,1 Corinthians 2:13,Epistles,New Testament,1 Corinthians,KJV
PHRASE,spiritual things,G4152,2,1 Corinthians 2:13,Epistles,New Testament,1 Corinthians,KJV
PHRASE,with spiritual.,G4152,2,1 Corinthians 2:13,Epistles,New Testament,1 Corinthians,KJV
WORD,But,G1161,2,1 Corinthians 2:14,Epistles,New Testament,1 Corinthians,KJV
PHRASE,the natural,G5591,2,1 Corinthians 2:14,Epistles,New Testament,1 Corinthians,KJV
WORD,man,G444,2,1 Corinthians 2:14,Epistles,New Testament,1 Corinthians,KJV
WORD,receiveth,G1209,2,1 Corinthians 2:14,Epistles,New Testament,1 Corinthians,KJV
WORD,not,G3756,2,1 Corinthians 2:14,Epistles,New Testament,1 Corinthians,KJV
PHRASE,the things,G3588,2,1 Corinthians 2:14,Epistles,New Testament,1 Corinthians,KJV
PHRASE,of the,G3588,2,1 Corinthians 2:14,Epistles,New Testament,1 Corinthians,KJV
WORD,Spirit,G4151,2,1 Corinthians 2:14,Epistles,New Testament,1 Corinthians,KJV
PHRASE,of God:,G2316,2,1 Corinthians 2:14,Epistles,New Testament,1 Corinthians,KJV
WORD,for,G1063,2,1 Corinthians 2:14,Epistles,New Testament,1 Corinthians,KJV
PHRASE,they are,G2076,2,1 Corinthians 2:14,Epistles,New Testament,1 Corinthians,KJV
WORD,foolishness,G3472,2,1 Corinthians 2:14,Epistles,New Testament,1 Corinthians,KJV
PHRASE,unto him:,G846,2,1 Corinthians 2:14,Epistles,New Testament,1 Corinthians,KJV
WORD,neither,G3756,2,1 Corinthians 2:14,Epistles,New Testament,1 Corinthians,KJV
WORD,can,G1410,2,1 Corinthians 2:14,Epistles,New Testament,1 Corinthians,KJV
PHRASE,he know,G1097,2,1 Corinthians 2:14,Epistles,New Testament,1 Corinthians,KJV
WORD,"[them],",,2,1 Corinthians 2:14,Epistles,New Testament,1 Corinthians,KJV
WORD,because,G3754,2,1 Corinthians 2:14,Epistles,New Testament,1 Corinthians,KJV
PHRASE,they are spiritually,G4153,2,1 Corinthians 2:14,Epistles,New Testament,1 Corinthians,KJV
WORD,discerned.,G350,2,1 Corinthians 2:14,Epistles,New Testament,1 Corinthians,KJV
WORD,But,G1161,2,1 Corinthians 2:15,Epistles,New Testament,1 Corinthians,KJV
PHRASE,he that,G3588,2,1 Corinthians 2:15,Epistles,New Testament,1 Corinthians,KJV
PHRASE,is spiritual,G4152,2,1 Corinthians 2:15,Epistles,New Testament,1 Corinthians,KJV
WORD,judgeth,G350,2,1 Corinthians 2:15,Epistles,New Testament,1 Corinthians,KJV
PHRASE,"all things,",G3956,2,1 Corinthians 2:15,Epistles,New Testament,1 Corinthians,KJV
WORD,yet,G1161,2,1 Corinthians 2:15,Epistles,New Testament,1 Corinthians,KJV
PHRASE,he himself,G846,2,1 Corinthians 2:15,Epistles,New Testament,1 Corinthians,KJV
PHRASE,is judged,G350,2,1 Corinthians 2:15,Epistles,New Testament,1 Corinthians,KJV
WORD,of,G5259,2,1 Corinthians 2:15,Epistles,New Testament,1 Corinthians,KJV
PHRASE,no man.,G3762,2,1 Corinthians 2:15,Epistles,New Testament,1 Corinthians,KJV
WORD,For,G1063,2,1 Corinthians 2:16,Epistles,New Testament,1 Corinthians,KJV
WORD,who,G5101,2,1 Corinthians 2:16,Epistles,New Testament,1 Corinthians,KJV
PHRASE,hath known,G1097,2,1 Corinthians 2:16,Epistles,New Testament,1 Corinthians,KJV
PHRASE,the mind,G3563,2,1 Corinthians 2:16,Epistles,New Testament,1 Corinthians,KJV
PHRASE,"of the Lord,",G2962,2,1 Corinthians 2:16,Epistles,New Testament,1 Corinthians,KJV
WORD,that,G3739,2,1 Corinthians 2:16,Epistles,New Testament,1 Corinthians,KJV
PHRASE,he may instruct,G4822,2,1 Corinthians 2:16,Epistles,New Testament,1 Corinthians,KJV
WORD,him?,G846,2,1 Corinthians 2:16,Epistles,New Testament,1 Corinthians,KJV
WORD,But,G1161,2,1 Corinthians 2:16,Epistles,New Testament,1 Corinthians,KJV
WORD,we,G2249,2,1 Corinthians 2:16,Epistles,New Testament,1 Corinthians,KJV
WORD,have,G2192,2,1 Corinthians 2:16,Epistles,New Testament,1 Corinthians,KJV
PHRASE,the mind,G3563,2,1 Corinthians 2:16,Epistles,New Testament,1 Corinthians,KJV
PHRASE,of Christ.,G5547,2,1 Corinthians 2:16,Epistles,New Testament,1 Corinthians,KJV
WORD,And,G2532,3,1 Corinthians 3:1,Epistles,New Testament,1 Corinthians,KJV
WORD,"I,",G1473,3,1 Corinthians 3:1,Epistles,New Testament,1 Corinthians,KJV
WORD,"brethren,",G80,3,1 Corinthians 3:1,Epistles,New Testament,1 Corinthians,KJV
WORD,could,G1410,3,1 Corinthians 3:1,Epistles,New Testament,1 Corinthians,KJV
WORD,not,G3756,3,1 Corinthians 3:1,Epistles,New Testament,1 Corinthians,KJV
WORD,speak,G2980,3,1 Corinthians 3:1,Epistles,New Testament,1 Corinthians,KJV
PHRASE,unto you,G5213,3,1 Corinthians 3:1,Epistles,New Testament,1 Corinthians,KJV
WORD,as,G5613,3,1 Corinthians 3:1,Epistles,New Testament,1 Corinthians,KJV
PHRASE,"unto spiritual,",G4152,3,1 Corinthians 3:1,Epistles,New Testament,1 Corinthians,KJV
WORD,but,G235,3,1 Corinthians 3:1,Epistles,New Testament,1 Corinthians,KJV
WORD,as,G5613,3,1 Corinthians 3:1,Epistles,New Testament,1 Corinthians,KJV
PHRASE,"unto carnal,",G4559,3,1 Corinthians 3:1,Epistles,New Testament,1 Corinthians,KJV
WORD,[even],,3,1 Corinthians 3:1,Epistles,New Testament,1 Corinthians,KJV
WORD,as,G5613,3,1 Corinthians 3:1,Epistles,New Testament,1 Corinthians,KJV
PHRASE,unto babes,G3516,3,1 Corinthians 3:1,Epistles,New Testament,1 Corinthians,KJV
WORD,in,G1722,3,1 Corinthians 3:1,Epistles,New Testament,1 Corinthians,KJV
WORD,Christ.,G5547,3,1 Corinthians 3:1,Epistles,New Testament,1 Corinthians,KJV
PHRASE,I have fed,G4222,3,1 Corinthians 3:2,Epistles,New Testament,1 Corinthians,KJV
WORD,you,G5209,3,1 Corinthians 3:2,Epistles,New Testament,1 Corinthians,KJV
PHRASE,"with milk,",G1051,3,1 Corinthians 3:2,Epistles,New Testament,1 Corinthians,KJV
WORD,and,G2532,3,1 Corinthians 3:2,Epistles,New Testament,1 Corinthians,KJV
WORD,not,G3756,3,1 Corinthians 3:2,Epistles,New Testament,1 Corinthians,KJV
PHRASE,with meat:,G1033,3,1 Corinthians 3:2,Epistles,New Testament,1 Corinthians,KJV
WORD,for,G1063,3,1 Corinthians 3:2,Epistles,New Testament,1 Corinthians,KJV
WORD,hitherto,G3768,3,1 Corinthians 3:2,Epistles,New Testament,1 Corinthians,KJV
PHRASE,ye were,G1410,3,1 Corinthians 3:2,Epistles,New Testament,1 Corinthians,KJV
WORD,not,G3768,3,1 Corinthians 3:2,Epistles,New Testament,1 Corinthians,KJV
WORD,able,G1410,3,1 Corinthians 3:2,Epistles,New Testament,1 Corinthians,KJV
PHRASE,"[to bear it],",,3,1 Corinthians 3:2,Epistles,New Testament,1 Corinthians,KJV
WORD,neither,G3777,3,1 Corinthians 3:2,Epistles,New Testament,1 Corinthians,KJV
WORD,yet,G2089,3,1 Corinthians 3:2,Epistles,New Testament,1 Corinthians,KJV
WORD,now,G3568,3,1 Corinthians 3:2,Epistles,New Testament,1 Corinthians,KJV
PHRASE,are ye able.,G1410,3,1 Corinthians 3:2,Epistles,New Testament,1 Corinthians,KJV
WORD,For,G1063,3,1 Corinthians 3:3,Epistles,New Testament,1 Corinthians,KJV
PHRASE,ye are,G2075,3,1 Corinthians 3:3,Epistles,New Testament,1 Corinthians,KJV
WORD,yet,G2089,3,1 Corinthians 3:3,Epistles,New Testament,1 Corinthians,KJV
WORD,carnal:,G4559,3,1 Corinthians 3:3,Epistles,New Testament,1 Corinthians,KJV
WORD,for,G1063,3,1 Corinthians 3:3,Epistles,New Testament,1 Corinthians,KJV
WORD,whereas,G3699,3,1 Corinthians 3:3,Epistles,New Testament,1 Corinthians,KJV
PHRASE,[there is],,3,1 Corinthians 3:3,Epistles,New Testament,1 Corinthians,KJV
WORD,among,G1722,3,1 Corinthians 3:3,Epistles,New Testament,1 Corinthians,KJV
WORD,you,G5213,3,1 Corinthians 3:3,Epistles,New Testament,1 Corinthians,KJV
WORD,"envying,",G2205,3,1 Corinthians 3:3,Epistles,New Testament,1 Corinthians,KJV
WORD,and,G2532,3,1 Corinthians 3:3,Epistles,New Testament,1 Corinthians,KJV
WORD,"strife,",G2054,3,1 Corinthians 3:3,Epistles,New Testament,1 Corinthians,KJV
WORD,and,G2532,3,1 Corinthians 3:3,Epistles,New Testament,1 Corinthians,KJV
WORD,"divisions,",G1370,3,1 Corinthians 3:3,Epistles,New Testament,1 Corinthians,KJV
PHRASE,are ye,G2075,3,1 Corinthians 3:3,Epistles,New Testament,1 Corinthians,KJV
WORD,not,G3780,3,1 Corinthians 3:3,Epistles,New Testament,1 Corinthians,KJV
WORD,"carnal,",G4559,3,1 Corinthians 3:3,Epistles,New Testament,1 Corinthians,KJV
WORD,and,G2532,3,1 Corinthians 3:3,Epistles,New Testament,1 Corinthians,KJV
WORD,walk,G4043,3,1 Corinthians 3:3,Epistles,New Testament,1 Corinthians,KJV
WORD,as,G2596,3,1 Corinthians 3:3,Epistles,New Testament,1 Corinthians,KJV
WORD,men?,G444,3,1 Corinthians 3:3,Epistles,New Testament,1 Corinthians,KJV
WORD,For,G1063,3,1 Corinthians 3:4,Epistles,New Testament,1 Corinthians,KJV
WORD,while,G3752,3,1 Corinthians 3:4,Epistles,New Testament,1 Corinthians,KJV
WORD,one,G5100,3,1 Corinthians 3:4,Epistles,New Testament,1 Corinthians,KJV
WORD,"saith,",G3004,3,1 Corinthians 3:4,Epistles,New Testament,1 Corinthians,KJV
WORD,I,G1473,3,1 Corinthians 3:4,Epistles,New Testament,1 Corinthians,KJV
WORD,am,G1510,3,1 Corinthians 3:4,Epistles,New Testament,1 Corinthians,KJV
PHRASE,of Paul;,G3972,3,1 Corinthians 3:4,Epistles,New Testament,1 Corinthians,KJV
WORD,and,G1161,3,1 Corinthians 3:4,Epistles,New Testament,1 Corinthians,KJV
WORD,"another,",G2087,3,1 Corinthians 3:4,Epistles,New Testament,1 Corinthians,KJV
WORD,I,G1473,3,1 Corinthians 3:4,Epistles,New Testament,1 Corinthians,KJV
WORD,[am],,3,1 Corinthians 3:4,Epistles,New Testament,1 Corinthians,KJV
PHRASE,of Apollos;,G625,3,1 Corinthians 3:4,Epistles,New Testament,1 Corinthians,KJV
WORD,are,G2075,3,1 Corinthians 3:4,Epistles,New Testament,1 Corinthians,KJV
PHRASE,ye not,G3780,3,1 Corinthians 3:4,Epistles,New Testament,1 Corinthians,KJV
WORD,carnal?,G4559,3,1 Corinthians 3:4,Epistles,New Testament,1 Corinthians,KJV
WORD,Who,G5101,3,1 Corinthians 3:5,Epistles,New Testament,1 Corinthians,KJV
WORD,then,G3767,3,1 Corinthians 3:5,Epistles,New Testament,1 Corinthians,KJV
WORD,is,G2076,3,1 Corinthians 3:5,Epistles,New Testament,1 Corinthians,KJV
WORD,"Paul,",G3972,3,1 Corinthians 3:5,Epistles,New Testament,1 Corinthians,KJV
WORD,and,G1161,3,1 Corinthians 3:5,Epistles,New Testament,1 Corinthians,KJV
WORD,who,G5101,3,1 Corinthians 3:5,Epistles,New Testament,1 Corinthians,KJV
WORD,[is],,3,1 Corinthians 3:5,Epistles,New Testament,1 Corinthians,KJV
WORD,"Apollos,",G625,3,1 Corinthians 3:5,Epistles,New Testament,1 Corinthians,KJV
WORD,but,G235,3,1 Corinthians 3:5,Epistles,New Testament,1 Corinthians,KJV
WORD,ministers,G1249,3,1 Corinthians 3:5,Epistles,New Testament,1 Corinthians,KJV
WORD,by,G1223,3,1 Corinthians 3:5,Epistles,New Testament,1 Corinthians,KJV
WORD,whom,G3739,3,1 Corinthians 3:5,Epistles,New Testament,1 Corinthians,KJV
PHRASE,"ye believed,",G4100,3,1 Corinthians 3:5,Epistles,New Testament,1 Corinthians,KJV
WORD,even,G2532,3,1 Corinthians 3:5,Epistles,New Testament,1 Corinthians,KJV
WORD,as,G5613,3,1 Corinthians 3:5,Epistles,New Testament,1 Corinthians,KJV
WORD,the,G3588,3,1 Corinthians 3:5,Epistles,New Testament,1 Corinthians,KJV
WORD,Lord,G2962,3,1 Corinthians 3:5,Epistles,New Testament,1 Corinthians,KJV
WORD,gave,G1325,3,1 Corinthians 3:5,Epistles,New Testament,1 Corinthians,KJV
PHRASE,to every man?,G1538,3,1 Corinthians 3:5,Epistles,New Testament,1 Corinthians,KJV
WORD,I,G1473,3,1 Corinthians 3:6,Epistles,New Testament,1 Corinthians,KJV
PHRASE,"have planted,",G5452,3,1 Corinthians 3:6,Epistles,New Testament,1 Corinthians,KJV
WORD,Apollos,G625,3,1 Corinthians 3:6,Epistles,New Testament,1 Corinthians,KJV
WORD,watered;,G4222,3,1 Corinthians 3:6,Epistles,New Testament,1 Corinthians,KJV
WORD,but,G235,3,1 Corinthians 3:6,Epistles,New Testament,1 Corinthians,KJV
WORD,God,G2316,3,1 Corinthians 3:6,Epistles,New Testament,1 Corinthians,KJV
PHRASE,gave the increase.,G837,3,1 Corinthians 3:6,Epistles,New Testament,1 Corinthians,KJV
WORD,So,G5620,3,1 Corinthians 3:7,Epistles,New Testament,1 Corinthians,KJV
PHRASE,then neither,G3777,3,1 Corinthians 3:7,Epistles,New Testament,1 Corinthians,KJV
WORD,is,G2076,3,1 Corinthians 3:7,Epistles,New Testament,1 Corinthians,KJV
PHRASE,he that,G3588,3,1 Corinthians 3:7,Epistles,New Testament,1 Corinthians,KJV
WORD,planteth,G5452,3,1 Corinthians 3:7,Epistles,New Testament,1 Corinthians,KJV
PHRASE,"any thing,",G5100,3,1 Corinthians 3:7,Epistles,New Testament,1 Corinthians,KJV
WORD,neither,G3777,3,1 Corinthians 3:7,Epistles,New Testament,1 Corinthians,KJV
PHRASE,he that,G3588,3,1 Corinthians 3:7,Epistles,New Testament,1 Corinthians,KJV
WORD,watereth;,G4222,3,1 Corinthians 3:7,Epistles,New Testament,1 Corinthians,KJV
WORD,but,G235,3,1 Corinthians 3:7,Epistles,New Testament,1 Corinthians,KJV
WORD,God,G2316,3,1 Corinthians 3:7,Epistles,New Testament,1 Corinthians,KJV
WORD,that,G3588,3,1 Corinthians 3:7,Epistles,New Testament,1 Corinthians,KJV
PHRASE,giveth the increase.,G837,3,1 Corinthians 3:7,Epistles,New Testament,1 Corinthians,KJV
WORD,Now,G1161,3,1 Corinthians 3:8,Epistles,New Testament,1 Corinthians,KJV
PHRASE,he that,G3588,3,1 Corinthians 3:8,Epistles,New Testament,1 Corinthians,KJV
WORD,planteth,G5452,3,1 Corinthians 3:8,Epistles,New Testament,1 Corinthians,KJV
WORD,and,G2532,3,1 Corinthians 3:8,Epistles,New Testament,1 Corinthians,KJV
PHRASE,he that,G3588,3,1 Corinthians 3:8,Epistles,New Testament,1 Corinthians,KJV
WORD,watereth,G4222,3,1 Corinthians 3:8,Epistles,New Testament,1 Corinthians,KJV
WORD,are,G1526,3,1 Corinthians 3:8,Epistles,New Testament,1 Corinthians,KJV
WORD,one:,G1520,3,1 Corinthians 3:8,Epistles,New Testament,1 Corinthians,KJV
WORD,and,G1161,3,1 Corinthians 3:8,Epistles,New Testament,1 Corinthians,KJV
PHRASE,every man,G1538,3,1 Corinthians 3:8,Epistles,New Testament,1 Corinthians,KJV
PHRASE,shall receive,G2983,3,1 Corinthians 3:8,Epistles,New Testament,1 Corinthians,KJV
PHRASE,his own,G2398,3,1 Corinthians 3:8,Epistles,New Testament,1 Corinthians,KJV
WORD,reward,G3408,3,1 Corinthians 3:8,Epistles,New Testament,1 Corinthians,KJV
WORD,according,G2596,3,1 Corinthians 3:8,Epistles,New Testament,1 Corinthians,KJV
PHRASE,to his own,G2398,3,1 Corinthians 3:8,Epistles,New Testament,1 Corinthians,KJV
WORD,labour.,G2873,3,1 Corinthians 3:8,Epistles,New Testament,1 Corinthians,KJV
WORD,For,G1063,3,1 Corinthians 3:9,Epistles,New Testament,1 Corinthians,KJV
PHRASE,we are,G2070,3,1 Corinthians 3:9,Epistles,New Testament,1 Corinthians,KJV
PHRASE,labourers together,G4904,3,1 Corinthians 3:9,Epistles,New Testament,1 Corinthians,KJV
PHRASE,with God:,G2316,3,1 Corinthians 3:9,Epistles,New Testament,1 Corinthians,KJV
PHRASE,ye are,G2075,3,1 Corinthians 3:9,Epistles,New Testament,1 Corinthians,KJV
WORD,God's,G2316,3,1 Corinthians 3:9,Epistles,New Testament,1 Corinthians,KJV
WORD,"husbandry,",G1091,3,1 Corinthians 3:9,Epistles,New Testament,1 Corinthians,KJV
PHRASE,[ye are],,3,1 Corinthians 3:9,Epistles,New Testament,1 Corinthians,KJV
WORD,God's,G2316,3,1 Corinthians 3:9,Epistles,New Testament,1 Corinthians,KJV
WORD,building.,G3619,3,1 Corinthians 3:9,Epistles,New Testament,1 Corinthians,KJV
WORD,According,G2596,3,1 Corinthians 3:10,Epistles,New Testament,1 Corinthians,KJV
PHRASE,to the,G3588,3,1 Corinthians 3:10,Epistles,New Testament,1 Corinthians,KJV
WORD,grace,G5485,3,1 Corinthians 3:10,Epistles,New Testament,1 Corinthians,KJV
PHRASE,of God,G2316,3,1 Corinthians 3:10,Epistles,New Testament,1 Corinthians,KJV
WORD,which,G3588,3,1 Corinthians 3:10,Epistles,New Testament,1 Corinthians,KJV
PHRASE,is given,G1325,3,1 Corinthians 3:10,Epistles,New Testament,1 Corinthians,KJV
PHRASE,"unto me,",G3427,3,1 Corinthians 3:10,Epistles,New Testament,1 Corinthians,KJV
WORD,as,G5613,3,1 Corinthians 3:10,Epistles,New Testament,1 Corinthians,KJV
PHRASE,a wise,G4680,3,1 Corinthians 3:10,Epistles,New Testament,1 Corinthians,KJV
WORD,"masterbuilder,",G753,3,1 Corinthians 3:10,Epistles,New Testament,1 Corinthians,KJV
PHRASE,I have laid,G5087,3,1 Corinthians 3:10,Epistles,New Testament,1 Corinthians,KJV
PHRASE,"the foundation,",G2310,3,1 Corinthians 3:10,Epistles,New Testament,1 Corinthians,KJV
WORD,and,G1161,3,1 Corinthians 3:10,Epistles,New Testament,1 Corinthians,KJV
WORD,another,G243,3,1 Corinthians 3:10,Epistles,New Testament,1 Corinthians,KJV
WORD,buildeth,G2026,3,1 Corinthians 3:10,Epistles,New Testament,1 Corinthians,KJV
PHRASE,thereon. But,G1161,3,1 Corinthians 3:10,Epistles,New Testament,1 Corinthians,KJV
WORD,let,G991,3,1 Corinthians 3:10,Epistles,New Testament,1 Corinthians,KJV
PHRASE,every man,G1538,3,1 Corinthians 3:10,Epistles,New Testament,1 Corinthians,KJV
PHRASE,take heed,G991,3,1 Corinthians 3:10,Epistles,New Testament,1 Corinthians,KJV
WORD,how,G4459,3,1 Corinthians 3:10,Epistles,New Testament,1 Corinthians,KJV
PHRASE,he buildeth thereupon.,G2026,3,1 Corinthians 3:10,Epistles,New Testament,1 Corinthians,KJV
WORD,For,G1063,3,1 Corinthians 3:11,Epistles,New Testament,1 Corinthians,KJV
WORD,other,G243,3,1 Corinthians 3:11,Epistles,New Testament,1 Corinthians,KJV
WORD,foundation,G2310,3,1 Corinthians 3:11,Epistles,New Testament,1 Corinthians,KJV
WORD,can,G1410,3,1 Corinthians 3:11,Epistles,New Testament,1 Corinthians,KJV
PHRASE,no man,G3762,3,1 Corinthians 3:11,Epistles,New Testament,1 Corinthians,KJV
WORD,lay,G5087,3,1 Corinthians 3:11,Epistles,New Testament,1 Corinthians,KJV
WORD,than,G3844,3,1 Corinthians 3:11,Epistles,New Testament,1 Corinthians,KJV
PHRASE,"that is laid,",G2749,3,1 Corinthians 3:11,Epistles,New Testament,1 Corinthians,KJV
WORD,which,G3739,3,1 Corinthians 3:11,Epistles,New Testament,1 Corinthians,KJV
WORD,is,G2076,3,1 Corinthians 3:11,Epistles,New Testament,1 Corinthians,KJV
WORD,Jesus,G2424,3,1 Corinthians 3:11,Epistles,New Testament,1 Corinthians,KJV
WORD,Christ.,G5547,3,1 Corinthians 3:11,Epistles,New Testament,1 Corinthians,KJV
WORD,Now,G1161,3,1 Corinthians 3:12,Epistles,New Testament,1 Corinthians,KJV
WORD,if,G1487,3,1 Corinthians 3:12,Epistles,New Testament,1 Corinthians,KJV
PHRASE,any man,G5100,3,1 Corinthians 3:12,Epistles,New Testament,1 Corinthians,KJV
WORD,build,G2026,3,1 Corinthians 3:12,Epistles,New Testament,1 Corinthians,KJV
WORD,upon,G1909,3,1 Corinthians 3:12,Epistles,New Testament,1 Corinthians,KJV
WORD,this,G5126,3,1 Corinthians 3:12,Epistles,New Testament,1 Corinthians,KJV
WORD,foundation,G2310,3,1 Corinthians 3:12,Epistles,New Testament,1 Corinthians,KJV
WORD,"gold,",G5557,3,1 Corinthians 3:12,Epistles,New Testament,1 Corinthians,KJV
WORD,"silver,",G696,3,1 Corinthians 3:12,Epistles,New Testament,1 Corinthians,KJV
WORD,precious,G5093,3,1 Corinthians 3:12,Epistles,New Testament,1 Corinthians,KJV
WORD,"stones,",G3037,3,1 Corinthians 3:12,Epistles,New Testament,1 Corinthians,KJV
WORD,"wood,",G3586,3,1 Corinthians 3:12,Epistles,New Testament,1 Corinthians,KJV
WORD,"hay,",G5528,3,1 Corinthians 3:12,Epistles,New Testament,1 Corinthians,KJV
WORD,stubble;,G2562,3,1 Corinthians 3:12,Epistles,New Testament,1 Corinthians,KJV
PHRASE,Every man's,G1538,3,1 Corinthians 3:13,Epistles,New Testament,1 Corinthians,KJV
WORD,work,G2041,3,1 Corinthians 3:13,Epistles,New Testament,1 Corinthians,KJV
PHRASE,shall be made,G1096,3,1 Corinthians 3:13,Epistles,New Testament,1 Corinthians,KJV
WORD,manifest:,G5318,3,1 Corinthians 3:13,Epistles,New Testament,1 Corinthians,KJV
WORD,for,G1063,3,1 Corinthians 3:13,Epistles,New Testament,1 Corinthians,KJV
PHRASE,the day,G2250,3,1 Corinthians 3:13,Epistles,New Testament,1 Corinthians,KJV
PHRASE,shall declare,G1213,3,1 Corinthians 3:13,Epistles,New Testament,1 Corinthians,KJV
PHRASE,"it, because",G3754,3,1 Corinthians 3:13,Epistles,New Testament,1 Corinthians,KJV
PHRASE,it shall be revealed,G601,3,1 Corinthians 3:13,Epistles,New Testament,1 Corinthians,KJV
WORD,by,G1722,3,1 Corinthians 3:13,Epistles,New Testament,1 Corinthians,KJV
WORD,fire;,G4442,3,1 Corinthians 3:13,Epistles,New Testament,1 Corinthians,KJV
WORD,and,G2532,3,1 Corinthians 3:13,Epistles,New Testament,1 Corinthians,KJV
WORD,the,G3588,3,1 Corinthians 3:13,Epistles,New Testament,1 Corinthians,KJV
WORD,fire,G4442,3,1 Corinthians 3:13,Epistles,New Testament,1 Corinthians,KJV
PHRASE,shall try,G1381,3,1 Corinthians 3:13,Epistles,New Testament,1 Corinthians,KJV
PHRASE,every man's,G1538,3,1 Corinthians 3:13,Epistles,New Testament,1 Corinthians,KJV
WORD,work,G2041,3,1 Corinthians 3:13,Epistles,New Testament,1 Corinthians,KJV
PHRASE,of what sort,G3697,3,1 Corinthians 3:13,Epistles,New Testament,1 Corinthians,KJV
PHRASE,it is.,G2076,3,1 Corinthians 3:13,Epistles,New Testament,1 Corinthians,KJV
WORD,If,G1487,3,1 Corinthians 3:14,Epistles,New Testament,1 Corinthians,KJV
PHRASE,any man's,G5100,3,1 Corinthians 3:14,Epistles,New Testament,1 Corinthians,KJV
WORD,work,G2041,3,1 Corinthians 3:14,Epistles,New Testament,1 Corinthians,KJV
WORD,abide,G3306,3,1 Corinthians 3:14,Epistles,New Testament,1 Corinthians,KJV
WORD,which,G3739,3,1 Corinthians 3:14,Epistles,New Testament,1 Corinthians,KJV
PHRASE,he hath built,G2026,3,1 Corinthians 3:14,Epistles,New Testament,1 Corinthians,KJV
PHRASE,"thereupon, he shall receive",G2983,3,1 Corinthians 3:14,Epistles,New Testament,1 Corinthians,KJV
PHRASE,a reward.,G3408,3,1 Corinthians 3:14,Epistles,New Testament,1 Corinthians,KJV
WORD,If,G1487,3,1 Corinthians 3:15,Epistles,New Testament,1 Corinthians,KJV
PHRASE,any man's,G5100,3,1 Corinthians 3:15,Epistles,New Testament,1 Corinthians,KJV
WORD,work,G2041,3,1 Corinthians 3:15,Epistles,New Testament,1 Corinthians,KJV
PHRASE,"shall be burned,",G2618,3,1 Corinthians 3:15,Epistles,New Testament,1 Corinthians,KJV
PHRASE,he shall suffer loss:,G2210,3,1 Corinthians 3:15,Epistles,New Testament,1 Corinthians,KJV
WORD,but,G1161,3,1 Corinthians 3:15,Epistles,New Testament,1 Corinthians,KJV
PHRASE,he himself,G846,3,1 Corinthians 3:15,Epistles,New Testament,1 Corinthians,KJV
PHRASE,shall be saved;,G4982,3,1 Corinthians 3:15,Epistles,New Testament,1 Corinthians,KJV
WORD,yet,G1161,3,1 Corinthians 3:15,Epistles,New Testament,1 Corinthians,KJV
WORD,so,G3779,3,1 Corinthians 3:15,Epistles,New Testament,1 Corinthians,KJV
WORD,as,G5613,3,1 Corinthians 3:15,Epistles,New Testament,1 Corinthians,KJV
WORD,by,G1223,3,1 Corinthians 3:15,Epistles,New Testament,1 Corinthians,KJV
WORD,fire.,G4442,3,1 Corinthians 3:15,Epistles,New Testament,1 Corinthians,KJV
PHRASE,Know ye,G1492,3,1 Corinthians 3:16,Epistles,New Testament,1 Corinthians,KJV
WORD,not,G3756,3,1 Corinthians 3:16,Epistles,New Testament,1 Corinthians,KJV
WORD,that,G3754,3,1 Corinthians 3:16,Epistles,New Testament,1 Corinthians,KJV
PHRASE,ye are,G2075,3,1 Corinthians 3:16,Epistles,New Testament,1 Corinthians,KJV
PHRASE,the temple,G3485,3,1 Corinthians 3:16,Epistles,New Testament,1 Corinthians,KJV
PHRASE,"of God,",G2316,3,1 Corinthians 3:16,Epistles,New Testament,1 Corinthians,KJV
WORD,and,G2532,3,1 Corinthians 3:16,Epistles,New Testament,1 Corinthians,KJV
WORD,[that],,3,1 Corinthians 3:16,Epistles,New Testament,1 Corinthians,KJV
WORD,the,G3588,3,1 Corinthians 3:16,Epistles,New Testament,1 Corinthians,KJV
WORD,Spirit,G4151,3,1 Corinthians 3:16,Epistles,New Testament,1 Corinthians,KJV
PHRASE,of God,G2316,3,1 Corinthians 3:16,Epistles,New Testament,1 Corinthians,KJV
WORD,dwelleth,G3611,3,1 Corinthians 3:16,Epistles,New Testament,1 Corinthians,KJV
WORD,in,G1722,3,1 Corinthians 3:16,Epistles,New Testament,1 Corinthians,KJV
WORD,you?,G5213,3,1 Corinthians 3:16,Epistles,New Testament,1 Corinthians,KJV
WORD,If,G1487,3,1 Corinthians 3:17,Epistles,New Testament,1 Corinthians,KJV
PHRASE,any man,G5100,3,1 Corinthians 3:17,Epistles,New Testament,1 Corinthians,KJV
WORD,defile,G5351,3,1 Corinthians 3:17,Epistles,New Testament,1 Corinthians,KJV
WORD,the,G3588,3,1 Corinthians 3:17,Epistles,New Testament,1 Corinthians,KJV
WORD,temple,G3485,3,1 Corinthians 3:17,Epistles,New Testament,1 Corinthians,KJV
PHRASE,"of God,",G2316,3,1 Corinthians 3:17,Epistles,New Testament,1 Corinthians,KJV
WORD,him,G5126,3,1 Corinthians 3:17,Epistles,New Testament,1 Corinthians,KJV
WORD,shall,G5351,3,1 Corinthians 3:17,Epistles,New Testament,1 Corinthians,KJV
WORD,God,G2316,3,1 Corinthians 3:17,Epistles,New Testament,1 Corinthians,KJV
WORD,destroy;,G5351,3,1 Corinthians 3:17,Epistles,New Testament,1 Corinthians,KJV
WORD,for,G1063,3,1 Corinthians 3:17,Epistles,New Testament,1 Corinthians,KJV
WORD,the,G3588,3,1 Corinthians 3:17,Epistles,New Testament,1 Corinthians,KJV
WORD,temple,G3485,3,1 Corinthians 3:17,Epistles,New Testament,1 Corinthians,KJV
PHRASE,of God,G2316,3,1 Corinthians 3:17,Epistles,New Testament,1 Corinthians,KJV
WORD,is,G2076,3,1 Corinthians 3:17,Epistles,New Testament,1 Corinthians,KJV
WORD,"holy,",G40,3,1 Corinthians 3:17,Epistles,New Testament,1 Corinthians,KJV
WORD,which,G3748,3,1 Corinthians 3:17,Epistles,New Testament,1 Corinthians,KJV
WORD,[temple],,3,1 Corinthians 3:17,Epistles,New Testament,1 Corinthians,KJV
WORD,ye,G5210,3,1 Corinthians 3:17,Epistles,New Testament,1 Corinthians,KJV
WORD,are.,G2075,3,1 Corinthians 3:17,Epistles,New Testament,1 Corinthians,KJV
WORD,Let,G1818,3,1 Corinthians 3:18,Epistles,New Testament,1 Corinthians,KJV
PHRASE,no man,G3367,3,1 Corinthians 3:18,Epistles,New Testament,1 Corinthians,KJV
WORD,deceive,G1818,3,1 Corinthians 3:18,Epistles,New Testament,1 Corinthians,KJV
WORD,himself.,G1438,3,1 Corinthians 3:18,Epistles,New Testament,1 Corinthians,KJV
WORD,If,G1487,3,1 Corinthians 3:18,Epistles,New Testament,1 Corinthians,KJV
PHRASE,any man,G5100,3,1 Corinthians 3:18,Epistles,New Testament,1 Corinthians,KJV
WORD,among,G1722,3,1 Corinthians 3:18,Epistles,New Testament,1 Corinthians,KJV
WORD,you,G5213,3,1 Corinthians 3:18,Epistles,New Testament,1 Corinthians,KJV
WORD,seemeth,G1380,3,1 Corinthians 3:18,Epistles,New Testament,1 Corinthians,KJV
PHRASE,to be,G1511,3,1 Corinthians 3:18,Epistles,New Testament,1 Corinthians,KJV
WORD,wise,G4680,3,1 Corinthians 3:18,Epistles,New Testament,1 Corinthians,KJV
WORD,in,G1722,3,1 Corinthians 3:18,Epistles,New Testament,1 Corinthians,KJV
WORD,this,G5129,3,1 Corinthians 3:18,Epistles,New Testament,1 Corinthians,KJV
WORD,"world,",G165,3,1 Corinthians 3:18,Epistles,New Testament,1 Corinthians,KJV
PHRASE,let him become,G1096,3,1 Corinthians 3:18,Epistles,New Testament,1 Corinthians,KJV
PHRASE,"a fool,",G3474,3,1 Corinthians 3:18,Epistles,New Testament,1 Corinthians,KJV
WORD,that,G2443,3,1 Corinthians 3:18,Epistles,New Testament,1 Corinthians,KJV
PHRASE,he may be,G1096,3,1 Corinthians 3:18,Epistles,New Testament,1 Corinthians,KJV
WORD,wise.,G4680,3,1 Corinthians 3:18,Epistles,New Testament,1 Corinthians,KJV
WORD,For,G1063,3,1 Corinthians 3:19,Epistles,New Testament,1 Corinthians,KJV
WORD,the,G3588,3,1 Corinthians 3:19,Epistles,New Testament,1 Corinthians,KJV
WORD,wisdom,G4678,3,1 Corinthians 3:19,Epistles,New Testament,1 Corinthians,KJV
PHRASE,of this,G5127,3,1 Corinthians 3:19,Epistles,New Testament,1 Corinthians,KJV
WORD,world,G2889,3,1 Corinthians 3:19,Epistles,New Testament,1 Corinthians,KJV
WORD,is,G2076,3,1 Corinthians 3:19,Epistles,New Testament,1 Corinthians,KJV
WORD,foolishness,G3472,3,1 Corinthians 3:19,Epistles,New Testament,1 Corinthians,KJV
WORD,with,G3844,3,1 Corinthians 3:19,Epistles,New Testament,1 Corinthians,KJV
WORD,God.,G2316,3,1 Corinthians 3:19,Epistles,New Testament,1 Corinthians,KJV
WORD,For,G1063,3,1 Corinthians 3:19,Epistles,New Testament,1 Corinthians,KJV
PHRASE,"it is written,",G1125,3,1 Corinthians 3:19,Epistles,New Testament,1 Corinthians,KJV
PHRASE,He taketh,G1405,3,1 Corinthians 3:19,Epistles,New Testament,1 Corinthians,KJV
WORD,the,G3588,3,1 Corinthians 3:19,Epistles,New Testament,1 Corinthians,KJV
WORD,wise,G4680,3,1 Corinthians 3:19,Epistles,New Testament,1 Corinthians,KJV
WORD,in,G1722,3,1 Corinthians 3:19,Epistles,New Testament,1 Corinthians,KJV
PHRASE,their own,G846,3,1 Corinthians 3:19,Epistles,New Testament,1 Corinthians,KJV
WORD,craftiness.,G3834,3,1 Corinthians 3:19,Epistles,New Testament,1 Corinthians,KJV
WORD,And,G2532,3,1 Corinthians 3:20,Epistles,New Testament,1 Corinthians,KJV
WORD,"again,",G3825,3,1 Corinthians 3:20,Epistles,New Testament,1 Corinthians,KJV
PHRASE,The Lord,G2962,3,1 Corinthians 3:20,Epistles,New Testament,1 Corinthians,KJV
WORD,knoweth,G1097,3,1 Corinthians 3:20,Epistles,New Testament,1 Corinthians,KJV
WORD,the,G3588,3,1 Corinthians 3:20,Epistles,New Testament,1 Corinthians,KJV
WORD,thoughts,G1261,3,1 Corinthians 3:20,Epistles,New Testament,1 Corinthians,KJV
PHRASE,of the,G3588,3,1 Corinthians 3:20,Epistles,New Testament,1 Corinthians,KJV
WORD,"wise,",G4680,3,1 Corinthians 3:20,Epistles,New Testament,1 Corinthians,KJV
WORD,that,G3754,3,1 Corinthians 3:20,Epistles,New Testament,1 Corinthians,KJV
PHRASE,they are,G1526,3,1 Corinthians 3:20,Epistles,New Testament,1 Corinthians,KJV
WORD,vain.,G3152,3,1 Corinthians 3:20,Epistles,New Testament,1 Corinthians,KJV
WORD,Therefore,G5620,3,1 Corinthians 3:21,Epistles,New Testament,1 Corinthians,KJV
WORD,let,G2744,3,1 Corinthians 3:21,Epistles,New Testament,1 Corinthians,KJV
PHRASE,no man,G3367,3,1 Corinthians 3:21,Epistles,New Testament,1 Corinthians,KJV
WORD,glory,G2744,3,1 Corinthians 3:21,Epistles,New Testament,1 Corinthians,KJV
WORD,in,G1722,3,1 Corinthians 3:21,Epistles,New Testament,1 Corinthians,KJV
WORD,men.,G444,3,1 Corinthians 3:21,Epistles,New Testament,1 Corinthians,KJV
WORD,For,G1063,3,1 Corinthians 3:21,Epistles,New Testament,1 Corinthians,KJV
PHRASE,all things,G3956,3,1 Corinthians 3:21,Epistles,New Testament,1 Corinthians,KJV
WORD,are,G2076,3,1 Corinthians 3:21,Epistles,New Testament,1 Corinthians,KJV
WORD,yours;,G5216,3,1 Corinthians 3:21,Epistles,New Testament,1 Corinthians,KJV
WORD,Whether,G1535,3,1 Corinthians 3:22,Epistles,New Testament,1 Corinthians,KJV
WORD,"Paul,",G3972,3,1 Corinthians 3:22,Epistles,New Testament,1 Corinthians,KJV
WORD,or,G1535,3,1 Corinthians 3:22,Epistles,New Testament,1 Corinthians,KJV
WORD,"Apollos,",G625,3,1 Corinthians 3:22,Epistles,New Testament,1 Corinthians,KJV
WORD,or,G1535,3,1 Corinthians 3:22,Epistles,New Testament,1 Corinthians,KJV
WORD,"Cephas,",G2786,3,1 Corinthians 3:22,Epistles,New Testament,1 Corinthians,KJV
WORD,or,G1535,3,1 Corinthians 3:22,Epistles,New Testament,1 Corinthians,KJV
PHRASE,"the world,",G2889,3,1 Corinthians 3:22,Epistles,New Testament,1 Corinthians,KJV
WORD,or,G1535,3,1 Corinthians 3:22,Epistles,New Testament,1 Corinthians,KJV
WORD,"life,",G2222,3,1 Corinthians 3:22,Epistles,New Testament,1 Corinthians,KJV
WORD,or,G1535,3,1 Corinthians 3:22,Epistles,New Testament,1 Corinthians,KJV
WORD,"death,",G2288,3,1 Corinthians 3:22,Epistles,New Testament,1 Corinthians,KJV
WORD,or,G1535,3,1 Corinthians 3:22,Epistles,New Testament,1 Corinthians,KJV
PHRASE,"things present,",G1764,3,1 Corinthians 3:22,Epistles,New Testament,1 Corinthians,KJV
WORD,or,G1535,3,1 Corinthians 3:22,Epistles,New Testament,1 Corinthians,KJV
PHRASE,things to come;,G3195,3,1 Corinthians 3:22,Epistles,New Testament,1 Corinthians,KJV
WORD,all,G3956,3,1 Corinthians 3:22,Epistles,New Testament,1 Corinthians,KJV
WORD,are,G2076,3,1 Corinthians 3:22,Epistles,New Testament,1 Corinthians,KJV
WORD,yours;,G5216,3,1 Corinthians 3:22,Epistles,New Testament,1 Corinthians,KJV
WORD,And,G1161,3,1 Corinthians 3:23,Epistles,New Testament,1 Corinthians,KJV
WORD,ye,G5210,3,1 Corinthians 3:23,Epistles,New Testament,1 Corinthians,KJV
PHRASE,are Christ's;,G5547,3,1 Corinthians 3:23,Epistles,New Testament,1 Corinthians,KJV
WORD,and,G1161,3,1 Corinthians 3:23,Epistles,New Testament,1 Corinthians,KJV
WORD,Christ,G5547,3,1 Corinthians 3:23,Epistles,New Testament,1 Corinthians,KJV
WORD,[is],,3,1 Corinthians 3:23,Epistles,New Testament,1 Corinthians,KJV
WORD,God's.,G2316,3,1 Corinthians 3:23,Epistles,New Testament,1 Corinthians,KJV
WORD,Let,G3049,4,1 Corinthians 4:1,Epistles,New Testament,1 Corinthians,KJV
PHRASE,a man,G444,4,1 Corinthians 4:1,Epistles,New Testament,1 Corinthians,KJV
WORD,so,G3779,4,1 Corinthians 4:1,Epistles,New Testament,1 Corinthians,KJV
WORD,account,G3049,4,1 Corinthians 4:1,Epistles,New Testament,1 Corinthians,KJV
PHRASE,"of us,",G2248,4,1 Corinthians 4:1,Epistles,New Testament,1 Corinthians,KJV
WORD,as,G5613,4,1 Corinthians 4:1,Epistles,New Testament,1 Corinthians,KJV
PHRASE,of the ministers,G5257,4,1 Corinthians 4:1,Epistles,New Testament,1 Corinthians,KJV
PHRASE,"of Christ,",G5547,4,1 Corinthians 4:1,Epistles,New Testament,1 Corinthians,KJV
WORD,and,G2532,4,1 Corinthians 4:1,Epistles,New Testament,1 Corinthians,KJV
WORD,stewards,G3623,4,1 Corinthians 4:1,Epistles,New Testament,1 Corinthians,KJV
PHRASE,of the mysteries,G3466,4,1 Corinthians 4:1,Epistles,New Testament,1 Corinthians,KJV
PHRASE,of God.,G2316,4,1 Corinthians 4:1,Epistles,New Testament,1 Corinthians,KJV
WORD,Moreover,G3063,4,1 Corinthians 4:2,Epistles,New Testament,1 Corinthians,KJV
PHRASE,it is required,G2212,4,1 Corinthians 4:2,Epistles,New Testament,1 Corinthians,KJV
WORD,in,G1722,4,1 Corinthians 4:2,Epistles,New Testament,1 Corinthians,KJV
WORD,"stewards,",G3623,4,1 Corinthians 4:2,Epistles,New Testament,1 Corinthians,KJV
WORD,that,G2443,4,1 Corinthians 4:2,Epistles,New Testament,1 Corinthians,KJV
PHRASE,a man,G5100,4,1 Corinthians 4:2,Epistles,New Testament,1 Corinthians,KJV
PHRASE,be found,G2147,4,1 Corinthians 4:2,Epistles,New Testament,1 Corinthians,KJV
WORD,faithful.,G4103,4,1 Corinthians 4:2,Epistles,New Testament,1 Corinthians,KJV
WORD,But,G1161,4,1 Corinthians 4:3,Epistles,New Testament,1 Corinthians,KJV
PHRASE,with me,G1698,4,1 Corinthians 4:3,Epistles,New Testament,1 Corinthians,KJV
PHRASE,it is,G2076,4,1 Corinthians 4:3,Epistles,New Testament,1 Corinthians,KJV
PHRASE,a very small thing,G1646,4,1 Corinthians 4:3,Epistles,New Testament,1 Corinthians,KJV
WORD,that,G2443,4,1 Corinthians 4:3,Epistles,New Testament,1 Corinthians,KJV
PHRASE,I should be judged,G350,4,1 Corinthians 4:3,Epistles,New Testament,1 Corinthians,KJV
WORD,of,G5259,4,1 Corinthians 4:3,Epistles,New Testament,1 Corinthians,KJV
WORD,"you,",G5216,4,1 Corinthians 4:3,Epistles,New Testament,1 Corinthians,KJV
WORD,or,G2228,4,1 Corinthians 4:3,Epistles,New Testament,1 Corinthians,KJV
WORD,of,G5259,4,1 Corinthians 4:3,Epistles,New Testament,1 Corinthians,KJV
WORD,man's,G442,4,1 Corinthians 4:3,Epistles,New Testament,1 Corinthians,KJV
WORD,judgment:,G2250,4,1 Corinthians 4:3,Epistles,New Testament,1 Corinthians,KJV
WORD,"yea,",G235,4,1 Corinthians 4:3,Epistles,New Testament,1 Corinthians,KJV
PHRASE,I judge,G350,4,1 Corinthians 4:3,Epistles,New Testament,1 Corinthians,KJV
WORD,not,G3761,4,1 Corinthians 4:3,Epistles,New Testament,1 Corinthians,KJV
PHRASE,mine own self.,G1683,4,1 Corinthians 4:3,Epistles,New Testament,1 Corinthians,KJV
WORD,For,G1063,4,1 Corinthians 4:4,Epistles,New Testament,1 Corinthians,KJV
PHRASE,I know,G4894,4,1 Corinthians 4:4,Epistles,New Testament,1 Corinthians,KJV
WORD,nothing,G3762,4,1 Corinthians 4:4,Epistles,New Testament,1 Corinthians,KJV
PHRASE,by myself;,G1683,4,1 Corinthians 4:4,Epistles,New Testament,1 Corinthians,KJV
WORD,yet,G235,4,1 Corinthians 4:4,Epistles,New Testament,1 Corinthians,KJV
PHRASE,am I,G1344,4,1 Corinthians 4:4,Epistles,New Testament,1 Corinthians,KJV
WORD,not,G3756,4,1 Corinthians 4:4,Epistles,New Testament,1 Corinthians,KJV
WORD,,G1722,4,1 Corinthians 4:4,Epistles,New Testament,1 Corinthians,KJV
WORD,hereby,G5129,4,1 Corinthians 4:4,Epistles,New Testament,1 Corinthians,KJV
WORD,justified:,G1344,4,1 Corinthians 4:4,Epistles,New Testament,1 Corinthians,KJV
WORD,but,G1161,4,1 Corinthians 4:4,Epistles,New Testament,1 Corinthians,KJV
PHRASE,he that,G3588,4,1 Corinthians 4:4,Epistles,New Testament,1 Corinthians,KJV
WORD,judgeth,G350,4,1 Corinthians 4:4,Epistles,New Testament,1 Corinthians,KJV
WORD,me,G3165,4,1 Corinthians 4:4,Epistles,New Testament,1 Corinthians,KJV
WORD,is,G2076,4,1 Corinthians 4:4,Epistles,New Testament,1 Corinthians,KJV
PHRASE,the Lord.,G2962,4,1 Corinthians 4:4,Epistles,New Testament,1 Corinthians,KJV
WORD,Therefore,G5620,4,1 Corinthians 4:5,Epistles,New Testament,1 Corinthians,KJV
WORD,judge,G2919,4,1 Corinthians 4:5,Epistles,New Testament,1 Corinthians,KJV
WORD,nothing,G3361,4,1 Corinthians 4:5,Epistles,New Testament,1 Corinthians,KJV
WORD,,G5100,4,1 Corinthians 4:5,Epistles,New Testament,1 Corinthians,KJV
WORD,before,G4253,4,1 Corinthians 4:5,Epistles,New Testament,1 Corinthians,KJV
PHRASE,"the time,",G2540,4,1 Corinthians 4:5,Epistles,New Testament,1 Corinthians,KJV
WORD,until,G2193,4,1 Corinthians 4:5,Epistles,New Testament,1 Corinthians,KJV
WORD,the,G3588,4,1 Corinthians 4:5,Epistles,New Testament,1 Corinthians,KJV
WORD,Lord,G2962,4,1 Corinthians 4:5,Epistles,New Testament,1 Corinthians,KJV
WORD,"come,",G2064,4,1 Corinthians 4:5,Epistles,New Testament,1 Corinthians,KJV
WORD,who,G3739,4,1 Corinthians 4:5,Epistles,New Testament,1 Corinthians,KJV
WORD,both,G2532,4,1 Corinthians 4:5,Epistles,New Testament,1 Corinthians,KJV
PHRASE,will bring to light,G5461,4,1 Corinthians 4:5,Epistles,New Testament,1 Corinthians,KJV
WORD,the,G3588,4,1 Corinthians 4:5,Epistles,New Testament,1 Corinthians,KJV
PHRASE,hidden things,G2927,4,1 Corinthians 4:5,Epistles,New Testament,1 Corinthians,KJV
PHRASE,"of darkness,",G4655,4,1 Corinthians 4:5,Epistles,New Testament,1 Corinthians,KJV
WORD,and,G2532,4,1 Corinthians 4:5,Epistles,New Testament,1 Corinthians,KJV
PHRASE,will make manifest,G5319,4,1 Corinthians 4:5,Epistles,New Testament,1 Corinthians,KJV
WORD,the,G3588,4,1 Corinthians 4:5,Epistles,New Testament,1 Corinthians,KJV
WORD,counsels,G1012,4,1 Corinthians 4:5,Epistles,New Testament,1 Corinthians,KJV
PHRASE,of the,G3588,4,1 Corinthians 4:5,Epistles,New Testament,1 Corinthians,KJV
WORD,hearts:,G2588,4,1 Corinthians 4:5,Epistles,New Testament,1 Corinthians,KJV
WORD,and,G2532,4,1 Corinthians 4:5,Epistles,New Testament,1 Corinthians,KJV
WORD,then,G5119,4,1 Corinthians 4:5,Epistles,New Testament,1 Corinthians,KJV
PHRASE,shall every man,G1538,4,1 Corinthians 4:5,Epistles,New Testament,1 Corinthians,KJV
WORD,have,G1096,4,1 Corinthians 4:5,Epistles,New Testament,1 Corinthians,KJV
WORD,praise,G1868,4,1 Corinthians 4:5,Epistles,New Testament,1 Corinthians,KJV
WORD,of,G575,4,1 Corinthians 4:5,Epistles,New Testament,1 Corinthians,KJV
WORD,God.,G2316,4,1 Corinthians 4:5,Epistles,New Testament,1 Corinthians,KJV
WORD,And,G1161,4,1 Corinthians 4:6,Epistles,New Testament,1 Corinthians,KJV
PHRASE,"these things,",G5023,4,1 Corinthians 4:6,Epistles,New Testament,1 Corinthians,KJV
WORD,"brethren,",G80,4,1 Corinthians 4:6,Epistles,New Testament,1 Corinthians,KJV
PHRASE,I have in a figure transferred,G3345,4,1 Corinthians 4:6,Epistles,New Testament,1 Corinthians,KJV
WORD,to,G1519,4,1 Corinthians 4:6,Epistles,New Testament,1 Corinthians,KJV
WORD,myself,G1683,4,1 Corinthians 4:6,Epistles,New Testament,1 Corinthians,KJV
WORD,and,G2532,4,1 Corinthians 4:6,Epistles,New Testament,1 Corinthians,KJV
WORD,[to],,4,1 Corinthians 4:6,Epistles,New Testament,1 Corinthians,KJV
WORD,Apollos,G625,4,1 Corinthians 4:6,Epistles,New Testament,1 Corinthians,KJV
WORD,for,G1223,4,1 Corinthians 4:6,Epistles,New Testament,1 Corinthians,KJV
PHRASE,your sakes;,G5209,4,1 Corinthians 4:6,Epistles,New Testament,1 Corinthians,KJV
WORD,that,G2443,4,1 Corinthians 4:6,Epistles,New Testament,1 Corinthians,KJV
PHRASE,ye might learn,G3129,4,1 Corinthians 4:6,Epistles,New Testament,1 Corinthians,KJV
WORD,in,G1722,4,1 Corinthians 4:6,Epistles,New Testament,1 Corinthians,KJV
WORD,us,G2254,4,1 Corinthians 4:6,Epistles,New Testament,1 Corinthians,KJV
WORD,not,G3361,4,1 Corinthians 4:6,Epistles,New Testament,1 Corinthians,KJV
PHRASE,to think,G5426,4,1 Corinthians 4:6,Epistles,New Testament,1 Corinthians,KJV
PHRASE,[of men],,4,1 Corinthians 4:6,Epistles,New Testament,1 Corinthians,KJV
WORD,above,G5228,4,1 Corinthians 4:6,Epistles,New Testament,1 Corinthians,KJV
PHRASE,that which,G3739,4,1 Corinthians 4:6,Epistles,New Testament,1 Corinthians,KJV
PHRASE,"is written,",G1125,4,1 Corinthians 4:6,Epistles,New Testament,1 Corinthians,KJV
WORD,that,G2443,4,1 Corinthians 4:6,Epistles,New Testament,1 Corinthians,KJV
WORD,no,G3361,4,1 Corinthians 4:6,Epistles,New Testament,1 Corinthians,KJV
WORD,one,G1520,4,1 Corinthians 4:6,Epistles,New Testament,1 Corinthians,KJV
PHRASE,of you be puffed up,G5448,4,1 Corinthians 4:6,Epistles,New Testament,1 Corinthians,KJV
WORD,for,G5228,4,1 Corinthians 4:6,Epistles,New Testament,1 Corinthians,KJV
WORD,one,G1520,4,1 Corinthians 4:6,Epistles,New Testament,1 Corinthians,KJV
WORD,against,G2596,4,1 Corinthians 4:6,Epistles,New Testament,1 Corinthians,KJV
WORD,another.,G2087,4,1 Corinthians 4:6,Epistles,New Testament,1 Corinthians,KJV
WORD,For,G1063,4,1 Corinthians 4:7,Epistles,New Testament,1 Corinthians,KJV
WORD,who,G5101,4,1 Corinthians 4:7,Epistles,New Testament,1 Corinthians,KJV
WORD,maketh,G1252,4,1 Corinthians 4:7,Epistles,New Testament,1 Corinthians,KJV
WORD,thee,G4571,4,1 Corinthians 4:7,Epistles,New Testament,1 Corinthians,KJV
PHRASE,to differ,G1252,4,1 Corinthians 4:7,Epistles,New Testament,1 Corinthians,KJV
PHRASE,[from another]?,,4,1 Corinthians 4:7,Epistles,New Testament,1 Corinthians,KJV
WORD,and,G1161,4,1 Corinthians 4:7,Epistles,New Testament,1 Corinthians,KJV
WORD,what,G5101,4,1 Corinthians 4:7,Epistles,New Testament,1 Corinthians,KJV
PHRASE,hast thou,G2192,4,1 Corinthians 4:7,Epistles,New Testament,1 Corinthians,KJV
WORD,that,G3739,4,1 Corinthians 4:7,Epistles,New Testament,1 Corinthians,KJV
PHRASE,thou didst,G2983,4,1 Corinthians 4:7,Epistles,New Testament,1 Corinthians,KJV
WORD,not,G3756,4,1 Corinthians 4:7,Epistles,New Testament,1 Corinthians,KJV
WORD,receive?,G2983,4,1 Corinthians 4:7,Epistles,New Testament,1 Corinthians,KJV
WORD,now,G1161,4,1 Corinthians 4:7,Epistles,New Testament,1 Corinthians,KJV
WORD,if,G1487,4,1 Corinthians 4:7,Epistles,New Testament,1 Corinthians,KJV
PHRASE,thou didst receive,G2983,4,1 Corinthians 4:7,Epistles,New Testament,1 Corinthians,KJV
WORD,"[it],",,4,1 Corinthians 4:7,Epistles,New Testament,1 Corinthians,KJV
WORD,why,G5101,4,1 Corinthians 4:7,Epistles,New Testament,1 Corinthians,KJV
PHRASE,"dost thou glory,",G2744,4,1 Corinthians 4:7,Epistles,New Testament,1 Corinthians,KJV
WORD,as,G5613,4,1 Corinthians 4:7,Epistles,New Testament,1 Corinthians,KJV
PHRASE,if thou hadst,G2983,4,1 Corinthians 4:7,Epistles,New Testament,1 Corinthians,KJV
WORD,not,G3361,4,1 Corinthians 4:7,Epistles,New Testament,1 Corinthians,KJV
WORD,received,G2983,4,1 Corinthians 4:7,Epistles,New Testament,1 Corinthians,KJV
WORD,[it]?,,4,1 Corinthians 4:7,Epistles,New Testament,1 Corinthians,KJV
WORD,Now,G2235,4,1 Corinthians 4:8,Epistles,New Testament,1 Corinthians,KJV
PHRASE,ye are,G2075,4,1 Corinthians 4:8,Epistles,New Testament,1 Corinthians,KJV
WORD,"full,",G2880,4,1 Corinthians 4:8,Epistles,New Testament,1 Corinthians,KJV
WORD,now,G2235,4,1 Corinthians 4:8,Epistles,New Testament,1 Corinthians,KJV
PHRASE,"ye are rich,",G4147,4,1 Corinthians 4:8,Epistles,New Testament,1 Corinthians,KJV
PHRASE,ye have reigned as kings,G936,4,1 Corinthians 4:8,Epistles,New Testament,1 Corinthians,KJV
WORD,without,G5565,4,1 Corinthians 4:8,Epistles,New Testament,1 Corinthians,KJV
WORD,us:,G2257,4,1 Corinthians 4:8,Epistles,New Testament,1 Corinthians,KJV
WORD,and,G2532,4,1 Corinthians 4:8,Epistles,New Testament,1 Corinthians,KJV
PHRASE,I would to God,G3785,4,1 Corinthians 4:8,Epistles,New Testament,1 Corinthians,KJV
WORD,,G1065,4,1 Corinthians 4:8,Epistles,New Testament,1 Corinthians,KJV
PHRASE,"ye did reign,",G936,4,1 Corinthians 4:8,Epistles,New Testament,1 Corinthians,KJV
WORD,that,G2443,4,1 Corinthians 4:8,Epistles,New Testament,1 Corinthians,KJV
WORD,we,G2249,4,1 Corinthians 4:8,Epistles,New Testament,1 Corinthians,KJV
WORD,also,G2532,4,1 Corinthians 4:8,Epistles,New Testament,1 Corinthians,KJV
PHRASE,might reign with,G4821,4,1 Corinthians 4:8,Epistles,New Testament,1 Corinthians,KJV
WORD,you.,G5213,4,1 Corinthians 4:8,Epistles,New Testament,1 Corinthians,KJV
WORD,For,G1063,4,1 Corinthians 4:9,Epistles,New Testament,1 Corinthians,KJV
PHRASE,I think,G1380,4,1 Corinthians 4:9,Epistles,New Testament,1 Corinthians,KJV
WORD,that,G3754,4,1 Corinthians 4:9,Epistles,New Testament,1 Corinthians,KJV
WORD,God,G2316,4,1 Corinthians 4:9,Epistles,New Testament,1 Corinthians,KJV
PHRASE,hath set forth,G584,4,1 Corinthians 4:9,Epistles,New Testament,1 Corinthians,KJV
WORD,us,G2248,4,1 Corinthians 4:9,Epistles,New Testament,1 Corinthians,KJV
WORD,the,G3588,4,1 Corinthians 4:9,Epistles,New Testament,1 Corinthians,KJV
WORD,apostles,G652,4,1 Corinthians 4:9,Epistles,New Testament,1 Corinthians,KJV
WORD,"last,",G2078,4,1 Corinthians 4:9,Epistles,New Testament,1 Corinthians,KJV
WORD,as,G5613,4,1 Corinthians 4:9,Epistles,New Testament,1 Corinthians,KJV
PHRASE,it were appointed to death:,G1935,4,1 Corinthians 4:9,Epistles,New Testament,1 Corinthians,KJV
WORD,for,G3754,4,1 Corinthians 4:9,Epistles,New Testament,1 Corinthians,KJV
PHRASE,we are made,G1096,4,1 Corinthians 4:9,Epistles,New Testament,1 Corinthians,KJV
PHRASE,a spectacle,G2302,4,1 Corinthians 4:9,Epistles,New Testament,1 Corinthians,KJV
PHRASE,unto the,G3588,4,1 Corinthians 4:9,Epistles,New Testament,1 Corinthians,KJV
WORD,"world,",G2889,4,1 Corinthians 4:9,Epistles,New Testament,1 Corinthians,KJV
WORD,and,G2532,4,1 Corinthians 4:9,Epistles,New Testament,1 Corinthians,KJV
PHRASE,"to angels,",G32,4,1 Corinthians 4:9,Epistles,New Testament,1 Corinthians,KJV
WORD,and,G2532,4,1 Corinthians 4:9,Epistles,New Testament,1 Corinthians,KJV
PHRASE,to men.,G444,4,1 Corinthians 4:9,Epistles,New Testament,1 Corinthians,KJV
WORD,We,G2249,4,1 Corinthians 4:10,Epistles,New Testament,1 Corinthians,KJV
WORD,[are],,4,1 Corinthians 4:10,Epistles,New Testament,1 Corinthians,KJV
WORD,fools,G3474,4,1 Corinthians 4:10,Epistles,New Testament,1 Corinthians,KJV
WORD,for,G1223,4,1 Corinthians 4:10,Epistles,New Testament,1 Corinthians,KJV
WORD,Christ's,G5547,4,1 Corinthians 4:10,Epistles,New Testament,1 Corinthians,KJV
WORD,"sake,",G1223,4,1 Corinthians 4:10,Epistles,New Testament,1 Corinthians,KJV
WORD,but,G1161,4,1 Corinthians 4:10,Epistles,New Testament,1 Corinthians,KJV
WORD,ye,G5210,4,1 Corinthians 4:10,Epistles,New Testament,1 Corinthians,KJV
WORD,[are],,4,1 Corinthians 4:10,Epistles,New Testament,1 Corinthians,KJV
WORD,wise,G5429,4,1 Corinthians 4:10,Epistles,New Testament,1 Corinthians,KJV
WORD,in,G1722,4,1 Corinthians 4:10,Epistles,New Testament,1 Corinthians,KJV
WORD,Christ;,G5547,4,1 Corinthians 4:10,Epistles,New Testament,1 Corinthians,KJV
WORD,we,G2249,4,1 Corinthians 4:10,Epistles,New Testament,1 Corinthians,KJV
WORD,[are],,4,1 Corinthians 4:10,Epistles,New Testament,1 Corinthians,KJV
WORD,"weak,",G772,4,1 Corinthians 4:10,Epistles,New Testament,1 Corinthians,KJV
WORD,but,G1161,4,1 Corinthians 4:10,Epistles,New Testament,1 Corinthians,KJV
WORD,ye,G5210,4,1 Corinthians 4:10,Epistles,New Testament,1 Corinthians,KJV
WORD,[are],,4,1 Corinthians 4:10,Epistles,New Testament,1 Corinthians,KJV
WORD,strong;,G2478,4,1 Corinthians 4:10,Epistles,New Testament,1 Corinthians,KJV
WORD,ye,G5210,4,1 Corinthians 4:10,Epistles,New Testament,1 Corinthians,KJV
WORD,[are],,4,1 Corinthians 4:10,Epistles,New Testament,1 Corinthians,KJV
WORD,"honourable,",G1741,4,1 Corinthians 4:10,Epistles,New Testament,1 Corinthians,KJV
WORD,but,G1161,4,1 Corinthians 4:10,Epistles,New Testament,1 Corinthians,KJV
WORD,we,G2249,4,1 Corinthians 4:10,Epistles,New Testament,1 Corinthians,KJV
WORD,[are],,4,1 Corinthians 4:10,Epistles,New Testament,1 Corinthians,KJV
WORD,despised.,G820,4,1 Corinthians 4:10,Epistles,New Testament,1 Corinthians,KJV
WORD,Even,G891,4,1 Corinthians 4:11,Epistles,New Testament,1 Corinthians,KJV
PHRASE,unto this present,G737,4,1 Corinthians 4:11,Epistles,New Testament,1 Corinthians,KJV
WORD,hour,G5610,4,1 Corinthians 4:11,Epistles,New Testament,1 Corinthians,KJV
WORD,we,G3983,4,1 Corinthians 4:11,Epistles,New Testament,1 Corinthians,KJV
WORD,both,G2532,4,1 Corinthians 4:11,Epistles,New Testament,1 Corinthians,KJV
WORD,"hunger,",G3983,4,1 Corinthians 4:11,Epistles,New Testament,1 Corinthians,KJV
WORD,and,G2532,4,1 Corinthians 4:11,Epistles,New Testament,1 Corinthians,KJV
WORD,"thirst,",G1372,4,1 Corinthians 4:11,Epistles,New Testament,1 Corinthians,KJV
WORD,and,G2532,4,1 Corinthians 4:11,Epistles,New Testament,1 Corinthians,KJV
PHRASE,"are naked,",G1130,4,1 Corinthians 4:11,Epistles,New Testament,1 Corinthians,KJV
WORD,and,G2532,4,1 Corinthians 4:11,Epistles,New Testament,1 Corinthians,KJV
PHRASE,"are buffeted,",G2852,4,1 Corinthians 4:11,Epistles,New Testament,1 Corinthians,KJV
WORD,and,G2532,4,1 Corinthians 4:11,Epistles,New Testament,1 Corinthians,KJV
PHRASE,have no certain dwellingplace;,G790,4,1 Corinthians 4:11,Epistles,New Testament,1 Corinthians,KJV
WORD,And,G2532,4,1 Corinthians 4:12,Epistles,New Testament,1 Corinthians,KJV
WORD,"labour,",G2872,4,1 Corinthians 4:12,Epistles,New Testament,1 Corinthians,KJV
WORD,working,G2038,4,1 Corinthians 4:12,Epistles,New Testament,1 Corinthians,KJV
PHRASE,with our own,G2398,4,1 Corinthians 4:12,Epistles,New Testament,1 Corinthians,KJV
WORD,hands:,G5495,4,1 Corinthians 4:12,Epistles,New Testament,1 Corinthians,KJV
PHRASE,"being reviled,",G3058,4,1 Corinthians 4:12,Epistles,New Testament,1 Corinthians,KJV
PHRASE,we bless;,G2127,4,1 Corinthians 4:12,Epistles,New Testament,1 Corinthians,KJV
PHRASE,"being persecuted,",G1377,4,1 Corinthians 4:12,Epistles,New Testament,1 Corinthians,KJV
PHRASE,we suffer it:,G430,4,1 Corinthians 4:12,Epistles,New Testament,1 Corinthians,KJV
PHRASE,"Being defamed,",G987,4,1 Corinthians 4:13,Epistles,New Testament,1 Corinthians,KJV
PHRASE,we intreat:,G3870,4,1 Corinthians 4:13,Epistles,New Testament,1 Corinthians,KJV
PHRASE,we are made,G1096,4,1 Corinthians 4:13,Epistles,New Testament,1 Corinthians,KJV
WORD,as,G5613,4,1 Corinthians 4:13,Epistles,New Testament,1 Corinthians,KJV
PHRASE,the filth,G4027,4,1 Corinthians 4:13,Epistles,New Testament,1 Corinthians,KJV
PHRASE,of the,G3588,4,1 Corinthians 4:13,Epistles,New Testament,1 Corinthians,KJV
WORD,"world,",G2889,4,1 Corinthians 4:13,Epistles,New Testament,1 Corinthians,KJV
PHRASE,[and are],,4,1 Corinthians 4:13,Epistles,New Testament,1 Corinthians,KJV
PHRASE,the offscouring,G4067,4,1 Corinthians 4:13,Epistles,New Testament,1 Corinthians,KJV
PHRASE,of all things,G3956,4,1 Corinthians 4:13,Epistles,New Testament,1 Corinthians,KJV
WORD,unto,G2193,4,1 Corinthians 4:13,Epistles,New Testament,1 Corinthians,KJV
PHRASE,this day.,G737,4,1 Corinthians 4:13,Epistles,New Testament,1 Corinthians,KJV
PHRASE,I write,G1125,4,1 Corinthians 4:14,Epistles,New Testament,1 Corinthians,KJV
WORD,not,G3756,4,1 Corinthians 4:14,Epistles,New Testament,1 Corinthians,KJV
PHRASE,these things,G5023,4,1 Corinthians 4:14,Epistles,New Testament,1 Corinthians,KJV
PHRASE,to shame,G1788,4,1 Corinthians 4:14,Epistles,New Testament,1 Corinthians,KJV
WORD,"you,",G5209,4,1 Corinthians 4:14,Epistles,New Testament,1 Corinthians,KJV
WORD,but,G235,4,1 Corinthians 4:14,Epistles,New Testament,1 Corinthians,KJV
WORD,as,G5613,4,1 Corinthians 4:14,Epistles,New Testament,1 Corinthians,KJV
WORD,my,G3450,4,1 Corinthians 4:14,Epistles,New Testament,1 Corinthians,KJV
WORD,beloved,G27,4,1 Corinthians 4:14,Epistles,New Testament,1 Corinthians,KJV
WORD,sons,G5043,4,1 Corinthians 4:14,Epistles,New Testament,1 Corinthians,KJV
PHRASE,I warn,G3560,4,1 Corinthians 4:14,Epistles,New Testament,1 Corinthians,KJV
WORD,[you].,,4,1 Corinthians 4:14,Epistles,New Testament,1 Corinthians,KJV
WORD,For,G1063,4,1 Corinthians 4:15,Epistles,New Testament,1 Corinthians,KJV
WORD,though,G1437,4,1 Corinthians 4:15,Epistles,New Testament,1 Corinthians,KJV
PHRASE,ye have,G2192,4,1 Corinthians 4:15,Epistles,New Testament,1 Corinthians,KJV
PHRASE,ten thousand,G3463,4,1 Corinthians 4:15,Epistles,New Testament,1 Corinthians,KJV
WORD,instructors,G3807,4,1 Corinthians 4:15,Epistles,New Testament,1 Corinthians,KJV
WORD,in,G1722,4,1 Corinthians 4:15,Epistles,New Testament,1 Corinthians,KJV
WORD,"Christ,",G5547,4,1 Corinthians 4:15,Epistles,New Testament,1 Corinthians,KJV
WORD,yet,G235,4,1 Corinthians 4:15,Epistles,New Testament,1 Corinthians,KJV
PHRASE,[have ye],,4,1 Corinthians 4:15,Epistles,New Testament,1 Corinthians,KJV
WORD,not,G3756,4,1 Corinthians 4:15,Epistles,New Testament,1 Corinthians,KJV
WORD,many,G4183,4,1 Corinthians 4:15,Epistles,New Testament,1 Corinthians,KJV
WORD,fathers:,G3962,4,1 Corinthians 4:15,Epistles,New Testament,1 Corinthians,KJV
WORD,for,G1063,4,1 Corinthians 4:15,Epistles,New Testament,1 Corinthians,KJV
WORD,in,G1722,4,1 Corinthians 4:15,Epistles,New Testament,1 Corinthians,KJV
WORD,Christ,G5547,4,1 Corinthians 4:15,Epistles,New Testament,1 Corinthians,KJV
WORD,Jesus,G2424,4,1 Corinthians 4:15,Epistles,New Testament,1 Corinthians,KJV
WORD,I,G1473,4,1 Corinthians 4:15,Epistles,New Testament,1 Corinthians,KJV
PHRASE,have begotten,G1080,4,1 Corinthians 4:15,Epistles,New Testament,1 Corinthians,KJV
WORD,you,G5209,4,1 Corinthians 4:15,Epistles,New Testament,1 Corinthians,KJV
WORD,through,G1223,4,1 Corinthians 4:15,Epistles,New Testament,1 Corinthians,KJV
WORD,the,G3588,4,1 Corinthians 4:15,Epistles,New Testament,1 Corinthians,KJV
WORD,gospel.,G2098,4,1 Corinthians 4:15,Epistles,New Testament,1 Corinthians,KJV
WORD,Wherefore,G3767,4,1 Corinthians 4:16,Epistles,New Testament,1 Corinthians,KJV
PHRASE,I beseech,G3870,4,1 Corinthians 4:16,Epistles,New Testament,1 Corinthians,KJV
WORD,"you,",G5209,4,1 Corinthians 4:16,Epistles,New Testament,1 Corinthians,KJV
PHRASE,be ye,G1096,4,1 Corinthians 4:16,Epistles,New Testament,1 Corinthians,KJV
WORD,followers,G3402,4,1 Corinthians 4:16,Epistles,New Testament,1 Corinthians,KJV
PHRASE,of me.,G3450,4,1 Corinthians 4:16,Epistles,New Testament,1 Corinthians,KJV
WORD,For,G1223,4,1 Corinthians 4:17,Epistles,New Testament,1 Corinthians,KJV
WORD,this,G5124,4,1 Corinthians 4:17,Epistles,New Testament,1 Corinthians,KJV
WORD,cause,G1223,4,1 Corinthians 4:17,Epistles,New Testament,1 Corinthians,KJV
PHRASE,have I sent,G3992,4,1 Corinthians 4:17,Epistles,New Testament,1 Corinthians,KJV
PHRASE,unto you,G5213,4,1 Corinthians 4:17,Epistles,New Testament,1 Corinthians,KJV
WORD,"Timotheus,",G5095,4,1 Corinthians 4:17,Epistles,New Testament,1 Corinthians,KJV
WORD,who,G3739,4,1 Corinthians 4:17,Epistles,New Testament,1 Corinthians,KJV
WORD,is,G2076,4,1 Corinthians 4:17,Epistles,New Testament,1 Corinthians,KJV
WORD,my,G3450,4,1 Corinthians 4:17,Epistles,New Testament,1 Corinthians,KJV
WORD,beloved,G27,4,1 Corinthians 4:17,Epistles,New Testament,1 Corinthians,KJV
WORD,"son,",G5043,4,1 Corinthians 4:17,Epistles,New Testament,1 Corinthians,KJV
WORD,and,G2532,4,1 Corinthians 4:17,Epistles,New Testament,1 Corinthians,KJV
WORD,faithful,G4103,4,1 Corinthians 4:17,Epistles,New Testament,1 Corinthians,KJV
WORD,in,G1722,4,1 Corinthians 4:17,Epistles,New Testament,1 Corinthians,KJV
PHRASE,"the Lord,",G2962,4,1 Corinthians 4:17,Epistles,New Testament,1 Corinthians,KJV
WORD,who,G3739,4,1 Corinthians 4:17,Epistles,New Testament,1 Corinthians,KJV
PHRASE,shall bring,G363,4,1 Corinthians 4:17,Epistles,New Testament,1 Corinthians,KJV
WORD,you,G5209,4,1 Corinthians 4:17,Epistles,New Testament,1 Corinthians,KJV
PHRASE,into remembrance,G363,4,1 Corinthians 4:17,Epistles,New Testament,1 Corinthians,KJV
PHRASE,of my,G3450,4,1 Corinthians 4:17,Epistles,New Testament,1 Corinthians,KJV
WORD,ways,G3598,4,1 Corinthians 4:17,Epistles,New Testament,1 Corinthians,KJV
WORD,which,G3588,4,1 Corinthians 4:17,Epistles,New Testament,1 Corinthians,KJV
PHRASE,be in,G1722,4,1 Corinthians 4:17,Epistles,New Testament,1 Corinthians,KJV
WORD,"Christ,",G5547,4,1 Corinthians 4:17,Epistles,New Testament,1 Corinthians,KJV
WORD,as,G2531,4,1 Corinthians 4:17,Epistles,New Testament,1 Corinthians,KJV
PHRASE,I teach,G1321,4,1 Corinthians 4:17,Epistles,New Testament,1 Corinthians,KJV
PHRASE,every where,G3837,4,1 Corinthians 4:17,Epistles,New Testament,1 Corinthians,KJV
WORD,in,G1722,4,1 Corinthians 4:17,Epistles,New Testament,1 Corinthians,KJV
WORD,every,G3956,4,1 Corinthians 4:17,Epistles,New Testament,1 Corinthians,KJV
WORD,church.,G1577,4,1 Corinthians 4:17,Epistles,New Testament,1 Corinthians,KJV
WORD,Now,G1161,4,1 Corinthians 4:18,Epistles,New Testament,1 Corinthians,KJV
WORD,some,G5100,4,1 Corinthians 4:18,Epistles,New Testament,1 Corinthians,KJV
PHRASE,"are puffed up,",G5448,4,1 Corinthians 4:18,Epistles,New Testament,1 Corinthians,KJV
PHRASE,as though,G5613,4,1 Corinthians 4:18,Epistles,New Testament,1 Corinthians,KJV
WORD,I,G3450,4,1 Corinthians 4:18,Epistles,New Testament,1 Corinthians,KJV
WORD,would,G2064,4,1 Corinthians 4:18,Epistles,New Testament,1 Corinthians,KJV
WORD,not,G3361,4,1 Corinthians 4:18,Epistles,New Testament,1 Corinthians,KJV
WORD,come,G2064,4,1 Corinthians 4:18,Epistles,New Testament,1 Corinthians,KJV
WORD,to,G4314,4,1 Corinthians 4:18,Epistles,New Testament,1 Corinthians,KJV
WORD,you.,G5209,4,1 Corinthians 4:18,Epistles,New Testament,1 Corinthians,KJV
WORD,But,G1161,4,1 Corinthians 4:19,Epistles,New Testament,1 Corinthians,KJV
PHRASE,I will come,G2064,4,1 Corinthians 4:19,Epistles,New Testament,1 Corinthians,KJV
WORD,to,G4314,4,1 Corinthians 4:19,Epistles,New Testament,1 Corinthians,KJV
WORD,you,G5209,4,1 Corinthians 4:19,Epistles,New Testament,1 Corinthians,KJV
WORD,"shortly,",G5030,4,1 Corinthians 4:19,Epistles,New Testament,1 Corinthians,KJV
WORD,if,G1437,4,1 Corinthians 4:19,Epistles,New Testament,1 Corinthians,KJV
WORD,the,G3588,4,1 Corinthians 4:19,Epistles,New Testament,1 Corinthians,KJV
WORD,Lord,G2962,4,1 Corinthians 4:19,Epistles,New Testament,1 Corinthians,KJV
WORD,"will,",G2309,4,1 Corinthians 4:19,Epistles,New Testament,1 Corinthians,KJV
WORD,and,G2532,4,1 Corinthians 4:19,Epistles,New Testament,1 Corinthians,KJV
PHRASE,"will know,",G1097,4,1 Corinthians 4:19,Epistles,New Testament,1 Corinthians,KJV
WORD,not,G3756,4,1 Corinthians 4:19,Epistles,New Testament,1 Corinthians,KJV
WORD,the,G3588,4,1 Corinthians 4:19,Epistles,New Testament,1 Corinthians,KJV
WORD,speech,G3056,4,1 Corinthians 4:19,Epistles,New Testament,1 Corinthians,KJV
PHRASE,of them which,G3588,4,1 Corinthians 4:19,Epistles,New Testament,1 Corinthians,KJV
PHRASE,"are puffed up,",G5448,4,1 Corinthians 4:19,Epistles,New Testament,1 Corinthians,KJV
WORD,but,G235,4,1 Corinthians 4:19,Epistles,New Testament,1 Corinthians,KJV
WORD,the,G3588,4,1 Corinthians 4:19,Epistles,New Testament,1 Corinthians,KJV
WORD,power.,G1411,4,1 Corinthians 4:19,Epistles,New Testament,1 Corinthians,KJV
WORD,For,G1063,4,1 Corinthians 4:20,Epistles,New Testament,1 Corinthians,KJV
WORD,the,G3588,4,1 Corinthians 4:20,Epistles,New Testament,1 Corinthians,KJV
WORD,kingdom,G932,4,1 Corinthians 4:20,Epistles,New Testament,1 Corinthians,KJV
PHRASE,of God,G2316,4,1 Corinthians 4:20,Epistles,New Testament,1 Corinthians,KJV
WORD,[is],,4,1 Corinthians 4:20,Epistles,New Testament,1 Corinthians,KJV
WORD,not,G3756,4,1 Corinthians 4:20,Epistles,New Testament,1 Corinthians,KJV
WORD,in,G1722,4,1 Corinthians 4:20,Epistles,New Testament,1 Corinthians,KJV
WORD,"word,",G3056,4,1 Corinthians 4:20,Epistles,New Testament,1 Corinthians,KJV
WORD,but,G235,4,1 Corinthians 4:20,Epistles,New Testament,1 Corinthians,KJV
WORD,in,G1722,4,1 Corinthians 4:20,Epistles,New Testament,1 Corinthians,KJV
WORD,power.,G1411,4,1 Corinthians 4:20,Epistles,New Testament,1 Corinthians,KJV
WORD,What,G5101,4,1 Corinthians 4:21,Epistles,New Testament,1 Corinthians,KJV
PHRASE,will ye?,G2309,4,1 Corinthians 4:21,Epistles,New Testament,1 Corinthians,KJV
PHRASE,shall I come,G2064,4,1 Corinthians 4:21,Epistles,New Testament,1 Corinthians,KJV
WORD,unto,G4314,4,1 Corinthians 4:21,Epistles,New Testament,1 Corinthians,KJV
WORD,you,G5209,4,1 Corinthians 4:21,Epistles,New Testament,1 Corinthians,KJV
WORD,with,G1722,4,1 Corinthians 4:21,Epistles,New Testament,1 Corinthians,KJV
PHRASE,"a rod,",G4464,4,1 Corinthians 4:21,Epistles,New Testament,1 Corinthians,KJV
WORD,or,G2228,4,1 Corinthians 4:21,Epistles,New Testament,1 Corinthians,KJV
WORD,in,G1722,4,1 Corinthians 4:21,Epistles,New Testament,1 Corinthians,KJV
WORD,"love,",G26,4,1 Corinthians 4:21,Epistles,New Testament,1 Corinthians,KJV
WORD,and,G5037,4,1 Corinthians 4:21,Epistles,New Testament,1 Corinthians,KJV
WORD,[in],,4,1 Corinthians 4:21,Epistles,New Testament,1 Corinthians,KJV
PHRASE,the spirit,G4151,4,1 Corinthians 4:21,Epistles,New Testament,1 Corinthians,KJV
PHRASE,of meekness?,G4236,4,1 Corinthians 4:21,Epistles,New Testament,1 Corinthians,KJV
PHRASE,It is reported,G191,5,1 Corinthians 5:1,Epistles,New Testament,1 Corinthians,KJV
WORD,commonly,G3654,5,1 Corinthians 5:1,Epistles,New Testament,1 Corinthians,KJV
PHRASE,[that there is],,5,1 Corinthians 5:1,Epistles,New Testament,1 Corinthians,KJV
WORD,fornication,G4202,5,1 Corinthians 5:1,Epistles,New Testament,1 Corinthians,KJV
WORD,among,G1722,5,1 Corinthians 5:1,Epistles,New Testament,1 Corinthians,KJV
WORD,"you,",G5213,5,1 Corinthians 5:1,Epistles,New Testament,1 Corinthians,KJV
WORD,and,G2532,5,1 Corinthians 5:1,Epistles,New Testament,1 Corinthians,KJV
WORD,such,G5108,5,1 Corinthians 5:1,Epistles,New Testament,1 Corinthians,KJV
WORD,fornication,G4202,5,1 Corinthians 5:1,Epistles,New Testament,1 Corinthians,KJV
WORD,as,G3748,5,1 Corinthians 5:1,Epistles,New Testament,1 Corinthians,KJV
WORD,is,G3687,5,1 Corinthians 5:1,Epistles,New Testament,1 Corinthians,KJV
PHRASE,not so much,G3761,5,1 Corinthians 5:1,Epistles,New Testament,1 Corinthians,KJV
PHRASE,as named,G3687,5,1 Corinthians 5:1,Epistles,New Testament,1 Corinthians,KJV
WORD,among,G1722,5,1 Corinthians 5:1,Epistles,New Testament,1 Corinthians,KJV
WORD,the,G3588,5,1 Corinthians 5:1,Epistles,New Testament,1 Corinthians,KJV
WORD,"Gentiles,",G1484,5,1 Corinthians 5:1,Epistles,New Testament,1 Corinthians,KJV
WORD,that,G5620,5,1 Corinthians 5:1,Epistles,New Testament,1 Corinthians,KJV
WORD,one,G5100,5,1 Corinthians 5:1,Epistles,New Testament,1 Corinthians,KJV
PHRASE,should have,G2192,5,1 Corinthians 5:1,Epistles,New Testament,1 Corinthians,KJV
PHRASE,his father's,G3962,5,1 Corinthians 5:1,Epistles,New Testament,1 Corinthians,KJV
WORD,wife.,G1135,5,1 Corinthians 5:1,Epistles,New Testament,1 Corinthians,KJV
WORD,And,G2532,5,1 Corinthians 5:2,Epistles,New Testament,1 Corinthians,KJV
WORD,ye,G5210,5,1 Corinthians 5:2,Epistles,New Testament,1 Corinthians,KJV
WORD,are,G2075,5,1 Corinthians 5:2,Epistles,New Testament,1 Corinthians,KJV
PHRASE,"puffed up,",G5448,5,1 Corinthians 5:2,Epistles,New Testament,1 Corinthians,KJV
WORD,and,G2532,5,1 Corinthians 5:2,Epistles,New Testament,1 Corinthians,KJV
WORD,have,G3996,5,1 Corinthians 5:2,Epistles,New Testament,1 Corinthians,KJV
WORD,not,G3780,5,1 Corinthians 5:2,Epistles,New Testament,1 Corinthians,KJV
WORD,rather,G3123,5,1 Corinthians 5:2,Epistles,New Testament,1 Corinthians,KJV
WORD,"mourned,",G3996,5,1 Corinthians 5:2,Epistles,New Testament,1 Corinthians,KJV
WORD,that,G2443,5,1 Corinthians 5:2,Epistles,New Testament,1 Corinthians,KJV
PHRASE,he that,G3588,5,1 Corinthians 5:2,Epistles,New Testament,1 Corinthians,KJV
PHRASE,hath done,G4160,5,1 Corinthians 5:2,Epistles,New Testament,1 Corinthians,KJV
WORD,this,G5124,5,1 Corinthians 5:2,Epistles,New Testament,1 Corinthians,KJV
WORD,deed,G2041,5,1 Corinthians 5:2,Epistles,New Testament,1 Corinthians,KJV
PHRASE,might be taken away,G1808,5,1 Corinthians 5:2,Epistles,New Testament,1 Corinthians,KJV
WORD,from,G1537,5,1 Corinthians 5:2,Epistles,New Testament,1 Corinthians,KJV
WORD,among,G3319,5,1 Corinthians 5:2,Epistles,New Testament,1 Corinthians,KJV
WORD,you.,G5216,5,1 Corinthians 5:2,Epistles,New Testament,1 Corinthians,KJV
WORD,For,G1063,5,1 Corinthians 5:3,Epistles,New Testament,1 Corinthians,KJV
WORD,I,G1473,5,1 Corinthians 5:3,Epistles,New Testament,1 Corinthians,KJV
WORD,"verily,",G3303,5,1 Corinthians 5:3,Epistles,New Testament,1 Corinthians,KJV
WORD,as,G5613,5,1 Corinthians 5:3,Epistles,New Testament,1 Corinthians,KJV
WORD,absent,G548,5,1 Corinthians 5:3,Epistles,New Testament,1 Corinthians,KJV
PHRASE,"in body,",G4983,5,1 Corinthians 5:3,Epistles,New Testament,1 Corinthians,KJV
WORD,but,G1161,5,1 Corinthians 5:3,Epistles,New Testament,1 Corinthians,KJV
WORD,present,G3918,5,1 Corinthians 5:3,Epistles,New Testament,1 Corinthians,KJV
PHRASE,"in spirit,",G4151,5,1 Corinthians 5:3,Epistles,New Testament,1 Corinthians,KJV
PHRASE,have judged,G2919,5,1 Corinthians 5:3,Epistles,New Testament,1 Corinthians,KJV
WORD,"already,",G2235,5,1 Corinthians 5:3,Epistles,New Testament,1 Corinthians,KJV
WORD,as,G5613,5,1 Corinthians 5:3,Epistles,New Testament,1 Corinthians,KJV
PHRASE,"though I were present,",G3918,5,1 Corinthians 5:3,Epistles,New Testament,1 Corinthians,KJV
WORD,[concerning],,5,1 Corinthians 5:3,Epistles,New Testament,1 Corinthians,KJV
PHRASE,him that,G3588,5,1 Corinthians 5:3,Epistles,New Testament,1 Corinthians,KJV
WORD,hath,G2716,5,1 Corinthians 5:3,Epistles,New Testament,1 Corinthians,KJV
WORD,so,G3779,5,1 Corinthians 5:3,Epistles,New Testament,1 Corinthians,KJV
WORD,done,G2716,5,1 Corinthians 5:3,Epistles,New Testament,1 Corinthians,KJV
PHRASE,"this deed,",G5124,5,1 Corinthians 5:3,Epistles,New Testament,1 Corinthians,KJV
WORD,In,G1722,5,1 Corinthians 5:4,Epistles,New Testament,1 Corinthians,KJV
WORD,the,G3588,5,1 Corinthians 5:4,Epistles,New Testament,1 Corinthians,KJV
WORD,name,G3686,5,1 Corinthians 5:4,Epistles,New Testament,1 Corinthians,KJV
PHRASE,of our,G2257,5,1 Corinthians 5:4,Epistles,New Testament,1 Corinthians,KJV
WORD,Lord,G2962,5,1 Corinthians 5:4,Epistles,New Testament,1 Corinthians,KJV
WORD,Jesus,G2424,5,1 Corinthians 5:4,Epistles,New Testament,1 Corinthians,KJV
WORD,"Christ,",G5547,5,1 Corinthians 5:4,Epistles,New Testament,1 Corinthians,KJV
PHRASE,when ye,G5216,5,1 Corinthians 5:4,Epistles,New Testament,1 Corinthians,KJV
PHRASE,"are gathered together,",G4863,5,1 Corinthians 5:4,Epistles,New Testament,1 Corinthians,KJV
WORD,and,G2532,5,1 Corinthians 5:4,Epistles,New Testament,1 Corinthians,KJV
WORD,my,G1700,5,1 Corinthians 5:4,Epistles,New Testament,1 Corinthians,KJV
WORD,"spirit,",G4151,5,1 Corinthians 5:4,Epistles,New Testament,1 Corinthians,KJV
WORD,with,G4862,5,1 Corinthians 5:4,Epistles,New Testament,1 Corinthians,KJV
WORD,the,G3588,5,1 Corinthians 5:4,Epistles,New Testament,1 Corinthians,KJV
WORD,power,G1411,5,1 Corinthians 5:4,Epistles,New Testament,1 Corinthians,KJV
PHRASE,of our,G2257,5,1 Corinthians 5:4,Epistles,New Testament,1 Corinthians,KJV
WORD,Lord,G2962,5,1 Corinthians 5:4,Epistles,New Testament,1 Corinthians,KJV
WORD,Jesus,G2424,5,1 Corinthians 5:4,Epistles,New Testament,1 Corinthians,KJV
WORD,"Christ,",G5547,5,1 Corinthians 5:4,Epistles,New Testament,1 Corinthians,KJV
PHRASE,To deliver,G3860,5,1 Corinthians 5:5,Epistles,New Testament,1 Corinthians,KJV
PHRASE,such an one,G5108,5,1 Corinthians 5:5,Epistles,New Testament,1 Corinthians,KJV
PHRASE,unto Satan,G4567,5,1 Corinthians 5:5,Epistles,New Testament,1 Corinthians,KJV
WORD,for,G1519,5,1 Corinthians 5:5,Epistles,New Testament,1 Corinthians,KJV
PHRASE,the destruction,G3639,5,1 Corinthians 5:5,Epistles,New Testament,1 Corinthians,KJV
PHRASE,of the,G3588,5,1 Corinthians 5:5,Epistles,New Testament,1 Corinthians,KJV
WORD,"flesh,",G4561,5,1 Corinthians 5:5,Epistles,New Testament,1 Corinthians,KJV
WORD,that,G2443,5,1 Corinthians 5:5,Epistles,New Testament,1 Corinthians,KJV
WORD,the,G3588,5,1 Corinthians 5:5,Epistles,New Testament,1 Corinthians,KJV
WORD,spirit,G4151,5,1 Corinthians 5:5,Epistles,New Testament,1 Corinthians,KJV
PHRASE,may be saved,G4982,5,1 Corinthians 5:5,Epistles,New Testament,1 Corinthians,KJV
WORD,in,G1722,5,1 Corinthians 5:5,Epistles,New Testament,1 Corinthians,KJV
WORD,the,G3588,5,1 Corinthians 5:5,Epistles,New Testament,1 Corinthians,KJV
WORD,day,G2250,5,1 Corinthians 5:5,Epistles,New Testament,1 Corinthians,KJV
PHRASE,of the,G3588,5,1 Corinthians 5:5,Epistles,New Testament,1 Corinthians,KJV
WORD,Lord,G2962,5,1 Corinthians 5:5,Epistles,New Testament,1 Corinthians,KJV
WORD,Jesus.,G2424,5,1 Corinthians 5:5,Epistles,New Testament,1 Corinthians,KJV
WORD,Your,G5216,5,1 Corinthians 5:6,Epistles,New Testament,1 Corinthians,KJV
WORD,glorying,G2745,5,1 Corinthians 5:6,Epistles,New Testament,1 Corinthians,KJV
WORD,[is],,5,1 Corinthians 5:6,Epistles,New Testament,1 Corinthians,KJV
WORD,not,G3756,5,1 Corinthians 5:6,Epistles,New Testament,1 Corinthians,KJV
WORD,good.,G2570,5,1 Corinthians 5:6,Epistles,New Testament,1 Corinthians,KJV
PHRASE,Know ye,G1492,5,1 Corinthians 5:6,Epistles,New Testament,1 Corinthians,KJV
WORD,not,G3756,5,1 Corinthians 5:6,Epistles,New Testament,1 Corinthians,KJV
WORD,that,G3754,5,1 Corinthians 5:6,Epistles,New Testament,1 Corinthians,KJV
PHRASE,a little,G3398,5,1 Corinthians 5:6,Epistles,New Testament,1 Corinthians,KJV
WORD,leaven,G2219,5,1 Corinthians 5:6,Epistles,New Testament,1 Corinthians,KJV
WORD,leaveneth,G2220,5,1 Corinthians 5:6,Epistles,New Testament,1 Corinthians,KJV
WORD,the,G3588,5,1 Corinthians 5:6,Epistles,New Testament,1 Corinthians,KJV
WORD,whole,G3650,5,1 Corinthians 5:6,Epistles,New Testament,1 Corinthians,KJV
WORD,lump?,G5445,5,1 Corinthians 5:6,Epistles,New Testament,1 Corinthians,KJV
PHRASE,Purge out,G1571,5,1 Corinthians 5:7,Epistles,New Testament,1 Corinthians,KJV
WORD,therefore,G3767,5,1 Corinthians 5:7,Epistles,New Testament,1 Corinthians,KJV
WORD,the,G3588,5,1 Corinthians 5:7,Epistles,New Testament,1 Corinthians,KJV
WORD,old,G3820,5,1 Corinthians 5:7,Epistles,New Testament,1 Corinthians,KJV
WORD,"leaven,",G2219,5,1 Corinthians 5:7,Epistles,New Testament,1 Corinthians,KJV
WORD,that,G2443,5,1 Corinthians 5:7,Epistles,New Testament,1 Corinthians,KJV
PHRASE,ye may be,G5600,5,1 Corinthians 5:7,Epistles,New Testament,1 Corinthians,KJV
PHRASE,a new,G3501,5,1 Corinthians 5:7,Epistles,New Testament,1 Corinthians,KJV
WORD,"lump,",G5445,5,1 Corinthians 5:7,Epistles,New Testament,1 Corinthians,KJV
WORD,as,G2531,5,1 Corinthians 5:7,Epistles,New Testament,1 Corinthians,KJV
PHRASE,ye are,G2075,5,1 Corinthians 5:7,Epistles,New Testament,1 Corinthians,KJV
WORD,unleavened.,G106,5,1 Corinthians 5:7,Epistles,New Testament,1 Corinthians,KJV
WORD,For,G1063,5,1 Corinthians 5:7,Epistles,New Testament,1 Corinthians,KJV
WORD,even,G2532,5,1 Corinthians 5:7,Epistles,New Testament,1 Corinthians,KJV
WORD,Christ,G5547,5,1 Corinthians 5:7,Epistles,New Testament,1 Corinthians,KJV
WORD,our,G2257,5,1 Corinthians 5:7,Epistles,New Testament,1 Corinthians,KJV
WORD,passover,G3957,5,1 Corinthians 5:7,Epistles,New Testament,1 Corinthians,KJV
PHRASE,is sacrificed,G2380,5,1 Corinthians 5:7,Epistles,New Testament,1 Corinthians,KJV
WORD,for,G5228,5,1 Corinthians 5:7,Epistles,New Testament,1 Corinthians,KJV
WORD,us:,G2257,5,1 Corinthians 5:7,Epistles,New Testament,1 Corinthians,KJV
WORD,Therefore,G5620,5,1 Corinthians 5:8,Epistles,New Testament,1 Corinthians,KJV
PHRASE,"let us keep the feast,",G1858,5,1 Corinthians 5:8,Epistles,New Testament,1 Corinthians,KJV
WORD,not,G3361,5,1 Corinthians 5:8,Epistles,New Testament,1 Corinthians,KJV
WORD,with,G1722,5,1 Corinthians 5:8,Epistles,New Testament,1 Corinthians,KJV
WORD,old,G3820,5,1 Corinthians 5:8,Epistles,New Testament,1 Corinthians,KJV
WORD,"leaven,",G2219,5,1 Corinthians 5:8,Epistles,New Testament,1 Corinthians,KJV
WORD,neither,G3366,5,1 Corinthians 5:8,Epistles,New Testament,1 Corinthians,KJV
WORD,with,G1722,5,1 Corinthians 5:8,Epistles,New Testament,1 Corinthians,KJV
PHRASE,the leaven,G2219,5,1 Corinthians 5:8,Epistles,New Testament,1 Corinthians,KJV
PHRASE,of malice,G2549,5,1 Corinthians 5:8,Epistles,New Testament,1 Corinthians,KJV
WORD,and,G2532,5,1 Corinthians 5:8,Epistles,New Testament,1 Corinthians,KJV
WORD,wickedness;,G4189,5,1 Corinthians 5:8,Epistles,New Testament,1 Corinthians,KJV
WORD,but,G235,5,1 Corinthians 5:8,Epistles,New Testament,1 Corinthians,KJV
WORD,with,G1722,5,1 Corinthians 5:8,Epistles,New Testament,1 Corinthians,KJV
PHRASE,the unleavened,G106,5,1 Corinthians 5:8,Epistles,New Testament,1 Corinthians,KJV
WORD,[bread],,5,1 Corinthians 5:8,Epistles,New Testament,1 Corinthians,KJV
PHRASE,of sincerity,G1505,5,1 Corinthians 5:8,Epistles,New Testament,1 Corinthians,KJV
WORD,and,G2532,5,1 Corinthians 5:8,Epistles,New Testament,1 Corinthians,KJV
WORD,truth.,G225,5,1 Corinthians 5:8,Epistles,New Testament,1 Corinthians,KJV
PHRASE,I wrote,G1125,5,1 Corinthians 5:9,Epistles,New Testament,1 Corinthians,KJV
PHRASE,unto you,G5213,5,1 Corinthians 5:9,Epistles,New Testament,1 Corinthians,KJV
WORD,in,G1722,5,1 Corinthians 5:9,Epistles,New Testament,1 Corinthians,KJV
WORD,an,G3588,5,1 Corinthians 5:9,Epistles,New Testament,1 Corinthians,KJV
WORD,epistle,G1992,5,1 Corinthians 5:9,Epistles,New Testament,1 Corinthians,KJV
WORD,not,G3361,5,1 Corinthians 5:9,Epistles,New Testament,1 Corinthians,KJV
PHRASE,to company,G4874,5,1 Corinthians 5:9,Epistles,New Testament,1 Corinthians,KJV
PHRASE,with fornicators:,G4205,5,1 Corinthians 5:9,Epistles,New Testament,1 Corinthians,KJV
WORD,Yet,G2532,5,1 Corinthians 5:10,Epistles,New Testament,1 Corinthians,KJV
WORD,not,G3756,5,1 Corinthians 5:10,Epistles,New Testament,1 Corinthians,KJV
WORD,altogether,G3843,5,1 Corinthians 5:10,Epistles,New Testament,1 Corinthians,KJV
PHRASE,with the,G3588,5,1 Corinthians 5:10,Epistles,New Testament,1 Corinthians,KJV
WORD,fornicators,G4205,5,1 Corinthians 5:10,Epistles,New Testament,1 Corinthians,KJV
PHRASE,of this,G5127,5,1 Corinthians 5:10,Epistles,New Testament,1 Corinthians,KJV
WORD,"world,",G2889,5,1 Corinthians 5:10,Epistles,New Testament,1 Corinthians,KJV
WORD,or,G2228,5,1 Corinthians 5:10,Epistles,New Testament,1 Corinthians,KJV
PHRASE,with the,G3588,5,1 Corinthians 5:10,Epistles,New Testament,1 Corinthians,KJV
WORD,"covetous,",G4123,5,1 Corinthians 5:10,Epistles,New Testament,1 Corinthians,KJV
WORD,or,G2228,5,1 Corinthians 5:10,Epistles,New Testament,1 Corinthians,KJV
WORD,"extortioners,",G727,5,1 Corinthians 5:10,Epistles,New Testament,1 Corinthians,KJV
WORD,or,G2228,5,1 Corinthians 5:10,Epistles,New Testament,1 Corinthians,KJV
PHRASE,with idolaters;,G1496,5,1 Corinthians 5:10,Epistles,New Testament,1 Corinthians,KJV
WORD,for,G1893,5,1 Corinthians 5:10,Epistles,New Testament,1 Corinthians,KJV
WORD,then,G686,5,1 Corinthians 5:10,Epistles,New Testament,1 Corinthians,KJV
PHRASE,must ye needs,G3784,5,1 Corinthians 5:10,Epistles,New Testament,1 Corinthians,KJV
WORD,go,G1831,5,1 Corinthians 5:10,Epistles,New Testament,1 Corinthians,KJV
PHRASE,out of,G1537,5,1 Corinthians 5:10,Epistles,New Testament,1 Corinthians,KJV
WORD,the,G3588,5,1 Corinthians 5:10,Epistles,New Testament,1 Corinthians,KJV
WORD,world.,G2889,5,1 Corinthians 5:10,Epistles,New Testament,1 Corinthians,KJV
WORD,But,G1161,5,1 Corinthians 5:11,Epistles,New Testament,1 Corinthians,KJV
WORD,now,G3570,5,1 Corinthians 5:11,Epistles,New Testament,1 Corinthians,KJV
PHRASE,I have written,G1125,5,1 Corinthians 5:11,Epistles,New Testament,1 Corinthians,KJV
PHRASE,unto you,G5213,5,1 Corinthians 5:11,Epistles,New Testament,1 Corinthians,KJV
WORD,not,G3361,5,1 Corinthians 5:11,Epistles,New Testament,1 Corinthians,KJV
PHRASE,"to keep company,",G4874,5,1 Corinthians 5:11,Epistles,New Testament,1 Corinthians,KJV
WORD,if,G1437,5,1 Corinthians 5:11,Epistles,New Testament,1 Corinthians,KJV
PHRASE,any man,G5100,5,1 Corinthians 5:11,Epistles,New Testament,1 Corinthians,KJV
PHRASE,that is called,G3687,5,1 Corinthians 5:11,Epistles,New Testament,1 Corinthians,KJV
PHRASE,a brother,G80,5,1 Corinthians 5:11,Epistles,New Testament,1 Corinthians,KJV
WORD,be,G2228,5,1 Corinthians 5:11,Epistles,New Testament,1 Corinthians,KJV
PHRASE,"a fornicator,",G4205,5,1 Corinthians 5:11,Epistles,New Testament,1 Corinthians,KJV
WORD,or,G2228,5,1 Corinthians 5:11,Epistles,New Testament,1 Corinthians,KJV
WORD,"covetous,",G4123,5,1 Corinthians 5:11,Epistles,New Testament,1 Corinthians,KJV
WORD,or,G2228,5,1 Corinthians 5:11,Epistles,New Testament,1 Corinthians,KJV
PHRASE,"an idolater,",G1496,5,1 Corinthians 5:11,Epistles,New Testament,1 Corinthians,KJV
WORD,or,G2228,5,1 Corinthians 5:11,Epistles,New Testament,1 Corinthians,KJV
PHRASE,"a railer,",G3060,5,1 Corinthians 5:11,Epistles,New Testament,1 Corinthians,KJV
WORD,or,G2228,5,1 Corinthians 5:11,Epistles,New Testament,1 Corinthians,KJV
PHRASE,"a drunkard,",G3183,5,1 Corinthians 5:11,Epistles,New Testament,1 Corinthians,KJV
WORD,or,G2228,5,1 Corinthians 5:11,Epistles,New Testament,1 Corinthians,KJV
PHRASE,an extortioner;,G727,5,1 Corinthians 5:11,Epistles,New Testament,1 Corinthians,KJV
PHRASE,with such an one,G5108,5,1 Corinthians 5:11,Epistles,New Testament,1 Corinthians,KJV
PHRASE,no not,G3366,5,1 Corinthians 5:11,Epistles,New Testament,1 Corinthians,KJV
PHRASE,to eat.,G4906,5,1 Corinthians 5:11,Epistles,New Testament,1 Corinthians,KJV
WORD,For,G1063,5,1 Corinthians 5:12,Epistles,New Testament,1 Corinthians,KJV
WORD,what,G5101,5,1 Corinthians 5:12,Epistles,New Testament,1 Corinthians,KJV
PHRASE,have I,G3427,5,1 Corinthians 5:12,Epistles,New Testament,1 Corinthians,KJV
PHRASE,to do to judge,G2919,5,1 Corinthians 5:12,Epistles,New Testament,1 Corinthians,KJV
PHRASE,them also,G2532,5,1 Corinthians 5:12,Epistles,New Testament,1 Corinthians,KJV
PHRASE,that are without?,G1854,5,1 Corinthians 5:12,Epistles,New Testament,1 Corinthians,KJV
WORD,do,G2919,5,1 Corinthians 5:12,Epistles,New Testament,1 Corinthians,KJV
WORD,not,G3780,5,1 Corinthians 5:12,Epistles,New Testament,1 Corinthians,KJV
WORD,ye,G5210,5,1 Corinthians 5:12,Epistles,New Testament,1 Corinthians,KJV
WORD,judge,G2919,5,1 Corinthians 5:12,Epistles,New Testament,1 Corinthians,KJV
PHRASE,them that,G3588,5,1 Corinthians 5:12,Epistles,New Testament,1 Corinthians,KJV
PHRASE,are within?,G2080,5,1 Corinthians 5:12,Epistles,New Testament,1 Corinthians,KJV
WORD,But,G1161,5,1 Corinthians 5:13,Epistles,New Testament,1 Corinthians,KJV
PHRASE,them that,G3588,5,1 Corinthians 5:13,Epistles,New Testament,1 Corinthians,KJV
PHRASE,are without,G1854,5,1 Corinthians 5:13,Epistles,New Testament,1 Corinthians,KJV
WORD,God,G2316,5,1 Corinthians 5:13,Epistles,New Testament,1 Corinthians,KJV
WORD,judgeth.,G2919,5,1 Corinthians 5:13,Epistles,New Testament,1 Corinthians,KJV
WORD,Therefore,G2532,5,1 Corinthians 5:13,Epistles,New Testament,1 Corinthians,KJV
PHRASE,put away,G1808,5,1 Corinthians 5:13,Epistles,New Testament,1 Corinthians,KJV
WORD,from,G1537,5,1 Corinthians 5:13,Epistles,New Testament,1 Corinthians,KJV
PHRASE,among yourselves,G5216,5,1 Corinthians 5:13,Epistles,New Testament,1 Corinthians,KJV
WORD,that,G846,5,1 Corinthians 5:13,Epistles,New Testament,1 Corinthians,KJV
PHRASE,wicked person.,G4190,5,1 Corinthians 5:13,Epistles,New Testament,1 Corinthians,KJV
WORD,Dare,G5111,6,1 Corinthians 6:1,Epistles,New Testament,1 Corinthians,KJV
WORD,any,G5100,6,1 Corinthians 6:1,Epistles,New Testament,1 Corinthians,KJV
PHRASE,"of you,",G5216,6,1 Corinthians 6:1,Epistles,New Testament,1 Corinthians,KJV
WORD,having,G2192,6,1 Corinthians 6:1,Epistles,New Testament,1 Corinthians,KJV
PHRASE,a matter,G4229,6,1 Corinthians 6:1,Epistles,New Testament,1 Corinthians,KJV
WORD,against,G4314,6,1 Corinthians 6:1,Epistles,New Testament,1 Corinthians,KJV
WORD,"another,",G2087,6,1 Corinthians 6:1,Epistles,New Testament,1 Corinthians,KJV
PHRASE,go to law,G2919,6,1 Corinthians 6:1,Epistles,New Testament,1 Corinthians,KJV
WORD,before,G1909,6,1 Corinthians 6:1,Epistles,New Testament,1 Corinthians,KJV
WORD,the,G3588,6,1 Corinthians 6:1,Epistles,New Testament,1 Corinthians,KJV
WORD,"unjust,",G94,6,1 Corinthians 6:1,Epistles,New Testament,1 Corinthians,KJV
WORD,and,G2532,6,1 Corinthians 6:1,Epistles,New Testament,1 Corinthians,KJV
WORD,not,G3780,6,1 Corinthians 6:1,Epistles,New Testament,1 Corinthians,KJV
WORD,before,G1909,6,1 Corinthians 6:1,Epistles,New Testament,1 Corinthians,KJV
WORD,the,G3588,6,1 Corinthians 6:1,Epistles,New Testament,1 Corinthians,KJV
WORD,saints?,G40,6,1 Corinthians 6:1,Epistles,New Testament,1 Corinthians,KJV
PHRASE,Do ye,G1492,6,1 Corinthians 6:2,Epistles,New Testament,1 Corinthians,KJV
WORD,not,G3756,6,1 Corinthians 6:2,Epistles,New Testament,1 Corinthians,KJV
WORD,know,G1492,6,1 Corinthians 6:2,Epistles,New Testament,1 Corinthians,KJV
WORD,that,G3754,6,1 Corinthians 6:2,Epistles,New Testament,1 Corinthians,KJV
WORD,the,G3588,6,1 Corinthians 6:2,Epistles,New Testament,1 Corinthians,KJV
WORD,saints,G40,6,1 Corinthians 6:2,Epistles,New Testament,1 Corinthians,KJV
PHRASE,shall judge,G2919,6,1 Corinthians 6:2,Epistles,New Testament,1 Corinthians,KJV
WORD,the,G3588,6,1 Corinthians 6:2,Epistles,New Testament,1 Corinthians,KJV
WORD,world?,G2889,6,1 Corinthians 6:2,Epistles,New Testament,1 Corinthians,KJV
WORD,and,G2532,6,1 Corinthians 6:2,Epistles,New Testament,1 Corinthians,KJV
WORD,if,G1487,6,1 Corinthians 6:2,Epistles,New Testament,1 Corinthians,KJV
WORD,the,G3588,6,1 Corinthians 6:2,Epistles,New Testament,1 Corinthians,KJV
WORD,world,G2889,6,1 Corinthians 6:2,Epistles,New Testament,1 Corinthians,KJV
PHRASE,shall be judged,G2919,6,1 Corinthians 6:2,Epistles,New Testament,1 Corinthians,KJV
WORD,by,G1722,6,1 Corinthians 6:2,Epistles,New Testament,1 Corinthians,KJV
WORD,"you,",G5213,6,1 Corinthians 6:2,Epistles,New Testament,1 Corinthians,KJV
PHRASE,are ye,G2075,6,1 Corinthians 6:2,Epistles,New Testament,1 Corinthians,KJV
WORD,unworthy,G370,6,1 Corinthians 6:2,Epistles,New Testament,1 Corinthians,KJV
PHRASE,to judge,G2922,6,1 Corinthians 6:2,Epistles,New Testament,1 Corinthians,KJV
PHRASE,the smallest matters?,G1646,6,1 Corinthians 6:2,Epistles,New Testament,1 Corinthians,KJV
PHRASE,Know ye,G1492,6,1 Corinthians 6:3,Epistles,New Testament,1 Corinthians,KJV
WORD,not,G3756,6,1 Corinthians 6:3,Epistles,New Testament,1 Corinthians,KJV
WORD,that,G3754,6,1 Corinthians 6:3,Epistles,New Testament,1 Corinthians,KJV
PHRASE,we shall judge,G2919,6,1 Corinthians 6:3,Epistles,New Testament,1 Corinthians,KJV
WORD,angels?,G32,6,1 Corinthians 6:3,Epistles,New Testament,1 Corinthians,KJV
PHRASE,how much more,G3385,6,1 Corinthians 6:3,Epistles,New Testament,1 Corinthians,KJV
PHRASE,things that pertain to this life?,G982,6,1 Corinthians 6:3,Epistles,New Testament,1 Corinthians,KJV
WORD,If,G1437,6,1 Corinthians 6:4,Epistles,New Testament,1 Corinthians,KJV
WORD,then,G3767,6,1 Corinthians 6:4,Epistles,New Testament,1 Corinthians,KJV
PHRASE,ye have,G2192,6,1 Corinthians 6:4,Epistles,New Testament,1 Corinthians,KJV
WORD,judgments,G2922,6,1 Corinthians 6:4,Epistles,New Testament,1 Corinthians,KJV
PHRASE,"of things pertaining to this life,",G982,6,1 Corinthians 6:4,Epistles,New Testament,1 Corinthians,KJV
WORD,set,G2523,6,1 Corinthians 6:4,Epistles,New Testament,1 Corinthians,KJV
WORD,them,G5128,6,1 Corinthians 6:4,Epistles,New Testament,1 Corinthians,KJV
PHRASE,to judge who are least esteemed,G1848,6,1 Corinthians 6:4,Epistles,New Testament,1 Corinthians,KJV
WORD,in,G1722,6,1 Corinthians 6:4,Epistles,New Testament,1 Corinthians,KJV
WORD,the,G3588,6,1 Corinthians 6:4,Epistles,New Testament,1 Corinthians,KJV
WORD,church.,G1577,6,1 Corinthians 6:4,Epistles,New Testament,1 Corinthians,KJV
PHRASE,I speak,G3004,6,1 Corinthians 6:5,Epistles,New Testament,1 Corinthians,KJV
PHRASE,to your,G5213,6,1 Corinthians 6:5,Epistles,New Testament,1 Corinthians,KJV
WORD,shame.,G1791,6,1 Corinthians 6:5,Epistles,New Testament,1 Corinthians,KJV
PHRASE,"Is it so,",G3779,6,1 Corinthians 6:5,Epistles,New Testament,1 Corinthians,KJV
PHRASE,that there,G2076,6,1 Corinthians 6:5,Epistles,New Testament,1 Corinthians,KJV
PHRASE,is not,G3756,6,1 Corinthians 6:5,Epistles,New Testament,1 Corinthians,KJV
PHRASE,a wise man,G4680,6,1 Corinthians 6:5,Epistles,New Testament,1 Corinthians,KJV
WORD,among,G1722,6,1 Corinthians 6:5,Epistles,New Testament,1 Corinthians,KJV
WORD,you?,G5213,6,1 Corinthians 6:5,Epistles,New Testament,1 Corinthians,KJV
PHRASE,"no, not",G3761,6,1 Corinthians 6:5,Epistles,New Testament,1 Corinthians,KJV
WORD,one,G1520,6,1 Corinthians 6:5,Epistles,New Testament,1 Corinthians,KJV
WORD,that,G3739,6,1 Corinthians 6:5,Epistles,New Testament,1 Corinthians,KJV
PHRASE,shall be able,G1410,6,1 Corinthians 6:5,Epistles,New Testament,1 Corinthians,KJV
PHRASE,to judge,G1252,6,1 Corinthians 6:5,Epistles,New Testament,1 Corinthians,KJV
WORD,between,G3319,6,1 Corinthians 6:5,Epistles,New Testament,1 Corinthians,KJV
WORD,his,G846,6,1 Corinthians 6:5,Epistles,New Testament,1 Corinthians,KJV
WORD,brethren?,G80,6,1 Corinthians 6:5,Epistles,New Testament,1 Corinthians,KJV
WORD,But,G235,6,1 Corinthians 6:6,Epistles,New Testament,1 Corinthians,KJV
WORD,brother,G80,6,1 Corinthians 6:6,Epistles,New Testament,1 Corinthians,KJV
PHRASE,goeth to law,G2919,6,1 Corinthians 6:6,Epistles,New Testament,1 Corinthians,KJV
WORD,with,G3326,6,1 Corinthians 6:6,Epistles,New Testament,1 Corinthians,KJV
WORD,"brother,",G80,6,1 Corinthians 6:6,Epistles,New Testament,1 Corinthians,KJV
WORD,and,G2532,6,1 Corinthians 6:6,Epistles,New Testament,1 Corinthians,KJV
WORD,that,G5124,6,1 Corinthians 6:6,Epistles,New Testament,1 Corinthians,KJV
WORD,before,G1909,6,1 Corinthians 6:6,Epistles,New Testament,1 Corinthians,KJV
PHRASE,the unbelievers.,G571,6,1 Corinthians 6:6,Epistles,New Testament,1 Corinthians,KJV
WORD,Now,G2235,6,1 Corinthians 6:7,Epistles,New Testament,1 Corinthians,KJV
WORD,therefore,G3767,6,1 Corinthians 6:7,Epistles,New Testament,1 Corinthians,KJV
PHRASE,there is,G2076,6,1 Corinthians 6:7,Epistles,New Testament,1 Corinthians,KJV
WORD,utterly,G3654,6,1 Corinthians 6:7,Epistles,New Testament,1 Corinthians,KJV
PHRASE,a fault,G2275,6,1 Corinthians 6:7,Epistles,New Testament,1 Corinthians,KJV
WORD,among,G1722,6,1 Corinthians 6:7,Epistles,New Testament,1 Corinthians,KJV
WORD,"you,",G5213,6,1 Corinthians 6:7,Epistles,New Testament,1 Corinthians,KJV
WORD,because,G3754,6,1 Corinthians 6:7,Epistles,New Testament,1 Corinthians,KJV
PHRASE,ye go,G2192,6,1 Corinthians 6:7,Epistles,New Testament,1 Corinthians,KJV
PHRASE,to law,G2917,6,1 Corinthians 6:7,Epistles,New Testament,1 Corinthians,KJV
PHRASE,one with,G3326,6,1 Corinthians 6:7,Epistles,New Testament,1 Corinthians,KJV
WORD,another.,G1438,6,1 Corinthians 6:7,Epistles,New Testament,1 Corinthians,KJV
WORD,Why,G5101,6,1 Corinthians 6:7,Epistles,New Testament,1 Corinthians,KJV
PHRASE,do ye,G91,6,1 Corinthians 6:7,Epistles,New Testament,1 Corinthians,KJV
WORD,not,G3780,6,1 Corinthians 6:7,Epistles,New Testament,1 Corinthians,KJV
WORD,rather,G3123,6,1 Corinthians 6:7,Epistles,New Testament,1 Corinthians,KJV
PHRASE,take wrong?,G91,6,1 Corinthians 6:7,Epistles,New Testament,1 Corinthians,KJV
WORD,why,G5101,6,1 Corinthians 6:7,Epistles,New Testament,1 Corinthians,KJV
PHRASE,do ye,G650,6,1 Corinthians 6:7,Epistles,New Testament,1 Corinthians,KJV
WORD,not,G3780,6,1 Corinthians 6:7,Epistles,New Testament,1 Corinthians,KJV
WORD,rather,G3123,6,1 Corinthians 6:7,Epistles,New Testament,1 Corinthians,KJV
PHRASE,[suffer yourselves to],,6,1 Corinthians 6:7,Epistles,New Testament,1 Corinthians,KJV
PHRASE,be defrauded?,G650,6,1 Corinthians 6:7,Epistles,New Testament,1 Corinthians,KJV
WORD,"Nay,",G235,6,1 Corinthians 6:8,Epistles,New Testament,1 Corinthians,KJV
WORD,ye,G5210,6,1 Corinthians 6:8,Epistles,New Testament,1 Corinthians,KJV
PHRASE,"do wrong,",G91,6,1 Corinthians 6:8,Epistles,New Testament,1 Corinthians,KJV
WORD,and,G2532,6,1 Corinthians 6:8,Epistles,New Testament,1 Corinthians,KJV
WORD,"defraud,",G650,6,1 Corinthians 6:8,Epistles,New Testament,1 Corinthians,KJV
WORD,and,G2532,6,1 Corinthians 6:8,Epistles,New Testament,1 Corinthians,KJV
WORD,that,G5023,6,1 Corinthians 6:8,Epistles,New Testament,1 Corinthians,KJV
WORD,[your],,6,1 Corinthians 6:8,Epistles,New Testament,1 Corinthians,KJV
WORD,brethren.,G80,6,1 Corinthians 6:8,Epistles,New Testament,1 Corinthians,KJV
PHRASE,Know ye,G1492,6,1 Corinthians 6:9,Epistles,New Testament,1 Corinthians,KJV
WORD,not,G3756,6,1 Corinthians 6:9,Epistles,New Testament,1 Corinthians,KJV
WORD,that,G3754,6,1 Corinthians 6:9,Epistles,New Testament,1 Corinthians,KJV
PHRASE,the unrighteous,G94,6,1 Corinthians 6:9,Epistles,New Testament,1 Corinthians,KJV
WORD,shall,G2816,6,1 Corinthians 6:9,Epistles,New Testament,1 Corinthians,KJV
WORD,not,G3756,6,1 Corinthians 6:9,Epistles,New Testament,1 Corinthians,KJV
WORD,inherit,G2816,6,1 Corinthians 6:9,Epistles,New Testament,1 Corinthians,KJV
PHRASE,the kingdom,G932,6,1 Corinthians 6:9,Epistles,New Testament,1 Corinthians,KJV
PHRASE,of God?,G2316,6,1 Corinthians 6:9,Epistles,New Testament,1 Corinthians,KJV
WORD,Be,G4105,6,1 Corinthians 6:9,Epistles,New Testament,1 Corinthians,KJV
WORD,not,G3361,6,1 Corinthians 6:9,Epistles,New Testament,1 Corinthians,KJV
WORD,deceived:,G4105,6,1 Corinthians 6:9,Epistles,New Testament,1 Corinthians,KJV
WORD,neither,G3777,6,1 Corinthians 6:9,Epistles,New Testament,1 Corinthians,KJV
WORD,"fornicators,",G4205,6,1 Corinthians 6:9,Epistles,New Testament,1 Corinthians,KJV
WORD,nor,G3777,6,1 Corinthians 6:9,Epistles,New Testament,1 Corinthians,KJV
WORD,"idolaters,",G1496,6,1 Corinthians 6:9,Epistles,New Testament,1 Corinthians,KJV
WORD,nor,G3777,6,1 Corinthians 6:9,Epistles,New Testament,1 Corinthians,KJV
WORD,"adulterers,",G3432,6,1 Corinthians 6:9,Epistles,New Testament,1 Corinthians,KJV
WORD,nor,G3777,6,1 Corinthians 6:9,Epistles,New Testament,1 Corinthians,KJV
WORD,"effeminate,",G3120,6,1 Corinthians 6:9,Epistles,New Testament,1 Corinthians,KJV
WORD,nor,G3777,6,1 Corinthians 6:9,Epistles,New Testament,1 Corinthians,KJV
PHRASE,"abusers of themselves with mankind,",G733,6,1 Corinthians 6:9,Epistles,New Testament,1 Corinthians,KJV
WORD,Nor,G3777,6,1 Corinthians 6:10,Epistles,New Testament,1 Corinthians,KJV
WORD,"thieves,",G2812,6,1 Corinthians 6:10,Epistles,New Testament,1 Corinthians,KJV
WORD,nor,G3777,6,1 Corinthians 6:10,Epistles,New Testament,1 Corinthians,KJV
WORD,"covetous,",G4123,6,1 Corinthians 6:10,Epistles,New Testament,1 Corinthians,KJV
WORD,nor,G3777,6,1 Corinthians 6:10,Epistles,New Testament,1 Corinthians,KJV
WORD,"drunkards,",G3183,6,1 Corinthians 6:10,Epistles,New Testament,1 Corinthians,KJV
WORD,nor,G3756,6,1 Corinthians 6:10,Epistles,New Testament,1 Corinthians,KJV
WORD,"revilers,",G3060,6,1 Corinthians 6:10,Epistles,New Testament,1 Corinthians,KJV
WORD,nor,G3756,6,1 Corinthians 6:10,Epistles,New Testament,1 Corinthians,KJV
WORD,"extortioners,",G727,6,1 Corinthians 6:10,Epistles,New Testament,1 Corinthians,KJV
PHRASE,shall inherit,G2816,6,1 Corinthians 6:10,Epistles,New Testament,1 Corinthians,KJV
PHRASE,the kingdom,G932,6,1 Corinthians 6:10,Epistles,New Testament,1 Corinthians,KJV
PHRASE,of God.,G2316,6,1 Corinthians 6:10,Epistles,New Testament,1 Corinthians,KJV
WORD,And,G2532,6,1 Corinthians 6:11,Epistles,New Testament,1 Corinthians,KJV
WORD,such,G5023,6,1 Corinthians 6:11,Epistles,New Testament,1 Corinthians,KJV
WORD,were,G2258,6,1 Corinthians 6:11,Epistles,New Testament,1 Corinthians,KJV
PHRASE,some of you:,G5100,6,1 Corinthians 6:11,Epistles,New Testament,1 Corinthians,KJV
WORD,but,G235,6,1 Corinthians 6:11,Epistles,New Testament,1 Corinthians,KJV
PHRASE,"ye are washed,",G628,6,1 Corinthians 6:11,Epistles,New Testament,1 Corinthians,KJV
WORD,but,G235,6,1 Corinthians 6:11,Epistles,New Testament,1 Corinthians,KJV
PHRASE,"ye are sanctified,",G37,6,1 Corinthians 6:11,Epistles,New Testament,1 Corinthians,KJV
WORD,but,G235,6,1 Corinthians 6:11,Epistles,New Testament,1 Corinthians,KJV
PHRASE,ye are justified,G1344,6,1 Corinthians 6:11,Epistles,New Testament,1 Corinthians,KJV
WORD,in,G1722,6,1 Corinthians 6:11,Epistles,New Testament,1 Corinthians,KJV
WORD,the,G3588,6,1 Corinthians 6:11,Epistles,New Testament,1 Corinthians,KJV
WORD,name,G3686,6,1 Corinthians 6:11,Epistles,New Testament,1 Corinthians,KJV
PHRASE,of the,G3588,6,1 Corinthians 6:11,Epistles,New Testament,1 Corinthians,KJV
WORD,Lord,G2962,6,1 Corinthians 6:11,Epistles,New Testament,1 Corinthians,KJV
WORD,"Jesus,",G2424,6,1 Corinthians 6:11,Epistles,New Testament,1 Corinthians,KJV
WORD,and,G2532,6,1 Corinthians 6:11,Epistles,New Testament,1 Corinthians,KJV
WORD,by,G1722,6,1 Corinthians 6:11,Epistles,New Testament,1 Corinthians,KJV
WORD,the,G3588,6,1 Corinthians 6:11,Epistles,New Testament,1 Corinthians,KJV
WORD,Spirit,G4151,6,1 Corinthians 6:11,Epistles,New Testament,1 Corinthians,KJV
PHRASE,of our,G2257,6,1 Corinthians 6:11,Epistles,New Testament,1 Corinthians,KJV
WORD,God.,G2316,6,1 Corinthians 6:11,Epistles,New Testament,1 Corinthians,KJV
PHRASE,All things,G3956,6,1 Corinthians 6:12,Epistles,New Testament,1 Corinthians,KJV
PHRASE,are lawful,G1832,6,1 Corinthians 6:12,Epistles,New Testament,1 Corinthians,KJV
PHRASE,"unto me,",G3427,6,1 Corinthians 6:12,Epistles,New Testament,1 Corinthians,KJV
WORD,but,G235,6,1 Corinthians 6:12,Epistles,New Testament,1 Corinthians,KJV
PHRASE,all things,G3956,6,1 Corinthians 6:12,Epistles,New Testament,1 Corinthians,KJV
WORD,are,G4851,6,1 Corinthians 6:12,Epistles,New Testament,1 Corinthians,KJV
WORD,not,G3756,6,1 Corinthians 6:12,Epistles,New Testament,1 Corinthians,KJV
WORD,expedient:,G4851,6,1 Corinthians 6:12,Epistles,New Testament,1 Corinthians,KJV
PHRASE,all things,G3956,6,1 Corinthians 6:12,Epistles,New Testament,1 Corinthians,KJV
PHRASE,are lawful,G1832,6,1 Corinthians 6:12,Epistles,New Testament,1 Corinthians,KJV
PHRASE,"for me,",G3427,6,1 Corinthians 6:12,Epistles,New Testament,1 Corinthians,KJV
WORD,but,G235,6,1 Corinthians 6:12,Epistles,New Testament,1 Corinthians,KJV
WORD,I,G1473,6,1 Corinthians 6:12,Epistles,New Testament,1 Corinthians,KJV
WORD,will,G1850,6,1 Corinthians 6:12,Epistles,New Testament,1 Corinthians,KJV
WORD,not,G3756,6,1 Corinthians 6:12,Epistles,New Testament,1 Corinthians,KJV
PHRASE,be brought under the power,G1850,6,1 Corinthians 6:12,Epistles,New Testament,1 Corinthians,KJV
WORD,of,G5259,6,1 Corinthians 6:12,Epistles,New Testament,1 Corinthians,KJV
WORD,any.,G5100,6,1 Corinthians 6:12,Epistles,New Testament,1 Corinthians,KJV
WORD,Meats,G1033,6,1 Corinthians 6:13,Epistles,New Testament,1 Corinthians,KJV
PHRASE,for the,G3588,6,1 Corinthians 6:13,Epistles,New Testament,1 Corinthians,KJV
WORD,"belly,",G2836,6,1 Corinthians 6:13,Epistles,New Testament,1 Corinthians,KJV
WORD,and,G2532,6,1 Corinthians 6:13,Epistles,New Testament,1 Corinthians,KJV
WORD,the,G3588,6,1 Corinthians 6:13,Epistles,New Testament,1 Corinthians,KJV
WORD,belly,G2836,6,1 Corinthians 6:13,Epistles,New Testament,1 Corinthians,KJV
PHRASE,for meats:,G1033,6,1 Corinthians 6:13,Epistles,New Testament,1 Corinthians,KJV
WORD,but,G1161,6,1 Corinthians 6:13,Epistles,New Testament,1 Corinthians,KJV
WORD,God,G2316,6,1 Corinthians 6:13,Epistles,New Testament,1 Corinthians,KJV
PHRASE,shall destroy,G2673,6,1 Corinthians 6:13,Epistles,New Testament,1 Corinthians,KJV
WORD,both,G2532,6,1 Corinthians 6:13,Epistles,New Testament,1 Corinthians,KJV
WORD,it,G3778,6,1 Corinthians 6:13,Epistles,New Testament,1 Corinthians,KJV
WORD,and,G2532,6,1 Corinthians 6:13,Epistles,New Testament,1 Corinthians,KJV
WORD,them.,G5023,6,1 Corinthians 6:13,Epistles,New Testament,1 Corinthians,KJV
WORD,Now,G1161,6,1 Corinthians 6:13,Epistles,New Testament,1 Corinthians,KJV
WORD,the,G3588,6,1 Corinthians 6:13,Epistles,New Testament,1 Corinthians,KJV
WORD,body,G4983,6,1 Corinthians 6:13,Epistles,New Testament,1 Corinthians,KJV
WORD,[is],,6,1 Corinthians 6:13,Epistles,New Testament,1 Corinthians,KJV
WORD,not,G3756,6,1 Corinthians 6:13,Epistles,New Testament,1 Corinthians,KJV
PHRASE,"for fornication,",G4202,6,1 Corinthians 6:13,Epistles,New Testament,1 Corinthians,KJV
WORD,but,G235,6,1 Corinthians 6:13,Epistles,New Testament,1 Corinthians,KJV
PHRASE,for the,G3588,6,1 Corinthians 6:13,Epistles,New Testament,1 Corinthians,KJV
WORD,Lord;,G2962,6,1 Corinthians 6:13,Epistles,New Testament,1 Corinthians,KJV
WORD,and,G2532,6,1 Corinthians 6:13,Epistles,New Testament,1 Corinthians,KJV
WORD,the,G3588,6,1 Corinthians 6:13,Epistles,New Testament,1 Corinthians,KJV
WORD,Lord,G2962,6,1 Corinthians 6:13,Epistles,New Testament,1 Corinthians,KJV
PHRASE,for the,G3588,6,1 Corinthians 6:13,Epistles,New Testament,1 Corinthians,KJV
WORD,body.,G4983,6,1 Corinthians 6:13,Epistles,New Testament,1 Corinthians,KJV
WORD,And,G1161,6,1 Corinthians 6:14,Epistles,New Testament,1 Corinthians,KJV
WORD,God,G2316,6,1 Corinthians 6:14,Epistles,New Testament,1 Corinthians,KJV
WORD,hath,G1453,6,1 Corinthians 6:14,Epistles,New Testament,1 Corinthians,KJV
WORD,both,G2532,6,1 Corinthians 6:14,Epistles,New Testament,1 Corinthians,KJV
PHRASE,raised up,G1453,6,1 Corinthians 6:14,Epistles,New Testament,1 Corinthians,KJV
WORD,the,G3588,6,1 Corinthians 6:14,Epistles,New Testament,1 Corinthians,KJV
WORD,"Lord,",G2962,6,1 Corinthians 6:14,Epistles,New Testament,1 Corinthians,KJV
WORD,and,G2532,6,1 Corinthians 6:14,Epistles,New Testament,1 Corinthians,KJV
WORD,will,G1825,6,1 Corinthians 6:14,Epistles,New Testament,1 Corinthians,KJV
WORD,also,G2532,6,1 Corinthians 6:14,Epistles,New Testament,1 Corinthians,KJV
PHRASE,raise up,G1825,6,1 Corinthians 6:14,Epistles,New Testament,1 Corinthians,KJV
WORD,us,G2248,6,1 Corinthians 6:14,Epistles,New Testament,1 Corinthians,KJV
WORD,by,G1223,6,1 Corinthians 6:14,Epistles,New Testament,1 Corinthians,KJV
PHRASE,his own,G846,6,1 Corinthians 6:14,Epistles,New Testament,1 Corinthians,KJV
WORD,power.,G1411,6,1 Corinthians 6:14,Epistles,New Testament,1 Corinthians,KJV
PHRASE,Know ye,G1492,6,1 Corinthians 6:15,Epistles,New Testament,1 Corinthians,KJV
WORD,not,G3756,6,1 Corinthians 6:15,Epistles,New Testament,1 Corinthians,KJV
WORD,that,G3754,6,1 Corinthians 6:15,Epistles,New Testament,1 Corinthians,KJV
WORD,your,G5216,6,1 Corinthians 6:15,Epistles,New Testament,1 Corinthians,KJV
WORD,bodies,G4983,6,1 Corinthians 6:15,Epistles,New Testament,1 Corinthians,KJV
WORD,are,G2076,6,1 Corinthians 6:15,Epistles,New Testament,1 Corinthians,KJV
WORD,the,G3588,6,1 Corinthians 6:15,Epistles,New Testament,1 Corinthians,KJV
WORD,members,G3196,6,1 Corinthians 6:15,Epistles,New Testament,1 Corinthians,KJV
PHRASE,of Christ?,G5547,6,1 Corinthians 6:15,Epistles,New Testament,1 Corinthians,KJV
PHRASE,shall I,G142,6,1 Corinthians 6:15,Epistles,New Testament,1 Corinthians,KJV
WORD,then,G3767,6,1 Corinthians 6:15,Epistles,New Testament,1 Corinthians,KJV
WORD,take,G142,6,1 Corinthians 6:15,Epistles,New Testament,1 Corinthians,KJV
WORD,the,G3588,6,1 Corinthians 6:15,Epistles,New Testament,1 Corinthians,KJV
WORD,members,G3196,6,1 Corinthians 6:15,Epistles,New Testament,1 Corinthians,KJV
PHRASE,"of Christ,",G5547,6,1 Corinthians 6:15,Epistles,New Testament,1 Corinthians,KJV
PHRASE,and make,G4160,6,1 Corinthians 6:15,Epistles,New Testament,1 Corinthians,KJV
WORD,[them],,6,1 Corinthians 6:15,Epistles,New Testament,1 Corinthians,KJV
PHRASE,the members,G3196,6,1 Corinthians 6:15,Epistles,New Testament,1 Corinthians,KJV
PHRASE,of an harlot?,G4204,6,1 Corinthians 6:15,Epistles,New Testament,1 Corinthians,KJV
PHRASE,God forbid.,G3361,6,1 Corinthians 6:15,Epistles,New Testament,1 Corinthians,KJV
WORD,,G1096,6,1 Corinthians 6:15,Epistles,New Testament,1 Corinthians,KJV
WORD,What?,G2228,6,1 Corinthians 6:16,Epistles,New Testament,1 Corinthians,KJV
PHRASE,know ye,G1492,6,1 Corinthians 6:16,Epistles,New Testament,1 Corinthians,KJV
WORD,not,G3756,6,1 Corinthians 6:16,Epistles,New Testament,1 Corinthians,KJV
WORD,that,G3754,6,1 Corinthians 6:16,Epistles,New Testament,1 Corinthians,KJV
PHRASE,he which,G3588,6,1 Corinthians 6:16,Epistles,New Testament,1 Corinthians,KJV
PHRASE,is joined,G2853,6,1 Corinthians 6:16,Epistles,New Testament,1 Corinthians,KJV
PHRASE,to an,G3588,6,1 Corinthians 6:16,Epistles,New Testament,1 Corinthians,KJV
WORD,harlot,G4204,6,1 Corinthians 6:16,Epistles,New Testament,1 Corinthians,KJV
WORD,is,G2076,6,1 Corinthians 6:16,Epistles,New Testament,1 Corinthians,KJV
WORD,one,G1520,6,1 Corinthians 6:16,Epistles,New Testament,1 Corinthians,KJV
WORD,body?,G4983,6,1 Corinthians 6:16,Epistles,New Testament,1 Corinthians,KJV
WORD,for,G1063,6,1 Corinthians 6:16,Epistles,New Testament,1 Corinthians,KJV
WORD,"two,",G1417,6,1 Corinthians 6:16,Epistles,New Testament,1 Corinthians,KJV
PHRASE,"saith he,",G5346,6,1 Corinthians 6:16,Epistles,New Testament,1 Corinthians,KJV
PHRASE,shall be,G2071,6,1 Corinthians 6:16,Epistles,New Testament,1 Corinthians,KJV
WORD,one,G1520,6,1 Corinthians 6:16,Epistles,New Testament,1 Corinthians,KJV
WORD,flesh.,G4561,6,1 Corinthians 6:16,Epistles,New Testament,1 Corinthians,KJV
WORD,But,G1161,6,1 Corinthians 6:17,Epistles,New Testament,1 Corinthians,KJV
PHRASE,he that,G3588,6,1 Corinthians 6:17,Epistles,New Testament,1 Corinthians,KJV
PHRASE,is joined,G2853,6,1 Corinthians 6:17,Epistles,New Testament,1 Corinthians,KJV
PHRASE,unto the,G3588,6,1 Corinthians 6:17,Epistles,New Testament,1 Corinthians,KJV
WORD,Lord,G2962,6,1 Corinthians 6:17,Epistles,New Testament,1 Corinthians,KJV
WORD,is,G2076,6,1 Corinthians 6:17,Epistles,New Testament,1 Corinthians,KJV
WORD,one,G1520,6,1 Corinthians 6:17,Epistles,New Testament,1 Corinthians,KJV
WORD,spirit.,G4151,6,1 Corinthians 6:17,Epistles,New Testament,1 Corinthians,KJV
WORD,Flee,G5343,6,1 Corinthians 6:18,Epistles,New Testament,1 Corinthians,KJV
WORD,fornication.,G4202,6,1 Corinthians 6:18,Epistles,New Testament,1 Corinthians,KJV
WORD,Every,G3956,6,1 Corinthians 6:18,Epistles,New Testament,1 Corinthians,KJV
WORD,sin,G265,6,1 Corinthians 6:18,Epistles,New Testament,1 Corinthians,KJV
WORD,that,G3739,6,1 Corinthians 6:18,Epistles,New Testament,1 Corinthians,KJV
PHRASE,a man,G444,6,1 Corinthians 6:18,Epistles,New Testament,1 Corinthians,KJV
WORD,doeth,G4160,6,1 Corinthians 6:18,Epistles,New Testament,1 Corinthians,KJV
WORD,is,G2076,6,1 Corinthians 6:18,Epistles,New Testament,1 Corinthians,KJV
WORD,without,G1622,6,1 Corinthians 6:18,Epistles,New Testament,1 Corinthians,KJV
WORD,the,G3588,6,1 Corinthians 6:18,Epistles,New Testament,1 Corinthians,KJV
WORD,body;,G4983,6,1 Corinthians 6:18,Epistles,New Testament,1 Corinthians,KJV
WORD,but,G1161,6,1 Corinthians 6:18,Epistles,New Testament,1 Corinthians,KJV
PHRASE,he that,G3588,6,1 Corinthians 6:18,Epistles,New Testament,1 Corinthians,KJV
PHRASE,committeth fornication,G4203,6,1 Corinthians 6:18,Epistles,New Testament,1 Corinthians,KJV
WORD,sinneth,G264,6,1 Corinthians 6:18,Epistles,New Testament,1 Corinthians,KJV
WORD,against,G1519,6,1 Corinthians 6:18,Epistles,New Testament,1 Corinthians,KJV
PHRASE,his own,G2398,6,1 Corinthians 6:18,Epistles,New Testament,1 Corinthians,KJV
WORD,body.,G4983,6,1 Corinthians 6:18,Epistles,New Testament,1 Corinthians,KJV
WORD,What?,G2228,6,1 Corinthians 6:19,Epistles,New Testament,1 Corinthians,KJV
PHRASE,know ye,G1492,6,1 Corinthians 6:19,Epistles,New Testament,1 Corinthians,KJV
WORD,not,G3756,6,1 Corinthians 6:19,Epistles,New Testament,1 Corinthians,KJV
WORD,that,G3754,6,1 Corinthians 6:19,Epistles,New Testament,1 Corinthians,KJV
WORD,your,G5216,6,1 Corinthians 6:19,Epistles,New Testament,1 Corinthians,KJV
WORD,body,G4983,6,1 Corinthians 6:19,Epistles,New Testament,1 Corinthians,KJV
WORD,is,G2076,6,1 Corinthians 6:19,Epistles,New Testament,1 Corinthians,KJV
PHRASE,the temple,G3485,6,1 Corinthians 6:19,Epistles,New Testament,1 Corinthians,KJV
PHRASE,of the Holy,G40,6,1 Corinthians 6:19,Epistles,New Testament,1 Corinthians,KJV
WORD,Ghost,G4151,6,1 Corinthians 6:19,Epistles,New Testament,1 Corinthians,KJV
PHRASE,[which is],,6,1 Corinthians 6:19,Epistles,New Testament,1 Corinthians,KJV
WORD,in,G1722,6,1 Corinthians 6:19,Epistles,New Testament,1 Corinthians,KJV
WORD,"you,",G5213,6,1 Corinthians 6:19,Epistles,New Testament,1 Corinthians,KJV
WORD,which,G3739,6,1 Corinthians 6:19,Epistles,New Testament,1 Corinthians,KJV
PHRASE,ye have,G2192,6,1 Corinthians 6:19,Epistles,New Testament,1 Corinthians,KJV
WORD,of,G575,6,1 Corinthians 6:19,Epistles,New Testament,1 Corinthians,KJV
WORD,"God,",G2316,6,1 Corinthians 6:19,Epistles,New Testament,1 Corinthians,KJV
WORD,and,G2532,6,1 Corinthians 6:19,Epistles,New Testament,1 Corinthians,KJV
PHRASE,ye are,G2075,6,1 Corinthians 6:19,Epistles,New Testament,1 Corinthians,KJV
WORD,not,G3756,6,1 Corinthians 6:19,Epistles,New Testament,1 Corinthians,KJV
PHRASE,your own?,G1438,6,1 Corinthians 6:19,Epistles,New Testament,1 Corinthians,KJV
WORD,For,G1063,6,1 Corinthians 6:20,Epistles,New Testament,1 Corinthians,KJV
PHRASE,ye are bought,G59,6,1 Corinthians 6:20,Epistles,New Testament,1 Corinthians,KJV
PHRASE,with a price:,G5092,6,1 Corinthians 6:20,Epistles,New Testament,1 Corinthians,KJV
WORD,therefore,G1211,6,1 Corinthians 6:20,Epistles,New Testament,1 Corinthians,KJV
WORD,glorify,G1392,6,1 Corinthians 6:20,Epistles,New Testament,1 Corinthians,KJV
WORD,God,G2316,6,1 Corinthians 6:20,Epistles,New Testament,1 Corinthians,KJV
WORD,in,G1722,6,1 Corinthians 6:20,Epistles,New Testament,1 Corinthians,KJV
WORD,your,G5216,6,1 Corinthians 6:20,Epistles,New Testament,1 Corinthians,KJV
WORD,"body,",G4983,6,1 Corinthians 6:20,Epistles,New Testament,1 Corinthians,KJV
WORD,and,G2532,6,1 Corinthians 6:20,Epistles,New Testament,1 Corinthians,KJV
WORD,in,G1722,6,1 Corinthians 6:20,Epistles,New Testament,1 Corinthians,KJV
WORD,your,G5216,6,1 Corinthians 6:20,Epistles,New Testament,1 Corinthians,KJV
WORD,"spirit,",G4151,6,1 Corinthians 6:20,Epistles,New Testament,1 Corinthians,KJV
WORD,which,G3748,6,1 Corinthians 6:20,Epistles,New Testament,1 Corinthians,KJV
WORD,are,G2076,6,1 Corinthians 6:20,Epistles,New Testament,1 Corinthians,KJV
WORD,God's.,G2316,6,1 Corinthians 6:20,Epistles,New Testament,1 Corinthians,KJV
WORD,Now,G1161,7,1 Corinthians 7:1,Epistles,New Testament,1 Corinthians,KJV
WORD,concerning,G4012,7,1 Corinthians 7:1,Epistles,New Testament,1 Corinthians,KJV
PHRASE,the things whereof,G3739,7,1 Corinthians 7:1,Epistles,New Testament,1 Corinthians,KJV
PHRASE,ye wrote,G1125,7,1 Corinthians 7:1,Epistles,New Testament,1 Corinthians,KJV
PHRASE,unto me:,G3427,7,1 Corinthians 7:1,Epistles,New Testament,1 Corinthians,KJV
PHRASE,[It is],,7,1 Corinthians 7:1,Epistles,New Testament,1 Corinthians,KJV
WORD,good,G2570,7,1 Corinthians 7:1,Epistles,New Testament,1 Corinthians,KJV
PHRASE,for a man,G444,7,1 Corinthians 7:1,Epistles,New Testament,1 Corinthians,KJV
WORD,not,G3361,7,1 Corinthians 7:1,Epistles,New Testament,1 Corinthians,KJV
PHRASE,to touch,G680,7,1 Corinthians 7:1,Epistles,New Testament,1 Corinthians,KJV
PHRASE,a woman.,G1135,7,1 Corinthians 7:1,Epistles,New Testament,1 Corinthians,KJV
WORD,"Nevertheless,",G1223,7,1 Corinthians 7:2,Epistles,New Testament,1 Corinthians,KJV
PHRASE,[to avoid],,7,1 Corinthians 7:2,Epistles,New Testament,1 Corinthians,KJV
WORD,"fornication,",G4202,7,1 Corinthians 7:2,Epistles,New Testament,1 Corinthians,KJV
WORD,let,G2192,7,1 Corinthians 7:2,Epistles,New Testament,1 Corinthians,KJV
PHRASE,every man,G1538,7,1 Corinthians 7:2,Epistles,New Testament,1 Corinthians,KJV
WORD,have,G2192,7,1 Corinthians 7:2,Epistles,New Testament,1 Corinthians,KJV
PHRASE,his own,G1438,7,1 Corinthians 7:2,Epistles,New Testament,1 Corinthians,KJV
WORD,"wife,",G1135,7,1 Corinthians 7:2,Epistles,New Testament,1 Corinthians,KJV
WORD,and,G2532,7,1 Corinthians 7:2,Epistles,New Testament,1 Corinthians,KJV
WORD,let,G2192,7,1 Corinthians 7:2,Epistles,New Testament,1 Corinthians,KJV
PHRASE,every woman,G1538,7,1 Corinthians 7:2,Epistles,New Testament,1 Corinthians,KJV
WORD,have,G2192,7,1 Corinthians 7:2,Epistles,New Testament,1 Corinthians,KJV
PHRASE,her own,G2398,7,1 Corinthians 7:2,Epistles,New Testament,1 Corinthians,KJV
WORD,husband.,G435,7,1 Corinthians 7:2,Epistles,New Testament,1 Corinthians,KJV
WORD,Let,G591,7,1 Corinthians 7:3,Epistles,New Testament,1 Corinthians,KJV
WORD,the,G3588,7,1 Corinthians 7:3,Epistles,New Testament,1 Corinthians,KJV
WORD,husband,G435,7,1 Corinthians 7:3,Epistles,New Testament,1 Corinthians,KJV
WORD,render,G591,7,1 Corinthians 7:3,Epistles,New Testament,1 Corinthians,KJV
PHRASE,unto the,G3588,7,1 Corinthians 7:3,Epistles,New Testament,1 Corinthians,KJV
WORD,wife,G1135,7,1 Corinthians 7:3,Epistles,New Testament,1 Corinthians,KJV
WORD,due,G3784,7,1 Corinthians 7:3,Epistles,New Testament,1 Corinthians,KJV
WORD,benevolence:,G2133,7,1 Corinthians 7:3,Epistles,New Testament,1 Corinthians,KJV
WORD,and,G1161,7,1 Corinthians 7:3,Epistles,New Testament,1 Corinthians,KJV
WORD,likewise,G3668,7,1 Corinthians 7:3,Epistles,New Testament,1 Corinthians,KJV
WORD,also,G2532,7,1 Corinthians 7:3,Epistles,New Testament,1 Corinthians,KJV
WORD,the,G3588,7,1 Corinthians 7:3,Epistles,New Testament,1 Corinthians,KJV
WORD,wife,G1135,7,1 Corinthians 7:3,Epistles,New Testament,1 Corinthians,KJV
PHRASE,unto the,G3588,7,1 Corinthians 7:3,Epistles,New Testament,1 Corinthians,KJV
WORD,husband.,G435,7,1 Corinthians 7:3,Epistles,New Testament,1 Corinthians,KJV
WORD,The,G3588,7,1 Corinthians 7:4,Epistles,New Testament,1 Corinthians,KJV
WORD,wife,G1135,7,1 Corinthians 7:4,Epistles,New Testament,1 Corinthians,KJV
WORD,hath,G1850,7,1 Corinthians 7:4,Epistles,New Testament,1 Corinthians,KJV
WORD,not,G3756,7,1 Corinthians 7:4,Epistles,New Testament,1 Corinthians,KJV
WORD,power,G1850,7,1 Corinthians 7:4,Epistles,New Testament,1 Corinthians,KJV
PHRASE,of her own,G2398,7,1 Corinthians 7:4,Epistles,New Testament,1 Corinthians,KJV
WORD,"body,",G4983,7,1 Corinthians 7:4,Epistles,New Testament,1 Corinthians,KJV
WORD,but,G235,7,1 Corinthians 7:4,Epistles,New Testament,1 Corinthians,KJV
WORD,the,G3588,7,1 Corinthians 7:4,Epistles,New Testament,1 Corinthians,KJV
WORD,husband:,G435,7,1 Corinthians 7:4,Epistles,New Testament,1 Corinthians,KJV
WORD,and,G1161,7,1 Corinthians 7:4,Epistles,New Testament,1 Corinthians,KJV
WORD,likewise,G3668,7,1 Corinthians 7:4,Epistles,New Testament,1 Corinthians,KJV
WORD,also,G2532,7,1 Corinthians 7:4,Epistles,New Testament,1 Corinthians,KJV
WORD,the,G3588,7,1 Corinthians 7:4,Epistles,New Testament,1 Corinthians,KJV
WORD,husband,G435,7,1 Corinthians 7:4,Epistles,New Testament,1 Corinthians,KJV
WORD,hath,G1850,7,1 Corinthians 7:4,Epistles,New Testament,1 Corinthians,KJV
WORD,not,G3756,7,1 Corinthians 7:4,Epistles,New Testament,1 Corinthians,KJV
WORD,power,G1850,7,1 Corinthians 7:4,Epistles,New Testament,1 Corinthians,KJV
PHRASE,of his own,G2398,7,1 Corinthians 7:4,Epistles,New Testament,1 Corinthians,KJV
WORD,"body,",G4983,7,1 Corinthians 7:4,Epistles,New Testament,1 Corinthians,KJV
WORD,but,G235,7,1 Corinthians 7:4,Epistles,New Testament,1 Corinthians,KJV
WORD,the,G3588,7,1 Corinthians 7:4,Epistles,New Testament,1 Corinthians,KJV
WORD,wife.,G1135,7,1 Corinthians 7:4,Epistles,New Testament,1 Corinthians,KJV
PHRASE,Defraud ye,G650,7,1 Corinthians 7:5,Epistles,New Testament,1 Corinthians,KJV
WORD,not,G3361,7,1 Corinthians 7:5,Epistles,New Testament,1 Corinthians,KJV
PHRASE,"one the other,",G240,7,1 Corinthians 7:5,Epistles,New Testament,1 Corinthians,KJV
WORD,,G1487,7,1 Corinthians 7:5,Epistles,New Testament,1 Corinthians,KJV
WORD,,G3361,7,1 Corinthians 7:5,Epistles,New Testament,1 Corinthians,KJV
WORD,except,G5100,7,1 Corinthians 7:5,Epistles,New Testament,1 Corinthians,KJV
PHRASE,[it be],,7,1 Corinthians 7:5,Epistles,New Testament,1 Corinthians,KJV
WORD,with,G1537,7,1 Corinthians 7:5,Epistles,New Testament,1 Corinthians,KJV
WORD,consent,G4859,7,1 Corinthians 7:5,Epistles,New Testament,1 Corinthians,KJV
WORD,for,G4314,7,1 Corinthians 7:5,Epistles,New Testament,1 Corinthians,KJV
PHRASE,"a time,",G2540,7,1 Corinthians 7:5,Epistles,New Testament,1 Corinthians,KJV
WORD,that,G2443,7,1 Corinthians 7:5,Epistles,New Testament,1 Corinthians,KJV
PHRASE,ye may give yourselves,G4980,7,1 Corinthians 7:5,Epistles,New Testament,1 Corinthians,KJV
PHRASE,to fasting,G3521,7,1 Corinthians 7:5,Epistles,New Testament,1 Corinthians,KJV
WORD,and,G2532,7,1 Corinthians 7:5,Epistles,New Testament,1 Corinthians,KJV
WORD,prayer;,G4335,7,1 Corinthians 7:5,Epistles,New Testament,1 Corinthians,KJV
WORD,and,G2532,7,1 Corinthians 7:5,Epistles,New Testament,1 Corinthians,KJV
WORD,come,G4905,7,1 Corinthians 7:5,Epistles,New Testament,1 Corinthians,KJV
WORD,together,G1909,7,1 Corinthians 7:5,Epistles,New Testament,1 Corinthians,KJV
WORD,"again,",G3825,7,1 Corinthians 7:5,Epistles,New Testament,1 Corinthians,KJV
WORD,that,G2443,7,1 Corinthians 7:5,Epistles,New Testament,1 Corinthians,KJV
WORD,Satan,G4567,7,1 Corinthians 7:5,Epistles,New Testament,1 Corinthians,KJV
WORD,tempt,G3985,7,1 Corinthians 7:5,Epistles,New Testament,1 Corinthians,KJV
WORD,you,G5209,7,1 Corinthians 7:5,Epistles,New Testament,1 Corinthians,KJV
WORD,not,G3361,7,1 Corinthians 7:5,Epistles,New Testament,1 Corinthians,KJV
WORD,for,G1223,7,1 Corinthians 7:5,Epistles,New Testament,1 Corinthians,KJV
WORD,your,G5216,7,1 Corinthians 7:5,Epistles,New Testament,1 Corinthians,KJV
WORD,incontinency.,G192,7,1 Corinthians 7:5,Epistles,New Testament,1 Corinthians,KJV
WORD,But,G1161,7,1 Corinthians 7:6,Epistles,New Testament,1 Corinthians,KJV
PHRASE,I speak,G3004,7,1 Corinthians 7:6,Epistles,New Testament,1 Corinthians,KJV
WORD,this,G5124,7,1 Corinthians 7:6,Epistles,New Testament,1 Corinthians,KJV
WORD,by,G2596,7,1 Corinthians 7:6,Epistles,New Testament,1 Corinthians,KJV
WORD,"permission,",G4774,7,1 Corinthians 7:6,Epistles,New Testament,1 Corinthians,KJV
WORD,[and],,7,1 Corinthians 7:6,Epistles,New Testament,1 Corinthians,KJV
WORD,not,G3756,7,1 Corinthians 7:6,Epistles,New Testament,1 Corinthians,KJV
WORD,of,G2596,7,1 Corinthians 7:6,Epistles,New Testament,1 Corinthians,KJV
WORD,commandment.,G2003,7,1 Corinthians 7:6,Epistles,New Testament,1 Corinthians,KJV
WORD,For,G1063,7,1 Corinthians 7:7,Epistles,New Testament,1 Corinthians,KJV
PHRASE,I would,G2309,7,1 Corinthians 7:7,Epistles,New Testament,1 Corinthians,KJV
PHRASE,that all,G3956,7,1 Corinthians 7:7,Epistles,New Testament,1 Corinthians,KJV
WORD,men,G444,7,1 Corinthians 7:7,Epistles,New Testament,1 Corinthians,KJV
WORD,were,G1511,7,1 Corinthians 7:7,Epistles,New Testament,1 Corinthians,KJV
WORD,even,G2532,7,1 Corinthians 7:7,Epistles,New Testament,1 Corinthians,KJV
WORD,as,G5613,7,1 Corinthians 7:7,Epistles,New Testament,1 Corinthians,KJV
PHRASE,I myself.,G1683,7,1 Corinthians 7:7,Epistles,New Testament,1 Corinthians,KJV
WORD,But,G235,7,1 Corinthians 7:7,Epistles,New Testament,1 Corinthians,KJV
PHRASE,every man,G1538,7,1 Corinthians 7:7,Epistles,New Testament,1 Corinthians,KJV
WORD,hath,G2192,7,1 Corinthians 7:7,Epistles,New Testament,1 Corinthians,KJV
PHRASE,his proper,G2398,7,1 Corinthians 7:7,Epistles,New Testament,1 Corinthians,KJV
WORD,gift,G5486,7,1 Corinthians 7:7,Epistles,New Testament,1 Corinthians,KJV
WORD,of,G1537,7,1 Corinthians 7:7,Epistles,New Testament,1 Corinthians,KJV
WORD,"God,",G2316,7,1 Corinthians 7:7,Epistles,New Testament,1 Corinthians,KJV
WORD,one,G3739,7,1 Corinthians 7:7,Epistles,New Testament,1 Corinthians,KJV
PHRASE,"after this manner,",G3779,7,1 Corinthians 7:7,Epistles,New Testament,1 Corinthians,KJV
WORD,and,G1161,7,1 Corinthians 7:7,Epistles,New Testament,1 Corinthians,KJV
WORD,another,G3739,7,1 Corinthians 7:7,Epistles,New Testament,1 Corinthians,KJV
PHRASE,after that.,G3779,7,1 Corinthians 7:7,Epistles,New Testament,1 Corinthians,KJV
PHRASE,I say,G3004,7,1 Corinthians 7:8,Epistles,New Testament,1 Corinthians,KJV
WORD,therefore,G1161,7,1 Corinthians 7:8,Epistles,New Testament,1 Corinthians,KJV
PHRASE,to the,G3588,7,1 Corinthians 7:8,Epistles,New Testament,1 Corinthians,KJV
WORD,unmarried,G22,7,1 Corinthians 7:8,Epistles,New Testament,1 Corinthians,KJV
WORD,and,G2532,7,1 Corinthians 7:8,Epistles,New Testament,1 Corinthians,KJV
WORD,"widows,",G5503,7,1 Corinthians 7:8,Epistles,New Testament,1 Corinthians,KJV
PHRASE,It is,G2076,7,1 Corinthians 7:8,Epistles,New Testament,1 Corinthians,KJV
WORD,good,G2570,7,1 Corinthians 7:8,Epistles,New Testament,1 Corinthians,KJV
PHRASE,for them,G846,7,1 Corinthians 7:8,Epistles,New Testament,1 Corinthians,KJV
WORD,if,G1437,7,1 Corinthians 7:8,Epistles,New Testament,1 Corinthians,KJV
PHRASE,they abide,G3306,7,1 Corinthians 7:8,Epistles,New Testament,1 Corinthians,KJV
WORD,even,G2504,7,1 Corinthians 7:8,Epistles,New Testament,1 Corinthians,KJV
WORD,as,G5613,7,1 Corinthians 7:8,Epistles,New Testament,1 Corinthians,KJV
WORD,I.,G2504,7,1 Corinthians 7:8,Epistles,New Testament,1 Corinthians,KJV
WORD,But,G1161,7,1 Corinthians 7:9,Epistles,New Testament,1 Corinthians,KJV
WORD,if,G1487,7,1 Corinthians 7:9,Epistles,New Testament,1 Corinthians,KJV
WORD,they,G1467,7,1 Corinthians 7:9,Epistles,New Testament,1 Corinthians,KJV
WORD,cannot,G3756,7,1 Corinthians 7:9,Epistles,New Testament,1 Corinthians,KJV
WORD,"contain,",G1467,7,1 Corinthians 7:9,Epistles,New Testament,1 Corinthians,KJV
PHRASE,let them marry:,G1060,7,1 Corinthians 7:9,Epistles,New Testament,1 Corinthians,KJV
WORD,for,G1063,7,1 Corinthians 7:9,Epistles,New Testament,1 Corinthians,KJV
PHRASE,it is,G2076,7,1 Corinthians 7:9,Epistles,New Testament,1 Corinthians,KJV
WORD,better,G2908,7,1 Corinthians 7:9,Epistles,New Testament,1 Corinthians,KJV
PHRASE,to marry,G1060,7,1 Corinthians 7:9,Epistles,New Testament,1 Corinthians,KJV
WORD,than,G2228,7,1 Corinthians 7:9,Epistles,New Testament,1 Corinthians,KJV
PHRASE,to burn.,G4448,7,1 Corinthians 7:9,Epistles,New Testament,1 Corinthians,KJV
WORD,And,G1161,7,1 Corinthians 7:10,Epistles,New Testament,1 Corinthians,KJV
PHRASE,unto the,G3588,7,1 Corinthians 7:10,Epistles,New Testament,1 Corinthians,KJV
WORD,married,G1060,7,1 Corinthians 7:10,Epistles,New Testament,1 Corinthians,KJV
PHRASE,"I command,",G3853,7,1 Corinthians 7:10,Epistles,New Testament,1 Corinthians,KJV
WORD,[yet],,7,1 Corinthians 7:10,Epistles,New Testament,1 Corinthians,KJV
WORD,not,G3756,7,1 Corinthians 7:10,Epistles,New Testament,1 Corinthians,KJV
WORD,"I,",G1473,7,1 Corinthians 7:10,Epistles,New Testament,1 Corinthians,KJV
WORD,but,G235,7,1 Corinthians 7:10,Epistles,New Testament,1 Corinthians,KJV
WORD,the,G3588,7,1 Corinthians 7:10,Epistles,New Testament,1 Corinthians,KJV
WORD,"Lord,",G2962,7,1 Corinthians 7:10,Epistles,New Testament,1 Corinthians,KJV
WORD,Let,G5563,7,1 Corinthians 7:10,Epistles,New Testament,1 Corinthians,KJV
WORD,not,G3361,7,1 Corinthians 7:10,Epistles,New Testament,1 Corinthians,KJV
PHRASE,the wife,G1135,7,1 Corinthians 7:10,Epistles,New Testament,1 Corinthians,KJV
WORD,depart,G5563,7,1 Corinthians 7:10,Epistles,New Testament,1 Corinthians,KJV
WORD,from,G575,7,1 Corinthians 7:10,Epistles,New Testament,1 Corinthians,KJV
WORD,[her],,7,1 Corinthians 7:10,Epistles,New Testament,1 Corinthians,KJV
WORD,husband:,G435,7,1 Corinthians 7:10,Epistles,New Testament,1 Corinthians,KJV
WORD,But,G1161,7,1 Corinthians 7:11,Epistles,New Testament,1 Corinthians,KJV
WORD,and,G2532,7,1 Corinthians 7:11,Epistles,New Testament,1 Corinthians,KJV
WORD,if,G1437,7,1 Corinthians 7:11,Epistles,New Testament,1 Corinthians,KJV
PHRASE,"she depart,",G5563,7,1 Corinthians 7:11,Epistles,New Testament,1 Corinthians,KJV
PHRASE,let her remain,G3306,7,1 Corinthians 7:11,Epistles,New Testament,1 Corinthians,KJV
WORD,"unmarried,",G22,7,1 Corinthians 7:11,Epistles,New Testament,1 Corinthians,KJV
WORD,or,G2228,7,1 Corinthians 7:11,Epistles,New Testament,1 Corinthians,KJV
PHRASE,be reconciled to,G2644,7,1 Corinthians 7:11,Epistles,New Testament,1 Corinthians,KJV
WORD,[her],,7,1 Corinthians 7:11,Epistles,New Testament,1 Corinthians,KJV
WORD,husband:,G435,7,1 Corinthians 7:11,Epistles,New Testament,1 Corinthians,KJV
WORD,and,G2532,7,1 Corinthians 7:11,Epistles,New Testament,1 Corinthians,KJV
WORD,let,G863,7,1 Corinthians 7:11,Epistles,New Testament,1 Corinthians,KJV
WORD,not,G3361,7,1 Corinthians 7:11,Epistles,New Testament,1 Corinthians,KJV
PHRASE,the husband,G435,7,1 Corinthians 7:11,Epistles,New Testament,1 Corinthians,KJV
PHRASE,put away,G863,7,1 Corinthians 7:11,Epistles,New Testament,1 Corinthians,KJV
WORD,[his],,7,1 Corinthians 7:11,Epistles,New Testament,1 Corinthians,KJV
WORD,wife.,G1135,7,1 Corinthians 7:11,Epistles,New Testament,1 Corinthians,KJV
WORD,But,G1161,7,1 Corinthians 7:12,Epistles,New Testament,1 Corinthians,KJV
PHRASE,to the,G3588,7,1 Corinthians 7:12,Epistles,New Testament,1 Corinthians,KJV
WORD,rest,G3062,7,1 Corinthians 7:12,Epistles,New Testament,1 Corinthians,KJV
WORD,speak,G3004,7,1 Corinthians 7:12,Epistles,New Testament,1 Corinthians,KJV
WORD,"I,",G1473,7,1 Corinthians 7:12,Epistles,New Testament,1 Corinthians,KJV
WORD,not,G3756,7,1 Corinthians 7:12,Epistles,New Testament,1 Corinthians,KJV
WORD,the,G3588,7,1 Corinthians 7:12,Epistles,New Testament,1 Corinthians,KJV
WORD,Lord:,G2962,7,1 Corinthians 7:12,Epistles,New Testament,1 Corinthians,KJV
WORD,If,G1487,7,1 Corinthians 7:12,Epistles,New Testament,1 Corinthians,KJV
WORD,any,G5100,7,1 Corinthians 7:12,Epistles,New Testament,1 Corinthians,KJV
WORD,brother,G80,7,1 Corinthians 7:12,Epistles,New Testament,1 Corinthians,KJV
WORD,hath,G2192,7,1 Corinthians 7:12,Epistles,New Testament,1 Corinthians,KJV
PHRASE,a wife,G1135,7,1 Corinthians 7:12,Epistles,New Testament,1 Corinthians,KJV
PHRASE,"that believeth not,",G571,7,1 Corinthians 7:12,Epistles,New Testament,1 Corinthians,KJV
WORD,and,G2532,7,1 Corinthians 7:12,Epistles,New Testament,1 Corinthians,KJV
WORD,she,G846,7,1 Corinthians 7:12,Epistles,New Testament,1 Corinthians,KJV
PHRASE,be pleased,G4909,7,1 Corinthians 7:12,Epistles,New Testament,1 Corinthians,KJV
PHRASE,to dwell,G3611,7,1 Corinthians 7:12,Epistles,New Testament,1 Corinthians,KJV
WORD,with,G3326,7,1 Corinthians 7:12,Epistles,New Testament,1 Corinthians,KJV
WORD,"him,",G846,7,1 Corinthians 7:12,Epistles,New Testament,1 Corinthians,KJV
PHRASE,let him,G863,7,1 Corinthians 7:12,Epistles,New Testament,1 Corinthians,KJV
WORD,not,G3361,7,1 Corinthians 7:12,Epistles,New Testament,1 Corinthians,KJV
WORD,put,G863,7,1 Corinthians 7:12,Epistles,New Testament,1 Corinthians,KJV
WORD,her,G846,7,1 Corinthians 7:12,Epistles,New Testament,1 Corinthians,KJV
WORD,away.,G863,7,1 Corinthians 7:12,Epistles,New Testament,1 Corinthians,KJV
WORD,And,G2532,7,1 Corinthians 7:13,Epistles,New Testament,1 Corinthians,KJV
PHRASE,the woman,G1135,7,1 Corinthians 7:13,Epistles,New Testament,1 Corinthians,KJV
WORD,which,G3748,7,1 Corinthians 7:13,Epistles,New Testament,1 Corinthians,KJV
WORD,hath,G2192,7,1 Corinthians 7:13,Epistles,New Testament,1 Corinthians,KJV
PHRASE,an husband,G435,7,1 Corinthians 7:13,Epistles,New Testament,1 Corinthians,KJV
PHRASE,"that believeth not,",G571,7,1 Corinthians 7:13,Epistles,New Testament,1 Corinthians,KJV
WORD,and,G2532,7,1 Corinthians 7:13,Epistles,New Testament,1 Corinthians,KJV
PHRASE,if he,G846,7,1 Corinthians 7:13,Epistles,New Testament,1 Corinthians,KJV
PHRASE,be pleased,G4909,7,1 Corinthians 7:13,Epistles,New Testament,1 Corinthians,KJV
PHRASE,to dwell,G3611,7,1 Corinthians 7:13,Epistles,New Testament,1 Corinthians,KJV
WORD,with,G3326,7,1 Corinthians 7:13,Epistles,New Testament,1 Corinthians,KJV
WORD,"her,",G846,7,1 Corinthians 7:13,Epistles,New Testament,1 Corinthians,KJV
PHRASE,let her,G863,7,1 Corinthians 7:13,Epistles,New Testament,1 Corinthians,KJV
WORD,not,G3361,7,1 Corinthians 7:13,Epistles,New Testament,1 Corinthians,KJV
WORD,leave,G863,7,1 Corinthians 7:13,Epistles,New Testament,1 Corinthians,KJV
WORD,him.,G846,7,1 Corinthians 7:13,Epistles,New Testament,1 Corinthians,KJV
WORD,For,G1063,7,1 Corinthians 7:14,Epistles,New Testament,1 Corinthians,KJV
WORD,the,G3588,7,1 Corinthians 7:14,Epistles,New Testament,1 Corinthians,KJV
WORD,unbelieving,G571,7,1 Corinthians 7:14,Epistles,New Testament,1 Corinthians,KJV
WORD,husband,G435,7,1 Corinthians 7:14,Epistles,New Testament,1 Corinthians,KJV
PHRASE,is sanctified,G37,7,1 Corinthians 7:14,Epistles,New Testament,1 Corinthians,KJV
WORD,by,G1722,7,1 Corinthians 7:14,Epistles,New Testament,1 Corinthians,KJV
WORD,the,G3588,7,1 Corinthians 7:14,Epistles,New Testament,1 Corinthians,KJV
WORD,"wife,",G1135,7,1 Corinthians 7:14,Epistles,New Testament,1 Corinthians,KJV
WORD,and,G2532,7,1 Corinthians 7:14,Epistles,New Testament,1 Corinthians,KJV
WORD,the,G3588,7,1 Corinthians 7:14,Epistles,New Testament,1 Corinthians,KJV
WORD,unbelieving,G571,7,1 Corinthians 7:14,Epistles,New Testament,1 Corinthians,KJV
WORD,wife,G1135,7,1 Corinthians 7:14,Epistles,New Testament,1 Corinthians,KJV
PHRASE,is sanctified,G37,7,1 Corinthians 7:14,Epistles,New Testament,1 Corinthians,KJV
WORD,by,G1722,7,1 Corinthians 7:14,Epistles,New Testament,1 Corinthians,KJV
WORD,the,G3588,7,1 Corinthians 7:14,Epistles,New Testament,1 Corinthians,KJV
WORD,husband:,G435,7,1 Corinthians 7:14,Epistles,New Testament,1 Corinthians,KJV
WORD,else,G1893,7,1 Corinthians 7:14,Epistles,New Testament,1 Corinthians,KJV
WORD,were,G2076,7,1 Corinthians 7:14,Epistles,New Testament,1 Corinthians,KJV
WORD,your,G5216,7,1 Corinthians 7:14,Epistles,New Testament,1 Corinthians,KJV
WORD,children,G5043,7,1 Corinthians 7:14,Epistles,New Testament,1 Corinthians,KJV
WORD,unclean;,G169,7,1 Corinthians 7:14,Epistles,New Testament,1 Corinthians,KJV
WORD,but,G1161,7,1 Corinthians 7:14,Epistles,New Testament,1 Corinthians,KJV
WORD,now,G3568,7,1 Corinthians 7:14,Epistles,New Testament,1 Corinthians,KJV
PHRASE,are they,G2076,7,1 Corinthians 7:14,Epistles,New Testament,1 Corinthians,KJV
WORD,holy.,G40,7,1 Corinthians 7:14,Epistles,New Testament,1 Corinthians,KJV
WORD,But,G1161,7,1 Corinthians 7:15,Epistles,New Testament,1 Corinthians,KJV
WORD,if,G1487,7,1 Corinthians 7:15,Epistles,New Testament,1 Corinthians,KJV
WORD,the,G3588,7,1 Corinthians 7:15,Epistles,New Testament,1 Corinthians,KJV
WORD,unbelieving,G571,7,1 Corinthians 7:15,Epistles,New Testament,1 Corinthians,KJV
WORD,"depart,",G5563,7,1 Corinthians 7:15,Epistles,New Testament,1 Corinthians,KJV
PHRASE,let him depart.,G5563,7,1 Corinthians 7:15,Epistles,New Testament,1 Corinthians,KJV
WORD,A,G3588,7,1 Corinthians 7:15,Epistles,New Testament,1 Corinthians,KJV
WORD,brother,G80,7,1 Corinthians 7:15,Epistles,New Testament,1 Corinthians,KJV
WORD,or,G2228,7,1 Corinthians 7:15,Epistles,New Testament,1 Corinthians,KJV
WORD,a,G3588,7,1 Corinthians 7:15,Epistles,New Testament,1 Corinthians,KJV
WORD,sister,G79,7,1 Corinthians 7:15,Epistles,New Testament,1 Corinthians,KJV
WORD,is,G1402,7,1 Corinthians 7:15,Epistles,New Testament,1 Corinthians,KJV
WORD,not,G3756,7,1 Corinthians 7:15,Epistles,New Testament,1 Corinthians,KJV
PHRASE,under bondage,G1402,7,1 Corinthians 7:15,Epistles,New Testament,1 Corinthians,KJV
WORD,in,G1722,7,1 Corinthians 7:15,Epistles,New Testament,1 Corinthians,KJV
WORD,such,G5108,7,1 Corinthians 7:15,Epistles,New Testament,1 Corinthians,KJV
WORD,[cases]:,,7,1 Corinthians 7:15,Epistles,New Testament,1 Corinthians,KJV
WORD,but,G1161,7,1 Corinthians 7:15,Epistles,New Testament,1 Corinthians,KJV
WORD,God,G2316,7,1 Corinthians 7:15,Epistles,New Testament,1 Corinthians,KJV
PHRASE,hath called,G2564,7,1 Corinthians 7:15,Epistles,New Testament,1 Corinthians,KJV
WORD,us,G2248,7,1 Corinthians 7:15,Epistles,New Testament,1 Corinthians,KJV
WORD,to,G1722,7,1 Corinthians 7:15,Epistles,New Testament,1 Corinthians,KJV
WORD,peace.,G1515,7,1 Corinthians 7:15,Epistles,New Testament,1 Corinthians,KJV
WORD,For,G1063,7,1 Corinthians 7:16,Epistles,New Testament,1 Corinthians,KJV
WORD,what,G5101,7,1 Corinthians 7:16,Epistles,New Testament,1 Corinthians,KJV
PHRASE,"knowest thou,",G1492,7,1 Corinthians 7:16,Epistles,New Testament,1 Corinthians,KJV
PHRASE,"O wife,",G1135,7,1 Corinthians 7:16,Epistles,New Testament,1 Corinthians,KJV
WORD,whether,G1487,7,1 Corinthians 7:16,Epistles,New Testament,1 Corinthians,KJV
PHRASE,thou shalt save,G4982,7,1 Corinthians 7:16,Epistles,New Testament,1 Corinthians,KJV
WORD,[thy],,7,1 Corinthians 7:16,Epistles,New Testament,1 Corinthians,KJV
WORD,husband?,G435,7,1 Corinthians 7:16,Epistles,New Testament,1 Corinthians,KJV
WORD,or,G2228,7,1 Corinthians 7:16,Epistles,New Testament,1 Corinthians,KJV
WORD,how,G5101,7,1 Corinthians 7:16,Epistles,New Testament,1 Corinthians,KJV
PHRASE,"knowest thou,",G1492,7,1 Corinthians 7:16,Epistles,New Testament,1 Corinthians,KJV
PHRASE,"O man,",G435,7,1 Corinthians 7:16,Epistles,New Testament,1 Corinthians,KJV
WORD,whether,G1487,7,1 Corinthians 7:16,Epistles,New Testament,1 Corinthians,KJV
PHRASE,thou shalt save,G4982,7,1 Corinthians 7:16,Epistles,New Testament,1 Corinthians,KJV
WORD,[thy],,7,1 Corinthians 7:16,Epistles,New Testament,1 Corinthians,KJV
WORD,wife?,G1135,7,1 Corinthians 7:16,Epistles,New Testament,1 Corinthians,KJV
WORD,But,G3361,7,1 Corinthians 7:17,Epistles,New Testament,1 Corinthians,KJV
WORD,as,G5613,7,1 Corinthians 7:17,Epistles,New Testament,1 Corinthians,KJV
WORD,God,G2316,7,1 Corinthians 7:17,Epistles,New Testament,1 Corinthians,KJV
PHRASE,hath distributed,G3307,7,1 Corinthians 7:17,Epistles,New Testament,1 Corinthians,KJV
PHRASE,"to every man,",G1538,7,1 Corinthians 7:17,Epistles,New Testament,1 Corinthians,KJV
WORD,as,G5613,7,1 Corinthians 7:17,Epistles,New Testament,1 Corinthians,KJV
WORD,the,G3588,7,1 Corinthians 7:17,Epistles,New Testament,1 Corinthians,KJV
WORD,Lord,G2962,7,1 Corinthians 7:17,Epistles,New Testament,1 Corinthians,KJV
PHRASE,hath called,G2564,7,1 Corinthians 7:17,Epistles,New Testament,1 Corinthians,KJV
PHRASE,"every one,",G1538,7,1 Corinthians 7:17,Epistles,New Testament,1 Corinthians,KJV
WORD,so,G3779,7,1 Corinthians 7:17,Epistles,New Testament,1 Corinthians,KJV
PHRASE,let him walk.,G4043,7,1 Corinthians 7:17,Epistles,New Testament,1 Corinthians,KJV
WORD,And,G2532,7,1 Corinthians 7:17,Epistles,New Testament,1 Corinthians,KJV
WORD,so,G3779,7,1 Corinthians 7:17,Epistles,New Testament,1 Corinthians,KJV
PHRASE,ordain I,G1299,7,1 Corinthians 7:17,Epistles,New Testament,1 Corinthians,KJV
WORD,in,G1722,7,1 Corinthians 7:17,Epistles,New Testament,1 Corinthians,KJV
WORD,all,G3956,7,1 Corinthians 7:17,Epistles,New Testament,1 Corinthians,KJV
WORD,churches.,G1577,7,1 Corinthians 7:17,Epistles,New Testament,1 Corinthians,KJV
WORD,Is,G2564,7,1 Corinthians 7:18,Epistles,New Testament,1 Corinthians,KJV
PHRASE,any man,G5100,7,1 Corinthians 7:18,Epistles,New Testament,1 Corinthians,KJV
WORD,called,G2564,7,1 Corinthians 7:18,Epistles,New Testament,1 Corinthians,KJV
PHRASE,being circumcised?,G4059,7,1 Corinthians 7:18,Epistles,New Testament,1 Corinthians,KJV
PHRASE,let him,G1986,7,1 Corinthians 7:18,Epistles,New Testament,1 Corinthians,KJV
WORD,not,G3361,7,1 Corinthians 7:18,Epistles,New Testament,1 Corinthians,KJV
PHRASE,become uncircumcised.,G1986,7,1 Corinthians 7:18,Epistles,New Testament,1 Corinthians,KJV
WORD,Is,G2564,7,1 Corinthians 7:18,Epistles,New Testament,1 Corinthians,KJV
WORD,any,G5100,7,1 Corinthians 7:18,Epistles,New Testament,1 Corinthians,KJV
WORD,called,G2564,7,1 Corinthians 7:18,Epistles,New Testament,1 Corinthians,KJV
WORD,in,G1722,7,1 Corinthians 7:18,Epistles,New Testament,1 Corinthians,KJV
WORD,uncircumcision?,G203,7,1 Corinthians 7:18,Epistles,New Testament,1 Corinthians,KJV
PHRASE,let him,G4059,7,1 Corinthians 7:18,Epistles,New Testament,1 Corinthians,KJV
WORD,not,G3361,7,1 Corinthians 7:18,Epistles,New Testament,1 Corinthians,KJV
PHRASE,be circumcised.,G4059,7,1 Corinthians 7:18,Epistles,New Testament,1 Corinthians,KJV
WORD,Circumcision,G4061,7,1 Corinthians 7:19,Epistles,New Testament,1 Corinthians,KJV
WORD,is,G2076,7,1 Corinthians 7:19,Epistles,New Testament,1 Corinthians,KJV
WORD,"nothing,",G3762,7,1 Corinthians 7:19,Epistles,New Testament,1 Corinthians,KJV
WORD,and,G2532,7,1 Corinthians 7:19,Epistles,New Testament,1 Corinthians,KJV
WORD,uncircumcision,G203,7,1 Corinthians 7:19,Epistles,New Testament,1 Corinthians,KJV
WORD,is,G2076,7,1 Corinthians 7:19,Epistles,New Testament,1 Corinthians,KJV
WORD,"nothing,",G3762,7,1 Corinthians 7:19,Epistles,New Testament,1 Corinthians,KJV
WORD,but,G235,7,1 Corinthians 7:19,Epistles,New Testament,1 Corinthians,KJV
PHRASE,the keeping,G5084,7,1 Corinthians 7:19,Epistles,New Testament,1 Corinthians,KJV
PHRASE,of the commandments,G1785,7,1 Corinthians 7:19,Epistles,New Testament,1 Corinthians,KJV
PHRASE,of God.,G2316,7,1 Corinthians 7:19,Epistles,New Testament,1 Corinthians,KJV
WORD,Let,G3306,7,1 Corinthians 7:20,Epistles,New Testament,1 Corinthians,KJV
PHRASE,every man,G1538,7,1 Corinthians 7:20,Epistles,New Testament,1 Corinthians,KJV
WORD,abide,G3306,7,1 Corinthians 7:20,Epistles,New Testament,1 Corinthians,KJV
WORD,in,G1722,7,1 Corinthians 7:20,Epistles,New Testament,1 Corinthians,KJV
PHRASE,the same,G3778,7,1 Corinthians 7:20,Epistles,New Testament,1 Corinthians,KJV
WORD,calling,G2821,7,1 Corinthians 7:20,Epistles,New Testament,1 Corinthians,KJV
WORD,wherein,G1722,7,1 Corinthians 7:20,Epistles,New Testament,1 Corinthians,KJV
PHRASE,he was called.,G2564,7,1 Corinthians 7:20,Epistles,New Testament,1 Corinthians,KJV
PHRASE,Art thou called,G2564,7,1 Corinthians 7:21,Epistles,New Testament,1 Corinthians,KJV
WORD,[being],,7,1 Corinthians 7:21,Epistles,New Testament,1 Corinthians,KJV
PHRASE,a servant?,G1401,7,1 Corinthians 7:21,Epistles,New Testament,1 Corinthians,KJV
WORD,care,G3199,7,1 Corinthians 7:21,Epistles,New Testament,1 Corinthians,KJV
WORD,not,G3361,7,1 Corinthians 7:21,Epistles,New Testament,1 Corinthians,KJV
PHRASE,for it:,G3199,7,1 Corinthians 7:21,Epistles,New Testament,1 Corinthians,KJV
WORD,but,G235,7,1 Corinthians 7:21,Epistles,New Testament,1 Corinthians,KJV
WORD,if,G1487,7,1 Corinthians 7:21,Epistles,New Testament,1 Corinthians,KJV
PHRASE,thou mayest,G1410,7,1 Corinthians 7:21,Epistles,New Testament,1 Corinthians,KJV
PHRASE,be made,G1096,7,1 Corinthians 7:21,Epistles,New Testament,1 Corinthians,KJV
WORD,"free,",G1658,7,1 Corinthians 7:21,Epistles,New Testament,1 Corinthians,KJV
WORD,use,G5530,7,1 Corinthians 7:21,Epistles,New Testament,1 Corinthians,KJV
WORD,[it],,7,1 Corinthians 7:21,Epistles,New Testament,1 Corinthians,KJV
WORD,rather.,G3123,7,1 Corinthians 7:21,Epistles,New Testament,1 Corinthians,KJV
WORD,For,G1063,7,1 Corinthians 7:22,Epistles,New Testament,1 Corinthians,KJV
PHRASE,he that,G3588,7,1 Corinthians 7:22,Epistles,New Testament,1 Corinthians,KJV
PHRASE,is called,G2564,7,1 Corinthians 7:22,Epistles,New Testament,1 Corinthians,KJV
WORD,in,G1722,7,1 Corinthians 7:22,Epistles,New Testament,1 Corinthians,KJV
PHRASE,"the Lord,",G2962,7,1 Corinthians 7:22,Epistles,New Testament,1 Corinthians,KJV
WORD,[being],,7,1 Corinthians 7:22,Epistles,New Testament,1 Corinthians,KJV
PHRASE,"a servant,",G1401,7,1 Corinthians 7:22,Epistles,New Testament,1 Corinthians,KJV
WORD,is,G2076,7,1 Corinthians 7:22,Epistles,New Testament,1 Corinthians,KJV
PHRASE,the Lord's,G2962,7,1 Corinthians 7:22,Epistles,New Testament,1 Corinthians,KJV
WORD,freeman:,G558,7,1 Corinthians 7:22,Epistles,New Testament,1 Corinthians,KJV
WORD,likewise,G3668,7,1 Corinthians 7:22,Epistles,New Testament,1 Corinthians,KJV
WORD,also,G2532,7,1 Corinthians 7:22,Epistles,New Testament,1 Corinthians,KJV
PHRASE,"he that is called,",G2564,7,1 Corinthians 7:22,Epistles,New Testament,1 Corinthians,KJV
WORD,[being],,7,1 Corinthians 7:22,Epistles,New Testament,1 Corinthians,KJV
WORD,"free,",G1658,7,1 Corinthians 7:22,Epistles,New Testament,1 Corinthians,KJV
WORD,is,G2076,7,1 Corinthians 7:22,Epistles,New Testament,1 Corinthians,KJV
WORD,Christ's,G5547,7,1 Corinthians 7:22,Epistles,New Testament,1 Corinthians,KJV
WORD,servant.,G1401,7,1 Corinthians 7:22,Epistles,New Testament,1 Corinthians,KJV
PHRASE,Ye are bought,G59,7,1 Corinthians 7:23,Epistles,New Testament,1 Corinthians,KJV
PHRASE,with a price;,G5092,7,1 Corinthians 7:23,Epistles,New Testament,1 Corinthians,KJV
WORD,be,G1096,7,1 Corinthians 7:23,Epistles,New Testament,1 Corinthians,KJV
WORD,not,G3361,7,1 Corinthians 7:23,Epistles,New Testament,1 Corinthians,KJV
WORD,ye,G1096,7,1 Corinthians 7:23,Epistles,New Testament,1 Corinthians,KJV
PHRASE,the servants,G1401,7,1 Corinthians 7:23,Epistles,New Testament,1 Corinthians,KJV
PHRASE,of men.,G444,7,1 Corinthians 7:23,Epistles,New Testament,1 Corinthians,KJV
WORD,"Brethren,",G80,7,1 Corinthians 7:24,Epistles,New Testament,1 Corinthians,KJV
WORD,let,G3306,7,1 Corinthians 7:24,Epistles,New Testament,1 Corinthians,KJV
PHRASE,"every man,",G1538,7,1 Corinthians 7:24,Epistles,New Testament,1 Corinthians,KJV
WORD,wherein,G1722,7,1 Corinthians 7:24,Epistles,New Testament,1 Corinthians,KJV
PHRASE,"he is called,",G2564,7,1 Corinthians 7:24,Epistles,New Testament,1 Corinthians,KJV
WORD,therein,G1722,7,1 Corinthians 7:24,Epistles,New Testament,1 Corinthians,KJV
WORD,,G5129,7,1 Corinthians 7:24,Epistles,New Testament,1 Corinthians,KJV
WORD,abide,G3306,7,1 Corinthians 7:24,Epistles,New Testament,1 Corinthians,KJV
WORD,with,G3844,7,1 Corinthians 7:24,Epistles,New Testament,1 Corinthians,KJV
WORD,God.,G2316,7,1 Corinthians 7:24,Epistles,New Testament,1 Corinthians,KJV
WORD,Now,G1161,7,1 Corinthians 7:25,Epistles,New Testament,1 Corinthians,KJV
WORD,concerning,G4012,7,1 Corinthians 7:25,Epistles,New Testament,1 Corinthians,KJV
WORD,virgins,G3933,7,1 Corinthians 7:25,Epistles,New Testament,1 Corinthians,KJV
PHRASE,I have,G2192,7,1 Corinthians 7:25,Epistles,New Testament,1 Corinthians,KJV
WORD,no,G3756,7,1 Corinthians 7:25,Epistles,New Testament,1 Corinthians,KJV
WORD,commandment,G2003,7,1 Corinthians 7:25,Epistles,New Testament,1 Corinthians,KJV
PHRASE,of the Lord:,G2962,7,1 Corinthians 7:25,Epistles,New Testament,1 Corinthians,KJV
WORD,yet,G1161,7,1 Corinthians 7:25,Epistles,New Testament,1 Corinthians,KJV
PHRASE,I give,G1325,7,1 Corinthians 7:25,Epistles,New Testament,1 Corinthians,KJV
PHRASE,"my judgment,",G1106,7,1 Corinthians 7:25,Epistles,New Testament,1 Corinthians,KJV
WORD,as,G5613,7,1 Corinthians 7:25,Epistles,New Testament,1 Corinthians,KJV
PHRASE,one that hath obtained mercy,G1653,7,1 Corinthians 7:25,Epistles,New Testament,1 Corinthians,KJV
WORD,of,G5259,7,1 Corinthians 7:25,Epistles,New Testament,1 Corinthians,KJV
PHRASE,the Lord,G2962,7,1 Corinthians 7:25,Epistles,New Testament,1 Corinthians,KJV
PHRASE,to be,G1511,7,1 Corinthians 7:25,Epistles,New Testament,1 Corinthians,KJV
WORD,faithful.,G4103,7,1 Corinthians 7:25,Epistles,New Testament,1 Corinthians,KJV
PHRASE,I suppose,G3543,7,1 Corinthians 7:26,Epistles,New Testament,1 Corinthians,KJV
WORD,therefore,G3767,7,1 Corinthians 7:26,Epistles,New Testament,1 Corinthians,KJV
PHRASE,that this,G5124,7,1 Corinthians 7:26,Epistles,New Testament,1 Corinthians,KJV
WORD,is,G5225,7,1 Corinthians 7:26,Epistles,New Testament,1 Corinthians,KJV
WORD,good,G2570,7,1 Corinthians 7:26,Epistles,New Testament,1 Corinthians,KJV
WORD,for,G1223,7,1 Corinthians 7:26,Epistles,New Testament,1 Corinthians,KJV
WORD,the,G3588,7,1 Corinthians 7:26,Epistles,New Testament,1 Corinthians,KJV
WORD,present,G1764,7,1 Corinthians 7:26,Epistles,New Testament,1 Corinthians,KJV
WORD,"distress,",G318,7,1 Corinthians 7:26,Epistles,New Testament,1 Corinthians,KJV
PHRASE,"[I say],",,7,1 Corinthians 7:26,Epistles,New Testament,1 Corinthians,KJV
WORD,that,G3754,7,1 Corinthians 7:26,Epistles,New Testament,1 Corinthians,KJV
PHRASE,[it is],,7,1 Corinthians 7:26,Epistles,New Testament,1 Corinthians,KJV
WORD,good,G2570,7,1 Corinthians 7:26,Epistles,New Testament,1 Corinthians,KJV
PHRASE,for a man,G444,7,1 Corinthians 7:26,Epistles,New Testament,1 Corinthians,KJV
WORD,so,G3779,7,1 Corinthians 7:26,Epistles,New Testament,1 Corinthians,KJV
PHRASE,to be.,G1511,7,1 Corinthians 7:26,Epistles,New Testament,1 Corinthians,KJV
PHRASE,Art thou bound,G1210,7,1 Corinthians 7:27,Epistles,New Testament,1 Corinthians,KJV
PHRASE,unto a wife?,G1135,7,1 Corinthians 7:27,Epistles,New Testament,1 Corinthians,KJV
WORD,seek,G2212,7,1 Corinthians 7:27,Epistles,New Testament,1 Corinthians,KJV
WORD,not,G3361,7,1 Corinthians 7:27,Epistles,New Testament,1 Corinthians,KJV
PHRASE,to be loosed.,G3080,7,1 Corinthians 7:27,Epistles,New Testament,1 Corinthians,KJV
PHRASE,Art thou loosed,G3089,7,1 Corinthians 7:27,Epistles,New Testament,1 Corinthians,KJV
WORD,from,G575,7,1 Corinthians 7:27,Epistles,New Testament,1 Corinthians,KJV
PHRASE,a wife?,G1135,7,1 Corinthians 7:27,Epistles,New Testament,1 Corinthians,KJV
WORD,seek,G2212,7,1 Corinthians 7:27,Epistles,New Testament,1 Corinthians,KJV
WORD,not,G3361,7,1 Corinthians 7:27,Epistles,New Testament,1 Corinthians,KJV
PHRASE,a wife.,G1135,7,1 Corinthians 7:27,Epistles,New Testament,1 Corinthians,KJV
WORD,But,G1161,7,1 Corinthians 7:28,Epistles,New Testament,1 Corinthians,KJV
WORD,and,G2532,7,1 Corinthians 7:28,Epistles,New Testament,1 Corinthians,KJV
WORD,if,G1437,7,1 Corinthians 7:28,Epistles,New Testament,1 Corinthians,KJV
PHRASE,"thou marry,",G1060,7,1 Corinthians 7:28,Epistles,New Testament,1 Corinthians,KJV
PHRASE,thou hast,G264,7,1 Corinthians 7:28,Epistles,New Testament,1 Corinthians,KJV
WORD,not,G3756,7,1 Corinthians 7:28,Epistles,New Testament,1 Corinthians,KJV
WORD,sinned;,G264,7,1 Corinthians 7:28,Epistles,New Testament,1 Corinthians,KJV
WORD,and,G2532,7,1 Corinthians 7:28,Epistles,New Testament,1 Corinthians,KJV
WORD,if,G1437,7,1 Corinthians 7:28,Epistles,New Testament,1 Corinthians,KJV
WORD,a,G3588,7,1 Corinthians 7:28,Epistles,New Testament,1 Corinthians,KJV
WORD,virgin,G3933,7,1 Corinthians 7:28,Epistles,New Testament,1 Corinthians,KJV
WORD,"marry,",G1060,7,1 Corinthians 7:28,Epistles,New Testament,1 Corinthians,KJV
PHRASE,she hath,G264,7,1 Corinthians 7:28,Epistles,New Testament,1 Corinthians,KJV
WORD,not,G3756,7,1 Corinthians 7:28,Epistles,New Testament,1 Corinthians,KJV
WORD,sinned.,G264,7,1 Corinthians 7:28,Epistles,New Testament,1 Corinthians,KJV
WORD,Nevertheless,G1161,7,1 Corinthians 7:28,Epistles,New Testament,1 Corinthians,KJV
WORD,such,G5108,7,1 Corinthians 7:28,Epistles,New Testament,1 Corinthians,KJV
PHRASE,shall have,G2192,7,1 Corinthians 7:28,Epistles,New Testament,1 Corinthians,KJV
WORD,trouble,G2347,7,1 Corinthians 7:28,Epistles,New Testament,1 Corinthians,KJV
PHRASE,in the,G3588,7,1 Corinthians 7:28,Epistles,New Testament,1 Corinthians,KJV
WORD,flesh:,G4561,7,1 Corinthians 7:28,Epistles,New Testament,1 Corinthians,KJV
WORD,but,G1161,7,1 Corinthians 7:28,Epistles,New Testament,1 Corinthians,KJV
WORD,I,G1473,7,1 Corinthians 7:28,Epistles,New Testament,1 Corinthians,KJV
WORD,spare,G5339,7,1 Corinthians 7:28,Epistles,New Testament,1 Corinthians,KJV
WORD,you.,G5216,7,1 Corinthians 7:28,Epistles,New Testament,1 Corinthians,KJV
WORD,But,G1161,7,1 Corinthians 7:29,Epistles,New Testament,1 Corinthians,KJV
WORD,this,G5124,7,1 Corinthians 7:29,Epistles,New Testament,1 Corinthians,KJV
PHRASE,"I say,",G5346,7,1 Corinthians 7:29,Epistles,New Testament,1 Corinthians,KJV
WORD,"brethren,",G80,7,1 Corinthians 7:29,Epistles,New Testament,1 Corinthians,KJV
WORD,the,G3588,7,1 Corinthians 7:29,Epistles,New Testament,1 Corinthians,KJV
WORD,time,G2540,7,1 Corinthians 7:29,Epistles,New Testament,1 Corinthians,KJV
WORD,[is],,7,1 Corinthians 7:29,Epistles,New Testament,1 Corinthians,KJV
WORD,short:,G4958,7,1 Corinthians 7:29,Epistles,New Testament,1 Corinthians,KJV
PHRASE,"it remaineth,",G3063,7,1 Corinthians 7:29,Epistles,New Testament,1 Corinthians,KJV
WORD,that,G2443,7,1 Corinthians 7:29,Epistles,New Testament,1 Corinthians,KJV
WORD,both,G2532,7,1 Corinthians 7:29,Epistles,New Testament,1 Corinthians,KJV
PHRASE,they that,G3588,7,1 Corinthians 7:29,Epistles,New Testament,1 Corinthians,KJV
WORD,have,G2192,7,1 Corinthians 7:29,Epistles,New Testament,1 Corinthians,KJV
WORD,wives,G1135,7,1 Corinthians 7:29,Epistles,New Testament,1 Corinthians,KJV
WORD,be,G5600,7,1 Corinthians 7:29,Epistles,New Testament,1 Corinthians,KJV
PHRASE,as though,G5613,7,1 Corinthians 7:29,Epistles,New Testament,1 Corinthians,KJV
PHRASE,they had,G2192,7,1 Corinthians 7:29,Epistles,New Testament,1 Corinthians,KJV
WORD,none;,G3361,7,1 Corinthians 7:29,Epistles,New Testament,1 Corinthians,KJV
WORD,And,G2532,7,1 Corinthians 7:30,Epistles,New Testament,1 Corinthians,KJV
PHRASE,they that,G3588,7,1 Corinthians 7:30,Epistles,New Testament,1 Corinthians,KJV
WORD,"weep,",G2799,7,1 Corinthians 7:30,Epistles,New Testament,1 Corinthians,KJV
WORD,as,G5613,7,1 Corinthians 7:30,Epistles,New Testament,1 Corinthians,KJV
PHRASE,though they wept,G2799,7,1 Corinthians 7:30,Epistles,New Testament,1 Corinthians,KJV
WORD,not;,G3361,7,1 Corinthians 7:30,Epistles,New Testament,1 Corinthians,KJV
WORD,and,G2532,7,1 Corinthians 7:30,Epistles,New Testament,1 Corinthians,KJV
PHRASE,they that,G3588,7,1 Corinthians 7:30,Epistles,New Testament,1 Corinthians,KJV
WORD,"rejoice,",G5463,7,1 Corinthians 7:30,Epistles,New Testament,1 Corinthians,KJV
WORD,as,G5613,7,1 Corinthians 7:30,Epistles,New Testament,1 Corinthians,KJV
PHRASE,though they rejoiced,G5463,7,1 Corinthians 7:30,Epistles,New Testament,1 Corinthians,KJV
WORD,not;,G3361,7,1 Corinthians 7:30,Epistles,New Testament,1 Corinthians,KJV
WORD,and,G2532,7,1 Corinthians 7:30,Epistles,New Testament,1 Corinthians,KJV
PHRASE,they that,G3588,7,1 Corinthians 7:30,Epistles,New Testament,1 Corinthians,KJV
WORD,"buy,",G59,7,1 Corinthians 7:30,Epistles,New Testament,1 Corinthians,KJV
WORD,as,G5613,7,1 Corinthians 7:30,Epistles,New Testament,1 Corinthians,KJV
PHRASE,though they possessed,G2722,7,1 Corinthians 7:30,Epistles,New Testament,1 Corinthians,KJV
WORD,not;,G3361,7,1 Corinthians 7:30,Epistles,New Testament,1 Corinthians,KJV
WORD,And,G2532,7,1 Corinthians 7:31,Epistles,New Testament,1 Corinthians,KJV
PHRASE,they that,G3588,7,1 Corinthians 7:31,Epistles,New Testament,1 Corinthians,KJV
WORD,use,G5530,7,1 Corinthians 7:31,Epistles,New Testament,1 Corinthians,KJV
WORD,this,G5127,7,1 Corinthians 7:31,Epistles,New Testament,1 Corinthians,KJV
WORD,"world,",G2889,7,1 Corinthians 7:31,Epistles,New Testament,1 Corinthians,KJV
WORD,as,G5613,7,1 Corinthians 7:31,Epistles,New Testament,1 Corinthians,KJV
WORD,not,G3361,7,1 Corinthians 7:31,Epistles,New Testament,1 Corinthians,KJV
WORD,abusing,G2710,7,1 Corinthians 7:31,Epistles,New Testament,1 Corinthians,KJV
WORD,[it]:,,7,1 Corinthians 7:31,Epistles,New Testament,1 Corinthians,KJV
WORD,for,G1063,7,1 Corinthians 7:31,Epistles,New Testament,1 Corinthians,KJV
WORD,the,G3588,7,1 Corinthians 7:31,Epistles,New Testament,1 Corinthians,KJV
WORD,fashion,G4976,7,1 Corinthians 7:31,Epistles,New Testament,1 Corinthians,KJV
PHRASE,of this,G5129,7,1 Corinthians 7:31,Epistles,New Testament,1 Corinthians,KJV
WORD,world,G2889,7,1 Corinthians 7:31,Epistles,New Testament,1 Corinthians,KJV
PHRASE,passeth away.,G3855,7,1 Corinthians 7:31,Epistles,New Testament,1 Corinthians,KJV
WORD,But,G1161,7,1 Corinthians 7:32,Epistles,New Testament,1 Corinthians,KJV
PHRASE,I would,G2309,7,1 Corinthians 7:32,Epistles,New Testament,1 Corinthians,KJV
WORD,have,G1511,7,1 Corinthians 7:32,Epistles,New Testament,1 Corinthians,KJV
WORD,you,G5209,7,1 Corinthians 7:32,Epistles,New Testament,1 Corinthians,KJV
PHRASE,without carefulness.,G275,7,1 Corinthians 7:32,Epistles,New Testament,1 Corinthians,KJV
PHRASE,He that,G3588,7,1 Corinthians 7:32,Epistles,New Testament,1 Corinthians,KJV
PHRASE,is unmarried,G22,7,1 Corinthians 7:32,Epistles,New Testament,1 Corinthians,KJV
WORD,careth,G3309,7,1 Corinthians 7:32,Epistles,New Testament,1 Corinthians,KJV
PHRASE,for the things that belong to,G3588,7,1 Corinthians 7:32,Epistles,New Testament,1 Corinthians,KJV
WORD,the,G3588,7,1 Corinthians 7:32,Epistles,New Testament,1 Corinthians,KJV
WORD,"Lord,",G2962,7,1 Corinthians 7:32,Epistles,New Testament,1 Corinthians,KJV
WORD,how,G4459,7,1 Corinthians 7:32,Epistles,New Testament,1 Corinthians,KJV
PHRASE,he may please,G700,7,1 Corinthians 7:32,Epistles,New Testament,1 Corinthians,KJV
WORD,the,G3588,7,1 Corinthians 7:32,Epistles,New Testament,1 Corinthians,KJV
WORD,Lord:,G2962,7,1 Corinthians 7:32,Epistles,New Testament,1 Corinthians,KJV
WORD,But,G1161,7,1 Corinthians 7:33,Epistles,New Testament,1 Corinthians,KJV
PHRASE,he that,G3588,7,1 Corinthians 7:33,Epistles,New Testament,1 Corinthians,KJV
PHRASE,is married,G1060,7,1 Corinthians 7:33,Epistles,New Testament,1 Corinthians,KJV
WORD,careth,G3309,7,1 Corinthians 7:33,Epistles,New Testament,1 Corinthians,KJV
PHRASE,for the things that are,G3588,7,1 Corinthians 7:33,Epistles,New Testament,1 Corinthians,KJV
PHRASE,of the,G3588,7,1 Corinthians 7:33,Epistles,New Testament,1 Corinthians,KJV
WORD,"world,",G2889,7,1 Corinthians 7:33,Epistles,New Testament,1 Corinthians,KJV
WORD,how,G4459,7,1 Corinthians 7:33,Epistles,New Testament,1 Corinthians,KJV
PHRASE,he may please,G700,7,1 Corinthians 7:33,Epistles,New Testament,1 Corinthians,KJV
WORD,[his],,7,1 Corinthians 7:33,Epistles,New Testament,1 Corinthians,KJV
WORD,wife.,G1135,7,1 Corinthians 7:33,Epistles,New Testament,1 Corinthians,KJV
PHRASE,There is difference [also] between,G3307,7,1 Corinthians 7:34,Epistles,New Testament,1 Corinthians,KJV
WORD,a,G3588,7,1 Corinthians 7:34,Epistles,New Testament,1 Corinthians,KJV
WORD,wife,G1135,7,1 Corinthians 7:34,Epistles,New Testament,1 Corinthians,KJV
WORD,and,G2532,7,1 Corinthians 7:34,Epistles,New Testament,1 Corinthians,KJV
WORD,a,G3588,7,1 Corinthians 7:34,Epistles,New Testament,1 Corinthians,KJV
WORD,virgin.,G3933,7,1 Corinthians 7:34,Epistles,New Testament,1 Corinthians,KJV
WORD,The,G3588,7,1 Corinthians 7:34,Epistles,New Testament,1 Corinthians,KJV
PHRASE,unmarried woman,G22,7,1 Corinthians 7:34,Epistles,New Testament,1 Corinthians,KJV
PHRASE,careth for,G3309,7,1 Corinthians 7:34,Epistles,New Testament,1 Corinthians,KJV
PHRASE,the things,G3588,7,1 Corinthians 7:34,Epistles,New Testament,1 Corinthians,KJV
PHRASE,of the,G3588,7,1 Corinthians 7:34,Epistles,New Testament,1 Corinthians,KJV
WORD,"Lord,",G2962,7,1 Corinthians 7:34,Epistles,New Testament,1 Corinthians,KJV
WORD,that,G2443,7,1 Corinthians 7:34,Epistles,New Testament,1 Corinthians,KJV
PHRASE,she may be,G5600,7,1 Corinthians 7:34,Epistles,New Testament,1 Corinthians,KJV
WORD,holy,G40,7,1 Corinthians 7:34,Epistles,New Testament,1 Corinthians,KJV
WORD,both,G2532,7,1 Corinthians 7:34,Epistles,New Testament,1 Corinthians,KJV
PHRASE,in body,G4983,7,1 Corinthians 7:34,Epistles,New Testament,1 Corinthians,KJV
WORD,and,G2532,7,1 Corinthians 7:34,Epistles,New Testament,1 Corinthians,KJV
PHRASE,in spirit:,G4151,7,1 Corinthians 7:34,Epistles,New Testament,1 Corinthians,KJV
WORD,but,G1161,7,1 Corinthians 7:34,Epistles,New Testament,1 Corinthians,KJV
PHRASE,she that,G3588,7,1 Corinthians 7:34,Epistles,New Testament,1 Corinthians,KJV
PHRASE,is married,G1060,7,1 Corinthians 7:34,Epistles,New Testament,1 Corinthians,KJV
WORD,careth,G3309,7,1 Corinthians 7:34,Epistles,New Testament,1 Corinthians,KJV
PHRASE,for the things,G3588,7,1 Corinthians 7:34,Epistles,New Testament,1 Corinthians,KJV
PHRASE,of the,G3588,7,1 Corinthians 7:34,Epistles,New Testament,1 Corinthians,KJV
WORD,"world,",G2889,7,1 Corinthians 7:34,Epistles,New Testament,1 Corinthians,KJV
WORD,how,G4459,7,1 Corinthians 7:34,Epistles,New Testament,1 Corinthians,KJV
PHRASE,she may please,G700,7,1 Corinthians 7:34,Epistles,New Testament,1 Corinthians,KJV
WORD,[her],,7,1 Corinthians 7:34,Epistles,New Testament,1 Corinthians,KJV
WORD,husband.,G435,7,1 Corinthians 7:34,Epistles,New Testament,1 Corinthians,KJV
WORD,And,G1161,7,1 Corinthians 7:35,Epistles,New Testament,1 Corinthians,KJV
WORD,this,G5124,7,1 Corinthians 7:35,Epistles,New Testament,1 Corinthians,KJV
PHRASE,I speak,G3004,7,1 Corinthians 7:35,Epistles,New Testament,1 Corinthians,KJV
WORD,for,G4314,7,1 Corinthians 7:35,Epistles,New Testament,1 Corinthians,KJV
WORD,your,G5216,7,1 Corinthians 7:35,Epistles,New Testament,1 Corinthians,KJV
WORD,own,G846,7,1 Corinthians 7:35,Epistles,New Testament,1 Corinthians,KJV
WORD,profit;,G4851,7,1 Corinthians 7:35,Epistles,New Testament,1 Corinthians,KJV
WORD,not,G3756,7,1 Corinthians 7:35,Epistles,New Testament,1 Corinthians,KJV
WORD,that,G2443,7,1 Corinthians 7:35,Epistles,New Testament,1 Corinthians,KJV
PHRASE,I may cast,G1911,7,1 Corinthians 7:35,Epistles,New Testament,1 Corinthians,KJV
PHRASE,a snare,G1029,7,1 Corinthians 7:35,Epistles,New Testament,1 Corinthians,KJV
PHRASE,"upon you,",G5213,7,1 Corinthians 7:35,Epistles,New Testament,1 Corinthians,KJV
WORD,but,G235,7,1 Corinthians 7:35,Epistles,New Testament,1 Corinthians,KJV
PHRASE,for that which,G4314,7,1 Corinthians 7:35,Epistles,New Testament,1 Corinthians,KJV
PHRASE,"is comely,",G2158,7,1 Corinthians 7:35,Epistles,New Testament,1 Corinthians,KJV
WORD,and,G2532,7,1 Corinthians 7:35,Epistles,New Testament,1 Corinthians,KJV
PHRASE,that ye may attend upon,G2145,7,1 Corinthians 7:35,Epistles,New Testament,1 Corinthians,KJV
WORD,the,G3588,7,1 Corinthians 7:35,Epistles,New Testament,1 Corinthians,KJV
WORD,Lord,G2962,7,1 Corinthians 7:35,Epistles,New Testament,1 Corinthians,KJV
PHRASE,without distraction.,G563,7,1 Corinthians 7:35,Epistles,New Testament,1 Corinthians,KJV
WORD,But,G1161,7,1 Corinthians 7:36,Epistles,New Testament,1 Corinthians,KJV
WORD,if,G1487,7,1 Corinthians 7:36,Epistles,New Testament,1 Corinthians,KJV
PHRASE,any man,G5100,7,1 Corinthians 7:36,Epistles,New Testament,1 Corinthians,KJV
WORD,think,G3543,7,1 Corinthians 7:36,Epistles,New Testament,1 Corinthians,KJV
PHRASE,that he behaveth himself uncomely,G807,7,1 Corinthians 7:36,Epistles,New Testament,1 Corinthians,KJV
WORD,toward,G1909,7,1 Corinthians 7:36,Epistles,New Testament,1 Corinthians,KJV
WORD,his,G846,7,1 Corinthians 7:36,Epistles,New Testament,1 Corinthians,KJV
WORD,"virgin,",G3933,7,1 Corinthians 7:36,Epistles,New Testament,1 Corinthians,KJV
WORD,if,G1437,7,1 Corinthians 7:36,Epistles,New Testament,1 Corinthians,KJV
PHRASE,she pass,G5600,7,1 Corinthians 7:36,Epistles,New Testament,1 Corinthians,KJV
PHRASE,"the flower of [her] age,",G5230,7,1 Corinthians 7:36,Epistles,New Testament,1 Corinthians,KJV
WORD,and,G2532,7,1 Corinthians 7:36,Epistles,New Testament,1 Corinthians,KJV
WORD,need,G3784,7,1 Corinthians 7:36,Epistles,New Testament,1 Corinthians,KJV
WORD,so,G3779,7,1 Corinthians 7:36,Epistles,New Testament,1 Corinthians,KJV
WORD,"require,",G1096,7,1 Corinthians 7:36,Epistles,New Testament,1 Corinthians,KJV
PHRASE,let him do,G4160,7,1 Corinthians 7:36,Epistles,New Testament,1 Corinthians,KJV
WORD,what,G3739,7,1 Corinthians 7:36,Epistles,New Testament,1 Corinthians,KJV
PHRASE,"he will,",G2309,7,1 Corinthians 7:36,Epistles,New Testament,1 Corinthians,KJV
PHRASE,he sinneth,G264,7,1 Corinthians 7:36,Epistles,New Testament,1 Corinthians,KJV
WORD,not:,G3756,7,1 Corinthians 7:36,Epistles,New Testament,1 Corinthians,KJV
PHRASE,let them marry.,G1060,7,1 Corinthians 7:36,Epistles,New Testament,1 Corinthians,KJV
WORD,Nevertheless,G1161,7,1 Corinthians 7:37,Epistles,New Testament,1 Corinthians,KJV
WORD,he,G3739,7,1 Corinthians 7:37,Epistles,New Testament,1 Corinthians,KJV
PHRASE,that standeth,G2476,7,1 Corinthians 7:37,Epistles,New Testament,1 Corinthians,KJV
WORD,stedfast,G1476,7,1 Corinthians 7:37,Epistles,New Testament,1 Corinthians,KJV
WORD,in,G1722,7,1 Corinthians 7:37,Epistles,New Testament,1 Corinthians,KJV
PHRASE,"his heart,",G2588,7,1 Corinthians 7:37,Epistles,New Testament,1 Corinthians,KJV
WORD,having,G2192,7,1 Corinthians 7:37,Epistles,New Testament,1 Corinthians,KJV
WORD,no,G3361,7,1 Corinthians 7:37,Epistles,New Testament,1 Corinthians,KJV
WORD,"necessity,",G318,7,1 Corinthians 7:37,Epistles,New Testament,1 Corinthians,KJV
WORD,but,G1161,7,1 Corinthians 7:37,Epistles,New Testament,1 Corinthians,KJV
WORD,hath,G2192,7,1 Corinthians 7:37,Epistles,New Testament,1 Corinthians,KJV
WORD,power,G1849,7,1 Corinthians 7:37,Epistles,New Testament,1 Corinthians,KJV
WORD,over,G4012,7,1 Corinthians 7:37,Epistles,New Testament,1 Corinthians,KJV
PHRASE,his own,G2398,7,1 Corinthians 7:37,Epistles,New Testament,1 Corinthians,KJV
WORD,"will,",G2307,7,1 Corinthians 7:37,Epistles,New Testament,1 Corinthians,KJV
WORD,and,G2532,7,1 Corinthians 7:37,Epistles,New Testament,1 Corinthians,KJV
WORD,hath,G2919,7,1 Corinthians 7:37,Epistles,New Testament,1 Corinthians,KJV
WORD,so,G5124,7,1 Corinthians 7:37,Epistles,New Testament,1 Corinthians,KJV
WORD,decreed,G2919,7,1 Corinthians 7:37,Epistles,New Testament,1 Corinthians,KJV
WORD,in,G1722,7,1 Corinthians 7:37,Epistles,New Testament,1 Corinthians,KJV
WORD,his,G846,7,1 Corinthians 7:37,Epistles,New Testament,1 Corinthians,KJV
WORD,heart,G2588,7,1 Corinthians 7:37,Epistles,New Testament,1 Corinthians,KJV
WORD,that,G3588,7,1 Corinthians 7:37,Epistles,New Testament,1 Corinthians,KJV
PHRASE,he will keep,G5083,7,1 Corinthians 7:37,Epistles,New Testament,1 Corinthians,KJV
WORD,his,G1438,7,1 Corinthians 7:37,Epistles,New Testament,1 Corinthians,KJV
WORD,"virgin,",G3933,7,1 Corinthians 7:37,Epistles,New Testament,1 Corinthians,KJV
WORD,doeth,G4160,7,1 Corinthians 7:37,Epistles,New Testament,1 Corinthians,KJV
WORD,well.,G2573,7,1 Corinthians 7:37,Epistles,New Testament,1 Corinthians,KJV
WORD,So,G5620,7,1 Corinthians 7:38,Epistles,New Testament,1 Corinthians,KJV
WORD,then,G2532,7,1 Corinthians 7:38,Epistles,New Testament,1 Corinthians,KJV
PHRASE,he that,G3588,7,1 Corinthians 7:38,Epistles,New Testament,1 Corinthians,KJV
PHRASE,giveth [her] in marriage,G1547,7,1 Corinthians 7:38,Epistles,New Testament,1 Corinthians,KJV
WORD,doeth,G4160,7,1 Corinthians 7:38,Epistles,New Testament,1 Corinthians,KJV
WORD,well;,G2573,7,1 Corinthians 7:38,Epistles,New Testament,1 Corinthians,KJV
WORD,but,G1161,7,1 Corinthians 7:38,Epistles,New Testament,1 Corinthians,KJV
PHRASE,he that,G3588,7,1 Corinthians 7:38,Epistles,New Testament,1 Corinthians,KJV
PHRASE,giveth [her],G1547,7,1 Corinthians 7:38,Epistles,New Testament,1 Corinthians,KJV
WORD,not,G3361,7,1 Corinthians 7:38,Epistles,New Testament,1 Corinthians,KJV
PHRASE,in marriage,G1547,7,1 Corinthians 7:38,Epistles,New Testament,1 Corinthians,KJV
WORD,doeth,G4160,7,1 Corinthians 7:38,Epistles,New Testament,1 Corinthians,KJV
WORD,better.,G2908,7,1 Corinthians 7:38,Epistles,New Testament,1 Corinthians,KJV
PHRASE,The wife,G1135,7,1 Corinthians 7:39,Epistles,New Testament,1 Corinthians,KJV
PHRASE,is bound,G1210,7,1 Corinthians 7:39,Epistles,New Testament,1 Corinthians,KJV
WORD,by,G1909,7,1 Corinthians 7:39,Epistles,New Testament,1 Corinthians,KJV
PHRASE,the law,G3551,7,1 Corinthians 7:39,Epistles,New Testament,1 Corinthians,KJV
PHRASE,as long as,G3745,7,1 Corinthians 7:39,Epistles,New Testament,1 Corinthians,KJV
WORD,her,G846,7,1 Corinthians 7:39,Epistles,New Testament,1 Corinthians,KJV
WORD,husband,G435,7,1 Corinthians 7:39,Epistles,New Testament,1 Corinthians,KJV
WORD,liveth;,G2198,7,1 Corinthians 7:39,Epistles,New Testament,1 Corinthians,KJV
WORD,but,G1161,7,1 Corinthians 7:39,Epistles,New Testament,1 Corinthians,KJV
WORD,if,G1437,7,1 Corinthians 7:39,Epistles,New Testament,1 Corinthians,KJV
WORD,her,G846,7,1 Corinthians 7:39,Epistles,New Testament,1 Corinthians,KJV
WORD,husband,G435,7,1 Corinthians 7:39,Epistles,New Testament,1 Corinthians,KJV
PHRASE,"be dead,",G2837,7,1 Corinthians 7:39,Epistles,New Testament,1 Corinthians,KJV
PHRASE,she is,G2076,7,1 Corinthians 7:39,Epistles,New Testament,1 Corinthians,KJV
PHRASE,at liberty,G1658,7,1 Corinthians 7:39,Epistles,New Testament,1 Corinthians,KJV
PHRASE,to be married,G1060,7,1 Corinthians 7:39,Epistles,New Testament,1 Corinthians,KJV
PHRASE,to whom,G3739,7,1 Corinthians 7:39,Epistles,New Testament,1 Corinthians,KJV
PHRASE,she will;,G2309,7,1 Corinthians 7:39,Epistles,New Testament,1 Corinthians,KJV
WORD,only,G3440,7,1 Corinthians 7:39,Epistles,New Testament,1 Corinthians,KJV
WORD,in,G1722,7,1 Corinthians 7:39,Epistles,New Testament,1 Corinthians,KJV
PHRASE,the Lord.,G2962,7,1 Corinthians 7:39,Epistles,New Testament,1 Corinthians,KJV
WORD,But,G1161,7,1 Corinthians 7:40,Epistles,New Testament,1 Corinthians,KJV
PHRASE,she is,G2076,7,1 Corinthians 7:40,Epistles,New Testament,1 Corinthians,KJV
WORD,happier,G3107,7,1 Corinthians 7:40,Epistles,New Testament,1 Corinthians,KJV
WORD,if,G1437,7,1 Corinthians 7:40,Epistles,New Testament,1 Corinthians,KJV
WORD,she,G3306,7,1 Corinthians 7:40,Epistles,New Testament,1 Corinthians,KJV
WORD,so,G3779,7,1 Corinthians 7:40,Epistles,New Testament,1 Corinthians,KJV
WORD,"abide,",G3306,7,1 Corinthians 7:40,Epistles,New Testament,1 Corinthians,KJV
WORD,after,G2596,7,1 Corinthians 7:40,Epistles,New Testament,1 Corinthians,KJV
WORD,my,G1699,7,1 Corinthians 7:40,Epistles,New Testament,1 Corinthians,KJV
WORD,judgment:,G1106,7,1 Corinthians 7:40,Epistles,New Testament,1 Corinthians,KJV
WORD,and,G1161,7,1 Corinthians 7:40,Epistles,New Testament,1 Corinthians,KJV
PHRASE,I think,G1380,7,1 Corinthians 7:40,Epistles,New Testament,1 Corinthians,KJV
WORD,also,G2504,7,1 Corinthians 7:40,Epistles,New Testament,1 Corinthians,KJV
PHRASE,that I have,G2192,7,1 Corinthians 7:40,Epistles,New Testament,1 Corinthians,KJV
PHRASE,the Spirit,G4151,7,1 Corinthians 7:40,Epistles,New Testament,1 Corinthians,KJV
PHRASE,of God.,G2316,7,1 Corinthians 7:40,Epistles,New Testament,1 Corinthians,KJV
WORD,Now,G1161,8,1 Corinthians 8:1,Epistles,New Testament,1 Corinthians,KJV
PHRASE,as touching,G4012,8,1 Corinthians 8:1,Epistles,New Testament,1 Corinthians,KJV
WORD,things,G3588,8,1 Corinthians 8:1,Epistles,New Testament,1 Corinthians,KJV
PHRASE,"offered unto idols,",G1494,8,1 Corinthians 8:1,Epistles,New Testament,1 Corinthians,KJV
PHRASE,we know,G1492,8,1 Corinthians 8:1,Epistles,New Testament,1 Corinthians,KJV
WORD,that,G3754,8,1 Corinthians 8:1,Epistles,New Testament,1 Corinthians,KJV
PHRASE,we all,G3956,8,1 Corinthians 8:1,Epistles,New Testament,1 Corinthians,KJV
WORD,have,G2192,8,1 Corinthians 8:1,Epistles,New Testament,1 Corinthians,KJV
WORD,knowledge.,G1108,8,1 Corinthians 8:1,Epistles,New Testament,1 Corinthians,KJV
WORD,Knowledge,G1108,8,1 Corinthians 8:1,Epistles,New Testament,1 Corinthians,KJV
PHRASE,"puffeth up,",G5448,8,1 Corinthians 8:1,Epistles,New Testament,1 Corinthians,KJV
WORD,but,G1161,8,1 Corinthians 8:1,Epistles,New Testament,1 Corinthians,KJV
WORD,charity,G26,8,1 Corinthians 8:1,Epistles,New Testament,1 Corinthians,KJV
WORD,edifieth.,G3618,8,1 Corinthians 8:1,Epistles,New Testament,1 Corinthians,KJV
WORD,And,G1161,8,1 Corinthians 8:2,Epistles,New Testament,1 Corinthians,KJV
WORD,if,G1487,8,1 Corinthians 8:2,Epistles,New Testament,1 Corinthians,KJV
PHRASE,any man,G5100,8,1 Corinthians 8:2,Epistles,New Testament,1 Corinthians,KJV
WORD,think,G1380,8,1 Corinthians 8:2,Epistles,New Testament,1 Corinthians,KJV
PHRASE,that he knoweth,G1492,8,1 Corinthians 8:2,Epistles,New Testament,1 Corinthians,KJV
PHRASE,"any thing,",G5100,8,1 Corinthians 8:2,Epistles,New Testament,1 Corinthians,KJV
PHRASE,he knoweth,G1097,8,1 Corinthians 8:2,Epistles,New Testament,1 Corinthians,KJV
WORD,nothing,G3762,8,1 Corinthians 8:2,Epistles,New Testament,1 Corinthians,KJV
WORD,yet,G3764,8,1 Corinthians 8:2,Epistles,New Testament,1 Corinthians,KJV
WORD,as,G2531,8,1 Corinthians 8:2,Epistles,New Testament,1 Corinthians,KJV
PHRASE,he ought,G1163,8,1 Corinthians 8:2,Epistles,New Testament,1 Corinthians,KJV
PHRASE,to know.,G1097,8,1 Corinthians 8:2,Epistles,New Testament,1 Corinthians,KJV
WORD,But,G1161,8,1 Corinthians 8:3,Epistles,New Testament,1 Corinthians,KJV
WORD,if,G1487,8,1 Corinthians 8:3,Epistles,New Testament,1 Corinthians,KJV
PHRASE,any man,G5100,8,1 Corinthians 8:3,Epistles,New Testament,1 Corinthians,KJV
WORD,love,G25,8,1 Corinthians 8:3,Epistles,New Testament,1 Corinthians,KJV
WORD,"God,",G2316,8,1 Corinthians 8:3,Epistles,New Testament,1 Corinthians,KJV
PHRASE,the same,G3778,8,1 Corinthians 8:3,Epistles,New Testament,1 Corinthians,KJV
PHRASE,is known,G1097,8,1 Corinthians 8:3,Epistles,New Testament,1 Corinthians,KJV
WORD,of,G5259,8,1 Corinthians 8:3,Epistles,New Testament,1 Corinthians,KJV
WORD,him.,G846,8,1 Corinthians 8:3,Epistles,New Testament,1 Corinthians,KJV
PHRASE,As concerning,G4012,8,1 Corinthians 8:4,Epistles,New Testament,1 Corinthians,KJV
WORD,therefore,G3767,8,1 Corinthians 8:4,Epistles,New Testament,1 Corinthians,KJV
WORD,the,G3588,8,1 Corinthians 8:4,Epistles,New Testament,1 Corinthians,KJV
WORD,eating,G1035,8,1 Corinthians 8:4,Epistles,New Testament,1 Corinthians,KJV
PHRASE,of those things,G3588,8,1 Corinthians 8:4,Epistles,New Testament,1 Corinthians,KJV
PHRASE,"that are offered in sacrifice unto idols,",G1494,8,1 Corinthians 8:4,Epistles,New Testament,1 Corinthians,KJV
PHRASE,we know,G1492,8,1 Corinthians 8:4,Epistles,New Testament,1 Corinthians,KJV
WORD,that,G3754,8,1 Corinthians 8:4,Epistles,New Testament,1 Corinthians,KJV
PHRASE,an idol,G1497,8,1 Corinthians 8:4,Epistles,New Testament,1 Corinthians,KJV
WORD,[is],,8,1 Corinthians 8:4,Epistles,New Testament,1 Corinthians,KJV
WORD,nothing,G3762,8,1 Corinthians 8:4,Epistles,New Testament,1 Corinthians,KJV
WORD,in,G1722,8,1 Corinthians 8:4,Epistles,New Testament,1 Corinthians,KJV
PHRASE,"the world,",G2889,8,1 Corinthians 8:4,Epistles,New Testament,1 Corinthians,KJV
WORD,and,G2532,8,1 Corinthians 8:4,Epistles,New Testament,1 Corinthians,KJV
WORD,that,G3754,8,1 Corinthians 8:4,Epistles,New Testament,1 Corinthians,KJV
PHRASE,[there is],,8,1 Corinthians 8:4,Epistles,New Testament,1 Corinthians,KJV
WORD,none,G3762,8,1 Corinthians 8:4,Epistles,New Testament,1 Corinthians,KJV
WORD,other,G2087,8,1 Corinthians 8:4,Epistles,New Testament,1 Corinthians,KJV
WORD,God,G2316,8,1 Corinthians 8:4,Epistles,New Testament,1 Corinthians,KJV
WORD,but,G3361,8,1 Corinthians 8:4,Epistles,New Testament,1 Corinthians,KJV
WORD,one.,G1520,8,1 Corinthians 8:4,Epistles,New Testament,1 Corinthians,KJV
WORD,For,G1063,8,1 Corinthians 8:5,Epistles,New Testament,1 Corinthians,KJV
WORD,though,G1512,8,1 Corinthians 8:5,Epistles,New Testament,1 Corinthians,KJV
PHRASE,there be,G1526,8,1 Corinthians 8:5,Epistles,New Testament,1 Corinthians,KJV
PHRASE,that are called,G3004,8,1 Corinthians 8:5,Epistles,New Testament,1 Corinthians,KJV
WORD,"gods,",G2316,8,1 Corinthians 8:5,Epistles,New Testament,1 Corinthians,KJV
WORD,whether,G1535,8,1 Corinthians 8:5,Epistles,New Testament,1 Corinthians,KJV
WORD,in,G1722,8,1 Corinthians 8:5,Epistles,New Testament,1 Corinthians,KJV
WORD,heaven,G3772,8,1 Corinthians 8:5,Epistles,New Testament,1 Corinthians,KJV
WORD,or,G1535,8,1 Corinthians 8:5,Epistles,New Testament,1 Corinthians,KJV
WORD,in,G1909,8,1 Corinthians 8:5,Epistles,New Testament,1 Corinthians,KJV
WORD,"earth,",G1093,8,1 Corinthians 8:5,Epistles,New Testament,1 Corinthians,KJV
WORD,(as,G5618,8,1 Corinthians 8:5,Epistles,New Testament,1 Corinthians,KJV
PHRASE,there be,G1526,8,1 Corinthians 8:5,Epistles,New Testament,1 Corinthians,KJV
WORD,gods,G2316,8,1 Corinthians 8:5,Epistles,New Testament,1 Corinthians,KJV
WORD,"many,",G4183,8,1 Corinthians 8:5,Epistles,New Testament,1 Corinthians,KJV
WORD,and,G2532,8,1 Corinthians 8:5,Epistles,New Testament,1 Corinthians,KJV
WORD,lords,G2962,8,1 Corinthians 8:5,Epistles,New Testament,1 Corinthians,KJV
WORD,"many,)",G4183,8,1 Corinthians 8:5,Epistles,New Testament,1 Corinthians,KJV
WORD,But,G235,8,1 Corinthians 8:6,Epistles,New Testament,1 Corinthians,KJV
PHRASE,to us,G2254,8,1 Corinthians 8:6,Epistles,New Testament,1 Corinthians,KJV
PHRASE,[there is but],,8,1 Corinthians 8:6,Epistles,New Testament,1 Corinthians,KJV
WORD,one,G1520,8,1 Corinthians 8:6,Epistles,New Testament,1 Corinthians,KJV
WORD,"God,",G2316,8,1 Corinthians 8:6,Epistles,New Testament,1 Corinthians,KJV
WORD,the,G3588,8,1 Corinthians 8:6,Epistles,New Testament,1 Corinthians,KJV
WORD,"Father,",G3962,8,1 Corinthians 8:6,Epistles,New Testament,1 Corinthians,KJV
WORD,of,G1537,8,1 Corinthians 8:6,Epistles,New Testament,1 Corinthians,KJV
WORD,whom,G3739,8,1 Corinthians 8:6,Epistles,New Testament,1 Corinthians,KJV
WORD,[are],,8,1 Corinthians 8:6,Epistles,New Testament,1 Corinthians,KJV
PHRASE,"all things,",G3956,8,1 Corinthians 8:6,Epistles,New Testament,1 Corinthians,KJV
WORD,and,G2532,8,1 Corinthians 8:6,Epistles,New Testament,1 Corinthians,KJV
WORD,we,G2249,8,1 Corinthians 8:6,Epistles,New Testament,1 Corinthians,KJV
WORD,in,G1519,8,1 Corinthians 8:6,Epistles,New Testament,1 Corinthians,KJV
WORD,him;,G846,8,1 Corinthians 8:6,Epistles,New Testament,1 Corinthians,KJV
WORD,and,G2532,8,1 Corinthians 8:6,Epistles,New Testament,1 Corinthians,KJV
WORD,one,G1520,8,1 Corinthians 8:6,Epistles,New Testament,1 Corinthians,KJV
WORD,Lord,G2962,8,1 Corinthians 8:6,Epistles,New Testament,1 Corinthians,KJV
WORD,Jesus,G2424,8,1 Corinthians 8:6,Epistles,New Testament,1 Corinthians,KJV
WORD,"Christ,",G5547,8,1 Corinthians 8:6,Epistles,New Testament,1 Corinthians,KJV
WORD,by,G1223,8,1 Corinthians 8:6,Epistles,New Testament,1 Corinthians,KJV
WORD,whom,G3739,8,1 Corinthians 8:6,Epistles,New Testament,1 Corinthians,KJV
WORD,[are],,8,1 Corinthians 8:6,Epistles,New Testament,1 Corinthians,KJV
PHRASE,"all things,",G3956,8,1 Corinthians 8:6,Epistles,New Testament,1 Corinthians,KJV
WORD,and,G2532,8,1 Corinthians 8:6,Epistles,New Testament,1 Corinthians,KJV
WORD,we,G2249,8,1 Corinthians 8:6,Epistles,New Testament,1 Corinthians,KJV
WORD,by,G1223,8,1 Corinthians 8:6,Epistles,New Testament,1 Corinthians,KJV
WORD,him.,G846,8,1 Corinthians 8:6,Epistles,New Testament,1 Corinthians,KJV
WORD,Howbeit,G235,8,1 Corinthians 8:7,Epistles,New Testament,1 Corinthians,KJV
PHRASE,[there is],,8,1 Corinthians 8:7,Epistles,New Testament,1 Corinthians,KJV
WORD,not,G3756,8,1 Corinthians 8:7,Epistles,New Testament,1 Corinthians,KJV
WORD,in,G1722,8,1 Corinthians 8:7,Epistles,New Testament,1 Corinthians,KJV
PHRASE,every man,G3956,8,1 Corinthians 8:7,Epistles,New Testament,1 Corinthians,KJV
PHRASE,that knowledge:,G1108,8,1 Corinthians 8:7,Epistles,New Testament,1 Corinthians,KJV
WORD,for,G1161,8,1 Corinthians 8:7,Epistles,New Testament,1 Corinthians,KJV
WORD,some,G5100,8,1 Corinthians 8:7,Epistles,New Testament,1 Corinthians,KJV
PHRASE,with conscience,G4893,8,1 Corinthians 8:7,Epistles,New Testament,1 Corinthians,KJV
PHRASE,of the,G3588,8,1 Corinthians 8:7,Epistles,New Testament,1 Corinthians,KJV
WORD,idol,G1497,8,1 Corinthians 8:7,Epistles,New Testament,1 Corinthians,KJV
WORD,unto,G2193,8,1 Corinthians 8:7,Epistles,New Testament,1 Corinthians,KJV
PHRASE,this hour,G737,8,1 Corinthians 8:7,Epistles,New Testament,1 Corinthians,KJV
WORD,eat,G2068,8,1 Corinthians 8:7,Epistles,New Testament,1 Corinthians,KJV
WORD,[it],,8,1 Corinthians 8:7,Epistles,New Testament,1 Corinthians,KJV
WORD,as,G5613,8,1 Corinthians 8:7,Epistles,New Testament,1 Corinthians,KJV
PHRASE,a thing offered unto an idol;,G1494,8,1 Corinthians 8:7,Epistles,New Testament,1 Corinthians,KJV
WORD,and,G2532,8,1 Corinthians 8:7,Epistles,New Testament,1 Corinthians,KJV
WORD,their,G846,8,1 Corinthians 8:7,Epistles,New Testament,1 Corinthians,KJV
WORD,conscience,G4893,8,1 Corinthians 8:7,Epistles,New Testament,1 Corinthians,KJV
WORD,being,G5607,8,1 Corinthians 8:7,Epistles,New Testament,1 Corinthians,KJV
WORD,weak,G772,8,1 Corinthians 8:7,Epistles,New Testament,1 Corinthians,KJV
PHRASE,is defiled.,G3435,8,1 Corinthians 8:7,Epistles,New Testament,1 Corinthians,KJV
WORD,But,G1161,8,1 Corinthians 8:8,Epistles,New Testament,1 Corinthians,KJV
WORD,meat,G1033,8,1 Corinthians 8:8,Epistles,New Testament,1 Corinthians,KJV
WORD,commendeth,G3936,8,1 Corinthians 8:8,Epistles,New Testament,1 Corinthians,KJV
WORD,us,G2248,8,1 Corinthians 8:8,Epistles,New Testament,1 Corinthians,KJV
WORD,not,G3756,8,1 Corinthians 8:8,Epistles,New Testament,1 Corinthians,KJV
PHRASE,to God:,G2316,8,1 Corinthians 8:8,Epistles,New Testament,1 Corinthians,KJV
WORD,for,G1063,8,1 Corinthians 8:8,Epistles,New Testament,1 Corinthians,KJV
WORD,"neither,",G3777,8,1 Corinthians 8:8,Epistles,New Testament,1 Corinthians,KJV
WORD,if,G1437,8,1 Corinthians 8:8,Epistles,New Testament,1 Corinthians,KJV
PHRASE,"we eat,",G5315,8,1 Corinthians 8:8,Epistles,New Testament,1 Corinthians,KJV
PHRASE,are we the better;,G4052,8,1 Corinthians 8:8,Epistles,New Testament,1 Corinthians,KJV
WORD,"neither,",G3777,8,1 Corinthians 8:8,Epistles,New Testament,1 Corinthians,KJV
WORD,if,G1437,8,1 Corinthians 8:8,Epistles,New Testament,1 Corinthians,KJV
PHRASE,we eat,G5315,8,1 Corinthians 8:8,Epistles,New Testament,1 Corinthians,KJV
WORD,"not,",G3361,8,1 Corinthians 8:8,Epistles,New Testament,1 Corinthians,KJV
PHRASE,are we the worse.,G5302,8,1 Corinthians 8:8,Epistles,New Testament,1 Corinthians,KJV
WORD,But,G1161,8,1 Corinthians 8:9,Epistles,New Testament,1 Corinthians,KJV
PHRASE,take heed,G991,8,1 Corinthians 8:9,Epistles,New Testament,1 Corinthians,KJV
PHRASE,lest by any means,G3381,8,1 Corinthians 8:9,Epistles,New Testament,1 Corinthians,KJV
WORD,this,G3778,8,1 Corinthians 8:9,Epistles,New Testament,1 Corinthians,KJV
WORD,liberty,G1849,8,1 Corinthians 8:9,Epistles,New Testament,1 Corinthians,KJV
PHRASE,of yours,G5216,8,1 Corinthians 8:9,Epistles,New Testament,1 Corinthians,KJV
WORD,become,G1096,8,1 Corinthians 8:9,Epistles,New Testament,1 Corinthians,KJV
PHRASE,a stumblingblock,G4348,8,1 Corinthians 8:9,Epistles,New Testament,1 Corinthians,KJV
PHRASE,to them,G3588,8,1 Corinthians 8:9,Epistles,New Testament,1 Corinthians,KJV
PHRASE,that are weak.,G770,8,1 Corinthians 8:9,Epistles,New Testament,1 Corinthians,KJV
WORD,For,G1063,8,1 Corinthians 8:10,Epistles,New Testament,1 Corinthians,KJV
WORD,if,G1437,8,1 Corinthians 8:10,Epistles,New Testament,1 Corinthians,KJV
PHRASE,any man,G5100,8,1 Corinthians 8:10,Epistles,New Testament,1 Corinthians,KJV
WORD,see,G3708,8,1 Corinthians 8:10,Epistles,New Testament,1 Corinthians,KJV
WORD,thee,G4571,8,1 Corinthians 8:10,Epistles,New Testament,1 Corinthians,KJV
WORD,which,G3588,8,1 Corinthians 8:10,Epistles,New Testament,1 Corinthians,KJV
WORD,hast,G2192,8,1 Corinthians 8:10,Epistles,New Testament,1 Corinthians,KJV
WORD,knowledge,G1108,8,1 Corinthians 8:10,Epistles,New Testament,1 Corinthians,KJV
PHRASE,sit at meat,G2621,8,1 Corinthians 8:10,Epistles,New Testament,1 Corinthians,KJV
WORD,in,G1722,8,1 Corinthians 8:10,Epistles,New Testament,1 Corinthians,KJV
PHRASE,"the idol's temple,",G1493,8,1 Corinthians 8:10,Epistles,New Testament,1 Corinthians,KJV
WORD,shall,G3618,8,1 Corinthians 8:10,Epistles,New Testament,1 Corinthians,KJV
WORD,not,G3780,8,1 Corinthians 8:10,Epistles,New Testament,1 Corinthians,KJV
WORD,the,G3588,8,1 Corinthians 8:10,Epistles,New Testament,1 Corinthians,KJV
WORD,conscience,G4893,8,1 Corinthians 8:10,Epistles,New Testament,1 Corinthians,KJV
PHRASE,of him,G846,8,1 Corinthians 8:10,Epistles,New Testament,1 Corinthians,KJV
PHRASE,which is,G5607,8,1 Corinthians 8:10,Epistles,New Testament,1 Corinthians,KJV
WORD,weak,G772,8,1 Corinthians 8:10,Epistles,New Testament,1 Corinthians,KJV
PHRASE,be emboldened,G3618,8,1 Corinthians 8:10,Epistles,New Testament,1 Corinthians,KJV
PHRASE,to eat,G2068,8,1 Corinthians 8:10,Epistles,New Testament,1 Corinthians,KJV
WORD,those,G3588,8,1 Corinthians 8:10,Epistles,New Testament,1 Corinthians,KJV
WORD,things,G3588,8,1 Corinthians 8:10,Epistles,New Testament,1 Corinthians,KJV
PHRASE,which are,G1519,8,1 Corinthians 8:10,Epistles,New Testament,1 Corinthians,KJV
PHRASE,offered to idols;,G1494,8,1 Corinthians 8:10,Epistles,New Testament,1 Corinthians,KJV
WORD,And,G2532,8,1 Corinthians 8:11,Epistles,New Testament,1 Corinthians,KJV
WORD,through,G1909,8,1 Corinthians 8:11,Epistles,New Testament,1 Corinthians,KJV
WORD,thy,G4674,8,1 Corinthians 8:11,Epistles,New Testament,1 Corinthians,KJV
WORD,knowledge,G1108,8,1 Corinthians 8:11,Epistles,New Testament,1 Corinthians,KJV
WORD,shall,G622,8,1 Corinthians 8:11,Epistles,New Testament,1 Corinthians,KJV
WORD,the,G3588,8,1 Corinthians 8:11,Epistles,New Testament,1 Corinthians,KJV
WORD,weak,G770,8,1 Corinthians 8:11,Epistles,New Testament,1 Corinthians,KJV
WORD,brother,G80,8,1 Corinthians 8:11,Epistles,New Testament,1 Corinthians,KJV
WORD,"perish,",G622,8,1 Corinthians 8:11,Epistles,New Testament,1 Corinthians,KJV
WORD,for,G1223,8,1 Corinthians 8:11,Epistles,New Testament,1 Corinthians,KJV
WORD,whom,G3739,8,1 Corinthians 8:11,Epistles,New Testament,1 Corinthians,KJV
WORD,Christ,G5547,8,1 Corinthians 8:11,Epistles,New Testament,1 Corinthians,KJV
WORD,died?,G599,8,1 Corinthians 8:11,Epistles,New Testament,1 Corinthians,KJV
WORD,But,G1161,8,1 Corinthians 8:12,Epistles,New Testament,1 Corinthians,KJV
PHRASE,when ye sin,G264,8,1 Corinthians 8:12,Epistles,New Testament,1 Corinthians,KJV
WORD,so,G3779,8,1 Corinthians 8:12,Epistles,New Testament,1 Corinthians,KJV
WORD,against,G1519,8,1 Corinthians 8:12,Epistles,New Testament,1 Corinthians,KJV
WORD,the,G3588,8,1 Corinthians 8:12,Epistles,New Testament,1 Corinthians,KJV
WORD,"brethren,",G80,8,1 Corinthians 8:12,Epistles,New Testament,1 Corinthians,KJV
WORD,and,G2532,8,1 Corinthians 8:12,Epistles,New Testament,1 Corinthians,KJV
WORD,wound,G5180,8,1 Corinthians 8:12,Epistles,New Testament,1 Corinthians,KJV
WORD,their,G846,8,1 Corinthians 8:12,Epistles,New Testament,1 Corinthians,KJV
WORD,weak,G770,8,1 Corinthians 8:12,Epistles,New Testament,1 Corinthians,KJV
WORD,"conscience,",G4893,8,1 Corinthians 8:12,Epistles,New Testament,1 Corinthians,KJV
PHRASE,ye sin,G264,8,1 Corinthians 8:12,Epistles,New Testament,1 Corinthians,KJV
WORD,against,G1519,8,1 Corinthians 8:12,Epistles,New Testament,1 Corinthians,KJV
WORD,Christ.,G5547,8,1 Corinthians 8:12,Epistles,New Testament,1 Corinthians,KJV
WORD,"Wherefore,",G1355,8,1 Corinthians 8:13,Epistles,New Testament,1 Corinthians,KJV
WORD,if,G1487,8,1 Corinthians 8:13,Epistles,New Testament,1 Corinthians,KJV
WORD,meat,G1033,8,1 Corinthians 8:13,Epistles,New Testament,1 Corinthians,KJV
WORD,make,G4624,8,1 Corinthians 8:13,Epistles,New Testament,1 Corinthians,KJV
WORD,my,G3450,8,1 Corinthians 8:13,Epistles,New Testament,1 Corinthians,KJV
WORD,brother,G80,8,1 Corinthians 8:13,Epistles,New Testament,1 Corinthians,KJV
PHRASE,"to offend,",G4624,8,1 Corinthians 8:13,Epistles,New Testament,1 Corinthians,KJV
PHRASE,I will eat,G5315,8,1 Corinthians 8:13,Epistles,New Testament,1 Corinthians,KJV
WORD,no,G3756,8,1 Corinthians 8:13,Epistles,New Testament,1 Corinthians,KJV
WORD,flesh,G2907,8,1 Corinthians 8:13,Epistles,New Testament,1 Corinthians,KJV
PHRASE,"while the world standeth,",G165,8,1 Corinthians 8:13,Epistles,New Testament,1 Corinthians,KJV
WORD,,G2443,8,1 Corinthians 8:13,Epistles,New Testament,1 Corinthians,KJV
WORD,lest,G3361,8,1 Corinthians 8:13,Epistles,New Testament,1 Corinthians,KJV
PHRASE,I make,G4624,8,1 Corinthians 8:13,Epistles,New Testament,1 Corinthians,KJV
WORD,my,G3450,8,1 Corinthians 8:13,Epistles,New Testament,1 Corinthians,KJV
WORD,brother,G80,8,1 Corinthians 8:13,Epistles,New Testament,1 Corinthians,KJV
PHRASE,to offend.,G4624,8,1 Corinthians 8:13,Epistles,New Testament,1 Corinthians,KJV
WORD,Am,G1510,9,1 Corinthians 9:1,Epistles,New Testament,1 Corinthians,KJV
PHRASE,I not,G3756,9,1 Corinthians 9:1,Epistles,New Testament,1 Corinthians,KJV
PHRASE,an apostle?,G652,9,1 Corinthians 9:1,Epistles,New Testament,1 Corinthians,KJV
WORD,am,G1510,9,1 Corinthians 9:1,Epistles,New Testament,1 Corinthians,KJV
PHRASE,I not,G3756,9,1 Corinthians 9:1,Epistles,New Testament,1 Corinthians,KJV
WORD,free?,G1658,9,1 Corinthians 9:1,Epistles,New Testament,1 Corinthians,KJV
PHRASE,have I not,G3780,9,1 Corinthians 9:1,Epistles,New Testament,1 Corinthians,KJV
WORD,seen,G3708,9,1 Corinthians 9:1,Epistles,New Testament,1 Corinthians,KJV
WORD,Jesus,G2424,9,1 Corinthians 9:1,Epistles,New Testament,1 Corinthians,KJV
WORD,Christ,G5547,9,1 Corinthians 9:1,Epistles,New Testament,1 Corinthians,KJV
WORD,our,G2257,9,1 Corinthians 9:1,Epistles,New Testament,1 Corinthians,KJV
WORD,Lord?,G2962,9,1 Corinthians 9:1,Epistles,New Testament,1 Corinthians,KJV
WORD,are,G2075,9,1 Corinthians 9:1,Epistles,New Testament,1 Corinthians,KJV
WORD,not,G3756,9,1 Corinthians 9:1,Epistles,New Testament,1 Corinthians,KJV
WORD,ye,G5210,9,1 Corinthians 9:1,Epistles,New Testament,1 Corinthians,KJV
WORD,my,G3450,9,1 Corinthians 9:1,Epistles,New Testament,1 Corinthians,KJV
WORD,work,G2041,9,1 Corinthians 9:1,Epistles,New Testament,1 Corinthians,KJV
WORD,in,G1722,9,1 Corinthians 9:1,Epistles,New Testament,1 Corinthians,KJV
PHRASE,the Lord?,G2962,9,1 Corinthians 9:1,Epistles,New Testament,1 Corinthians,KJV
WORD,If,G1487,9,1 Corinthians 9:2,Epistles,New Testament,1 Corinthians,KJV
PHRASE,I be,G1510,9,1 Corinthians 9:2,Epistles,New Testament,1 Corinthians,KJV
WORD,not,G3756,9,1 Corinthians 9:2,Epistles,New Testament,1 Corinthians,KJV
PHRASE,an apostle,G652,9,1 Corinthians 9:2,Epistles,New Testament,1 Corinthians,KJV
PHRASE,"unto others,",G243,9,1 Corinthians 9:2,Epistles,New Testament,1 Corinthians,KJV
WORD,yet,G235,9,1 Corinthians 9:2,Epistles,New Testament,1 Corinthians,KJV
WORD,doubtless,G1065,9,1 Corinthians 9:2,Epistles,New Testament,1 Corinthians,KJV
PHRASE,I am,G1510,9,1 Corinthians 9:2,Epistles,New Testament,1 Corinthians,KJV
PHRASE,to you:,G5213,9,1 Corinthians 9:2,Epistles,New Testament,1 Corinthians,KJV
WORD,for,G1063,9,1 Corinthians 9:2,Epistles,New Testament,1 Corinthians,KJV
WORD,the,G3588,9,1 Corinthians 9:2,Epistles,New Testament,1 Corinthians,KJV
WORD,seal,G4973,9,1 Corinthians 9:2,Epistles,New Testament,1 Corinthians,KJV
PHRASE,of mine,G1699,9,1 Corinthians 9:2,Epistles,New Testament,1 Corinthians,KJV
WORD,apostleship,G651,9,1 Corinthians 9:2,Epistles,New Testament,1 Corinthians,KJV
WORD,are,G2075,9,1 Corinthians 9:2,Epistles,New Testament,1 Corinthians,KJV
WORD,ye,G5210,9,1 Corinthians 9:2,Epistles,New Testament,1 Corinthians,KJV
WORD,in,G1722,9,1 Corinthians 9:2,Epistles,New Testament,1 Corinthians,KJV
PHRASE,the Lord.,G2962,9,1 Corinthians 9:2,Epistles,New Testament,1 Corinthians,KJV
WORD,Mine,G1699,9,1 Corinthians 9:3,Epistles,New Testament,1 Corinthians,KJV
WORD,answer,G627,9,1 Corinthians 9:3,Epistles,New Testament,1 Corinthians,KJV
PHRASE,to them,G3588,9,1 Corinthians 9:3,Epistles,New Testament,1 Corinthians,KJV
PHRASE,that do examine,G350,9,1 Corinthians 9:3,Epistles,New Testament,1 Corinthians,KJV
WORD,me,G1691,9,1 Corinthians 9:3,Epistles,New Testament,1 Corinthians,KJV
WORD,is,G2076,9,1 Corinthians 9:3,Epistles,New Testament,1 Corinthians,KJV
WORD,"this,",G3778,9,1 Corinthians 9:3,Epistles,New Testament,1 Corinthians,KJV
PHRASE,Have we,G2192,9,1 Corinthians 9:4,Epistles,New Testament,1 Corinthians,KJV
WORD,,G3361,9,1 Corinthians 9:4,Epistles,New Testament,1 Corinthians,KJV
WORD,not,G3756,9,1 Corinthians 9:4,Epistles,New Testament,1 Corinthians,KJV
WORD,power,G1849,9,1 Corinthians 9:4,Epistles,New Testament,1 Corinthians,KJV
PHRASE,to eat,G5315,9,1 Corinthians 9:4,Epistles,New Testament,1 Corinthians,KJV
WORD,and,G2532,9,1 Corinthians 9:4,Epistles,New Testament,1 Corinthians,KJV
PHRASE,to drink?,G4095,9,1 Corinthians 9:4,Epistles,New Testament,1 Corinthians,KJV
PHRASE,Have we,G2192,9,1 Corinthians 9:5,Epistles,New Testament,1 Corinthians,KJV
WORD,,G3361,9,1 Corinthians 9:5,Epistles,New Testament,1 Corinthians,KJV
WORD,not,G3756,9,1 Corinthians 9:5,Epistles,New Testament,1 Corinthians,KJV
WORD,power,G1849,9,1 Corinthians 9:5,Epistles,New Testament,1 Corinthians,KJV
PHRASE,to lead about,G4013,9,1 Corinthians 9:5,Epistles,New Testament,1 Corinthians,KJV
PHRASE,"a sister,",G79,9,1 Corinthians 9:5,Epistles,New Testament,1 Corinthians,KJV
PHRASE,"a wife,",G1135,9,1 Corinthians 9:5,Epistles,New Testament,1 Corinthians,KJV
PHRASE,as well,G5613,9,1 Corinthians 9:5,Epistles,New Testament,1 Corinthians,KJV
WORD,as,G2532,9,1 Corinthians 9:5,Epistles,New Testament,1 Corinthians,KJV
WORD,other,G3062,9,1 Corinthians 9:5,Epistles,New Testament,1 Corinthians,KJV
WORD,"apostles,",G652,9,1 Corinthians 9:5,Epistles,New Testament,1 Corinthians,KJV
WORD,and,G2532,9,1 Corinthians 9:5,Epistles,New Testament,1 Corinthians,KJV
WORD,[as],,9,1 Corinthians 9:5,Epistles,New Testament,1 Corinthians,KJV
WORD,the,G3588,9,1 Corinthians 9:5,Epistles,New Testament,1 Corinthians,KJV
WORD,brethren,G80,9,1 Corinthians 9:5,Epistles,New Testament,1 Corinthians,KJV
PHRASE,of the,G3588,9,1 Corinthians 9:5,Epistles,New Testament,1 Corinthians,KJV
WORD,"Lord,",G2962,9,1 Corinthians 9:5,Epistles,New Testament,1 Corinthians,KJV
WORD,and,G2532,9,1 Corinthians 9:5,Epistles,New Testament,1 Corinthians,KJV
WORD,Cephas?,G2786,9,1 Corinthians 9:5,Epistles,New Testament,1 Corinthians,KJV
WORD,Or,G2228,9,1 Corinthians 9:6,Epistles,New Testament,1 Corinthians,KJV
WORD,I,G1473,9,1 Corinthians 9:6,Epistles,New Testament,1 Corinthians,KJV
WORD,only,G3441,9,1 Corinthians 9:6,Epistles,New Testament,1 Corinthians,KJV
WORD,and,G2532,9,1 Corinthians 9:6,Epistles,New Testament,1 Corinthians,KJV
WORD,"Barnabas,",G921,9,1 Corinthians 9:6,Epistles,New Testament,1 Corinthians,KJV
WORD,have,G2192,9,1 Corinthians 9:6,Epistles,New Testament,1 Corinthians,KJV
WORD,not,G3756,9,1 Corinthians 9:6,Epistles,New Testament,1 Corinthians,KJV
WORD,we,G2192,9,1 Corinthians 9:6,Epistles,New Testament,1 Corinthians,KJV
WORD,power,G1849,9,1 Corinthians 9:6,Epistles,New Testament,1 Corinthians,KJV
PHRASE,to forbear,G3361,9,1 Corinthians 9:6,Epistles,New Testament,1 Corinthians,KJV
WORD,working?,G2038,9,1 Corinthians 9:6,Epistles,New Testament,1 Corinthians,KJV
WORD,Who,G5101,9,1 Corinthians 9:7,Epistles,New Testament,1 Corinthians,KJV
PHRASE,goeth a warfare,G4754,9,1 Corinthians 9:7,Epistles,New Testament,1 Corinthians,KJV
PHRASE,any time at,G4218,9,1 Corinthians 9:7,Epistles,New Testament,1 Corinthians,KJV
PHRASE,his own,G2398,9,1 Corinthians 9:7,Epistles,New Testament,1 Corinthians,KJV
WORD,charges?,G3800,9,1 Corinthians 9:7,Epistles,New Testament,1 Corinthians,KJV
WORD,who,G5101,9,1 Corinthians 9:7,Epistles,New Testament,1 Corinthians,KJV
WORD,planteth,G5452,9,1 Corinthians 9:7,Epistles,New Testament,1 Corinthians,KJV
PHRASE,"a vineyard,",G290,9,1 Corinthians 9:7,Epistles,New Testament,1 Corinthians,KJV
WORD,and,G2532,9,1 Corinthians 9:7,Epistles,New Testament,1 Corinthians,KJV
WORD,eateth,G2068,9,1 Corinthians 9:7,Epistles,New Testament,1 Corinthians,KJV
WORD,not,G3756,9,1 Corinthians 9:7,Epistles,New Testament,1 Corinthians,KJV
WORD,of,G1537,9,1 Corinthians 9:7,Epistles,New Testament,1 Corinthians,KJV
WORD,the,G3588,9,1 Corinthians 9:7,Epistles,New Testament,1 Corinthians,KJV
WORD,fruit,G2590,9,1 Corinthians 9:7,Epistles,New Testament,1 Corinthians,KJV
WORD,thereof?,G846,9,1 Corinthians 9:7,Epistles,New Testament,1 Corinthians,KJV
WORD,or,G2228,9,1 Corinthians 9:7,Epistles,New Testament,1 Corinthians,KJV
WORD,who,G5101,9,1 Corinthians 9:7,Epistles,New Testament,1 Corinthians,KJV
WORD,feedeth,G4165,9,1 Corinthians 9:7,Epistles,New Testament,1 Corinthians,KJV
PHRASE,"a flock,",G4167,9,1 Corinthians 9:7,Epistles,New Testament,1 Corinthians,KJV
WORD,and,G2532,9,1 Corinthians 9:7,Epistles,New Testament,1 Corinthians,KJV
WORD,eateth,G2068,9,1 Corinthians 9:7,Epistles,New Testament,1 Corinthians,KJV
WORD,not,G3756,9,1 Corinthians 9:7,Epistles,New Testament,1 Corinthians,KJV
WORD,of,G1537,9,1 Corinthians 9:7,Epistles,New Testament,1 Corinthians,KJV
WORD,the,G3588,9,1 Corinthians 9:7,Epistles,New Testament,1 Corinthians,KJV
WORD,milk,G1051,9,1 Corinthians 9:7,Epistles,New Testament,1 Corinthians,KJV
PHRASE,of the,G3588,9,1 Corinthians 9:7,Epistles,New Testament,1 Corinthians,KJV
WORD,flock?,G4167,9,1 Corinthians 9:7,Epistles,New Testament,1 Corinthians,KJV
PHRASE,Say I,G2980,9,1 Corinthians 9:8,Epistles,New Testament,1 Corinthians,KJV
PHRASE,these things,G5023,9,1 Corinthians 9:8,Epistles,New Testament,1 Corinthians,KJV
WORD,as,G2596,9,1 Corinthians 9:8,Epistles,New Testament,1 Corinthians,KJV
PHRASE,a man?,G444,9,1 Corinthians 9:8,Epistles,New Testament,1 Corinthians,KJV
WORD,or,G2228,9,1 Corinthians 9:8,Epistles,New Testament,1 Corinthians,KJV
WORD,saith,G3004,9,1 Corinthians 9:8,Epistles,New Testament,1 Corinthians,KJV
WORD,not,G3780,9,1 Corinthians 9:8,Epistles,New Testament,1 Corinthians,KJV
WORD,the,G3588,9,1 Corinthians 9:8,Epistles,New Testament,1 Corinthians,KJV
WORD,law,G3551,9,1 Corinthians 9:8,Epistles,New Testament,1 Corinthians,KJV
PHRASE,the same,G5023,9,1 Corinthians 9:8,Epistles,New Testament,1 Corinthians,KJV
WORD,also?,G2532,9,1 Corinthians 9:8,Epistles,New Testament,1 Corinthians,KJV
WORD,For,G1063,9,1 Corinthians 9:9,Epistles,New Testament,1 Corinthians,KJV
PHRASE,it is written,G1125,9,1 Corinthians 9:9,Epistles,New Testament,1 Corinthians,KJV
WORD,in,G1722,9,1 Corinthians 9:9,Epistles,New Testament,1 Corinthians,KJV
WORD,the,G3588,9,1 Corinthians 9:9,Epistles,New Testament,1 Corinthians,KJV
WORD,law,G3551,9,1 Corinthians 9:9,Epistles,New Testament,1 Corinthians,KJV
PHRASE,"of Moses,",G3475,9,1 Corinthians 9:9,Epistles,New Testament,1 Corinthians,KJV
PHRASE,Thou shalt,G5392,9,1 Corinthians 9:9,Epistles,New Testament,1 Corinthians,KJV
WORD,not,G3756,9,1 Corinthians 9:9,Epistles,New Testament,1 Corinthians,KJV
WORD,muzzle,G5392,9,1 Corinthians 9:9,Epistles,New Testament,1 Corinthians,KJV
PHRASE,the mouth of the ox,G1016,9,1 Corinthians 9:9,Epistles,New Testament,1 Corinthians,KJV
PHRASE,that treadeth out the corn.,G248,9,1 Corinthians 9:9,Epistles,New Testament,1 Corinthians,KJV
WORD,Doth,G3199,9,1 Corinthians 9:9,Epistles,New Testament,1 Corinthians,KJV
WORD,God,G2316,9,1 Corinthians 9:9,Epistles,New Testament,1 Corinthians,KJV
PHRASE,take care,G3199,9,1 Corinthians 9:9,Epistles,New Testament,1 Corinthians,KJV
PHRASE,for oxen?,G1016,9,1 Corinthians 9:9,Epistles,New Testament,1 Corinthians,KJV
WORD,Or,G2228,9,1 Corinthians 9:10,Epistles,New Testament,1 Corinthians,KJV
PHRASE,saith he,G3004,9,1 Corinthians 9:10,Epistles,New Testament,1 Corinthians,KJV
WORD,[it],,9,1 Corinthians 9:10,Epistles,New Testament,1 Corinthians,KJV
WORD,altogether,G3843,9,1 Corinthians 9:10,Epistles,New Testament,1 Corinthians,KJV
WORD,for,G1223,9,1 Corinthians 9:10,Epistles,New Testament,1 Corinthians,KJV
WORD,our,G2248,9,1 Corinthians 9:10,Epistles,New Testament,1 Corinthians,KJV
WORD,sakes?,G1223,9,1 Corinthians 9:10,Epistles,New Testament,1 Corinthians,KJV
WORD,For,G1223,9,1 Corinthians 9:10,Epistles,New Testament,1 Corinthians,KJV
WORD,our,G2248,9,1 Corinthians 9:10,Epistles,New Testament,1 Corinthians,KJV
WORD,"sakes,",G1223,9,1 Corinthians 9:10,Epistles,New Testament,1 Corinthians,KJV
PHRASE,"no doubt,",G1063,9,1 Corinthians 9:10,Epistles,New Testament,1 Corinthians,KJV
WORD,[this],,9,1 Corinthians 9:10,Epistles,New Testament,1 Corinthians,KJV
PHRASE,is written:,G1125,9,1 Corinthians 9:10,Epistles,New Testament,1 Corinthians,KJV
WORD,that,G3754,9,1 Corinthians 9:10,Epistles,New Testament,1 Corinthians,KJV
PHRASE,he that,G3588,9,1 Corinthians 9:10,Epistles,New Testament,1 Corinthians,KJV
WORD,ploweth,G722,9,1 Corinthians 9:10,Epistles,New Testament,1 Corinthians,KJV
WORD,should,G3784,9,1 Corinthians 9:10,Epistles,New Testament,1 Corinthians,KJV
WORD,plow,G722,9,1 Corinthians 9:10,Epistles,New Testament,1 Corinthians,KJV
WORD,in,G1909,9,1 Corinthians 9:10,Epistles,New Testament,1 Corinthians,KJV
WORD,hope;,G1680,9,1 Corinthians 9:10,Epistles,New Testament,1 Corinthians,KJV
WORD,and,G2532,9,1 Corinthians 9:10,Epistles,New Testament,1 Corinthians,KJV
PHRASE,that he that,G3588,9,1 Corinthians 9:10,Epistles,New Testament,1 Corinthians,KJV
WORD,thresheth,G248,9,1 Corinthians 9:10,Epistles,New Testament,1 Corinthians,KJV
PHRASE,in hope,G1680,9,1 Corinthians 9:10,Epistles,New Testament,1 Corinthians,KJV
PHRASE,should be partaker,G3348,9,1 Corinthians 9:10,Epistles,New Testament,1 Corinthians,KJV
WORD,of,G1909,9,1 Corinthians 9:10,Epistles,New Testament,1 Corinthians,KJV
WORD,his,G846,9,1 Corinthians 9:10,Epistles,New Testament,1 Corinthians,KJV
WORD,hope.,G1680,9,1 Corinthians 9:10,Epistles,New Testament,1 Corinthians,KJV
WORD,If,G1487,9,1 Corinthians 9:11,Epistles,New Testament,1 Corinthians,KJV
WORD,we,G2249,9,1 Corinthians 9:11,Epistles,New Testament,1 Corinthians,KJV
PHRASE,have sown,G4687,9,1 Corinthians 9:11,Epistles,New Testament,1 Corinthians,KJV
PHRASE,unto you,G5213,9,1 Corinthians 9:11,Epistles,New Testament,1 Corinthians,KJV
PHRASE,"spiritual things,",G4152,9,1 Corinthians 9:11,Epistles,New Testament,1 Corinthians,KJV
PHRASE,[is it],,9,1 Corinthians 9:11,Epistles,New Testament,1 Corinthians,KJV
PHRASE,a great thing,G3173,9,1 Corinthians 9:11,Epistles,New Testament,1 Corinthians,KJV
WORD,if,G1487,9,1 Corinthians 9:11,Epistles,New Testament,1 Corinthians,KJV
WORD,we,G2249,9,1 Corinthians 9:11,Epistles,New Testament,1 Corinthians,KJV
PHRASE,shall reap,G2325,9,1 Corinthians 9:11,Epistles,New Testament,1 Corinthians,KJV
WORD,your,G5216,9,1 Corinthians 9:11,Epistles,New Testament,1 Corinthians,KJV
PHRASE,carnal things?,G4559,9,1 Corinthians 9:11,Epistles,New Testament,1 Corinthians,KJV
WORD,If,G1487,9,1 Corinthians 9:12,Epistles,New Testament,1 Corinthians,KJV
WORD,others,G243,9,1 Corinthians 9:12,Epistles,New Testament,1 Corinthians,KJV
PHRASE,be partakers,G3348,9,1 Corinthians 9:12,Epistles,New Testament,1 Corinthians,KJV
PHRASE,of [this],,9,1 Corinthians 9:12,Epistles,New Testament,1 Corinthians,KJV
WORD,power,G1849,9,1 Corinthians 9:12,Epistles,New Testament,1 Corinthians,KJV
PHRASE,"over you,",G5216,9,1 Corinthians 9:12,Epistles,New Testament,1 Corinthians,KJV
WORD,[are],,9,1 Corinthians 9:12,Epistles,New Testament,1 Corinthians,KJV
WORD,not,G3756,9,1 Corinthians 9:12,Epistles,New Testament,1 Corinthians,KJV
WORD,we,G2249,9,1 Corinthians 9:12,Epistles,New Testament,1 Corinthians,KJV
WORD,rather?,G3123,9,1 Corinthians 9:12,Epistles,New Testament,1 Corinthians,KJV
WORD,Nevertheless,G235,9,1 Corinthians 9:12,Epistles,New Testament,1 Corinthians,KJV
PHRASE,we have,G5530,9,1 Corinthians 9:12,Epistles,New Testament,1 Corinthians,KJV
WORD,not,G3756,9,1 Corinthians 9:12,Epistles,New Testament,1 Corinthians,KJV
WORD,used,G5530,9,1 Corinthians 9:12,Epistles,New Testament,1 Corinthians,KJV
WORD,this,G3778,9,1 Corinthians 9:12,Epistles,New Testament,1 Corinthians,KJV
WORD,power;,G1849,9,1 Corinthians 9:12,Epistles,New Testament,1 Corinthians,KJV
WORD,but,G235,9,1 Corinthians 9:12,Epistles,New Testament,1 Corinthians,KJV
WORD,suffer,G4722,9,1 Corinthians 9:12,Epistles,New Testament,1 Corinthians,KJV
PHRASE,"all things,",G3956,9,1 Corinthians 9:12,Epistles,New Testament,1 Corinthians,KJV
WORD,,G2443,9,1 Corinthians 9:12,Epistles,New Testament,1 Corinthians,KJV
WORD,lest,G3361,9,1 Corinthians 9:12,Epistles,New Testament,1 Corinthians,KJV
PHRASE,we should,G1325,9,1 Corinthians 9:12,Epistles,New Testament,1 Corinthians,KJV
WORD,hinder,G1464,9,1 Corinthians 9:12,Epistles,New Testament,1 Corinthians,KJV
WORD,the,G3588,9,1 Corinthians 9:12,Epistles,New Testament,1 Corinthians,KJV
WORD,gospel,G2098,9,1 Corinthians 9:12,Epistles,New Testament,1 Corinthians,KJV
PHRASE,of Christ.,G5547,9,1 Corinthians 9:12,Epistles,New Testament,1 Corinthians,KJV
PHRASE,Do ye,G1492,9,1 Corinthians 9:13,Epistles,New Testament,1 Corinthians,KJV
WORD,not,G3756,9,1 Corinthians 9:13,Epistles,New Testament,1 Corinthians,KJV
WORD,know,G1492,9,1 Corinthians 9:13,Epistles,New Testament,1 Corinthians,KJV
WORD,that,G3754,9,1 Corinthians 9:13,Epistles,New Testament,1 Corinthians,KJV
PHRASE,they which,G3588,9,1 Corinthians 9:13,Epistles,New Testament,1 Corinthians,KJV
WORD,minister,G2038,9,1 Corinthians 9:13,Epistles,New Testament,1 Corinthians,KJV
PHRASE,about holy things,G2413,9,1 Corinthians 9:13,Epistles,New Testament,1 Corinthians,KJV
WORD,live,G2068,9,1 Corinthians 9:13,Epistles,New Testament,1 Corinthians,KJV
PHRASE,[of the things],,9,1 Corinthians 9:13,Epistles,New Testament,1 Corinthians,KJV
WORD,of,G1537,9,1 Corinthians 9:13,Epistles,New Testament,1 Corinthians,KJV
WORD,the,G3588,9,1 Corinthians 9:13,Epistles,New Testament,1 Corinthians,KJV
WORD,temple?,G2411,9,1 Corinthians 9:13,Epistles,New Testament,1 Corinthians,KJV
PHRASE,and they which wait,G4332,9,1 Corinthians 9:13,Epistles,New Testament,1 Corinthians,KJV
PHRASE,at the,G3588,9,1 Corinthians 9:13,Epistles,New Testament,1 Corinthians,KJV
WORD,altar,G2379,9,1 Corinthians 9:13,Epistles,New Testament,1 Corinthians,KJV
PHRASE,are partakers,G4829,9,1 Corinthians 9:13,Epistles,New Testament,1 Corinthians,KJV
PHRASE,with the,G3588,9,1 Corinthians 9:13,Epistles,New Testament,1 Corinthians,KJV
WORD,altar?,G2379,9,1 Corinthians 9:13,Epistles,New Testament,1 Corinthians,KJV
WORD,Even,G2532,9,1 Corinthians 9:14,Epistles,New Testament,1 Corinthians,KJV
WORD,so,G3779,9,1 Corinthians 9:14,Epistles,New Testament,1 Corinthians,KJV
WORD,hath,G1299,9,1 Corinthians 9:14,Epistles,New Testament,1 Corinthians,KJV
WORD,the,G3588,9,1 Corinthians 9:14,Epistles,New Testament,1 Corinthians,KJV
WORD,Lord,G2962,9,1 Corinthians 9:14,Epistles,New Testament,1 Corinthians,KJV
WORD,ordained,G1299,9,1 Corinthians 9:14,Epistles,New Testament,1 Corinthians,KJV
PHRASE,that they which,G3588,9,1 Corinthians 9:14,Epistles,New Testament,1 Corinthians,KJV
WORD,preach,G2605,9,1 Corinthians 9:14,Epistles,New Testament,1 Corinthians,KJV
WORD,the,G3588,9,1 Corinthians 9:14,Epistles,New Testament,1 Corinthians,KJV
WORD,gospel,G2098,9,1 Corinthians 9:14,Epistles,New Testament,1 Corinthians,KJV
PHRASE,should live,G2198,9,1 Corinthians 9:14,Epistles,New Testament,1 Corinthians,KJV
WORD,of,G1537,9,1 Corinthians 9:14,Epistles,New Testament,1 Corinthians,KJV
WORD,the,G3588,9,1 Corinthians 9:14,Epistles,New Testament,1 Corinthians,KJV
WORD,gospel.,G2098,9,1 Corinthians 9:14,Epistles,New Testament,1 Corinthians,KJV
WORD,But,G1161,9,1 Corinthians 9:15,Epistles,New Testament,1 Corinthians,KJV
WORD,I,G1473,9,1 Corinthians 9:15,Epistles,New Testament,1 Corinthians,KJV
PHRASE,have used,G5530,9,1 Corinthians 9:15,Epistles,New Testament,1 Corinthians,KJV
WORD,none,G3762,9,1 Corinthians 9:15,Epistles,New Testament,1 Corinthians,KJV
PHRASE,of these things:,G5130,9,1 Corinthians 9:15,Epistles,New Testament,1 Corinthians,KJV
WORD,neither,G3756,9,1 Corinthians 9:15,Epistles,New Testament,1 Corinthians,KJV
PHRASE,have I written,G1125,9,1 Corinthians 9:15,Epistles,New Testament,1 Corinthians,KJV
PHRASE,"these things,",G5023,9,1 Corinthians 9:15,Epistles,New Testament,1 Corinthians,KJV
WORD,that,G2443,9,1 Corinthians 9:15,Epistles,New Testament,1 Corinthians,KJV
PHRASE,it should be,G1096,9,1 Corinthians 9:15,Epistles,New Testament,1 Corinthians,KJV
WORD,so,G3779,9,1 Corinthians 9:15,Epistles,New Testament,1 Corinthians,KJV
WORD,done,G1096,9,1 Corinthians 9:15,Epistles,New Testament,1 Corinthians,KJV
WORD,unto,G1722,9,1 Corinthians 9:15,Epistles,New Testament,1 Corinthians,KJV
WORD,me:,G1698,9,1 Corinthians 9:15,Epistles,New Testament,1 Corinthians,KJV
PHRASE,for [it were] better,G2570,9,1 Corinthians 9:15,Epistles,New Testament,1 Corinthians,KJV
WORD,for,G1063,9,1 Corinthians 9:15,Epistles,New Testament,1 Corinthians,KJV
WORD,me,G3427,9,1 Corinthians 9:15,Epistles,New Testament,1 Corinthians,KJV
PHRASE,"to die,",G599,9,1 Corinthians 9:15,Epistles,New Testament,1 Corinthians,KJV
WORD,than,G2228,9,1 Corinthians 9:15,Epistles,New Testament,1 Corinthians,KJV
WORD,that,G2443,9,1 Corinthians 9:15,Epistles,New Testament,1 Corinthians,KJV
PHRASE,any man,G5100,9,1 Corinthians 9:15,Epistles,New Testament,1 Corinthians,KJV
PHRASE,should make,G2758,9,1 Corinthians 9:15,Epistles,New Testament,1 Corinthians,KJV
WORD,my,G3450,9,1 Corinthians 9:15,Epistles,New Testament,1 Corinthians,KJV
WORD,glorying,G2745,9,1 Corinthians 9:15,Epistles,New Testament,1 Corinthians,KJV
WORD,void.,G2758,9,1 Corinthians 9:15,Epistles,New Testament,1 Corinthians,KJV
WORD,For,G1063,9,1 Corinthians 9:16,Epistles,New Testament,1 Corinthians,KJV
WORD,though,G1437,9,1 Corinthians 9:16,Epistles,New Testament,1 Corinthians,KJV
PHRASE,"I preach the gospel,",G2097,9,1 Corinthians 9:16,Epistles,New Testament,1 Corinthians,KJV
WORD,I,G3427,9,1 Corinthians 9:16,Epistles,New Testament,1 Corinthians,KJV
WORD,have,G2076,9,1 Corinthians 9:16,Epistles,New Testament,1 Corinthians,KJV
WORD,nothing,G3756,9,1 Corinthians 9:16,Epistles,New Testament,1 Corinthians,KJV
PHRASE,to glory of:,G2745,9,1 Corinthians 9:16,Epistles,New Testament,1 Corinthians,KJV
WORD,for,G1063,9,1 Corinthians 9:16,Epistles,New Testament,1 Corinthians,KJV
WORD,necessity,G318,9,1 Corinthians 9:16,Epistles,New Testament,1 Corinthians,KJV
PHRASE,is laid upon,G1945,9,1 Corinthians 9:16,Epistles,New Testament,1 Corinthians,KJV
WORD,me;,G3427,9,1 Corinthians 9:16,Epistles,New Testament,1 Corinthians,KJV
WORD,"yea,",G1161,9,1 Corinthians 9:16,Epistles,New Testament,1 Corinthians,KJV
WORD,woe,G3759,9,1 Corinthians 9:16,Epistles,New Testament,1 Corinthians,KJV
WORD,is,G2076,9,1 Corinthians 9:16,Epistles,New Testament,1 Corinthians,KJV
PHRASE,"unto me,",G3427,9,1 Corinthians 9:16,Epistles,New Testament,1 Corinthians,KJV
WORD,if,G1437,9,1 Corinthians 9:16,Epistles,New Testament,1 Corinthians,KJV
PHRASE,I preach,G2097,9,1 Corinthians 9:16,Epistles,New Testament,1 Corinthians,KJV
WORD,not,G3361,9,1 Corinthians 9:16,Epistles,New Testament,1 Corinthians,KJV
PHRASE,the gospel!,G2097,9,1 Corinthians 9:16,Epistles,New Testament,1 Corinthians,KJV
WORD,For,G1063,9,1 Corinthians 9:17,Epistles,New Testament,1 Corinthians,KJV
WORD,if,G1487,9,1 Corinthians 9:17,Epistles,New Testament,1 Corinthians,KJV
PHRASE,I do,G4238,9,1 Corinthians 9:17,Epistles,New Testament,1 Corinthians,KJV
PHRASE,this thing,G5124,9,1 Corinthians 9:17,Epistles,New Testament,1 Corinthians,KJV
WORD,"willingly,",G1635,9,1 Corinthians 9:17,Epistles,New Testament,1 Corinthians,KJV
PHRASE,I have,G2192,9,1 Corinthians 9:17,Epistles,New Testament,1 Corinthians,KJV
PHRASE,a reward:,G3408,9,1 Corinthians 9:17,Epistles,New Testament,1 Corinthians,KJV
WORD,but,G1161,9,1 Corinthians 9:17,Epistles,New Testament,1 Corinthians,KJV
WORD,if,G1487,9,1 Corinthians 9:17,Epistles,New Testament,1 Corinthians,KJV
PHRASE,"against my will,",G210,9,1 Corinthians 9:17,Epistles,New Testament,1 Corinthians,KJV
PHRASE,a dispensation,G3622,9,1 Corinthians 9:17,Epistles,New Testament,1 Corinthians,KJV
PHRASE,[of the gospel],,9,1 Corinthians 9:17,Epistles,New Testament,1 Corinthians,KJV
PHRASE,is committed unto me.,G4100,9,1 Corinthians 9:17,Epistles,New Testament,1 Corinthians,KJV
WORD,What,G5101,9,1 Corinthians 9:18,Epistles,New Testament,1 Corinthians,KJV
WORD,is,G2076,9,1 Corinthians 9:18,Epistles,New Testament,1 Corinthians,KJV
WORD,my,G3427,9,1 Corinthians 9:18,Epistles,New Testament,1 Corinthians,KJV
WORD,reward,G3408,9,1 Corinthians 9:18,Epistles,New Testament,1 Corinthians,KJV
WORD,then?,G3767,9,1 Corinthians 9:18,Epistles,New Testament,1 Corinthians,KJV
WORD,[Verily],,9,1 Corinthians 9:18,Epistles,New Testament,1 Corinthians,KJV
WORD,"that,",G2443,9,1 Corinthians 9:18,Epistles,New Testament,1 Corinthians,KJV
PHRASE,"when I preach the gospel,",G2097,9,1 Corinthians 9:18,Epistles,New Testament,1 Corinthians,KJV
PHRASE,I may make,G5087,9,1 Corinthians 9:18,Epistles,New Testament,1 Corinthians,KJV
WORD,the,G3588,9,1 Corinthians 9:18,Epistles,New Testament,1 Corinthians,KJV
WORD,gospel,G2098,9,1 Corinthians 9:18,Epistles,New Testament,1 Corinthians,KJV
PHRASE,of Christ,G5547,9,1 Corinthians 9:18,Epistles,New Testament,1 Corinthians,KJV
PHRASE,"without charge,",G77,9,1 Corinthians 9:18,Epistles,New Testament,1 Corinthians,KJV
WORD,that,G1519,9,1 Corinthians 9:18,Epistles,New Testament,1 Corinthians,KJV
PHRASE,I abuse,G2710,9,1 Corinthians 9:18,Epistles,New Testament,1 Corinthians,KJV
WORD,not,G3361,9,1 Corinthians 9:18,Epistles,New Testament,1 Corinthians,KJV
WORD,my,G3450,9,1 Corinthians 9:18,Epistles,New Testament,1 Corinthians,KJV
WORD,power,G1849,9,1 Corinthians 9:18,Epistles,New Testament,1 Corinthians,KJV
WORD,in,G1722,9,1 Corinthians 9:18,Epistles,New Testament,1 Corinthians,KJV
WORD,the,G3588,9,1 Corinthians 9:18,Epistles,New Testament,1 Corinthians,KJV
WORD,gospel.,G2098,9,1 Corinthians 9:18,Epistles,New Testament,1 Corinthians,KJV
WORD,For,G1063,9,1 Corinthians 9:19,Epistles,New Testament,1 Corinthians,KJV
PHRASE,though I be,G5607,9,1 Corinthians 9:19,Epistles,New Testament,1 Corinthians,KJV
WORD,free,G1658,9,1 Corinthians 9:19,Epistles,New Testament,1 Corinthians,KJV
WORD,from,G1537,9,1 Corinthians 9:19,Epistles,New Testament,1 Corinthians,KJV
WORD,all,G3956,9,1 Corinthians 9:19,Epistles,New Testament,1 Corinthians,KJV
WORD,"[men],",,9,1 Corinthians 9:19,Epistles,New Testament,1 Corinthians,KJV
PHRASE,yet have I made,G1402,9,1 Corinthians 9:19,Epistles,New Testament,1 Corinthians,KJV
WORD,myself,G1683,9,1 Corinthians 9:19,Epistles,New Testament,1 Corinthians,KJV
WORD,servant,G1402,9,1 Corinthians 9:19,Epistles,New Testament,1 Corinthians,KJV
PHRASE,"unto all,",G3956,9,1 Corinthians 9:19,Epistles,New Testament,1 Corinthians,KJV
WORD,that,G2443,9,1 Corinthians 9:19,Epistles,New Testament,1 Corinthians,KJV
PHRASE,I might gain,G2770,9,1 Corinthians 9:19,Epistles,New Testament,1 Corinthians,KJV
WORD,the,G3588,9,1 Corinthians 9:19,Epistles,New Testament,1 Corinthians,KJV
WORD,more.,G4119,9,1 Corinthians 9:19,Epistles,New Testament,1 Corinthians,KJV
WORD,And,G2532,9,1 Corinthians 9:20,Epistles,New Testament,1 Corinthians,KJV
PHRASE,unto the,G3588,9,1 Corinthians 9:20,Epistles,New Testament,1 Corinthians,KJV
WORD,Jews,G2453,9,1 Corinthians 9:20,Epistles,New Testament,1 Corinthians,KJV
PHRASE,I became,G1096,9,1 Corinthians 9:20,Epistles,New Testament,1 Corinthians,KJV
WORD,as,G5613,9,1 Corinthians 9:20,Epistles,New Testament,1 Corinthians,KJV
PHRASE,"a Jew,",G2453,9,1 Corinthians 9:20,Epistles,New Testament,1 Corinthians,KJV
WORD,that,G2443,9,1 Corinthians 9:20,Epistles,New Testament,1 Corinthians,KJV
PHRASE,I might gain,G2770,9,1 Corinthians 9:20,Epistles,New Testament,1 Corinthians,KJV
PHRASE,the Jews;,G2453,9,1 Corinthians 9:20,Epistles,New Testament,1 Corinthians,KJV
PHRASE,to them,G3588,9,1 Corinthians 9:20,Epistles,New Testament,1 Corinthians,KJV
PHRASE,that are under,G5259,9,1 Corinthians 9:20,Epistles,New Testament,1 Corinthians,KJV
PHRASE,"the law,",G3551,9,1 Corinthians 9:20,Epistles,New Testament,1 Corinthians,KJV
WORD,as,G5613,9,1 Corinthians 9:20,Epistles,New Testament,1 Corinthians,KJV
WORD,under,G5259,9,1 Corinthians 9:20,Epistles,New Testament,1 Corinthians,KJV
PHRASE,"the law,",G3551,9,1 Corinthians 9:20,Epistles,New Testament,1 Corinthians,KJV
WORD,that,G2443,9,1 Corinthians 9:20,Epistles,New Testament,1 Corinthians,KJV
PHRASE,I might gain,G2770,9,1 Corinthians 9:20,Epistles,New Testament,1 Corinthians,KJV
PHRASE,them that,G3588,9,1 Corinthians 9:20,Epistles,New Testament,1 Corinthians,KJV
PHRASE,are under,G5259,9,1 Corinthians 9:20,Epistles,New Testament,1 Corinthians,KJV
PHRASE,the law;,G3551,9,1 Corinthians 9:20,Epistles,New Testament,1 Corinthians,KJV
PHRASE,To them,G3588,9,1 Corinthians 9:21,Epistles,New Testament,1 Corinthians,KJV
PHRASE,"that are without law,",G459,9,1 Corinthians 9:21,Epistles,New Testament,1 Corinthians,KJV
WORD,as,G5613,9,1 Corinthians 9:21,Epistles,New Testament,1 Corinthians,KJV
PHRASE,"without law,",G459,9,1 Corinthians 9:21,Epistles,New Testament,1 Corinthians,KJV
WORD,(being,G5607,9,1 Corinthians 9:21,Epistles,New Testament,1 Corinthians,KJV
WORD,not,G3361,9,1 Corinthians 9:21,Epistles,New Testament,1 Corinthians,KJV
PHRASE,without law,G459,9,1 Corinthians 9:21,Epistles,New Testament,1 Corinthians,KJV
PHRASE,"to God,",G2316,9,1 Corinthians 9:21,Epistles,New Testament,1 Corinthians,KJV
WORD,but,G235,9,1 Corinthians 9:21,Epistles,New Testament,1 Corinthians,KJV
PHRASE,under the law,G1772,9,1 Corinthians 9:21,Epistles,New Testament,1 Corinthians,KJV
PHRASE,"to Christ,)",G5547,9,1 Corinthians 9:21,Epistles,New Testament,1 Corinthians,KJV
WORD,that,G2443,9,1 Corinthians 9:21,Epistles,New Testament,1 Corinthians,KJV
PHRASE,I might gain,G2770,9,1 Corinthians 9:21,Epistles,New Testament,1 Corinthians,KJV
PHRASE,them that are without law.,G459,9,1 Corinthians 9:21,Epistles,New Testament,1 Corinthians,KJV
PHRASE,To the,G3588,9,1 Corinthians 9:22,Epistles,New Testament,1 Corinthians,KJV
WORD,weak,G772,9,1 Corinthians 9:22,Epistles,New Testament,1 Corinthians,KJV
PHRASE,became I,G1096,9,1 Corinthians 9:22,Epistles,New Testament,1 Corinthians,KJV
WORD,as,G5613,9,1 Corinthians 9:22,Epistles,New Testament,1 Corinthians,KJV
WORD,"weak,",G772,9,1 Corinthians 9:22,Epistles,New Testament,1 Corinthians,KJV
WORD,that,G2443,9,1 Corinthians 9:22,Epistles,New Testament,1 Corinthians,KJV
PHRASE,I might gain,G2770,9,1 Corinthians 9:22,Epistles,New Testament,1 Corinthians,KJV
WORD,the,G3588,9,1 Corinthians 9:22,Epistles,New Testament,1 Corinthians,KJV
WORD,weak:,G772,9,1 Corinthians 9:22,Epistles,New Testament,1 Corinthians,KJV
PHRASE,I am made,G1096,9,1 Corinthians 9:22,Epistles,New Testament,1 Corinthians,KJV
PHRASE,all things,G3956,9,1 Corinthians 9:22,Epistles,New Testament,1 Corinthians,KJV
PHRASE,to all,G3956,9,1 Corinthians 9:22,Epistles,New Testament,1 Corinthians,KJV
WORD,"[men],",,9,1 Corinthians 9:22,Epistles,New Testament,1 Corinthians,KJV
WORD,that,G2443,9,1 Corinthians 9:22,Epistles,New Testament,1 Corinthians,KJV
PHRASE,I might,G4982,9,1 Corinthians 9:22,Epistles,New Testament,1 Corinthians,KJV
PHRASE,by all means,G3843,9,1 Corinthians 9:22,Epistles,New Testament,1 Corinthians,KJV
WORD,save,G4982,9,1 Corinthians 9:22,Epistles,New Testament,1 Corinthians,KJV
WORD,some.,G5100,9,1 Corinthians 9:22,Epistles,New Testament,1 Corinthians,KJV
WORD,And,G1161,9,1 Corinthians 9:23,Epistles,New Testament,1 Corinthians,KJV
WORD,this,G5124,9,1 Corinthians 9:23,Epistles,New Testament,1 Corinthians,KJV
PHRASE,I do,G4160,9,1 Corinthians 9:23,Epistles,New Testament,1 Corinthians,KJV
WORD,for,G1223,9,1 Corinthians 9:23,Epistles,New Testament,1 Corinthians,KJV
WORD,the,G3588,9,1 Corinthians 9:23,Epistles,New Testament,1 Corinthians,KJV
WORD,gospel's,G2098,9,1 Corinthians 9:23,Epistles,New Testament,1 Corinthians,KJV
WORD,"sake,",G1223,9,1 Corinthians 9:23,Epistles,New Testament,1 Corinthians,KJV
WORD,that,G2443,9,1 Corinthians 9:23,Epistles,New Testament,1 Corinthians,KJV
PHRASE,I might be,G1096,9,1 Corinthians 9:23,Epistles,New Testament,1 Corinthians,KJV
WORD,partaker,G4791,9,1 Corinthians 9:23,Epistles,New Testament,1 Corinthians,KJV
WORD,thereof,G846,9,1 Corinthians 9:23,Epistles,New Testament,1 Corinthians,KJV
WORD,with,G4791,9,1 Corinthians 9:23,Epistles,New Testament,1 Corinthians,KJV
WORD,[you].,,9,1 Corinthians 9:23,Epistles,New Testament,1 Corinthians,KJV
PHRASE,Know ye,G1492,9,1 Corinthians 9:24,Epistles,New Testament,1 Corinthians,KJV
WORD,not,G3756,9,1 Corinthians 9:24,Epistles,New Testament,1 Corinthians,KJV
WORD,that,G3754,9,1 Corinthians 9:24,Epistles,New Testament,1 Corinthians,KJV
PHRASE,they which,G3588,9,1 Corinthians 9:24,Epistles,New Testament,1 Corinthians,KJV
WORD,run,G5143,9,1 Corinthians 9:24,Epistles,New Testament,1 Corinthians,KJV
WORD,in,G1722,9,1 Corinthians 9:24,Epistles,New Testament,1 Corinthians,KJV
PHRASE,a race,G4712,9,1 Corinthians 9:24,Epistles,New Testament,1 Corinthians,KJV
WORD,run,G5143,9,1 Corinthians 9:24,Epistles,New Testament,1 Corinthians,KJV
WORD,"all,",G3956,9,1 Corinthians 9:24,Epistles,New Testament,1 Corinthians,KJV
WORD,but,G1161,9,1 Corinthians 9:24,Epistles,New Testament,1 Corinthians,KJV
WORD,one,G1520,9,1 Corinthians 9:24,Epistles,New Testament,1 Corinthians,KJV
WORD,receiveth,G2983,9,1 Corinthians 9:24,Epistles,New Testament,1 Corinthians,KJV
WORD,the,G3588,9,1 Corinthians 9:24,Epistles,New Testament,1 Corinthians,KJV
WORD,prize?,G1017,9,1 Corinthians 9:24,Epistles,New Testament,1 Corinthians,KJV
WORD,So,G3779,9,1 Corinthians 9:24,Epistles,New Testament,1 Corinthians,KJV
WORD,"run,",G5143,9,1 Corinthians 9:24,Epistles,New Testament,1 Corinthians,KJV
WORD,that,G2443,9,1 Corinthians 9:24,Epistles,New Testament,1 Corinthians,KJV
PHRASE,ye may obtain.,G2638,9,1 Corinthians 9:24,Epistles,New Testament,1 Corinthians,KJV
WORD,And,G1161,9,1 Corinthians 9:25,Epistles,New Testament,1 Corinthians,KJV
PHRASE,every man,G3956,9,1 Corinthians 9:25,Epistles,New Testament,1 Corinthians,KJV
PHRASE,that striveth for the mastery,G75,9,1 Corinthians 9:25,Epistles,New Testament,1 Corinthians,KJV
PHRASE,is temperate,G1467,9,1 Corinthians 9:25,Epistles,New Testament,1 Corinthians,KJV
PHRASE,in all things.,G3956,9,1 Corinthians 9:25,Epistles,New Testament,1 Corinthians,KJV
WORD,Now,G3767,9,1 Corinthians 9:25,Epistles,New Testament,1 Corinthians,KJV
WORD,they,G1565,9,1 Corinthians 9:25,Epistles,New Testament,1 Corinthians,KJV
PHRASE,[do it],,9,1 Corinthians 9:25,Epistles,New Testament,1 Corinthians,KJV
WORD,to,G2443,9,1 Corinthians 9:25,Epistles,New Testament,1 Corinthians,KJV
WORD,obtain,G2983,9,1 Corinthians 9:25,Epistles,New Testament,1 Corinthians,KJV
PHRASE,a corruptible,G5349,9,1 Corinthians 9:25,Epistles,New Testament,1 Corinthians,KJV
WORD,crown;,G4735,9,1 Corinthians 9:25,Epistles,New Testament,1 Corinthians,KJV
WORD,but,G1161,9,1 Corinthians 9:25,Epistles,New Testament,1 Corinthians,KJV
WORD,we,G2249,9,1 Corinthians 9:25,Epistles,New Testament,1 Corinthians,KJV
PHRASE,an incorruptible.,G862,9,1 Corinthians 9:25,Epistles,New Testament,1 Corinthians,KJV
WORD,I,G1473,9,1 Corinthians 9:26,Epistles,New Testament,1 Corinthians,KJV
WORD,therefore,G5106,9,1 Corinthians 9:26,Epistles,New Testament,1 Corinthians,KJV
WORD,so,G3779,9,1 Corinthians 9:26,Epistles,New Testament,1 Corinthians,KJV
WORD,"run,",G5143,9,1 Corinthians 9:26,Epistles,New Testament,1 Corinthians,KJV
WORD,not,G3756,9,1 Corinthians 9:26,Epistles,New Testament,1 Corinthians,KJV
WORD,as,G5613,9,1 Corinthians 9:26,Epistles,New Testament,1 Corinthians,KJV
WORD,uncertainly;,G84,9,1 Corinthians 9:26,Epistles,New Testament,1 Corinthians,KJV
WORD,so,G3779,9,1 Corinthians 9:26,Epistles,New Testament,1 Corinthians,KJV
PHRASE,"fight I,",G4438,9,1 Corinthians 9:26,Epistles,New Testament,1 Corinthians,KJV
WORD,not,G3756,9,1 Corinthians 9:26,Epistles,New Testament,1 Corinthians,KJV
WORD,as,G5613,9,1 Corinthians 9:26,Epistles,New Testament,1 Corinthians,KJV
PHRASE,one that beateth,G1194,9,1 Corinthians 9:26,Epistles,New Testament,1 Corinthians,KJV
PHRASE,the air:,G109,9,1 Corinthians 9:26,Epistles,New Testament,1 Corinthians,KJV
WORD,But,G235,9,1 Corinthians 9:27,Epistles,New Testament,1 Corinthians,KJV
PHRASE,I keep under,G5299,9,1 Corinthians 9:27,Epistles,New Testament,1 Corinthians,KJV
WORD,my,G3450,9,1 Corinthians 9:27,Epistles,New Testament,1 Corinthians,KJV
WORD,"body,",G4983,9,1 Corinthians 9:27,Epistles,New Testament,1 Corinthians,KJV
WORD,and,G2532,9,1 Corinthians 9:27,Epistles,New Testament,1 Corinthians,KJV
PHRASE,bring [it] into subjection:,G1396,9,1 Corinthians 9:27,Epistles,New Testament,1 Corinthians,KJV
PHRASE,"lest that by any means,",G3381,9,1 Corinthians 9:27,Epistles,New Testament,1 Corinthians,KJV
PHRASE,when I have preached,G2784,9,1 Corinthians 9:27,Epistles,New Testament,1 Corinthians,KJV
PHRASE,"to others,",G243,9,1 Corinthians 9:27,Epistles,New Testament,1 Corinthians,KJV
PHRASE,I myself,G846,9,1 Corinthians 9:27,Epistles,New Testament,1 Corinthians,KJV
PHRASE,should be,G1096,9,1 Corinthians 9:27,Epistles,New Testament,1 Corinthians,KJV
PHRASE,a castaway.,G96,9,1 Corinthians 9:27,Epistles,New Testament,1 Corinthians,KJV
WORD,"Moreover,",G1161,10,1 Corinthians 10:1,Epistles,New Testament,1 Corinthians,KJV
WORD,"brethren,",G80,10,1 Corinthians 10:1,Epistles,New Testament,1 Corinthians,KJV
PHRASE,I would,G2309,10,1 Corinthians 10:1,Epistles,New Testament,1 Corinthians,KJV
WORD,not,G3756,10,1 Corinthians 10:1,Epistles,New Testament,1 Corinthians,KJV
PHRASE,that ye,G5209,10,1 Corinthians 10:1,Epistles,New Testament,1 Corinthians,KJV
PHRASE,"should be ignorant,",G50,10,1 Corinthians 10:1,Epistles,New Testament,1 Corinthians,KJV
PHRASE,how that,G3754,10,1 Corinthians 10:1,Epistles,New Testament,1 Corinthians,KJV
WORD,all,G3956,10,1 Corinthians 10:1,Epistles,New Testament,1 Corinthians,KJV
WORD,our,G2257,10,1 Corinthians 10:1,Epistles,New Testament,1 Corinthians,KJV
WORD,fathers,G3962,10,1 Corinthians 10:1,Epistles,New Testament,1 Corinthians,KJV
WORD,were,G2258,10,1 Corinthians 10:1,Epistles,New Testament,1 Corinthians,KJV
WORD,under,G5259,10,1 Corinthians 10:1,Epistles,New Testament,1 Corinthians,KJV
WORD,the,G3588,10,1 Corinthians 10:1,Epistles,New Testament,1 Corinthians,KJV
WORD,"cloud,",G3507,10,1 Corinthians 10:1,Epistles,New Testament,1 Corinthians,KJV
WORD,and,G2532,10,1 Corinthians 10:1,Epistles,New Testament,1 Corinthians,KJV
WORD,all,G3956,10,1 Corinthians 10:1,Epistles,New Testament,1 Corinthians,KJV
WORD,passed,G1330,10,1 Corinthians 10:1,Epistles,New Testament,1 Corinthians,KJV
WORD,through,G1223,10,1 Corinthians 10:1,Epistles,New Testament,1 Corinthians,KJV
WORD,the,G3588,10,1 Corinthians 10:1,Epistles,New Testament,1 Corinthians,KJV
WORD,sea;,G2281,10,1 Corinthians 10:1,Epistles,New Testament,1 Corinthians,KJV
WORD,And,G2532,10,1 Corinthians 10:2,Epistles,New Testament,1 Corinthians,KJV
WORD,were,G907,10,1 Corinthians 10:2,Epistles,New Testament,1 Corinthians,KJV
WORD,all,G3956,10,1 Corinthians 10:2,Epistles,New Testament,1 Corinthians,KJV
WORD,baptized,G907,10,1 Corinthians 10:2,Epistles,New Testament,1 Corinthians,KJV
WORD,unto,G1519,10,1 Corinthians 10:2,Epistles,New Testament,1 Corinthians,KJV
WORD,Moses,G3475,10,1 Corinthians 10:2,Epistles,New Testament,1 Corinthians,KJV
WORD,in,G1722,10,1 Corinthians 10:2,Epistles,New Testament,1 Corinthians,KJV
WORD,the,G3588,10,1 Corinthians 10:2,Epistles,New Testament,1 Corinthians,KJV
WORD,cloud,G3507,10,1 Corinthians 10:2,Epistles,New Testament,1 Corinthians,KJV
WORD,and,G2532,10,1 Corinthians 10:2,Epistles,New Testament,1 Corinthians,KJV
WORD,in,G1722,10,1 Corinthians 10:2,Epistles,New Testament,1 Corinthians,KJV
WORD,the,G3588,10,1 Corinthians 10:2,Epistles,New Testament,1 Corinthians,KJV
WORD,sea;,G2281,10,1 Corinthians 10:2,Epistles,New Testament,1 Corinthians,KJV
WORD,And,G2532,10,1 Corinthians 10:3,Epistles,New Testament,1 Corinthians,KJV
WORD,did,G5315,10,1 Corinthians 10:3,Epistles,New Testament,1 Corinthians,KJV
WORD,all,G3956,10,1 Corinthians 10:3,Epistles,New Testament,1 Corinthians,KJV
WORD,eat,G5315,10,1 Corinthians 10:3,Epistles,New Testament,1 Corinthians,KJV
WORD,the,G3588,10,1 Corinthians 10:3,Epistles,New Testament,1 Corinthians,KJV
WORD,same,G846,10,1 Corinthians 10:3,Epistles,New Testament,1 Corinthians,KJV
WORD,spiritual,G4152,10,1 Corinthians 10:3,Epistles,New Testament,1 Corinthians,KJV
WORD,meat;,G1033,10,1 Corinthians 10:3,Epistles,New Testament,1 Corinthians,KJV
WORD,And,G2532,10,1 Corinthians 10:4,Epistles,New Testament,1 Corinthians,KJV
WORD,did,G4095,10,1 Corinthians 10:4,Epistles,New Testament,1 Corinthians,KJV
WORD,all,G3956,10,1 Corinthians 10:4,Epistles,New Testament,1 Corinthians,KJV
WORD,drink,G4095,10,1 Corinthians 10:4,Epistles,New Testament,1 Corinthians,KJV
WORD,the,G3588,10,1 Corinthians 10:4,Epistles,New Testament,1 Corinthians,KJV
WORD,same,G846,10,1 Corinthians 10:4,Epistles,New Testament,1 Corinthians,KJV
WORD,spiritual,G4152,10,1 Corinthians 10:4,Epistles,New Testament,1 Corinthians,KJV
WORD,drink:,G4188,10,1 Corinthians 10:4,Epistles,New Testament,1 Corinthians,KJV
WORD,for,G1063,10,1 Corinthians 10:4,Epistles,New Testament,1 Corinthians,KJV
PHRASE,they drank,G4095,10,1 Corinthians 10:4,Epistles,New Testament,1 Corinthians,KJV
WORD,of,G1537,10,1 Corinthians 10:4,Epistles,New Testament,1 Corinthians,KJV
PHRASE,that spiritual,G4152,10,1 Corinthians 10:4,Epistles,New Testament,1 Corinthians,KJV
WORD,Rock,G4073,10,1 Corinthians 10:4,Epistles,New Testament,1 Corinthians,KJV
PHRASE,that followed them:,G190,10,1 Corinthians 10:4,Epistles,New Testament,1 Corinthians,KJV
WORD,and,G1161,10,1 Corinthians 10:4,Epistles,New Testament,1 Corinthians,KJV
WORD,that,G3588,10,1 Corinthians 10:4,Epistles,New Testament,1 Corinthians,KJV
WORD,Rock,G4073,10,1 Corinthians 10:4,Epistles,New Testament,1 Corinthians,KJV
WORD,was,G2258,10,1 Corinthians 10:4,Epistles,New Testament,1 Corinthians,KJV
WORD,Christ.,G5547,10,1 Corinthians 10:4,Epistles,New Testament,1 Corinthians,KJV
WORD,But,G235,10,1 Corinthians 10:5,Epistles,New Testament,1 Corinthians,KJV
WORD,with,G1722,10,1 Corinthians 10:5,Epistles,New Testament,1 Corinthians,KJV
WORD,many,G4119,10,1 Corinthians 10:5,Epistles,New Testament,1 Corinthians,KJV
PHRASE,of them,G846,10,1 Corinthians 10:5,Epistles,New Testament,1 Corinthians,KJV
WORD,God,G2316,10,1 Corinthians 10:5,Epistles,New Testament,1 Corinthians,KJV
WORD,was,G2106,10,1 Corinthians 10:5,Epistles,New Testament,1 Corinthians,KJV
WORD,not,G3756,10,1 Corinthians 10:5,Epistles,New Testament,1 Corinthians,KJV
PHRASE,well pleased:,G2106,10,1 Corinthians 10:5,Epistles,New Testament,1 Corinthians,KJV
WORD,for,G1063,10,1 Corinthians 10:5,Epistles,New Testament,1 Corinthians,KJV
PHRASE,they were overthrown,G2693,10,1 Corinthians 10:5,Epistles,New Testament,1 Corinthians,KJV
WORD,in,G1722,10,1 Corinthians 10:5,Epistles,New Testament,1 Corinthians,KJV
WORD,the,G3588,10,1 Corinthians 10:5,Epistles,New Testament,1 Corinthians,KJV
WORD,wilderness.,G2048,10,1 Corinthians 10:5,Epistles,New Testament,1 Corinthians,KJV
WORD,Now,G1161,10,1 Corinthians 10:6,Epistles,New Testament,1 Corinthians,KJV
PHRASE,these things,G5023,10,1 Corinthians 10:6,Epistles,New Testament,1 Corinthians,KJV
WORD,were,G1096,10,1 Corinthians 10:6,Epistles,New Testament,1 Corinthians,KJV
WORD,our,G2257,10,1 Corinthians 10:6,Epistles,New Testament,1 Corinthians,KJV
WORD,"examples,",G5179,10,1 Corinthians 10:6,Epistles,New Testament,1 Corinthians,KJV
PHRASE,to the intent,G1519,10,1 Corinthians 10:6,Epistles,New Testament,1 Corinthians,KJV
WORD,we,G2248,10,1 Corinthians 10:6,Epistles,New Testament,1 Corinthians,KJV
WORD,should,G1511,10,1 Corinthians 10:6,Epistles,New Testament,1 Corinthians,KJV
WORD,not,G3361,10,1 Corinthians 10:6,Epistles,New Testament,1 Corinthians,KJV
PHRASE,lust after evil,G2556,10,1 Corinthians 10:6,Epistles,New Testament,1 Corinthians,KJV
WORD,"things,",G1938,10,1 Corinthians 10:6,Epistles,New Testament,1 Corinthians,KJV
WORD,as,G2531,10,1 Corinthians 10:6,Epistles,New Testament,1 Corinthians,KJV
PHRASE,they also,G2548,10,1 Corinthians 10:6,Epistles,New Testament,1 Corinthians,KJV
WORD,lusted.,G1937,10,1 Corinthians 10:6,Epistles,New Testament,1 Corinthians,KJV
WORD,Neither,G3366,10,1 Corinthians 10:7,Epistles,New Testament,1 Corinthians,KJV
PHRASE,be ye,G1096,10,1 Corinthians 10:7,Epistles,New Testament,1 Corinthians,KJV
WORD,"idolaters,",G1496,10,1 Corinthians 10:7,Epistles,New Testament,1 Corinthians,KJV
WORD,as,G2531,10,1 Corinthians 10:7,Epistles,New Testament,1 Corinthians,KJV
WORD,[were],,10,1 Corinthians 10:7,Epistles,New Testament,1 Corinthians,KJV
WORD,some,G5100,10,1 Corinthians 10:7,Epistles,New Testament,1 Corinthians,KJV
PHRASE,of them;,G846,10,1 Corinthians 10:7,Epistles,New Testament,1 Corinthians,KJV
WORD,as,G5613,10,1 Corinthians 10:7,Epistles,New Testament,1 Corinthians,KJV
PHRASE,"it is written,",G1125,10,1 Corinthians 10:7,Epistles,New Testament,1 Corinthians,KJV
WORD,The,G3588,10,1 Corinthians 10:7,Epistles,New Testament,1 Corinthians,KJV
WORD,people,G2992,10,1 Corinthians 10:7,Epistles,New Testament,1 Corinthians,KJV
PHRASE,sat down,G2523,10,1 Corinthians 10:7,Epistles,New Testament,1 Corinthians,KJV
PHRASE,to eat,G5315,10,1 Corinthians 10:7,Epistles,New Testament,1 Corinthians,KJV
WORD,and,G2532,10,1 Corinthians 10:7,Epistles,New Testament,1 Corinthians,KJV
WORD,"drink,",G4095,10,1 Corinthians 10:7,Epistles,New Testament,1 Corinthians,KJV
WORD,and,G2532,10,1 Corinthians 10:7,Epistles,New Testament,1 Corinthians,KJV
PHRASE,rose up,G450,10,1 Corinthians 10:7,Epistles,New Testament,1 Corinthians,KJV
PHRASE,to play.,G3815,10,1 Corinthians 10:7,Epistles,New Testament,1 Corinthians,KJV
WORD,Neither,G3366,10,1 Corinthians 10:8,Epistles,New Testament,1 Corinthians,KJV
PHRASE,"let us commit fornication,",G4203,10,1 Corinthians 10:8,Epistles,New Testament,1 Corinthians,KJV
WORD,as,G2531,10,1 Corinthians 10:8,Epistles,New Testament,1 Corinthians,KJV
WORD,some,G5100,10,1 Corinthians 10:8,Epistles,New Testament,1 Corinthians,KJV
PHRASE,of them,G846,10,1 Corinthians 10:8,Epistles,New Testament,1 Corinthians,KJV
WORD,"committed,",G4203,10,1 Corinthians 10:8,Epistles,New Testament,1 Corinthians,KJV
WORD,and,G2532,10,1 Corinthians 10:8,Epistles,New Testament,1 Corinthians,KJV
WORD,fell,G4098,10,1 Corinthians 10:8,Epistles,New Testament,1 Corinthians,KJV
WORD,in,G1722,10,1 Corinthians 10:8,Epistles,New Testament,1 Corinthians,KJV
WORD,one,G1520,10,1 Corinthians 10:8,Epistles,New Testament,1 Corinthians,KJV
WORD,day,G2250,10,1 Corinthians 10:8,Epistles,New Testament,1 Corinthians,KJV
WORD,three,G5140,10,1 Corinthians 10:8,Epistles,New Testament,1 Corinthians,KJV
PHRASE,and twenty,G1501,10,1 Corinthians 10:8,Epistles,New Testament,1 Corinthians,KJV
WORD,thousand.,G5505,10,1 Corinthians 10:8,Epistles,New Testament,1 Corinthians,KJV
WORD,Neither,G3366,10,1 Corinthians 10:9,Epistles,New Testament,1 Corinthians,KJV
PHRASE,let us tempt,G1598,10,1 Corinthians 10:9,Epistles,New Testament,1 Corinthians,KJV
WORD,"Christ,",G5547,10,1 Corinthians 10:9,Epistles,New Testament,1 Corinthians,KJV
WORD,as,G2531,10,1 Corinthians 10:9,Epistles,New Testament,1 Corinthians,KJV
WORD,some,G5100,10,1 Corinthians 10:9,Epistles,New Testament,1 Corinthians,KJV
PHRASE,of them,G846,10,1 Corinthians 10:9,Epistles,New Testament,1 Corinthians,KJV
WORD,also,G2532,10,1 Corinthians 10:9,Epistles,New Testament,1 Corinthians,KJV
WORD,"tempted,",G3985,10,1 Corinthians 10:9,Epistles,New Testament,1 Corinthians,KJV
WORD,and,G2532,10,1 Corinthians 10:9,Epistles,New Testament,1 Corinthians,KJV
PHRASE,were destroyed,G622,10,1 Corinthians 10:9,Epistles,New Testament,1 Corinthians,KJV
WORD,of,G5259,10,1 Corinthians 10:9,Epistles,New Testament,1 Corinthians,KJV
WORD,serpents.,G3789,10,1 Corinthians 10:9,Epistles,New Testament,1 Corinthians,KJV
WORD,Neither,G3366,10,1 Corinthians 10:10,Epistles,New Testament,1 Corinthians,KJV
PHRASE,"murmur ye,",G1111,10,1 Corinthians 10:10,Epistles,New Testament,1 Corinthians,KJV
WORD,as,G2531,10,1 Corinthians 10:10,Epistles,New Testament,1 Corinthians,KJV
WORD,some,G5100,10,1 Corinthians 10:10,Epistles,New Testament,1 Corinthians,KJV
PHRASE,of them,G846,10,1 Corinthians 10:10,Epistles,New Testament,1 Corinthians,KJV
WORD,also,G2532,10,1 Corinthians 10:10,Epistles,New Testament,1 Corinthians,KJV
WORD,"murmured,",G1111,10,1 Corinthians 10:10,Epistles,New Testament,1 Corinthians,KJV
WORD,and,G2532,10,1 Corinthians 10:10,Epistles,New Testament,1 Corinthians,KJV
PHRASE,were destroyed,G622,10,1 Corinthians 10:10,Epistles,New Testament,1 Corinthians,KJV
WORD,of,G5259,10,1 Corinthians 10:10,Epistles,New Testament,1 Corinthians,KJV
WORD,the,G3588,10,1 Corinthians 10:10,Epistles,New Testament,1 Corinthians,KJV
WORD,destroyer.,G3644,10,1 Corinthians 10:10,Epistles,New Testament,1 Corinthians,KJV
WORD,Now,G1161,10,1 Corinthians 10:11,Epistles,New Testament,1 Corinthians,KJV
WORD,all,G3956,10,1 Corinthians 10:11,Epistles,New Testament,1 Corinthians,KJV
PHRASE,these things,G5023,10,1 Corinthians 10:11,Epistles,New Testament,1 Corinthians,KJV
WORD,happened,G4819,10,1 Corinthians 10:11,Epistles,New Testament,1 Corinthians,KJV
PHRASE,unto them,G1565,10,1 Corinthians 10:11,Epistles,New Testament,1 Corinthians,KJV
PHRASE,for ensamples:,G5179,10,1 Corinthians 10:11,Epistles,New Testament,1 Corinthians,KJV
WORD,and,G1161,10,1 Corinthians 10:11,Epistles,New Testament,1 Corinthians,KJV
PHRASE,they are written,G1125,10,1 Corinthians 10:11,Epistles,New Testament,1 Corinthians,KJV
WORD,for,G4314,10,1 Corinthians 10:11,Epistles,New Testament,1 Corinthians,KJV
WORD,our,G2257,10,1 Corinthians 10:11,Epistles,New Testament,1 Corinthians,KJV
WORD,"admonition,",G3559,10,1 Corinthians 10:11,Epistles,New Testament,1 Corinthians,KJV
WORD,upon,G1519,10,1 Corinthians 10:11,Epistles,New Testament,1 Corinthians,KJV
WORD,whom,G3739,10,1 Corinthians 10:11,Epistles,New Testament,1 Corinthians,KJV
WORD,the,G3588,10,1 Corinthians 10:11,Epistles,New Testament,1 Corinthians,KJV
WORD,ends,G5056,10,1 Corinthians 10:11,Epistles,New Testament,1 Corinthians,KJV
PHRASE,of the,G3588,10,1 Corinthians 10:11,Epistles,New Testament,1 Corinthians,KJV
WORD,world,G165,10,1 Corinthians 10:11,Epistles,New Testament,1 Corinthians,KJV
PHRASE,are come.,G2658,10,1 Corinthians 10:11,Epistles,New Testament,1 Corinthians,KJV
WORD,Wherefore,G5620,10,1 Corinthians 10:12,Epistles,New Testament,1 Corinthians,KJV
WORD,let,G991,10,1 Corinthians 10:12,Epistles,New Testament,1 Corinthians,KJV
PHRASE,him that,G3588,10,1 Corinthians 10:12,Epistles,New Testament,1 Corinthians,KJV
WORD,thinketh,G1380,10,1 Corinthians 10:12,Epistles,New Testament,1 Corinthians,KJV
PHRASE,he standeth,G2476,10,1 Corinthians 10:12,Epistles,New Testament,1 Corinthians,KJV
PHRASE,take heed,G991,10,1 Corinthians 10:12,Epistles,New Testament,1 Corinthians,KJV
WORD,lest,G3361,10,1 Corinthians 10:12,Epistles,New Testament,1 Corinthians,KJV
PHRASE,he fall.,G4098,10,1 Corinthians 10:12,Epistles,New Testament,1 Corinthians,KJV
PHRASE,There hath,G2983,10,1 Corinthians 10:13,Epistles,New Testament,1 Corinthians,KJV
WORD,no,G3756,10,1 Corinthians 10:13,Epistles,New Testament,1 Corinthians,KJV
WORD,temptation,G3986,10,1 Corinthians 10:13,Epistles,New Testament,1 Corinthians,KJV
WORD,taken,G2983,10,1 Corinthians 10:13,Epistles,New Testament,1 Corinthians,KJV
WORD,you,G5209,10,1 Corinthians 10:13,Epistles,New Testament,1 Corinthians,KJV
WORD,,G1487,10,1 Corinthians 10:13,Epistles,New Testament,1 Corinthians,KJV
WORD,but,G3361,10,1 Corinthians 10:13,Epistles,New Testament,1 Corinthians,KJV
PHRASE,such as is common to man:,G442,10,1 Corinthians 10:13,Epistles,New Testament,1 Corinthians,KJV
WORD,but,G1161,10,1 Corinthians 10:13,Epistles,New Testament,1 Corinthians,KJV
WORD,God,G2316,10,1 Corinthians 10:13,Epistles,New Testament,1 Corinthians,KJV
WORD,[is],,10,1 Corinthians 10:13,Epistles,New Testament,1 Corinthians,KJV
WORD,"faithful,",G4103,10,1 Corinthians 10:13,Epistles,New Testament,1 Corinthians,KJV
WORD,who,G3739,10,1 Corinthians 10:13,Epistles,New Testament,1 Corinthians,KJV
WORD,will,G1439,10,1 Corinthians 10:13,Epistles,New Testament,1 Corinthians,KJV
WORD,not,G3756,10,1 Corinthians 10:13,Epistles,New Testament,1 Corinthians,KJV
WORD,suffer,G1439,10,1 Corinthians 10:13,Epistles,New Testament,1 Corinthians,KJV
WORD,you,G5209,10,1 Corinthians 10:13,Epistles,New Testament,1 Corinthians,KJV
PHRASE,to be tempted,G3985,10,1 Corinthians 10:13,Epistles,New Testament,1 Corinthians,KJV
WORD,above,G5228,10,1 Corinthians 10:13,Epistles,New Testament,1 Corinthians,KJV
WORD,that,G3739,10,1 Corinthians 10:13,Epistles,New Testament,1 Corinthians,KJV
PHRASE,ye are able;,G1410,10,1 Corinthians 10:13,Epistles,New Testament,1 Corinthians,KJV
WORD,but,G235,10,1 Corinthians 10:13,Epistles,New Testament,1 Corinthians,KJV
WORD,will,G4160,10,1 Corinthians 10:13,Epistles,New Testament,1 Corinthians,KJV
WORD,with,G4862,10,1 Corinthians 10:13,Epistles,New Testament,1 Corinthians,KJV
WORD,the,G3588,10,1 Corinthians 10:13,Epistles,New Testament,1 Corinthians,KJV
WORD,temptation,G3986,10,1 Corinthians 10:13,Epistles,New Testament,1 Corinthians,KJV
WORD,also,G2532,10,1 Corinthians 10:13,Epistles,New Testament,1 Corinthians,KJV
WORD,make,G4160,10,1 Corinthians 10:13,Epistles,New Testament,1 Corinthians,KJV
WORD,a,G3588,10,1 Corinthians 10:13,Epistles,New Testament,1 Corinthians,KJV
PHRASE,"way to escape,",G1545,10,1 Corinthians 10:13,Epistles,New Testament,1 Corinthians,KJV
PHRASE,that ye,G5209,10,1 Corinthians 10:13,Epistles,New Testament,1 Corinthians,KJV
PHRASE,may be able,G1410,10,1 Corinthians 10:13,Epistles,New Testament,1 Corinthians,KJV
PHRASE,to bear,G5297,10,1 Corinthians 10:13,Epistles,New Testament,1 Corinthians,KJV
WORD,[it].,,10,1 Corinthians 10:13,Epistles,New Testament,1 Corinthians,KJV
WORD,"Wherefore,",G1355,10,1 Corinthians 10:14,Epistles,New Testament,1 Corinthians,KJV
WORD,my,G3450,10,1 Corinthians 10:14,Epistles,New Testament,1 Corinthians,KJV
PHRASE,"dearly beloved,",G27,10,1 Corinthians 10:14,Epistles,New Testament,1 Corinthians,KJV
WORD,flee,G5343,10,1 Corinthians 10:14,Epistles,New Testament,1 Corinthians,KJV
WORD,from,G575,10,1 Corinthians 10:14,Epistles,New Testament,1 Corinthians,KJV
WORD,idolatry.,G1495,10,1 Corinthians 10:14,Epistles,New Testament,1 Corinthians,KJV
PHRASE,I speak,G3004,10,1 Corinthians 10:15,Epistles,New Testament,1 Corinthians,KJV
WORD,as,G5613,10,1 Corinthians 10:15,Epistles,New Testament,1 Corinthians,KJV
PHRASE,to wise men;,G5429,10,1 Corinthians 10:15,Epistles,New Testament,1 Corinthians,KJV
WORD,judge,G2919,10,1 Corinthians 10:15,Epistles,New Testament,1 Corinthians,KJV
WORD,ye,G5210,10,1 Corinthians 10:15,Epistles,New Testament,1 Corinthians,KJV
WORD,what,G3739,10,1 Corinthians 10:15,Epistles,New Testament,1 Corinthians,KJV
PHRASE,I say.,G5346,10,1 Corinthians 10:15,Epistles,New Testament,1 Corinthians,KJV
WORD,The,G3588,10,1 Corinthians 10:16,Epistles,New Testament,1 Corinthians,KJV
WORD,cup,G4221,10,1 Corinthians 10:16,Epistles,New Testament,1 Corinthians,KJV
PHRASE,of blessing,G2129,10,1 Corinthians 10:16,Epistles,New Testament,1 Corinthians,KJV
WORD,which,G3739,10,1 Corinthians 10:16,Epistles,New Testament,1 Corinthians,KJV
PHRASE,"we bless,",G2127,10,1 Corinthians 10:16,Epistles,New Testament,1 Corinthians,KJV
PHRASE,is it,G2076,10,1 Corinthians 10:16,Epistles,New Testament,1 Corinthians,KJV
WORD,not,G3780,10,1 Corinthians 10:16,Epistles,New Testament,1 Corinthians,KJV
PHRASE,the communion,G2842,10,1 Corinthians 10:16,Epistles,New Testament,1 Corinthians,KJV
PHRASE,of the,G3588,10,1 Corinthians 10:16,Epistles,New Testament,1 Corinthians,KJV
WORD,blood,G129,10,1 Corinthians 10:16,Epistles,New Testament,1 Corinthians,KJV
PHRASE,of Christ?,G5547,10,1 Corinthians 10:16,Epistles,New Testament,1 Corinthians,KJV
WORD,The,G3588,10,1 Corinthians 10:16,Epistles,New Testament,1 Corinthians,KJV
WORD,bread,G740,10,1 Corinthians 10:16,Epistles,New Testament,1 Corinthians,KJV
WORD,which,G3739,10,1 Corinthians 10:16,Epistles,New Testament,1 Corinthians,KJV
PHRASE,"we break,",G2806,10,1 Corinthians 10:16,Epistles,New Testament,1 Corinthians,KJV
PHRASE,is it,G2076,10,1 Corinthians 10:16,Epistles,New Testament,1 Corinthians,KJV
WORD,not,G3780,10,1 Corinthians 10:16,Epistles,New Testament,1 Corinthians,KJV
PHRASE,the communion,G2842,10,1 Corinthians 10:16,Epistles,New Testament,1 Corinthians,KJV
PHRASE,of the,G3588,10,1 Corinthians 10:16,Epistles,New Testament,1 Corinthians,KJV
WORD,body,G4983,10,1 Corinthians 10:16,Epistles,New Testament,1 Corinthians,KJV
PHRASE,of Christ?,G5547,10,1 Corinthians 10:16,Epistles,New Testament,1 Corinthians,KJV
WORD,For,G3754,10,1 Corinthians 10:17,Epistles,New Testament,1 Corinthians,KJV
WORD,we,G2070,10,1 Corinthians 10:17,Epistles,New Testament,1 Corinthians,KJV
WORD,[being],,10,1 Corinthians 10:17,Epistles,New Testament,1 Corinthians,KJV
WORD,many,G4183,10,1 Corinthians 10:17,Epistles,New Testament,1 Corinthians,KJV
WORD,are,G2070,10,1 Corinthians 10:17,Epistles,New Testament,1 Corinthians,KJV
WORD,one,G1520,10,1 Corinthians 10:17,Epistles,New Testament,1 Corinthians,KJV
WORD,"bread,",G740,10,1 Corinthians 10:17,Epistles,New Testament,1 Corinthians,KJV
WORD,[and],,10,1 Corinthians 10:17,Epistles,New Testament,1 Corinthians,KJV
WORD,one,G1520,10,1 Corinthians 10:17,Epistles,New Testament,1 Corinthians,KJV
WORD,body:,G4983,10,1 Corinthians 10:17,Epistles,New Testament,1 Corinthians,KJV
WORD,for,G1063,10,1 Corinthians 10:17,Epistles,New Testament,1 Corinthians,KJV
PHRASE,we are,G3348,10,1 Corinthians 10:17,Epistles,New Testament,1 Corinthians,KJV
WORD,all,G3956,10,1 Corinthians 10:17,Epistles,New Testament,1 Corinthians,KJV
WORD,partakers,G3348,10,1 Corinthians 10:17,Epistles,New Testament,1 Corinthians,KJV
WORD,of,G1537,10,1 Corinthians 10:17,Epistles,New Testament,1 Corinthians,KJV
WORD,that,G3588,10,1 Corinthians 10:17,Epistles,New Testament,1 Corinthians,KJV
WORD,one,G1520,10,1 Corinthians 10:17,Epistles,New Testament,1 Corinthians,KJV
WORD,bread.,G740,10,1 Corinthians 10:17,Epistles,New Testament,1 Corinthians,KJV
WORD,Behold,G991,10,1 Corinthians 10:18,Epistles,New Testament,1 Corinthians,KJV
WORD,Israel,G2474,10,1 Corinthians 10:18,Epistles,New Testament,1 Corinthians,KJV
WORD,after,G2596,10,1 Corinthians 10:18,Epistles,New Testament,1 Corinthians,KJV
PHRASE,the flesh:,G4561,10,1 Corinthians 10:18,Epistles,New Testament,1 Corinthians,KJV
WORD,are,G1526,10,1 Corinthians 10:18,Epistles,New Testament,1 Corinthians,KJV
WORD,not,G3780,10,1 Corinthians 10:18,Epistles,New Testament,1 Corinthians,KJV
WORD,they,G1526,10,1 Corinthians 10:18,Epistles,New Testament,1 Corinthians,KJV
WORD,which,G3588,10,1 Corinthians 10:18,Epistles,New Testament,1 Corinthians,KJV
WORD,eat,G2068,10,1 Corinthians 10:18,Epistles,New Testament,1 Corinthians,KJV
PHRASE,of the,G3588,10,1 Corinthians 10:18,Epistles,New Testament,1 Corinthians,KJV
WORD,sacrifices,G2378,10,1 Corinthians 10:18,Epistles,New Testament,1 Corinthians,KJV
WORD,partakers,G2844,10,1 Corinthians 10:18,Epistles,New Testament,1 Corinthians,KJV
PHRASE,of the,G3588,10,1 Corinthians 10:18,Epistles,New Testament,1 Corinthians,KJV
WORD,altar?,G2379,10,1 Corinthians 10:18,Epistles,New Testament,1 Corinthians,KJV
WORD,What,G5101,10,1 Corinthians 10:19,Epistles,New Testament,1 Corinthians,KJV
PHRASE,say I,G5346,10,1 Corinthians 10:19,Epistles,New Testament,1 Corinthians,KJV
WORD,then?,G3767,10,1 Corinthians 10:19,Epistles,New Testament,1 Corinthians,KJV
WORD,that,G3754,10,1 Corinthians 10:19,Epistles,New Testament,1 Corinthians,KJV
PHRASE,the idol,G1497,10,1 Corinthians 10:19,Epistles,New Testament,1 Corinthians,KJV
WORD,is,G2076,10,1 Corinthians 10:19,Epistles,New Testament,1 Corinthians,KJV
PHRASE,"any thing,",G5100,10,1 Corinthians 10:19,Epistles,New Testament,1 Corinthians,KJV
WORD,or,G2228,10,1 Corinthians 10:19,Epistles,New Testament,1 Corinthians,KJV
WORD,that,G3754,10,1 Corinthians 10:19,Epistles,New Testament,1 Corinthians,KJV
PHRASE,which is offered in sacrifice to idols,G1494,10,1 Corinthians 10:19,Epistles,New Testament,1 Corinthians,KJV
WORD,is,G2076,10,1 Corinthians 10:19,Epistles,New Testament,1 Corinthians,KJV
PHRASE,any thing?,G5100,10,1 Corinthians 10:19,Epistles,New Testament,1 Corinthians,KJV
WORD,But,G235,10,1 Corinthians 10:20,Epistles,New Testament,1 Corinthians,KJV
PHRASE,"I [say],",,10,1 Corinthians 10:20,Epistles,New Testament,1 Corinthians,KJV
WORD,that,G3754,10,1 Corinthians 10:20,Epistles,New Testament,1 Corinthians,KJV
PHRASE,the things which,G3739,10,1 Corinthians 10:20,Epistles,New Testament,1 Corinthians,KJV
WORD,the,G3588,10,1 Corinthians 10:20,Epistles,New Testament,1 Corinthians,KJV
WORD,Gentiles,G1484,10,1 Corinthians 10:20,Epistles,New Testament,1 Corinthians,KJV
WORD,"sacrifice,",G2380,10,1 Corinthians 10:20,Epistles,New Testament,1 Corinthians,KJV
PHRASE,they sacrifice,G2380,10,1 Corinthians 10:20,Epistles,New Testament,1 Corinthians,KJV
PHRASE,"to devils,",G1140,10,1 Corinthians 10:20,Epistles,New Testament,1 Corinthians,KJV
WORD,and,G2532,10,1 Corinthians 10:20,Epistles,New Testament,1 Corinthians,KJV
WORD,not,G3756,10,1 Corinthians 10:20,Epistles,New Testament,1 Corinthians,KJV
PHRASE,to God:,G2316,10,1 Corinthians 10:20,Epistles,New Testament,1 Corinthians,KJV
WORD,and,G1161,10,1 Corinthians 10:20,Epistles,New Testament,1 Corinthians,KJV
PHRASE,I would,G2309,10,1 Corinthians 10:20,Epistles,New Testament,1 Corinthians,KJV
WORD,not,G3756,10,1 Corinthians 10:20,Epistles,New Testament,1 Corinthians,KJV
PHRASE,that ye,G5209,10,1 Corinthians 10:20,Epistles,New Testament,1 Corinthians,KJV
PHRASE,should have,G1096,10,1 Corinthians 10:20,Epistles,New Testament,1 Corinthians,KJV
WORD,fellowship,G2844,10,1 Corinthians 10:20,Epistles,New Testament,1 Corinthians,KJV
PHRASE,with devils.,G1140,10,1 Corinthians 10:20,Epistles,New Testament,1 Corinthians,KJV
WORD,,G3756,10,1 Corinthians 10:21,Epistles,New Testament,1 Corinthians,KJV
PHRASE,Ye cannot,G1410,10,1 Corinthians 10:21,Epistles,New Testament,1 Corinthians,KJV
WORD,drink,G4095,10,1 Corinthians 10:21,Epistles,New Testament,1 Corinthians,KJV
PHRASE,the cup,G4221,10,1 Corinthians 10:21,Epistles,New Testament,1 Corinthians,KJV
PHRASE,"of the Lord,",G2962,10,1 Corinthians 10:21,Epistles,New Testament,1 Corinthians,KJV
WORD,and,G2532,10,1 Corinthians 10:21,Epistles,New Testament,1 Corinthians,KJV
PHRASE,the cup,G4221,10,1 Corinthians 10:21,Epistles,New Testament,1 Corinthians,KJV
PHRASE,of devils:,G1140,10,1 Corinthians 10:21,Epistles,New Testament,1 Corinthians,KJV
WORD,,G3756,10,1 Corinthians 10:21,Epistles,New Testament,1 Corinthians,KJV
PHRASE,ye cannot,G1410,10,1 Corinthians 10:21,Epistles,New Testament,1 Corinthians,KJV
PHRASE,be partakers,G3348,10,1 Corinthians 10:21,Epistles,New Testament,1 Corinthians,KJV
PHRASE,of the Lord's,G2962,10,1 Corinthians 10:21,Epistles,New Testament,1 Corinthians,KJV
WORD,"table,",G5132,10,1 Corinthians 10:21,Epistles,New Testament,1 Corinthians,KJV
WORD,and,G2532,10,1 Corinthians 10:21,Epistles,New Testament,1 Corinthians,KJV
PHRASE,of the table,G5132,10,1 Corinthians 10:21,Epistles,New Testament,1 Corinthians,KJV
PHRASE,of devils.,G1140,10,1 Corinthians 10:21,Epistles,New Testament,1 Corinthians,KJV
PHRASE,Do we provoke,G3863,10,1 Corinthians 10:22,Epistles,New Testament,1 Corinthians,KJV
WORD,the,G3588,10,1 Corinthians 10:22,Epistles,New Testament,1 Corinthians,KJV
WORD,Lord,G2962,10,1 Corinthians 10:22,Epistles,New Testament,1 Corinthians,KJV
PHRASE,to jealousy?,G3863,10,1 Corinthians 10:22,Epistles,New Testament,1 Corinthians,KJV
PHRASE,are we,G2070,10,1 Corinthians 10:22,Epistles,New Testament,1 Corinthians,KJV
PHRASE,stronger than,G2478,10,1 Corinthians 10:22,Epistles,New Testament,1 Corinthians,KJV
WORD,he?,G846,10,1 Corinthians 10:22,Epistles,New Testament,1 Corinthians,KJV
PHRASE,All things,G3956,10,1 Corinthians 10:23,Epistles,New Testament,1 Corinthians,KJV
PHRASE,are lawful,G1832,10,1 Corinthians 10:23,Epistles,New Testament,1 Corinthians,KJV
PHRASE,"for me,",G3427,10,1 Corinthians 10:23,Epistles,New Testament,1 Corinthians,KJV
WORD,but,G235,10,1 Corinthians 10:23,Epistles,New Testament,1 Corinthians,KJV
PHRASE,all things,G3956,10,1 Corinthians 10:23,Epistles,New Testament,1 Corinthians,KJV
WORD,are,G4851,10,1 Corinthians 10:23,Epistles,New Testament,1 Corinthians,KJV
WORD,not,G3756,10,1 Corinthians 10:23,Epistles,New Testament,1 Corinthians,KJV
WORD,expedient:,G4851,10,1 Corinthians 10:23,Epistles,New Testament,1 Corinthians,KJV
PHRASE,all things,G3956,10,1 Corinthians 10:23,Epistles,New Testament,1 Corinthians,KJV
PHRASE,are lawful,G1832,10,1 Corinthians 10:23,Epistles,New Testament,1 Corinthians,KJV
PHRASE,"for me,",G3427,10,1 Corinthians 10:23,Epistles,New Testament,1 Corinthians,KJV
WORD,but,G235,10,1 Corinthians 10:23,Epistles,New Testament,1 Corinthians,KJV
PHRASE,all things,G3956,10,1 Corinthians 10:23,Epistles,New Testament,1 Corinthians,KJV
WORD,edify,G3618,10,1 Corinthians 10:23,Epistles,New Testament,1 Corinthians,KJV
WORD,not.,G3756,10,1 Corinthians 10:23,Epistles,New Testament,1 Corinthians,KJV
WORD,Let,G2212,10,1 Corinthians 10:24,Epistles,New Testament,1 Corinthians,KJV
PHRASE,no man,G3367,10,1 Corinthians 10:24,Epistles,New Testament,1 Corinthians,KJV
WORD,seek,G2212,10,1 Corinthians 10:24,Epistles,New Testament,1 Corinthians,KJV
PHRASE,"his own,",G1438,10,1 Corinthians 10:24,Epistles,New Testament,1 Corinthians,KJV
WORD,but,G235,10,1 Corinthians 10:24,Epistles,New Testament,1 Corinthians,KJV
PHRASE,every man,G1538,10,1 Corinthians 10:24,Epistles,New Testament,1 Corinthians,KJV
WORD,another's,G2087,10,1 Corinthians 10:24,Epistles,New Testament,1 Corinthians,KJV
WORD,[wealth].,,10,1 Corinthians 10:24,Epistles,New Testament,1 Corinthians,KJV
WORD,Whatsoever,G3956,10,1 Corinthians 10:25,Epistles,New Testament,1 Corinthians,KJV
PHRASE,is sold,G4453,10,1 Corinthians 10:25,Epistles,New Testament,1 Corinthians,KJV
WORD,in,G1722,10,1 Corinthians 10:25,Epistles,New Testament,1 Corinthians,KJV
PHRASE,"the shambles,",G3111,10,1 Corinthians 10:25,Epistles,New Testament,1 Corinthians,KJV
WORD,[that],,10,1 Corinthians 10:25,Epistles,New Testament,1 Corinthians,KJV
WORD,"eat,",G2068,10,1 Corinthians 10:25,Epistles,New Testament,1 Corinthians,KJV
WORD,asking,G350,10,1 Corinthians 10:25,Epistles,New Testament,1 Corinthians,KJV
WORD,no,G3367,10,1 Corinthians 10:25,Epistles,New Testament,1 Corinthians,KJV
WORD,question,G350,10,1 Corinthians 10:25,Epistles,New Testament,1 Corinthians,KJV
WORD,for,G1223,10,1 Corinthians 10:25,Epistles,New Testament,1 Corinthians,KJV
WORD,conscience,G4893,10,1 Corinthians 10:25,Epistles,New Testament,1 Corinthians,KJV
WORD,sake:,G1223,10,1 Corinthians 10:25,Epistles,New Testament,1 Corinthians,KJV
WORD,For,G1063,10,1 Corinthians 10:26,Epistles,New Testament,1 Corinthians,KJV
WORD,the,G3588,10,1 Corinthians 10:26,Epistles,New Testament,1 Corinthians,KJV
WORD,earth,G1093,10,1 Corinthians 10:26,Epistles,New Testament,1 Corinthians,KJV
WORD,[is],,10,1 Corinthians 10:26,Epistles,New Testament,1 Corinthians,KJV
WORD,the,G3588,10,1 Corinthians 10:26,Epistles,New Testament,1 Corinthians,KJV
WORD,"Lord's,",G2962,10,1 Corinthians 10:26,Epistles,New Testament,1 Corinthians,KJV
WORD,and,G2532,10,1 Corinthians 10:26,Epistles,New Testament,1 Corinthians,KJV
WORD,the,G3588,10,1 Corinthians 10:26,Epistles,New Testament,1 Corinthians,KJV
WORD,fulness,G4138,10,1 Corinthians 10:26,Epistles,New Testament,1 Corinthians,KJV
WORD,thereof.,G846,10,1 Corinthians 10:26,Epistles,New Testament,1 Corinthians,KJV
WORD,If,G1487,10,1 Corinthians 10:27,Epistles,New Testament,1 Corinthians,KJV
WORD,any,G5100,10,1 Corinthians 10:27,Epistles,New Testament,1 Corinthians,KJV
PHRASE,of them,G3588,10,1 Corinthians 10:27,Epistles,New Testament,1 Corinthians,KJV
PHRASE,that believe not,G571,10,1 Corinthians 10:27,Epistles,New Testament,1 Corinthians,KJV
WORD,bid,G2564,10,1 Corinthians 10:27,Epistles,New Testament,1 Corinthians,KJV
WORD,you,G5209,10,1 Corinthians 10:27,Epistles,New Testament,1 Corinthians,KJV
PHRASE,"[to a feast],",,10,1 Corinthians 10:27,Epistles,New Testament,1 Corinthians,KJV
WORD,and,G2532,10,1 Corinthians 10:27,Epistles,New Testament,1 Corinthians,KJV
PHRASE,ye be disposed,G2309,10,1 Corinthians 10:27,Epistles,New Testament,1 Corinthians,KJV
PHRASE,to go;,G4198,10,1 Corinthians 10:27,Epistles,New Testament,1 Corinthians,KJV
WORD,whatsoever,G3956,10,1 Corinthians 10:27,Epistles,New Testament,1 Corinthians,KJV
PHRASE,is set before,G3908,10,1 Corinthians 10:27,Epistles,New Testament,1 Corinthians,KJV
WORD,"you,",G5213,10,1 Corinthians 10:27,Epistles,New Testament,1 Corinthians,KJV
WORD,"eat,",G2068,10,1 Corinthians 10:27,Epistles,New Testament,1 Corinthians,KJV
WORD,asking,G350,10,1 Corinthians 10:27,Epistles,New Testament,1 Corinthians,KJV
WORD,no,G3367,10,1 Corinthians 10:27,Epistles,New Testament,1 Corinthians,KJV
WORD,question,G350,10,1 Corinthians 10:27,Epistles,New Testament,1 Corinthians,KJV
WORD,for,G1223,10,1 Corinthians 10:27,Epistles,New Testament,1 Corinthians,KJV
WORD,conscience,G4893,10,1 Corinthians 10:27,Epistles,New Testament,1 Corinthians,KJV
WORD,sake.,G1223,10,1 Corinthians 10:27,Epistles,New Testament,1 Corinthians,KJV
WORD,But,G1161,10,1 Corinthians 10:28,Epistles,New Testament,1 Corinthians,KJV
WORD,if,G1437,10,1 Corinthians 10:28,Epistles,New Testament,1 Corinthians,KJV
PHRASE,any man,G5100,10,1 Corinthians 10:28,Epistles,New Testament,1 Corinthians,KJV
WORD,say,G2036,10,1 Corinthians 10:28,Epistles,New Testament,1 Corinthians,KJV
PHRASE,"unto you,",G5213,10,1 Corinthians 10:28,Epistles,New Testament,1 Corinthians,KJV
WORD,This,G5124,10,1 Corinthians 10:28,Epistles,New Testament,1 Corinthians,KJV
WORD,is,G2076,10,1 Corinthians 10:28,Epistles,New Testament,1 Corinthians,KJV
PHRASE,"offered in sacrifice unto idols,",G1494,10,1 Corinthians 10:28,Epistles,New Testament,1 Corinthians,KJV
WORD,eat,G2068,10,1 Corinthians 10:28,Epistles,New Testament,1 Corinthians,KJV
WORD,not,G3361,10,1 Corinthians 10:28,Epistles,New Testament,1 Corinthians,KJV
WORD,for,G1223,10,1 Corinthians 10:28,Epistles,New Testament,1 Corinthians,KJV
PHRASE,his sake,G1565,10,1 Corinthians 10:28,Epistles,New Testament,1 Corinthians,KJV
PHRASE,"that shewed it,",G3377,10,1 Corinthians 10:28,Epistles,New Testament,1 Corinthians,KJV
WORD,and,G2532,10,1 Corinthians 10:28,Epistles,New Testament,1 Corinthians,KJV
PHRASE,for conscience sake:,G4893,10,1 Corinthians 10:28,Epistles,New Testament,1 Corinthians,KJV
WORD,for,G1063,10,1 Corinthians 10:28,Epistles,New Testament,1 Corinthians,KJV
WORD,the,G3588,10,1 Corinthians 10:28,Epistles,New Testament,1 Corinthians,KJV
WORD,earth,G1093,10,1 Corinthians 10:28,Epistles,New Testament,1 Corinthians,KJV
WORD,[is],,10,1 Corinthians 10:28,Epistles,New Testament,1 Corinthians,KJV
WORD,the,G3588,10,1 Corinthians 10:28,Epistles,New Testament,1 Corinthians,KJV
WORD,"Lord's,",G2962,10,1 Corinthians 10:28,Epistles,New Testament,1 Corinthians,KJV
WORD,and,G2532,10,1 Corinthians 10:28,Epistles,New Testament,1 Corinthians,KJV
WORD,the,G3588,10,1 Corinthians 10:28,Epistles,New Testament,1 Corinthians,KJV
WORD,fulness,G4138,10,1 Corinthians 10:28,Epistles,New Testament,1 Corinthians,KJV
WORD,thereof:,G846,10,1 Corinthians 10:28,Epistles,New Testament,1 Corinthians,KJV
WORD,"Conscience,",G4893,10,1 Corinthians 10:29,Epistles,New Testament,1 Corinthians,KJV
PHRASE,"I say,",G3004,10,1 Corinthians 10:29,Epistles,New Testament,1 Corinthians,KJV
WORD,not,G3780,10,1 Corinthians 10:29,Epistles,New Testament,1 Corinthians,KJV
PHRASE,"thine own,",G1438,10,1 Corinthians 10:29,Epistles,New Testament,1 Corinthians,KJV
WORD,but,G235,10,1 Corinthians 10:29,Epistles,New Testament,1 Corinthians,KJV
PHRASE,of the,G3588,10,1 Corinthians 10:29,Epistles,New Testament,1 Corinthians,KJV
WORD,other:,G2087,10,1 Corinthians 10:29,Epistles,New Testament,1 Corinthians,KJV
WORD,for,G1063,10,1 Corinthians 10:29,Epistles,New Testament,1 Corinthians,KJV
WORD,,G2443,10,1 Corinthians 10:29,Epistles,New Testament,1 Corinthians,KJV
WORD,why,G5101,10,1 Corinthians 10:29,Epistles,New Testament,1 Corinthians,KJV
WORD,is,G2919,10,1 Corinthians 10:29,Epistles,New Testament,1 Corinthians,KJV
WORD,my,G3450,10,1 Corinthians 10:29,Epistles,New Testament,1 Corinthians,KJV
WORD,liberty,G1657,10,1 Corinthians 10:29,Epistles,New Testament,1 Corinthians,KJV
WORD,judged,G2919,10,1 Corinthians 10:29,Epistles,New Testament,1 Corinthians,KJV
WORD,of,G5259,10,1 Corinthians 10:29,Epistles,New Testament,1 Corinthians,KJV
WORD,another,G243,10,1 Corinthians 10:29,Epistles,New Testament,1 Corinthians,KJV
WORD,[man's],,10,1 Corinthians 10:29,Epistles,New Testament,1 Corinthians,KJV
WORD,conscience?,G4893,10,1 Corinthians 10:29,Epistles,New Testament,1 Corinthians,KJV
WORD,For,G1161,10,1 Corinthians 10:30,Epistles,New Testament,1 Corinthians,KJV
WORD,if,G1487,10,1 Corinthians 10:30,Epistles,New Testament,1 Corinthians,KJV
WORD,I,G1473,10,1 Corinthians 10:30,Epistles,New Testament,1 Corinthians,KJV
PHRASE,by grace,G5485,10,1 Corinthians 10:30,Epistles,New Testament,1 Corinthians,KJV
PHRASE,"be a partaker,",G3348,10,1 Corinthians 10:30,Epistles,New Testament,1 Corinthians,KJV
WORD,why,G5101,10,1 Corinthians 10:30,Epistles,New Testament,1 Corinthians,KJV
PHRASE,am I evil spoken of,G987,10,1 Corinthians 10:30,Epistles,New Testament,1 Corinthians,KJV
PHRASE,for that,G5228,10,1 Corinthians 10:30,Epistles,New Testament,1 Corinthians,KJV
PHRASE,for which,G3739,10,1 Corinthians 10:30,Epistles,New Testament,1 Corinthians,KJV
WORD,I,G1473,10,1 Corinthians 10:30,Epistles,New Testament,1 Corinthians,KJV
PHRASE,give thanks?,G2168,10,1 Corinthians 10:30,Epistles,New Testament,1 Corinthians,KJV
WORD,Whether,G1535,10,1 Corinthians 10:31,Epistles,New Testament,1 Corinthians,KJV
WORD,therefore,G3767,10,1 Corinthians 10:31,Epistles,New Testament,1 Corinthians,KJV
PHRASE,"ye eat,",G2068,10,1 Corinthians 10:31,Epistles,New Testament,1 Corinthians,KJV
WORD,or,G1535,10,1 Corinthians 10:31,Epistles,New Testament,1 Corinthians,KJV
WORD,"drink,",G4095,10,1 Corinthians 10:31,Epistles,New Testament,1 Corinthians,KJV
WORD,or,G1535,10,1 Corinthians 10:31,Epistles,New Testament,1 Corinthians,KJV
WORD,whatsoever,G5100,10,1 Corinthians 10:31,Epistles,New Testament,1 Corinthians,KJV
PHRASE,"ye do,",G4160,10,1 Corinthians 10:31,Epistles,New Testament,1 Corinthians,KJV
WORD,do,G4160,10,1 Corinthians 10:31,Epistles,New Testament,1 Corinthians,KJV
WORD,all,G3956,10,1 Corinthians 10:31,Epistles,New Testament,1 Corinthians,KJV
WORD,to,G1519,10,1 Corinthians 10:31,Epistles,New Testament,1 Corinthians,KJV
PHRASE,the glory,G1391,10,1 Corinthians 10:31,Epistles,New Testament,1 Corinthians,KJV
PHRASE,of God.,G2316,10,1 Corinthians 10:31,Epistles,New Testament,1 Corinthians,KJV
WORD,Give,G1096,10,1 Corinthians 10:32,Epistles,New Testament,1 Corinthians,KJV
PHRASE,"none offence,",G677,10,1 Corinthians 10:32,Epistles,New Testament,1 Corinthians,KJV
WORD,neither,G2532,10,1 Corinthians 10:32,Epistles,New Testament,1 Corinthians,KJV
PHRASE,"to the Jews,",G2453,10,1 Corinthians 10:32,Epistles,New Testament,1 Corinthians,KJV
WORD,nor,G2532,10,1 Corinthians 10:32,Epistles,New Testament,1 Corinthians,KJV
PHRASE,"to the Gentiles,",G1672,10,1 Corinthians 10:32,Epistles,New Testament,1 Corinthians,KJV
WORD,nor,G2532,10,1 Corinthians 10:32,Epistles,New Testament,1 Corinthians,KJV
PHRASE,to the,G3588,10,1 Corinthians 10:32,Epistles,New Testament,1 Corinthians,KJV
WORD,church,G1577,10,1 Corinthians 10:32,Epistles,New Testament,1 Corinthians,KJV
PHRASE,of God:,G2316,10,1 Corinthians 10:32,Epistles,New Testament,1 Corinthians,KJV
PHRASE,Even as,G2531,10,1 Corinthians 10:33,Epistles,New Testament,1 Corinthians,KJV
WORD,I,G2504,10,1 Corinthians 10:33,Epistles,New Testament,1 Corinthians,KJV
WORD,please,G700,10,1 Corinthians 10:33,Epistles,New Testament,1 Corinthians,KJV
WORD,all,G3956,10,1 Corinthians 10:33,Epistles,New Testament,1 Corinthians,KJV
WORD,[men],,10,1 Corinthians 10:33,Epistles,New Testament,1 Corinthians,KJV
PHRASE,in all,G3956,10,1 Corinthians 10:33,Epistles,New Testament,1 Corinthians,KJV
WORD,"[things],",,10,1 Corinthians 10:33,Epistles,New Testament,1 Corinthians,KJV
WORD,not,G3361,10,1 Corinthians 10:33,Epistles,New Testament,1 Corinthians,KJV
WORD,seeking,G2212,10,1 Corinthians 10:33,Epistles,New Testament,1 Corinthians,KJV
PHRASE,mine own,G1683,10,1 Corinthians 10:33,Epistles,New Testament,1 Corinthians,KJV
WORD,"profit,",G4851,10,1 Corinthians 10:33,Epistles,New Testament,1 Corinthians,KJV
WORD,but,G235,10,1 Corinthians 10:33,Epistles,New Testament,1 Corinthians,KJV
PHRASE,the [profit],G3588,10,1 Corinthians 10:33,Epistles,New Testament,1 Corinthians,KJV
PHRASE,"of many,",G4183,10,1 Corinthians 10:33,Epistles,New Testament,1 Corinthians,KJV
WORD,that,G2443,10,1 Corinthians 10:33,Epistles,New Testament,1 Corinthians,KJV
PHRASE,they may be saved.,G4982,10,1 Corinthians 10:33,Epistles,New Testament,1 Corinthians,KJV
WORD,Be,G1096,11,1 Corinthians 11:1,Epistles,New Testament,1 Corinthians,KJV
PHRASE,ye followers,G3402,11,1 Corinthians 11:1,Epistles,New Testament,1 Corinthians,KJV
PHRASE,"of me,",G3450,11,1 Corinthians 11:1,Epistles,New Testament,1 Corinthians,KJV
PHRASE,even as,G2531,11,1 Corinthians 11:1,Epistles,New Testament,1 Corinthians,KJV
PHRASE,I also,G2504,11,1 Corinthians 11:1,Epistles,New Testament,1 Corinthians,KJV
WORD,[am],,11,1 Corinthians 11:1,Epistles,New Testament,1 Corinthians,KJV
PHRASE,of Christ.,G5547,11,1 Corinthians 11:1,Epistles,New Testament,1 Corinthians,KJV
WORD,Now,G1161,11,1 Corinthians 11:2,Epistles,New Testament,1 Corinthians,KJV
PHRASE,I praise,G1867,11,1 Corinthians 11:2,Epistles,New Testament,1 Corinthians,KJV
WORD,"you,",G5209,11,1 Corinthians 11:2,Epistles,New Testament,1 Corinthians,KJV
WORD,"brethren,",G80,11,1 Corinthians 11:2,Epistles,New Testament,1 Corinthians,KJV
WORD,that,G3754,11,1 Corinthians 11:2,Epistles,New Testament,1 Corinthians,KJV
PHRASE,ye remember,G3415,11,1 Corinthians 11:2,Epistles,New Testament,1 Corinthians,KJV
WORD,me,G3450,11,1 Corinthians 11:2,Epistles,New Testament,1 Corinthians,KJV
PHRASE,"in all things,",G3956,11,1 Corinthians 11:2,Epistles,New Testament,1 Corinthians,KJV
WORD,and,G2532,11,1 Corinthians 11:2,Epistles,New Testament,1 Corinthians,KJV
WORD,keep,G2722,11,1 Corinthians 11:2,Epistles,New Testament,1 Corinthians,KJV
WORD,the,G3588,11,1 Corinthians 11:2,Epistles,New Testament,1 Corinthians,KJV
WORD,"ordinances,",G3862,11,1 Corinthians 11:2,Epistles,New Testament,1 Corinthians,KJV
WORD,as,G2531,11,1 Corinthians 11:2,Epistles,New Testament,1 Corinthians,KJV
PHRASE,I delivered,G3860,11,1 Corinthians 11:2,Epistles,New Testament,1 Corinthians,KJV
WORD,[them],,11,1 Corinthians 11:2,Epistles,New Testament,1 Corinthians,KJV
PHRASE,to you.,G5213,11,1 Corinthians 11:2,Epistles,New Testament,1 Corinthians,KJV
WORD,But,G1161,11,1 Corinthians 11:3,Epistles,New Testament,1 Corinthians,KJV
PHRASE,I would have,G2309,11,1 Corinthians 11:3,Epistles,New Testament,1 Corinthians,KJV
WORD,you,G5209,11,1 Corinthians 11:3,Epistles,New Testament,1 Corinthians,KJV
WORD,"know,",G1492,11,1 Corinthians 11:3,Epistles,New Testament,1 Corinthians,KJV
WORD,that,G3754,11,1 Corinthians 11:3,Epistles,New Testament,1 Corinthians,KJV
WORD,the,G3588,11,1 Corinthians 11:3,Epistles,New Testament,1 Corinthians,KJV
WORD,head,G2776,11,1 Corinthians 11:3,Epistles,New Testament,1 Corinthians,KJV
PHRASE,of every,G3956,11,1 Corinthians 11:3,Epistles,New Testament,1 Corinthians,KJV
WORD,man,G435,11,1 Corinthians 11:3,Epistles,New Testament,1 Corinthians,KJV
WORD,is,G2076,11,1 Corinthians 11:3,Epistles,New Testament,1 Corinthians,KJV
WORD,Christ;,G5547,11,1 Corinthians 11:3,Epistles,New Testament,1 Corinthians,KJV
WORD,and,G1161,11,1 Corinthians 11:3,Epistles,New Testament,1 Corinthians,KJV
PHRASE,the head,G2776,11,1 Corinthians 11:3,Epistles,New Testament,1 Corinthians,KJV
PHRASE,of the woman,G1135,11,1 Corinthians 11:3,Epistles,New Testament,1 Corinthians,KJV
WORD,[is],,11,1 Corinthians 11:3,Epistles,New Testament,1 Corinthians,KJV
WORD,the,G3588,11,1 Corinthians 11:3,Epistles,New Testament,1 Corinthians,KJV
WORD,man;,G435,11,1 Corinthians 11:3,Epistles,New Testament,1 Corinthians,KJV
WORD,and,G1161,11,1 Corinthians 11:3,Epistles,New Testament,1 Corinthians,KJV
PHRASE,the head,G2776,11,1 Corinthians 11:3,Epistles,New Testament,1 Corinthians,KJV
PHRASE,of Christ,G5547,11,1 Corinthians 11:3,Epistles,New Testament,1 Corinthians,KJV
WORD,[is],,11,1 Corinthians 11:3,Epistles,New Testament,1 Corinthians,KJV
WORD,God.,G2316,11,1 Corinthians 11:3,Epistles,New Testament,1 Corinthians,KJV
WORD,Every,G3956,11,1 Corinthians 11:4,Epistles,New Testament,1 Corinthians,KJV
WORD,man,G435,11,1 Corinthians 11:4,Epistles,New Testament,1 Corinthians,KJV
WORD,praying,G4336,11,1 Corinthians 11:4,Epistles,New Testament,1 Corinthians,KJV
WORD,or,G2228,11,1 Corinthians 11:4,Epistles,New Testament,1 Corinthians,KJV
WORD,"prophesying,",G4395,11,1 Corinthians 11:4,Epistles,New Testament,1 Corinthians,KJV
WORD,having,G2192,11,1 Corinthians 11:4,Epistles,New Testament,1 Corinthians,KJV
WORD,[his],,11,1 Corinthians 11:4,Epistles,New Testament,1 Corinthians,KJV
WORD,head,G2776,11,1 Corinthians 11:4,Epistles,New Testament,1 Corinthians,KJV
WORD,"covered,",G2596,11,1 Corinthians 11:4,Epistles,New Testament,1 Corinthians,KJV
WORD,dishonoureth,G2617,11,1 Corinthians 11:4,Epistles,New Testament,1 Corinthians,KJV
WORD,his,G846,11,1 Corinthians 11:4,Epistles,New Testament,1 Corinthians,KJV
WORD,head.,G2776,11,1 Corinthians 11:4,Epistles,New Testament,1 Corinthians,KJV
WORD,But,G1161,11,1 Corinthians 11:5,Epistles,New Testament,1 Corinthians,KJV
WORD,every,G3956,11,1 Corinthians 11:5,Epistles,New Testament,1 Corinthians,KJV
WORD,woman,G1135,11,1 Corinthians 11:5,Epistles,New Testament,1 Corinthians,KJV
PHRASE,that prayeth,G4336,11,1 Corinthians 11:5,Epistles,New Testament,1 Corinthians,KJV
WORD,or,G2228,11,1 Corinthians 11:5,Epistles,New Testament,1 Corinthians,KJV
WORD,prophesieth,G4395,11,1 Corinthians 11:5,Epistles,New Testament,1 Corinthians,KJV
PHRASE,with [her] head,G2776,11,1 Corinthians 11:5,Epistles,New Testament,1 Corinthians,KJV
WORD,uncovered,G177,11,1 Corinthians 11:5,Epistles,New Testament,1 Corinthians,KJV
WORD,dishonoureth,G2617,11,1 Corinthians 11:5,Epistles,New Testament,1 Corinthians,KJV
WORD,her,G1438,11,1 Corinthians 11:5,Epistles,New Testament,1 Corinthians,KJV
WORD,head:,G2776,11,1 Corinthians 11:5,Epistles,New Testament,1 Corinthians,KJV
WORD,for,G1063,11,1 Corinthians 11:5,Epistles,New Testament,1 Corinthians,KJV
PHRASE,that is,G2076,11,1 Corinthians 11:5,Epistles,New Testament,1 Corinthians,KJV
WORD,even,G2532,11,1 Corinthians 11:5,Epistles,New Testament,1 Corinthians,KJV
PHRASE,all one,G1520,11,1 Corinthians 11:5,Epistles,New Testament,1 Corinthians,KJV
PHRASE,as if,G846,11,1 Corinthians 11:5,Epistles,New Testament,1 Corinthians,KJV
PHRASE,she were shaven.,G3587,11,1 Corinthians 11:5,Epistles,New Testament,1 Corinthians,KJV
WORD,For,G1063,11,1 Corinthians 11:6,Epistles,New Testament,1 Corinthians,KJV
WORD,if,G1487,11,1 Corinthians 11:6,Epistles,New Testament,1 Corinthians,KJV
PHRASE,the woman,G1135,11,1 Corinthians 11:6,Epistles,New Testament,1 Corinthians,KJV
WORD,be,G2619,11,1 Corinthians 11:6,Epistles,New Testament,1 Corinthians,KJV
WORD,not,G3756,11,1 Corinthians 11:6,Epistles,New Testament,1 Corinthians,KJV
WORD,"covered,",G2619,11,1 Corinthians 11:6,Epistles,New Testament,1 Corinthians,KJV
PHRASE,let her,G2751,11,1 Corinthians 11:6,Epistles,New Testament,1 Corinthians,KJV
WORD,also,G2532,11,1 Corinthians 11:6,Epistles,New Testament,1 Corinthians,KJV
PHRASE,be shorn:,G2751,11,1 Corinthians 11:6,Epistles,New Testament,1 Corinthians,KJV
WORD,but,G1161,11,1 Corinthians 11:6,Epistles,New Testament,1 Corinthians,KJV
WORD,if,G1487,11,1 Corinthians 11:6,Epistles,New Testament,1 Corinthians,KJV
PHRASE,it be a shame,G150,11,1 Corinthians 11:6,Epistles,New Testament,1 Corinthians,KJV
PHRASE,for a woman,G1135,11,1 Corinthians 11:6,Epistles,New Testament,1 Corinthians,KJV
PHRASE,to be shorn,G2751,11,1 Corinthians 11:6,Epistles,New Testament,1 Corinthians,KJV
WORD,or,G2228,11,1 Corinthians 11:6,Epistles,New Testament,1 Corinthians,KJV
WORD,"shaven,",G3587,11,1 Corinthians 11:6,Epistles,New Testament,1 Corinthians,KJV
PHRASE,let her be covered.,G2619,11,1 Corinthians 11:6,Epistles,New Testament,1 Corinthians,KJV
WORD,For,G1063,11,1 Corinthians 11:7,Epistles,New Testament,1 Corinthians,KJV
PHRASE,a man,G435,11,1 Corinthians 11:7,Epistles,New Testament,1 Corinthians,KJV
WORD,indeed,G3303,11,1 Corinthians 11:7,Epistles,New Testament,1 Corinthians,KJV
WORD,ought,G3784,11,1 Corinthians 11:7,Epistles,New Testament,1 Corinthians,KJV
WORD,not,G3756,11,1 Corinthians 11:7,Epistles,New Testament,1 Corinthians,KJV
PHRASE,to cover,G2619,11,1 Corinthians 11:7,Epistles,New Testament,1 Corinthians,KJV
WORD,[his],,11,1 Corinthians 11:7,Epistles,New Testament,1 Corinthians,KJV
WORD,"head,",G2776,11,1 Corinthians 11:7,Epistles,New Testament,1 Corinthians,KJV
PHRASE,forasmuch as he is,G5225,11,1 Corinthians 11:7,Epistles,New Testament,1 Corinthians,KJV
PHRASE,the image,G1504,11,1 Corinthians 11:7,Epistles,New Testament,1 Corinthians,KJV
WORD,and,G2532,11,1 Corinthians 11:7,Epistles,New Testament,1 Corinthians,KJV
WORD,glory,G1391,11,1 Corinthians 11:7,Epistles,New Testament,1 Corinthians,KJV
PHRASE,of God:,G2316,11,1 Corinthians 11:7,Epistles,New Testament,1 Corinthians,KJV
WORD,but,G1161,11,1 Corinthians 11:7,Epistles,New Testament,1 Corinthians,KJV
PHRASE,the woman,G1135,11,1 Corinthians 11:7,Epistles,New Testament,1 Corinthians,KJV
WORD,is,G2076,11,1 Corinthians 11:7,Epistles,New Testament,1 Corinthians,KJV
PHRASE,the glory,G1391,11,1 Corinthians 11:7,Epistles,New Testament,1 Corinthians,KJV
PHRASE,of the man.,G435,11,1 Corinthians 11:7,Epistles,New Testament,1 Corinthians,KJV
WORD,For,G1063,11,1 Corinthians 11:8,Epistles,New Testament,1 Corinthians,KJV
PHRASE,the man,G435,11,1 Corinthians 11:8,Epistles,New Testament,1 Corinthians,KJV
WORD,is,G2076,11,1 Corinthians 11:8,Epistles,New Testament,1 Corinthians,KJV
WORD,not,G3756,11,1 Corinthians 11:8,Epistles,New Testament,1 Corinthians,KJV
WORD,of,G1537,11,1 Corinthians 11:8,Epistles,New Testament,1 Corinthians,KJV
PHRASE,the woman;,G1135,11,1 Corinthians 11:8,Epistles,New Testament,1 Corinthians,KJV
WORD,but,G235,11,1 Corinthians 11:8,Epistles,New Testament,1 Corinthians,KJV
PHRASE,the woman,G1135,11,1 Corinthians 11:8,Epistles,New Testament,1 Corinthians,KJV
WORD,of,G1537,11,1 Corinthians 11:8,Epistles,New Testament,1 Corinthians,KJV
PHRASE,the man.,G435,11,1 Corinthians 11:8,Epistles,New Testament,1 Corinthians,KJV
WORD,Neither,G3756,11,1 Corinthians 11:9,Epistles,New Testament,1 Corinthians,KJV
WORD,was,G2936,11,1 Corinthians 11:9,Epistles,New Testament,1 Corinthians,KJV
PHRASE,the man,G435,11,1 Corinthians 11:9,Epistles,New Testament,1 Corinthians,KJV
WORD,created,G2936,11,1 Corinthians 11:9,Epistles,New Testament,1 Corinthians,KJV
WORD,for,G1223,11,1 Corinthians 11:9,Epistles,New Testament,1 Corinthians,KJV
WORD,the,G3588,11,1 Corinthians 11:9,Epistles,New Testament,1 Corinthians,KJV
WORD,woman;,G1135,11,1 Corinthians 11:9,Epistles,New Testament,1 Corinthians,KJV
WORD,but,G235,11,1 Corinthians 11:9,Epistles,New Testament,1 Corinthians,KJV
PHRASE,the woman,G1135,11,1 Corinthians 11:9,Epistles,New Testament,1 Corinthians,KJV
WORD,for,G1223,11,1 Corinthians 11:9,Epistles,New Testament,1 Corinthians,KJV
WORD,the,G3588,11,1 Corinthians 11:9,Epistles,New Testament,1 Corinthians,KJV
WORD,man.,G435,11,1 Corinthians 11:9,Epistles,New Testament,1 Corinthians,KJV
PHRASE,For this,G5124,11,1 Corinthians 11:10,Epistles,New Testament,1 Corinthians,KJV
WORD,cause,G1223,11,1 Corinthians 11:10,Epistles,New Testament,1 Corinthians,KJV
WORD,ought,G3784,11,1 Corinthians 11:10,Epistles,New Testament,1 Corinthians,KJV
WORD,the,G3588,11,1 Corinthians 11:10,Epistles,New Testament,1 Corinthians,KJV
WORD,woman,G1135,11,1 Corinthians 11:10,Epistles,New Testament,1 Corinthians,KJV
PHRASE,to have,G2192,11,1 Corinthians 11:10,Epistles,New Testament,1 Corinthians,KJV
WORD,power,G1849,11,1 Corinthians 11:10,Epistles,New Testament,1 Corinthians,KJV
WORD,on,G1909,11,1 Corinthians 11:10,Epistles,New Testament,1 Corinthians,KJV
WORD,[her],,11,1 Corinthians 11:10,Epistles,New Testament,1 Corinthians,KJV
WORD,head,G2776,11,1 Corinthians 11:10,Epistles,New Testament,1 Corinthians,KJV
WORD,because,G1223,11,1 Corinthians 11:10,Epistles,New Testament,1 Corinthians,KJV
PHRASE,of the,G3588,11,1 Corinthians 11:10,Epistles,New Testament,1 Corinthians,KJV
WORD,angels.,G32,11,1 Corinthians 11:10,Epistles,New Testament,1 Corinthians,KJV
WORD,Nevertheless,G4133,11,1 Corinthians 11:11,Epistles,New Testament,1 Corinthians,KJV
WORD,neither,G3777,11,1 Corinthians 11:11,Epistles,New Testament,1 Corinthians,KJV
PHRASE,is the man,G435,11,1 Corinthians 11:11,Epistles,New Testament,1 Corinthians,KJV
WORD,without,G5565,11,1 Corinthians 11:11,Epistles,New Testament,1 Corinthians,KJV
PHRASE,"the woman,",G1135,11,1 Corinthians 11:11,Epistles,New Testament,1 Corinthians,KJV
WORD,neither,G3777,11,1 Corinthians 11:11,Epistles,New Testament,1 Corinthians,KJV
PHRASE,the woman,G1135,11,1 Corinthians 11:11,Epistles,New Testament,1 Corinthians,KJV
WORD,without,G5565,11,1 Corinthians 11:11,Epistles,New Testament,1 Corinthians,KJV
PHRASE,"the man,",G435,11,1 Corinthians 11:11,Epistles,New Testament,1 Corinthians,KJV
WORD,in,G1722,11,1 Corinthians 11:11,Epistles,New Testament,1 Corinthians,KJV
PHRASE,the Lord.,G2962,11,1 Corinthians 11:11,Epistles,New Testament,1 Corinthians,KJV
WORD,For,G1063,11,1 Corinthians 11:12,Epistles,New Testament,1 Corinthians,KJV
WORD,as,G5618,11,1 Corinthians 11:12,Epistles,New Testament,1 Corinthians,KJV
WORD,the,G3588,11,1 Corinthians 11:12,Epistles,New Testament,1 Corinthians,KJV
WORD,woman,G1135,11,1 Corinthians 11:12,Epistles,New Testament,1 Corinthians,KJV
WORD,[is],,11,1 Corinthians 11:12,Epistles,New Testament,1 Corinthians,KJV
WORD,of,G1537,11,1 Corinthians 11:12,Epistles,New Testament,1 Corinthians,KJV
WORD,the,G3588,11,1 Corinthians 11:12,Epistles,New Testament,1 Corinthians,KJV
WORD,"man,",G435,11,1 Corinthians 11:12,Epistles,New Testament,1 Corinthians,KJV
PHRASE,even so,G3779,11,1 Corinthians 11:12,Epistles,New Testament,1 Corinthians,KJV
WORD,[is],,11,1 Corinthians 11:12,Epistles,New Testament,1 Corinthians,KJV
WORD,the,G3588,11,1 Corinthians 11:12,Epistles,New Testament,1 Corinthians,KJV
WORD,man,G435,11,1 Corinthians 11:12,Epistles,New Testament,1 Corinthians,KJV
WORD,also,G2532,11,1 Corinthians 11:12,Epistles,New Testament,1 Corinthians,KJV
WORD,by,G1223,11,1 Corinthians 11:12,Epistles,New Testament,1 Corinthians,KJV
WORD,the,G3588,11,1 Corinthians 11:12,Epistles,New Testament,1 Corinthians,KJV
WORD,woman;,G1135,11,1 Corinthians 11:12,Epistles,New Testament,1 Corinthians,KJV
WORD,but,G1161,11,1 Corinthians 11:12,Epistles,New Testament,1 Corinthians,KJV
PHRASE,all things,G3956,11,1 Corinthians 11:12,Epistles,New Testament,1 Corinthians,KJV
WORD,of,G1537,11,1 Corinthians 11:12,Epistles,New Testament,1 Corinthians,KJV
WORD,God.,G2316,11,1 Corinthians 11:12,Epistles,New Testament,1 Corinthians,KJV
WORD,Judge,G2919,11,1 Corinthians 11:13,Epistles,New Testament,1 Corinthians,KJV
WORD,in,G1722,11,1 Corinthians 11:13,Epistles,New Testament,1 Corinthians,KJV
WORD,yourselves:,G846,11,1 Corinthians 11:13,Epistles,New Testament,1 Corinthians,KJV
PHRASE,is it,G2076,11,1 Corinthians 11:13,Epistles,New Testament,1 Corinthians,KJV
WORD,comely,G4241,11,1 Corinthians 11:13,Epistles,New Testament,1 Corinthians,KJV
PHRASE,that a woman,G1135,11,1 Corinthians 11:13,Epistles,New Testament,1 Corinthians,KJV
WORD,pray,G4336,11,1 Corinthians 11:13,Epistles,New Testament,1 Corinthians,KJV
PHRASE,unto God,G2316,11,1 Corinthians 11:13,Epistles,New Testament,1 Corinthians,KJV
WORD,uncovered?,G177,11,1 Corinthians 11:13,Epistles,New Testament,1 Corinthians,KJV
WORD,Doth,G2228,11,1 Corinthians 11:14,Epistles,New Testament,1 Corinthians,KJV
PHRASE,not even,G3761,11,1 Corinthians 11:14,Epistles,New Testament,1 Corinthians,KJV
WORD,nature,G5449,11,1 Corinthians 11:14,Epistles,New Testament,1 Corinthians,KJV
WORD,itself,G846,11,1 Corinthians 11:14,Epistles,New Testament,1 Corinthians,KJV
WORD,teach,G1321,11,1 Corinthians 11:14,Epistles,New Testament,1 Corinthians,KJV
WORD,"you,",G5209,11,1 Corinthians 11:14,Epistles,New Testament,1 Corinthians,KJV
WORD,"that,",G3754,11,1 Corinthians 11:14,Epistles,New Testament,1 Corinthians,KJV
WORD,if,G1437,11,1 Corinthians 11:14,Epistles,New Testament,1 Corinthians,KJV
PHRASE,a man,G435,11,1 Corinthians 11:14,Epistles,New Testament,1 Corinthians,KJV
PHRASE,"have long hair,",G2863,11,1 Corinthians 11:14,Epistles,New Testament,1 Corinthians,KJV
PHRASE,it is,G2076,11,1 Corinthians 11:14,Epistles,New Testament,1 Corinthians,KJV
PHRASE,a shame,G819,11,1 Corinthians 11:14,Epistles,New Testament,1 Corinthians,KJV
PHRASE,unto him?,G846,11,1 Corinthians 11:14,Epistles,New Testament,1 Corinthians,KJV
WORD,But,G1161,11,1 Corinthians 11:15,Epistles,New Testament,1 Corinthians,KJV
WORD,if,G1437,11,1 Corinthians 11:15,Epistles,New Testament,1 Corinthians,KJV
PHRASE,a woman,G1135,11,1 Corinthians 11:15,Epistles,New Testament,1 Corinthians,KJV
PHRASE,"have long hair,",G2863,11,1 Corinthians 11:15,Epistles,New Testament,1 Corinthians,KJV
PHRASE,it is,G2076,11,1 Corinthians 11:15,Epistles,New Testament,1 Corinthians,KJV
PHRASE,a glory,G1391,11,1 Corinthians 11:15,Epistles,New Testament,1 Corinthians,KJV
PHRASE,to her:,G846,11,1 Corinthians 11:15,Epistles,New Testament,1 Corinthians,KJV
WORD,for,G3754,11,1 Corinthians 11:15,Epistles,New Testament,1 Corinthians,KJV
WORD,[her],,11,1 Corinthians 11:15,Epistles,New Testament,1 Corinthians,KJV
WORD,hair,G2864,11,1 Corinthians 11:15,Epistles,New Testament,1 Corinthians,KJV
PHRASE,is given,G1325,11,1 Corinthians 11:15,Epistles,New Testament,1 Corinthians,KJV
WORD,her,G846,11,1 Corinthians 11:15,Epistles,New Testament,1 Corinthians,KJV
WORD,for,G473,11,1 Corinthians 11:15,Epistles,New Testament,1 Corinthians,KJV
PHRASE,a covering.,G4018,11,1 Corinthians 11:15,Epistles,New Testament,1 Corinthians,KJV
WORD,But,G1161,11,1 Corinthians 11:16,Epistles,New Testament,1 Corinthians,KJV
WORD,if,G1487,11,1 Corinthians 11:16,Epistles,New Testament,1 Corinthians,KJV
PHRASE,any man,G5100,11,1 Corinthians 11:16,Epistles,New Testament,1 Corinthians,KJV
WORD,seem,G1380,11,1 Corinthians 11:16,Epistles,New Testament,1 Corinthians,KJV
PHRASE,to be,G1511,11,1 Corinthians 11:16,Epistles,New Testament,1 Corinthians,KJV
WORD,"contentious,",G5380,11,1 Corinthians 11:16,Epistles,New Testament,1 Corinthians,KJV
WORD,we,G2249,11,1 Corinthians 11:16,Epistles,New Testament,1 Corinthians,KJV
WORD,have,G2192,11,1 Corinthians 11:16,Epistles,New Testament,1 Corinthians,KJV
WORD,no,G3756,11,1 Corinthians 11:16,Epistles,New Testament,1 Corinthians,KJV
WORD,such,G5108,11,1 Corinthians 11:16,Epistles,New Testament,1 Corinthians,KJV
WORD,"custom,",G4914,11,1 Corinthians 11:16,Epistles,New Testament,1 Corinthians,KJV
WORD,neither,G3761,11,1 Corinthians 11:16,Epistles,New Testament,1 Corinthians,KJV
WORD,the,G3588,11,1 Corinthians 11:16,Epistles,New Testament,1 Corinthians,KJV
WORD,churches,G1577,11,1 Corinthians 11:16,Epistles,New Testament,1 Corinthians,KJV
PHRASE,of God.,G2316,11,1 Corinthians 11:16,Epistles,New Testament,1 Corinthians,KJV
WORD,Now,G1161,11,1 Corinthians 11:17,Epistles,New Testament,1 Corinthians,KJV
PHRASE,in this,G5124,11,1 Corinthians 11:17,Epistles,New Testament,1 Corinthians,KJV
PHRASE,that I declare,G3853,11,1 Corinthians 11:17,Epistles,New Testament,1 Corinthians,KJV
PHRASE,[unto you],,11,1 Corinthians 11:17,Epistles,New Testament,1 Corinthians,KJV
PHRASE,I praise,G1867,11,1 Corinthians 11:17,Epistles,New Testament,1 Corinthians,KJV
WORD,[you],,11,1 Corinthians 11:17,Epistles,New Testament,1 Corinthians,KJV
WORD,"not,",G3756,11,1 Corinthians 11:17,Epistles,New Testament,1 Corinthians,KJV
WORD,that,G3754,11,1 Corinthians 11:17,Epistles,New Testament,1 Corinthians,KJV
PHRASE,ye come together,G4905,11,1 Corinthians 11:17,Epistles,New Testament,1 Corinthians,KJV
WORD,not,G3756,11,1 Corinthians 11:17,Epistles,New Testament,1 Corinthians,KJV
WORD,for,G1519,11,1 Corinthians 11:17,Epistles,New Testament,1 Corinthians,KJV
WORD,the,G3588,11,1 Corinthians 11:17,Epistles,New Testament,1 Corinthians,KJV
WORD,"better,",G2909,11,1 Corinthians 11:17,Epistles,New Testament,1 Corinthians,KJV
WORD,but,G235,11,1 Corinthians 11:17,Epistles,New Testament,1 Corinthians,KJV
WORD,for,G1519,11,1 Corinthians 11:17,Epistles,New Testament,1 Corinthians,KJV
WORD,the,G3588,11,1 Corinthians 11:17,Epistles,New Testament,1 Corinthians,KJV
WORD,worse.,G2276,11,1 Corinthians 11:17,Epistles,New Testament,1 Corinthians,KJV
WORD,For,G1063,11,1 Corinthians 11:18,Epistles,New Testament,1 Corinthians,KJV
PHRASE,"first of all,",G4412,11,1 Corinthians 11:18,Epistles,New Testament,1 Corinthians,KJV
PHRASE,when ye,G5216,11,1 Corinthians 11:18,Epistles,New Testament,1 Corinthians,KJV
PHRASE,come together,G4905,11,1 Corinthians 11:18,Epistles,New Testament,1 Corinthians,KJV
WORD,in,G1722,11,1 Corinthians 11:18,Epistles,New Testament,1 Corinthians,KJV
WORD,the,G3588,11,1 Corinthians 11:18,Epistles,New Testament,1 Corinthians,KJV
WORD,"church,",G1577,11,1 Corinthians 11:18,Epistles,New Testament,1 Corinthians,KJV
PHRASE,I hear,G191,11,1 Corinthians 11:18,Epistles,New Testament,1 Corinthians,KJV
PHRASE,that there be,G5225,11,1 Corinthians 11:18,Epistles,New Testament,1 Corinthians,KJV
WORD,divisions,G4978,11,1 Corinthians 11:18,Epistles,New Testament,1 Corinthians,KJV
WORD,among,G1722,11,1 Corinthians 11:18,Epistles,New Testament,1 Corinthians,KJV
WORD,you;,G5213,11,1 Corinthians 11:18,Epistles,New Testament,1 Corinthians,KJV
WORD,and,G2532,11,1 Corinthians 11:18,Epistles,New Testament,1 Corinthians,KJV
PHRASE,I partly,G3313,11,1 Corinthians 11:18,Epistles,New Testament,1 Corinthians,KJV
WORD,believe,G4100,11,1 Corinthians 11:18,Epistles,New Testament,1 Corinthians,KJV
WORD,it.,G5100,11,1 Corinthians 11:18,Epistles,New Testament,1 Corinthians,KJV
WORD,For,G1063,11,1 Corinthians 11:19,Epistles,New Testament,1 Corinthians,KJV
PHRASE,there must,G1163,11,1 Corinthians 11:19,Epistles,New Testament,1 Corinthians,KJV
WORD,be,G1511,11,1 Corinthians 11:19,Epistles,New Testament,1 Corinthians,KJV
WORD,also,G2532,11,1 Corinthians 11:19,Epistles,New Testament,1 Corinthians,KJV
WORD,heresies,G139,11,1 Corinthians 11:19,Epistles,New Testament,1 Corinthians,KJV
WORD,among,G1722,11,1 Corinthians 11:19,Epistles,New Testament,1 Corinthians,KJV
WORD,"you,",G5213,11,1 Corinthians 11:19,Epistles,New Testament,1 Corinthians,KJV
WORD,that,G2443,11,1 Corinthians 11:19,Epistles,New Testament,1 Corinthians,KJV
PHRASE,they which,G3588,11,1 Corinthians 11:19,Epistles,New Testament,1 Corinthians,KJV
PHRASE,are approved,G1384,11,1 Corinthians 11:19,Epistles,New Testament,1 Corinthians,KJV
PHRASE,may be made,G1096,11,1 Corinthians 11:19,Epistles,New Testament,1 Corinthians,KJV
WORD,manifest,G5318,11,1 Corinthians 11:19,Epistles,New Testament,1 Corinthians,KJV
WORD,among,G1722,11,1 Corinthians 11:19,Epistles,New Testament,1 Corinthians,KJV
WORD,you.,G5213,11,1 Corinthians 11:19,Epistles,New Testament,1 Corinthians,KJV
PHRASE,When ye,G5216,11,1 Corinthians 11:20,Epistles,New Testament,1 Corinthians,KJV
PHRASE,come together,G4905,11,1 Corinthians 11:20,Epistles,New Testament,1 Corinthians,KJV
WORD,therefore,G3767,11,1 Corinthians 11:20,Epistles,New Testament,1 Corinthians,KJV
WORD,into,G1909,11,1 Corinthians 11:20,Epistles,New Testament,1 Corinthians,KJV
PHRASE,"one place,",G846,11,1 Corinthians 11:20,Epistles,New Testament,1 Corinthians,KJV
WORD,[this],,11,1 Corinthians 11:20,Epistles,New Testament,1 Corinthians,KJV
WORD,is,G2076,11,1 Corinthians 11:20,Epistles,New Testament,1 Corinthians,KJV
WORD,not,G3756,11,1 Corinthians 11:20,Epistles,New Testament,1 Corinthians,KJV
PHRASE,to eat,G5315,11,1 Corinthians 11:20,Epistles,New Testament,1 Corinthians,KJV
PHRASE,the Lord's,G2960,11,1 Corinthians 11:20,Epistles,New Testament,1 Corinthians,KJV
WORD,supper.,G1173,11,1 Corinthians 11:20,Epistles,New Testament,1 Corinthians,KJV
WORD,For,G1063,11,1 Corinthians 11:21,Epistles,New Testament,1 Corinthians,KJV
WORD,in,G1722,11,1 Corinthians 11:21,Epistles,New Testament,1 Corinthians,KJV
WORD,eating,G5315,11,1 Corinthians 11:21,Epistles,New Testament,1 Corinthians,KJV
PHRASE,every one,G1538,11,1 Corinthians 11:21,Epistles,New Testament,1 Corinthians,KJV
PHRASE,taketh before,G4301,11,1 Corinthians 11:21,Epistles,New Testament,1 Corinthians,KJV
WORD,[other],,11,1 Corinthians 11:21,Epistles,New Testament,1 Corinthians,KJV
PHRASE,his own,G2398,11,1 Corinthians 11:21,Epistles,New Testament,1 Corinthians,KJV
WORD,supper:,G1173,11,1 Corinthians 11:21,Epistles,New Testament,1 Corinthians,KJV
WORD,and,G2532,11,1 Corinthians 11:21,Epistles,New Testament,1 Corinthians,KJV
WORD,one,G3739,11,1 Corinthians 11:21,Epistles,New Testament,1 Corinthians,KJV
PHRASE,"is hungry,",G3983,11,1 Corinthians 11:21,Epistles,New Testament,1 Corinthians,KJV
WORD,and,G1161,11,1 Corinthians 11:21,Epistles,New Testament,1 Corinthians,KJV
WORD,another,G3739,11,1 Corinthians 11:21,Epistles,New Testament,1 Corinthians,KJV
PHRASE,is drunken.,G3184,11,1 Corinthians 11:21,Epistles,New Testament,1 Corinthians,KJV
WORD,What?,G1063,11,1 Corinthians 11:22,Epistles,New Testament,1 Corinthians,KJV
PHRASE,have ye,G2192,11,1 Corinthians 11:22,Epistles,New Testament,1 Corinthians,KJV
WORD,not,G3756,11,1 Corinthians 11:22,Epistles,New Testament,1 Corinthians,KJV
WORD,houses,G3614,11,1 Corinthians 11:22,Epistles,New Testament,1 Corinthians,KJV
PHRASE,to eat,G2068,11,1 Corinthians 11:22,Epistles,New Testament,1 Corinthians,KJV
WORD,and,G2532,11,1 Corinthians 11:22,Epistles,New Testament,1 Corinthians,KJV
PHRASE,to drink,G4095,11,1 Corinthians 11:22,Epistles,New Testament,1 Corinthians,KJV
WORD,in?,G1519,11,1 Corinthians 11:22,Epistles,New Testament,1 Corinthians,KJV
WORD,or,G2228,11,1 Corinthians 11:22,Epistles,New Testament,1 Corinthians,KJV
PHRASE,despise ye,G2706,11,1 Corinthians 11:22,Epistles,New Testament,1 Corinthians,KJV
WORD,the,G3588,11,1 Corinthians 11:22,Epistles,New Testament,1 Corinthians,KJV
WORD,church,G1577,11,1 Corinthians 11:22,Epistles,New Testament,1 Corinthians,KJV
PHRASE,"of God,",G2316,11,1 Corinthians 11:22,Epistles,New Testament,1 Corinthians,KJV
WORD,and,G2532,11,1 Corinthians 11:22,Epistles,New Testament,1 Corinthians,KJV
WORD,shame,G2617,11,1 Corinthians 11:22,Epistles,New Testament,1 Corinthians,KJV
PHRASE,them that,G3588,11,1 Corinthians 11:22,Epistles,New Testament,1 Corinthians,KJV
WORD,have,G2192,11,1 Corinthians 11:22,Epistles,New Testament,1 Corinthians,KJV
WORD,not?,G3361,11,1 Corinthians 11:22,Epistles,New Testament,1 Corinthians,KJV
WORD,What,G5101,11,1 Corinthians 11:22,Epistles,New Testament,1 Corinthians,KJV
PHRASE,shall I say,G2036,11,1 Corinthians 11:22,Epistles,New Testament,1 Corinthians,KJV
PHRASE,to you?,G5213,11,1 Corinthians 11:22,Epistles,New Testament,1 Corinthians,KJV
PHRASE,shall I praise,G1867,11,1 Corinthians 11:22,Epistles,New Testament,1 Corinthians,KJV
WORD,you,G5209,11,1 Corinthians 11:22,Epistles,New Testament,1 Corinthians,KJV
WORD,in,G1722,11,1 Corinthians 11:22,Epistles,New Testament,1 Corinthians,KJV
WORD,this?,G5129,11,1 Corinthians 11:22,Epistles,New Testament,1 Corinthians,KJV
PHRASE,I praise,G1867,11,1 Corinthians 11:22,Epistles,New Testament,1 Corinthians,KJV
WORD,[you],,11,1 Corinthians 11:22,Epistles,New Testament,1 Corinthians,KJV
WORD,not.,G3756,11,1 Corinthians 11:22,Epistles,New Testament,1 Corinthians,KJV
WORD,For,G1063,11,1 Corinthians 11:23,Epistles,New Testament,1 Corinthians,KJV
WORD,I,G1473,11,1 Corinthians 11:23,Epistles,New Testament,1 Corinthians,KJV
PHRASE,have received,G3880,11,1 Corinthians 11:23,Epistles,New Testament,1 Corinthians,KJV
WORD,of,G575,11,1 Corinthians 11:23,Epistles,New Testament,1 Corinthians,KJV
WORD,the,G3588,11,1 Corinthians 11:23,Epistles,New Testament,1 Corinthians,KJV
WORD,Lord,G2962,11,1 Corinthians 11:23,Epistles,New Testament,1 Corinthians,KJV
PHRASE,that which,G3739,11,1 Corinthians 11:23,Epistles,New Testament,1 Corinthians,KJV
WORD,also,G2532,11,1 Corinthians 11:23,Epistles,New Testament,1 Corinthians,KJV
PHRASE,I delivered,G3860,11,1 Corinthians 11:23,Epistles,New Testament,1 Corinthians,KJV
PHRASE,"unto you,",G5213,11,1 Corinthians 11:23,Epistles,New Testament,1 Corinthians,KJV
WORD,That,G3754,11,1 Corinthians 11:23,Epistles,New Testament,1 Corinthians,KJV
WORD,the,G3588,11,1 Corinthians 11:23,Epistles,New Testament,1 Corinthians,KJV
WORD,Lord,G2962,11,1 Corinthians 11:23,Epistles,New Testament,1 Corinthians,KJV
WORD,Jesus,G2424,11,1 Corinthians 11:23,Epistles,New Testament,1 Corinthians,KJV
PHRASE,the [same],G3588,11,1 Corinthians 11:23,Epistles,New Testament,1 Corinthians,KJV
WORD,night,G3571,11,1 Corinthians 11:23,Epistles,New Testament,1 Corinthians,KJV
WORD,in,G1722,11,1 Corinthians 11:23,Epistles,New Testament,1 Corinthians,KJV
WORD,which,G3739,11,1 Corinthians 11:23,Epistles,New Testament,1 Corinthians,KJV
PHRASE,he was betrayed,G3860,11,1 Corinthians 11:23,Epistles,New Testament,1 Corinthians,KJV
WORD,took,G2983,11,1 Corinthians 11:23,Epistles,New Testament,1 Corinthians,KJV
WORD,bread:,G740,11,1 Corinthians 11:23,Epistles,New Testament,1 Corinthians,KJV
WORD,And,G2532,11,1 Corinthians 11:24,Epistles,New Testament,1 Corinthians,KJV
PHRASE,"when he had given thanks,",G2168,11,1 Corinthians 11:24,Epistles,New Testament,1 Corinthians,KJV
PHRASE,he brake,G2806,11,1 Corinthians 11:24,Epistles,New Testament,1 Corinthians,KJV
WORD,"[it],",,11,1 Corinthians 11:24,Epistles,New Testament,1 Corinthians,KJV
WORD,and,G2532,11,1 Corinthians 11:24,Epistles,New Testament,1 Corinthians,KJV
WORD,"said,",G2036,11,1 Corinthians 11:24,Epistles,New Testament,1 Corinthians,KJV
WORD,"Take,",G2983,11,1 Corinthians 11:24,Epistles,New Testament,1 Corinthians,KJV
WORD,eat:,G5315,11,1 Corinthians 11:24,Epistles,New Testament,1 Corinthians,KJV
WORD,this,G5124,11,1 Corinthians 11:24,Epistles,New Testament,1 Corinthians,KJV
WORD,is,G2076,11,1 Corinthians 11:24,Epistles,New Testament,1 Corinthians,KJV
WORD,my,G3450,11,1 Corinthians 11:24,Epistles,New Testament,1 Corinthians,KJV
WORD,"body,",G4983,11,1 Corinthians 11:24,Epistles,New Testament,1 Corinthians,KJV
WORD,which,G3588,11,1 Corinthians 11:24,Epistles,New Testament,1 Corinthians,KJV
PHRASE,is broken,G2806,11,1 Corinthians 11:24,Epistles,New Testament,1 Corinthians,KJV
WORD,for,G5228,11,1 Corinthians 11:24,Epistles,New Testament,1 Corinthians,KJV
WORD,you:,G5216,11,1 Corinthians 11:24,Epistles,New Testament,1 Corinthians,KJV
WORD,this,G5124,11,1 Corinthians 11:24,Epistles,New Testament,1 Corinthians,KJV
WORD,do,G4160,11,1 Corinthians 11:24,Epistles,New Testament,1 Corinthians,KJV
WORD,in,G1519,11,1 Corinthians 11:24,Epistles,New Testament,1 Corinthians,KJV
WORD,remembrance,G364,11,1 Corinthians 11:24,Epistles,New Testament,1 Corinthians,KJV
PHRASE,of me.,G1699,11,1 Corinthians 11:24,Epistles,New Testament,1 Corinthians,KJV
PHRASE,After the same manner,G5615,11,1 Corinthians 11:25,Epistles,New Testament,1 Corinthians,KJV
WORD,also,G2532,11,1 Corinthians 11:25,Epistles,New Testament,1 Corinthians,KJV
PHRASE,[he took],,11,1 Corinthians 11:25,Epistles,New Testament,1 Corinthians,KJV
WORD,the,G3588,11,1 Corinthians 11:25,Epistles,New Testament,1 Corinthians,KJV
WORD,"cup,",G4221,11,1 Corinthians 11:25,Epistles,New Testament,1 Corinthians,KJV
WORD,when,G3326,11,1 Corinthians 11:25,Epistles,New Testament,1 Corinthians,KJV
PHRASE,"he had supped,",G1172,11,1 Corinthians 11:25,Epistles,New Testament,1 Corinthians,KJV
WORD,"saying,",G3004,11,1 Corinthians 11:25,Epistles,New Testament,1 Corinthians,KJV
WORD,This,G5124,11,1 Corinthians 11:25,Epistles,New Testament,1 Corinthians,KJV
WORD,cup,G4221,11,1 Corinthians 11:25,Epistles,New Testament,1 Corinthians,KJV
WORD,is,G2076,11,1 Corinthians 11:25,Epistles,New Testament,1 Corinthians,KJV
WORD,the,G3588,11,1 Corinthians 11:25,Epistles,New Testament,1 Corinthians,KJV
WORD,new,G2537,11,1 Corinthians 11:25,Epistles,New Testament,1 Corinthians,KJV
WORD,testament,G1242,11,1 Corinthians 11:25,Epistles,New Testament,1 Corinthians,KJV
WORD,in,G1722,11,1 Corinthians 11:25,Epistles,New Testament,1 Corinthians,KJV
WORD,my,G1699,11,1 Corinthians 11:25,Epistles,New Testament,1 Corinthians,KJV
WORD,blood:,G129,11,1 Corinthians 11:25,Epistles,New Testament,1 Corinthians,KJV
WORD,this,G5124,11,1 Corinthians 11:25,Epistles,New Testament,1 Corinthians,KJV
PHRASE,"do ye,",G4160,11,1 Corinthians 11:25,Epistles,New Testament,1 Corinthians,KJV
PHRASE,as oft as,G3740,11,1 Corinthians 11:25,Epistles,New Testament,1 Corinthians,KJV
PHRASE,ye drink,G4095,11,1 Corinthians 11:25,Epistles,New Testament,1 Corinthians,KJV
WORD,"[it],",,11,1 Corinthians 11:25,Epistles,New Testament,1 Corinthians,KJV
WORD,in,G1519,11,1 Corinthians 11:25,Epistles,New Testament,1 Corinthians,KJV
WORD,remembrance,G364,11,1 Corinthians 11:25,Epistles,New Testament,1 Corinthians,KJV
PHRASE,of me.,G1699,11,1 Corinthians 11:25,Epistles,New Testament,1 Corinthians,KJV
WORD,For,G1063,11,1 Corinthians 11:26,Epistles,New Testament,1 Corinthians,KJV
PHRASE,as often as,G3740,11,1 Corinthians 11:26,Epistles,New Testament,1 Corinthians,KJV
PHRASE,ye eat,G2068,11,1 Corinthians 11:26,Epistles,New Testament,1 Corinthians,KJV
WORD,this,G5126,11,1 Corinthians 11:26,Epistles,New Testament,1 Corinthians,KJV
WORD,"bread,",G740,11,1 Corinthians 11:26,Epistles,New Testament,1 Corinthians,KJV
WORD,and,G2532,11,1 Corinthians 11:26,Epistles,New Testament,1 Corinthians,KJV
WORD,drink,G4095,11,1 Corinthians 11:26,Epistles,New Testament,1 Corinthians,KJV
WORD,this,G5124,11,1 Corinthians 11:26,Epistles,New Testament,1 Corinthians,KJV
WORD,"cup,",G4221,11,1 Corinthians 11:26,Epistles,New Testament,1 Corinthians,KJV
PHRASE,ye do shew,G2605,11,1 Corinthians 11:26,Epistles,New Testament,1 Corinthians,KJV
WORD,the,G3588,11,1 Corinthians 11:26,Epistles,New Testament,1 Corinthians,KJV
WORD,Lord's,G2962,11,1 Corinthians 11:26,Epistles,New Testament,1 Corinthians,KJV
WORD,death,G2288,11,1 Corinthians 11:26,Epistles,New Testament,1 Corinthians,KJV
WORD,till,G891,11,1 Corinthians 11:26,Epistles,New Testament,1 Corinthians,KJV
WORD,he,G3739,11,1 Corinthians 11:26,Epistles,New Testament,1 Corinthians,KJV
WORD,come.,G2064,11,1 Corinthians 11:26,Epistles,New Testament,1 Corinthians,KJV
WORD,Wherefore,G5620,11,1 Corinthians 11:27,Epistles,New Testament,1 Corinthians,KJV
WORD,whosoever,G3739,11,1 Corinthians 11:27,Epistles,New Testament,1 Corinthians,KJV
PHRASE,shall eat,G2068,11,1 Corinthians 11:27,Epistles,New Testament,1 Corinthians,KJV
WORD,this,G5126,11,1 Corinthians 11:27,Epistles,New Testament,1 Corinthians,KJV
WORD,"bread,",G740,11,1 Corinthians 11:27,Epistles,New Testament,1 Corinthians,KJV
WORD,and,G2228,11,1 Corinthians 11:27,Epistles,New Testament,1 Corinthians,KJV
WORD,drink,G4095,11,1 Corinthians 11:27,Epistles,New Testament,1 Corinthians,KJV
WORD,[this],,11,1 Corinthians 11:27,Epistles,New Testament,1 Corinthians,KJV
WORD,cup,G4221,11,1 Corinthians 11:27,Epistles,New Testament,1 Corinthians,KJV
PHRASE,of the,G3588,11,1 Corinthians 11:27,Epistles,New Testament,1 Corinthians,KJV
WORD,"Lord,",G2962,11,1 Corinthians 11:27,Epistles,New Testament,1 Corinthians,KJV
WORD,"unworthily,",G371,11,1 Corinthians 11:27,Epistles,New Testament,1 Corinthians,KJV
PHRASE,shall be,G2071,11,1 Corinthians 11:27,Epistles,New Testament,1 Corinthians,KJV
WORD,guilty,G1777,11,1 Corinthians 11:27,Epistles,New Testament,1 Corinthians,KJV
PHRASE,of the,G3588,11,1 Corinthians 11:27,Epistles,New Testament,1 Corinthians,KJV
WORD,body,G4983,11,1 Corinthians 11:27,Epistles,New Testament,1 Corinthians,KJV
WORD,and,G2532,11,1 Corinthians 11:27,Epistles,New Testament,1 Corinthians,KJV
WORD,blood,G129,11,1 Corinthians 11:27,Epistles,New Testament,1 Corinthians,KJV
PHRASE,of the,G3588,11,1 Corinthians 11:27,Epistles,New Testament,1 Corinthians,KJV
WORD,Lord.,G2962,11,1 Corinthians 11:27,Epistles,New Testament,1 Corinthians,KJV
WORD,But,G1161,11,1 Corinthians 11:28,Epistles,New Testament,1 Corinthians,KJV
WORD,let,G1381,11,1 Corinthians 11:28,Epistles,New Testament,1 Corinthians,KJV
PHRASE,a man,G444,11,1 Corinthians 11:28,Epistles,New Testament,1 Corinthians,KJV
WORD,examine,G1381,11,1 Corinthians 11:28,Epistles,New Testament,1 Corinthians,KJV
WORD,"himself,",G1438,11,1 Corinthians 11:28,Epistles,New Testament,1 Corinthians,KJV
WORD,and,G2532,11,1 Corinthians 11:28,Epistles,New Testament,1 Corinthians,KJV
WORD,so,G3779,11,1 Corinthians 11:28,Epistles,New Testament,1 Corinthians,KJV
PHRASE,let him eat,G2068,11,1 Corinthians 11:28,Epistles,New Testament,1 Corinthians,KJV
WORD,of,G1537,11,1 Corinthians 11:28,Epistles,New Testament,1 Corinthians,KJV
WORD,[that],,11,1 Corinthians 11:28,Epistles,New Testament,1 Corinthians,KJV
WORD,"bread,",G740,11,1 Corinthians 11:28,Epistles,New Testament,1 Corinthians,KJV
WORD,and,G2532,11,1 Corinthians 11:28,Epistles,New Testament,1 Corinthians,KJV
WORD,drink,G4095,11,1 Corinthians 11:28,Epistles,New Testament,1 Corinthians,KJV
WORD,of,G1537,11,1 Corinthians 11:28,Epistles,New Testament,1 Corinthians,KJV
WORD,[that],,11,1 Corinthians 11:28,Epistles,New Testament,1 Corinthians,KJV
WORD,cup.,G4221,11,1 Corinthians 11:28,Epistles,New Testament,1 Corinthians,KJV
WORD,For,G1063,11,1 Corinthians 11:29,Epistles,New Testament,1 Corinthians,KJV
PHRASE,he that,G3588,11,1 Corinthians 11:29,Epistles,New Testament,1 Corinthians,KJV
WORD,eateth,G2068,11,1 Corinthians 11:29,Epistles,New Testament,1 Corinthians,KJV
WORD,and,G2532,11,1 Corinthians 11:29,Epistles,New Testament,1 Corinthians,KJV
WORD,drinketh,G4095,11,1 Corinthians 11:29,Epistles,New Testament,1 Corinthians,KJV
WORD,"unworthily,",G371,11,1 Corinthians 11:29,Epistles,New Testament,1 Corinthians,KJV
WORD,eateth,G2068,11,1 Corinthians 11:29,Epistles,New Testament,1 Corinthians,KJV
WORD,and,G2532,11,1 Corinthians 11:29,Epistles,New Testament,1 Corinthians,KJV
WORD,drinketh,G4095,11,1 Corinthians 11:29,Epistles,New Testament,1 Corinthians,KJV
WORD,damnation,G2917,11,1 Corinthians 11:29,Epistles,New Testament,1 Corinthians,KJV
PHRASE,"to himself,",G1438,11,1 Corinthians 11:29,Epistles,New Testament,1 Corinthians,KJV
WORD,not,G3361,11,1 Corinthians 11:29,Epistles,New Testament,1 Corinthians,KJV
WORD,discerning,G1252,11,1 Corinthians 11:29,Epistles,New Testament,1 Corinthians,KJV
WORD,the,G3588,11,1 Corinthians 11:29,Epistles,New Testament,1 Corinthians,KJV
WORD,Lord's,G2962,11,1 Corinthians 11:29,Epistles,New Testament,1 Corinthians,KJV
WORD,body.,G4983,11,1 Corinthians 11:29,Epistles,New Testament,1 Corinthians,KJV
WORD,For,G1223,11,1 Corinthians 11:30,Epistles,New Testament,1 Corinthians,KJV
WORD,this,G5124,11,1 Corinthians 11:30,Epistles,New Testament,1 Corinthians,KJV
WORD,cause,G1223,11,1 Corinthians 11:30,Epistles,New Testament,1 Corinthians,KJV
WORD,many,G4183,11,1 Corinthians 11:30,Epistles,New Testament,1 Corinthians,KJV
WORD,[are],,11,1 Corinthians 11:30,Epistles,New Testament,1 Corinthians,KJV
WORD,weak,G772,11,1 Corinthians 11:30,Epistles,New Testament,1 Corinthians,KJV
WORD,and,G2532,11,1 Corinthians 11:30,Epistles,New Testament,1 Corinthians,KJV
WORD,sickly,G732,11,1 Corinthians 11:30,Epistles,New Testament,1 Corinthians,KJV
WORD,among,G1722,11,1 Corinthians 11:30,Epistles,New Testament,1 Corinthians,KJV
WORD,"you,",G5213,11,1 Corinthians 11:30,Epistles,New Testament,1 Corinthians,KJV
WORD,and,G2532,11,1 Corinthians 11:30,Epistles,New Testament,1 Corinthians,KJV
WORD,many,G2425,11,1 Corinthians 11:30,Epistles,New Testament,1 Corinthians,KJV
WORD,sleep.,G2837,11,1 Corinthians 11:30,Epistles,New Testament,1 Corinthians,KJV
WORD,For,G1063,11,1 Corinthians 11:31,Epistles,New Testament,1 Corinthians,KJV
WORD,if,G1487,11,1 Corinthians 11:31,Epistles,New Testament,1 Corinthians,KJV
PHRASE,we would judge,G1252,11,1 Corinthians 11:31,Epistles,New Testament,1 Corinthians,KJV
WORD,"ourselves,",G1438,11,1 Corinthians 11:31,Epistles,New Testament,1 Corinthians,KJV
PHRASE,we should,G2919,11,1 Corinthians 11:31,Epistles,New Testament,1 Corinthians,KJV
WORD,not,G3756,11,1 Corinthians 11:31,Epistles,New Testament,1 Corinthians,KJV
PHRASE,be judged.,G2919,11,1 Corinthians 11:31,Epistles,New Testament,1 Corinthians,KJV
WORD,But,G1161,11,1 Corinthians 11:32,Epistles,New Testament,1 Corinthians,KJV
PHRASE,"when we are judged,",G2919,11,1 Corinthians 11:32,Epistles,New Testament,1 Corinthians,KJV
PHRASE,we are chastened,G3811,11,1 Corinthians 11:32,Epistles,New Testament,1 Corinthians,KJV
WORD,of,G5259,11,1 Corinthians 11:32,Epistles,New Testament,1 Corinthians,KJV
PHRASE,"the Lord,",G2962,11,1 Corinthians 11:32,Epistles,New Testament,1 Corinthians,KJV
WORD,that,G2443,11,1 Corinthians 11:32,Epistles,New Testament,1 Corinthians,KJV
PHRASE,we should,G2632,11,1 Corinthians 11:32,Epistles,New Testament,1 Corinthians,KJV
WORD,not,G3361,11,1 Corinthians 11:32,Epistles,New Testament,1 Corinthians,KJV
PHRASE,be condemned,G2632,11,1 Corinthians 11:32,Epistles,New Testament,1 Corinthians,KJV
WORD,with,G4862,11,1 Corinthians 11:32,Epistles,New Testament,1 Corinthians,KJV
WORD,the,G3588,11,1 Corinthians 11:32,Epistles,New Testament,1 Corinthians,KJV
WORD,world.,G2889,11,1 Corinthians 11:32,Epistles,New Testament,1 Corinthians,KJV
WORD,"Wherefore,",G5620,11,1 Corinthians 11:33,Epistles,New Testament,1 Corinthians,KJV
WORD,my,G3450,11,1 Corinthians 11:33,Epistles,New Testament,1 Corinthians,KJV
WORD,"brethren,",G80,11,1 Corinthians 11:33,Epistles,New Testament,1 Corinthians,KJV
PHRASE,when ye come together,G4905,11,1 Corinthians 11:33,Epistles,New Testament,1 Corinthians,KJV
WORD,to,G1519,11,1 Corinthians 11:33,Epistles,New Testament,1 Corinthians,KJV
WORD,"eat,",G5315,11,1 Corinthians 11:33,Epistles,New Testament,1 Corinthians,KJV
WORD,tarry,G1551,11,1 Corinthians 11:33,Epistles,New Testament,1 Corinthians,KJV
PHRASE,one for another.,G240,11,1 Corinthians 11:33,Epistles,New Testament,1 Corinthians,KJV
WORD,And,G1161,11,1 Corinthians 11:34,Epistles,New Testament,1 Corinthians,KJV
WORD,if,G1487,11,1 Corinthians 11:34,Epistles,New Testament,1 Corinthians,KJV
PHRASE,any man,G5100,11,1 Corinthians 11:34,Epistles,New Testament,1 Corinthians,KJV
WORD,"hunger,",G3983,11,1 Corinthians 11:34,Epistles,New Testament,1 Corinthians,KJV
PHRASE,let him eat,G2068,11,1 Corinthians 11:34,Epistles,New Testament,1 Corinthians,KJV
WORD,at,G1722,11,1 Corinthians 11:34,Epistles,New Testament,1 Corinthians,KJV
WORD,home;,G3624,11,1 Corinthians 11:34,Epistles,New Testament,1 Corinthians,KJV
WORD,that,G2443,11,1 Corinthians 11:34,Epistles,New Testament,1 Corinthians,KJV
PHRASE,ye come,G4905,11,1 Corinthians 11:34,Epistles,New Testament,1 Corinthians,KJV
WORD,not,G3361,11,1 Corinthians 11:34,Epistles,New Testament,1 Corinthians,KJV
WORD,together,G4905,11,1 Corinthians 11:34,Epistles,New Testament,1 Corinthians,KJV
WORD,unto,G1519,11,1 Corinthians 11:34,Epistles,New Testament,1 Corinthians,KJV
WORD,condemnation.,G2917,11,1 Corinthians 11:34,Epistles,New Testament,1 Corinthians,KJV
WORD,And,G1161,11,1 Corinthians 11:34,Epistles,New Testament,1 Corinthians,KJV
WORD,the,G3588,11,1 Corinthians 11:34,Epistles,New Testament,1 Corinthians,KJV
WORD,rest,G3062,11,1 Corinthians 11:34,Epistles,New Testament,1 Corinthians,KJV
PHRASE,will I set in order,G1299,11,1 Corinthians 11:34,Epistles,New Testament,1 Corinthians,KJV
WORD,when,G5613,11,1 Corinthians 11:34,Epistles,New Testament,1 Corinthians,KJV
PHRASE,I come.,G2064,11,1 Corinthians 11:34,Epistles,New Testament,1 Corinthians,KJV
WORD,Now,G1161,12,1 Corinthians 12:1,Epistles,New Testament,1 Corinthians,KJV
WORD,concerning,G4012,12,1 Corinthians 12:1,Epistles,New Testament,1 Corinthians,KJV
WORD,spiritual,G4152,12,1 Corinthians 12:1,Epistles,New Testament,1 Corinthians,KJV
WORD,"[gifts],",,12,1 Corinthians 12:1,Epistles,New Testament,1 Corinthians,KJV
WORD,"brethren,",G80,12,1 Corinthians 12:1,Epistles,New Testament,1 Corinthians,KJV
PHRASE,I would,G2309,12,1 Corinthians 12:1,Epistles,New Testament,1 Corinthians,KJV
WORD,not,G3756,12,1 Corinthians 12:1,Epistles,New Testament,1 Corinthians,KJV
WORD,have,G2309,12,1 Corinthians 12:1,Epistles,New Testament,1 Corinthians,KJV
WORD,you,G5209,12,1 Corinthians 12:1,Epistles,New Testament,1 Corinthians,KJV
WORD,ignorant.,G50,12,1 Corinthians 12:1,Epistles,New Testament,1 Corinthians,KJV
PHRASE,Ye know,G1492,12,1 Corinthians 12:2,Epistles,New Testament,1 Corinthians,KJV
WORD,that,G3754,12,1 Corinthians 12:2,Epistles,New Testament,1 Corinthians,KJV
PHRASE,ye were,G2258,12,1 Corinthians 12:2,Epistles,New Testament,1 Corinthians,KJV
WORD,"Gentiles,",G1484,12,1 Corinthians 12:2,Epistles,New Testament,1 Corinthians,KJV
PHRASE,carried away,G520,12,1 Corinthians 12:2,Epistles,New Testament,1 Corinthians,KJV
WORD,unto,G4314,12,1 Corinthians 12:2,Epistles,New Testament,1 Corinthians,KJV
PHRASE,these dumb,G880,12,1 Corinthians 12:2,Epistles,New Testament,1 Corinthians,KJV
WORD,"idols,",G1497,12,1 Corinthians 12:2,Epistles,New Testament,1 Corinthians,KJV
PHRASE,even as,G5613,12,1 Corinthians 12:2,Epistles,New Testament,1 Corinthians,KJV
PHRASE,ye were led.,G71,12,1 Corinthians 12:2,Epistles,New Testament,1 Corinthians,KJV
WORD,Wherefore,G1352,12,1 Corinthians 12:3,Epistles,New Testament,1 Corinthians,KJV
PHRASE,I give,G1107,12,1 Corinthians 12:3,Epistles,New Testament,1 Corinthians,KJV
WORD,you,G5213,12,1 Corinthians 12:3,Epistles,New Testament,1 Corinthians,KJV
PHRASE,"to understand,",G1107,12,1 Corinthians 12:3,Epistles,New Testament,1 Corinthians,KJV
WORD,that,G3754,12,1 Corinthians 12:3,Epistles,New Testament,1 Corinthians,KJV
PHRASE,no man,G3762,12,1 Corinthians 12:3,Epistles,New Testament,1 Corinthians,KJV
WORD,speaking,G2980,12,1 Corinthians 12:3,Epistles,New Testament,1 Corinthians,KJV
WORD,by,G1722,12,1 Corinthians 12:3,Epistles,New Testament,1 Corinthians,KJV
PHRASE,the Spirit,G4151,12,1 Corinthians 12:3,Epistles,New Testament,1 Corinthians,KJV
PHRASE,of God,G2316,12,1 Corinthians 12:3,Epistles,New Testament,1 Corinthians,KJV
WORD,calleth,G3004,12,1 Corinthians 12:3,Epistles,New Testament,1 Corinthians,KJV
WORD,Jesus,G2424,12,1 Corinthians 12:3,Epistles,New Testament,1 Corinthians,KJV
WORD,accursed:,G331,12,1 Corinthians 12:3,Epistles,New Testament,1 Corinthians,KJV
WORD,and,G2532,12,1 Corinthians 12:3,Epistles,New Testament,1 Corinthians,KJV
WORD,[that],,12,1 Corinthians 12:3,Epistles,New Testament,1 Corinthians,KJV
PHRASE,no man,G3762,12,1 Corinthians 12:3,Epistles,New Testament,1 Corinthians,KJV
WORD,can,G1410,12,1 Corinthians 12:3,Epistles,New Testament,1 Corinthians,KJV
WORD,say,G2036,12,1 Corinthians 12:3,Epistles,New Testament,1 Corinthians,KJV
PHRASE,that Jesus,G2424,12,1 Corinthians 12:3,Epistles,New Testament,1 Corinthians,KJV
PHRASE,"is the Lord,",G2962,12,1 Corinthians 12:3,Epistles,New Testament,1 Corinthians,KJV
WORD,,G1487,12,1 Corinthians 12:3,Epistles,New Testament,1 Corinthians,KJV
WORD,but,G3361,12,1 Corinthians 12:3,Epistles,New Testament,1 Corinthians,KJV
WORD,by,G1722,12,1 Corinthians 12:3,Epistles,New Testament,1 Corinthians,KJV
PHRASE,the Holy,G40,12,1 Corinthians 12:3,Epistles,New Testament,1 Corinthians,KJV
WORD,Ghost.,G4151,12,1 Corinthians 12:3,Epistles,New Testament,1 Corinthians,KJV
WORD,Now,G1161,12,1 Corinthians 12:4,Epistles,New Testament,1 Corinthians,KJV
PHRASE,there are,G1526,12,1 Corinthians 12:4,Epistles,New Testament,1 Corinthians,KJV
WORD,diversities,G1243,12,1 Corinthians 12:4,Epistles,New Testament,1 Corinthians,KJV
PHRASE,"of gifts,",G5486,12,1 Corinthians 12:4,Epistles,New Testament,1 Corinthians,KJV
WORD,but,G1161,12,1 Corinthians 12:4,Epistles,New Testament,1 Corinthians,KJV
PHRASE,the same,G846,12,1 Corinthians 12:4,Epistles,New Testament,1 Corinthians,KJV
WORD,Spirit.,G4151,12,1 Corinthians 12:4,Epistles,New Testament,1 Corinthians,KJV
WORD,And,G2532,12,1 Corinthians 12:5,Epistles,New Testament,1 Corinthians,KJV
PHRASE,there are,G1526,12,1 Corinthians 12:5,Epistles,New Testament,1 Corinthians,KJV
WORD,differences,G1243,12,1 Corinthians 12:5,Epistles,New Testament,1 Corinthians,KJV
PHRASE,"of administrations,",G1248,12,1 Corinthians 12:5,Epistles,New Testament,1 Corinthians,KJV
WORD,but,G2532,12,1 Corinthians 12:5,Epistles,New Testament,1 Corinthians,KJV
WORD,the,G3588,12,1 Corinthians 12:5,Epistles,New Testament,1 Corinthians,KJV
WORD,same,G846,12,1 Corinthians 12:5,Epistles,New Testament,1 Corinthians,KJV
WORD,Lord.,G2962,12,1 Corinthians 12:5,Epistles,New Testament,1 Corinthians,KJV
WORD,And,G2532,12,1 Corinthians 12:6,Epistles,New Testament,1 Corinthians,KJV
PHRASE,there are,G1526,12,1 Corinthians 12:6,Epistles,New Testament,1 Corinthians,KJV
WORD,diversities,G1243,12,1 Corinthians 12:6,Epistles,New Testament,1 Corinthians,KJV
PHRASE,"of operations,",G1755,12,1 Corinthians 12:6,Epistles,New Testament,1 Corinthians,KJV
WORD,but,G1161,12,1 Corinthians 12:6,Epistles,New Testament,1 Corinthians,KJV
PHRASE,it is,G2076,12,1 Corinthians 12:6,Epistles,New Testament,1 Corinthians,KJV
PHRASE,the same,G846,12,1 Corinthians 12:6,Epistles,New Testament,1 Corinthians,KJV
WORD,God,G2316,12,1 Corinthians 12:6,Epistles,New Testament,1 Corinthians,KJV
WORD,which,G3588,12,1 Corinthians 12:6,Epistles,New Testament,1 Corinthians,KJV
WORD,worketh,G1754,12,1 Corinthians 12:6,Epistles,New Testament,1 Corinthians,KJV
WORD,all,G3956,12,1 Corinthians 12:6,Epistles,New Testament,1 Corinthians,KJV
WORD,in,G1722,12,1 Corinthians 12:6,Epistles,New Testament,1 Corinthians,KJV
WORD,all.,G3956,12,1 Corinthians 12:6,Epistles,New Testament,1 Corinthians,KJV
WORD,But,G1161,12,1 Corinthians 12:7,Epistles,New Testament,1 Corinthians,KJV
WORD,the,G3588,12,1 Corinthians 12:7,Epistles,New Testament,1 Corinthians,KJV
WORD,manifestation,G5321,12,1 Corinthians 12:7,Epistles,New Testament,1 Corinthians,KJV
PHRASE,of the,G3588,12,1 Corinthians 12:7,Epistles,New Testament,1 Corinthians,KJV
WORD,Spirit,G4151,12,1 Corinthians 12:7,Epistles,New Testament,1 Corinthians,KJV
PHRASE,is given,G1325,12,1 Corinthians 12:7,Epistles,New Testament,1 Corinthians,KJV
PHRASE,to every man,G1538,12,1 Corinthians 12:7,Epistles,New Testament,1 Corinthians,KJV
WORD,to,G4314,12,1 Corinthians 12:7,Epistles,New Testament,1 Corinthians,KJV
PHRASE,profit withal.,G4851,12,1 Corinthians 12:7,Epistles,New Testament,1 Corinthians,KJV
WORD,For,G1063,12,1 Corinthians 12:8,Epistles,New Testament,1 Corinthians,KJV
PHRASE,to one,G3739,12,1 Corinthians 12:8,Epistles,New Testament,1 Corinthians,KJV
PHRASE,is given,G1325,12,1 Corinthians 12:8,Epistles,New Testament,1 Corinthians,KJV
WORD,by,G1223,12,1 Corinthians 12:8,Epistles,New Testament,1 Corinthians,KJV
WORD,the,G3588,12,1 Corinthians 12:8,Epistles,New Testament,1 Corinthians,KJV
WORD,Spirit,G4151,12,1 Corinthians 12:8,Epistles,New Testament,1 Corinthians,KJV
PHRASE,the word,G3056,12,1 Corinthians 12:8,Epistles,New Testament,1 Corinthians,KJV
PHRASE,of wisdom;,G4678,12,1 Corinthians 12:8,Epistles,New Testament,1 Corinthians,KJV
PHRASE,to another,G243,12,1 Corinthians 12:8,Epistles,New Testament,1 Corinthians,KJV
PHRASE,the word,G3056,12,1 Corinthians 12:8,Epistles,New Testament,1 Corinthians,KJV
PHRASE,of knowledge,G1108,12,1 Corinthians 12:8,Epistles,New Testament,1 Corinthians,KJV
WORD,by,G2596,12,1 Corinthians 12:8,Epistles,New Testament,1 Corinthians,KJV
WORD,the,G3588,12,1 Corinthians 12:8,Epistles,New Testament,1 Corinthians,KJV
WORD,same,G846,12,1 Corinthians 12:8,Epistles,New Testament,1 Corinthians,KJV
WORD,Spirit;,G4151,12,1 Corinthians 12:8,Epistles,New Testament,1 Corinthians,KJV
PHRASE,To another,G2087,12,1 Corinthians 12:9,Epistles,New Testament,1 Corinthians,KJV
WORD,faith,G4102,12,1 Corinthians 12:9,Epistles,New Testament,1 Corinthians,KJV
WORD,by,G1722,12,1 Corinthians 12:9,Epistles,New Testament,1 Corinthians,KJV
WORD,the,G3588,12,1 Corinthians 12:9,Epistles,New Testament,1 Corinthians,KJV
WORD,same,G846,12,1 Corinthians 12:9,Epistles,New Testament,1 Corinthians,KJV
WORD,Spirit;,G4151,12,1 Corinthians 12:9,Epistles,New Testament,1 Corinthians,KJV
PHRASE,to another,G243,12,1 Corinthians 12:9,Epistles,New Testament,1 Corinthians,KJV
PHRASE,the gifts,G5486,12,1 Corinthians 12:9,Epistles,New Testament,1 Corinthians,KJV
PHRASE,of healing,G2386,12,1 Corinthians 12:9,Epistles,New Testament,1 Corinthians,KJV
WORD,by,G1722,12,1 Corinthians 12:9,Epistles,New Testament,1 Corinthians,KJV
WORD,the,G3588,12,1 Corinthians 12:9,Epistles,New Testament,1 Corinthians,KJV
WORD,same,G846,12,1 Corinthians 12:9,Epistles,New Testament,1 Corinthians,KJV
WORD,Spirit;,G4151,12,1 Corinthians 12:9,Epistles,New Testament,1 Corinthians,KJV
PHRASE,To another,G243,12,1 Corinthians 12:10,Epistles,New Testament,1 Corinthians,KJV
PHRASE,the working,G1755,12,1 Corinthians 12:10,Epistles,New Testament,1 Corinthians,KJV
PHRASE,of miracles;,G1411,12,1 Corinthians 12:10,Epistles,New Testament,1 Corinthians,KJV
PHRASE,to another,G243,12,1 Corinthians 12:10,Epistles,New Testament,1 Corinthians,KJV
WORD,prophecy;,G4394,12,1 Corinthians 12:10,Epistles,New Testament,1 Corinthians,KJV
PHRASE,to another,G243,12,1 Corinthians 12:10,Epistles,New Testament,1 Corinthians,KJV
WORD,discerning,G1253,12,1 Corinthians 12:10,Epistles,New Testament,1 Corinthians,KJV
PHRASE,of spirits;,G4151,12,1 Corinthians 12:10,Epistles,New Testament,1 Corinthians,KJV
PHRASE,to another,G2087,12,1 Corinthians 12:10,Epistles,New Testament,1 Corinthians,KJV
WORD,[divers],,12,1 Corinthians 12:10,Epistles,New Testament,1 Corinthians,KJV
WORD,kinds,G1085,12,1 Corinthians 12:10,Epistles,New Testament,1 Corinthians,KJV
PHRASE,of tongues;,G1100,12,1 Corinthians 12:10,Epistles,New Testament,1 Corinthians,KJV
PHRASE,to another,G243,12,1 Corinthians 12:10,Epistles,New Testament,1 Corinthians,KJV
PHRASE,the interpretation,G2058,12,1 Corinthians 12:10,Epistles,New Testament,1 Corinthians,KJV
PHRASE,of tongues:,G1100,12,1 Corinthians 12:10,Epistles,New Testament,1 Corinthians,KJV
WORD,But,G1161,12,1 Corinthians 12:11,Epistles,New Testament,1 Corinthians,KJV
WORD,all,G3956,12,1 Corinthians 12:11,Epistles,New Testament,1 Corinthians,KJV
WORD,these,G5023,12,1 Corinthians 12:11,Epistles,New Testament,1 Corinthians,KJV
WORD,worketh,G1754,12,1 Corinthians 12:11,Epistles,New Testament,1 Corinthians,KJV
PHRASE,that one,G1520,12,1 Corinthians 12:11,Epistles,New Testament,1 Corinthians,KJV
WORD,and,G2532,12,1 Corinthians 12:11,Epistles,New Testament,1 Corinthians,KJV
WORD,the,G3588,12,1 Corinthians 12:11,Epistles,New Testament,1 Corinthians,KJV
WORD,selfsame,G846,12,1 Corinthians 12:11,Epistles,New Testament,1 Corinthians,KJV
WORD,"Spirit,",G4151,12,1 Corinthians 12:11,Epistles,New Testament,1 Corinthians,KJV
WORD,dividing,G1244,12,1 Corinthians 12:11,Epistles,New Testament,1 Corinthians,KJV
PHRASE,to every man,G1538,12,1 Corinthians 12:11,Epistles,New Testament,1 Corinthians,KJV
WORD,severally,G2398,12,1 Corinthians 12:11,Epistles,New Testament,1 Corinthians,KJV
WORD,as,G2531,12,1 Corinthians 12:11,Epistles,New Testament,1 Corinthians,KJV
PHRASE,he will.,G1014,12,1 Corinthians 12:11,Epistles,New Testament,1 Corinthians,KJV
WORD,For,G1063,12,1 Corinthians 12:12,Epistles,New Testament,1 Corinthians,KJV
WORD,as,G2509,12,1 Corinthians 12:12,Epistles,New Testament,1 Corinthians,KJV
WORD,the,G3588,12,1 Corinthians 12:12,Epistles,New Testament,1 Corinthians,KJV
WORD,body,G4983,12,1 Corinthians 12:12,Epistles,New Testament,1 Corinthians,KJV
WORD,is,G2076,12,1 Corinthians 12:12,Epistles,New Testament,1 Corinthians,KJV
WORD,"one,",G1520,12,1 Corinthians 12:12,Epistles,New Testament,1 Corinthians,KJV
WORD,and,G2532,12,1 Corinthians 12:12,Epistles,New Testament,1 Corinthians,KJV
WORD,hath,G2192,12,1 Corinthians 12:12,Epistles,New Testament,1 Corinthians,KJV
WORD,many,G4183,12,1 Corinthians 12:12,Epistles,New Testament,1 Corinthians,KJV
WORD,"members,",G3196,12,1 Corinthians 12:12,Epistles,New Testament,1 Corinthians,KJV
WORD,and,G1161,12,1 Corinthians 12:12,Epistles,New Testament,1 Corinthians,KJV
WORD,all,G3956,12,1 Corinthians 12:12,Epistles,New Testament,1 Corinthians,KJV
WORD,the,G3588,12,1 Corinthians 12:12,Epistles,New Testament,1 Corinthians,KJV
WORD,members,G3196,12,1 Corinthians 12:12,Epistles,New Testament,1 Corinthians,KJV
PHRASE,of that one,G1520,12,1 Corinthians 12:12,Epistles,New Testament,1 Corinthians,KJV
WORD,"body,",G4983,12,1 Corinthians 12:12,Epistles,New Testament,1 Corinthians,KJV
WORD,being,G5607,12,1 Corinthians 12:12,Epistles,New Testament,1 Corinthians,KJV
WORD,"many,",G4183,12,1 Corinthians 12:12,Epistles,New Testament,1 Corinthians,KJV
WORD,are,G2076,12,1 Corinthians 12:12,Epistles,New Testament,1 Corinthians,KJV
WORD,one,G1520,12,1 Corinthians 12:12,Epistles,New Testament,1 Corinthians,KJV
WORD,body:,G4983,12,1 Corinthians 12:12,Epistles,New Testament,1 Corinthians,KJV
WORD,so,G3779,12,1 Corinthians 12:12,Epistles,New Testament,1 Corinthians,KJV
WORD,also,G2532,12,1 Corinthians 12:12,Epistles,New Testament,1 Corinthians,KJV
WORD,[is],,12,1 Corinthians 12:12,Epistles,New Testament,1 Corinthians,KJV
WORD,Christ.,G5547,12,1 Corinthians 12:12,Epistles,New Testament,1 Corinthians,KJV
WORD,For,G1063,12,1 Corinthians 12:13,Epistles,New Testament,1 Corinthians,KJV
WORD,by,G1722,12,1 Corinthians 12:13,Epistles,New Testament,1 Corinthians,KJV
WORD,one,G1520,12,1 Corinthians 12:13,Epistles,New Testament,1 Corinthians,KJV
WORD,Spirit,G4151,12,1 Corinthians 12:13,Epistles,New Testament,1 Corinthians,KJV
WORD,are,G907,12,1 Corinthians 12:13,Epistles,New Testament,1 Corinthians,KJV
WORD,we,G2249,12,1 Corinthians 12:13,Epistles,New Testament,1 Corinthians,KJV
WORD,all,G3956,12,1 Corinthians 12:13,Epistles,New Testament,1 Corinthians,KJV
WORD,baptized,G907,12,1 Corinthians 12:13,Epistles,New Testament,1 Corinthians,KJV
WORD,into,G1519,12,1 Corinthians 12:13,Epistles,New Testament,1 Corinthians,KJV
WORD,one,G1520,12,1 Corinthians 12:13,Epistles,New Testament,1 Corinthians,KJV
WORD,"body,",G4983,12,1 Corinthians 12:13,Epistles,New Testament,1 Corinthians,KJV
WORD,whether,G1535,12,1 Corinthians 12:13,Epistles,New Testament,1 Corinthians,KJV
PHRASE,[we be],,12,1 Corinthians 12:13,Epistles,New Testament,1 Corinthians,KJV
WORD,Jews,G2453,12,1 Corinthians 12:13,Epistles,New Testament,1 Corinthians,KJV
WORD,or,G1535,12,1 Corinthians 12:13,Epistles,New Testament,1 Corinthians,KJV
WORD,"Gentiles,",G1672,12,1 Corinthians 12:13,Epistles,New Testament,1 Corinthians,KJV
WORD,whether,G1535,12,1 Corinthians 12:13,Epistles,New Testament,1 Corinthians,KJV
PHRASE,[we be],,12,1 Corinthians 12:13,Epistles,New Testament,1 Corinthians,KJV
WORD,bond,G1401,12,1 Corinthians 12:13,Epistles,New Testament,1 Corinthians,KJV
WORD,or,G1535,12,1 Corinthians 12:13,Epistles,New Testament,1 Corinthians,KJV
WORD,free;,G1658,12,1 Corinthians 12:13,Epistles,New Testament,1 Corinthians,KJV
WORD,and,G2532,12,1 Corinthians 12:13,Epistles,New Testament,1 Corinthians,KJV
PHRASE,have been,G4222,12,1 Corinthians 12:13,Epistles,New Testament,1 Corinthians,KJV
WORD,all,G3956,12,1 Corinthians 12:13,Epistles,New Testament,1 Corinthians,KJV
PHRASE,made to drink,G4222,12,1 Corinthians 12:13,Epistles,New Testament,1 Corinthians,KJV
WORD,into,G1519,12,1 Corinthians 12:13,Epistles,New Testament,1 Corinthians,KJV
WORD,one,G1520,12,1 Corinthians 12:13,Epistles,New Testament,1 Corinthians,KJV
WORD,Spirit.,G4151,12,1 Corinthians 12:13,Epistles,New Testament,1 Corinthians,KJV
WORD,For,G1063,12,1 Corinthians 12:14,Epistles,New Testament,1 Corinthians,KJV
WORD,the,G3588,12,1 Corinthians 12:14,Epistles,New Testament,1 Corinthians,KJV
WORD,body,G4983,12,1 Corinthians 12:14,Epistles,New Testament,1 Corinthians,KJV
WORD,is,G2076,12,1 Corinthians 12:14,Epistles,New Testament,1 Corinthians,KJV
WORD,not,G3756,12,1 Corinthians 12:14,Epistles,New Testament,1 Corinthians,KJV
WORD,one,G1520,12,1 Corinthians 12:14,Epistles,New Testament,1 Corinthians,KJV
WORD,"member,",G3196,12,1 Corinthians 12:14,Epistles,New Testament,1 Corinthians,KJV
WORD,but,G235,12,1 Corinthians 12:14,Epistles,New Testament,1 Corinthians,KJV
WORD,many.,G4183,12,1 Corinthians 12:14,Epistles,New Testament,1 Corinthians,KJV
WORD,If,G1437,12,1 Corinthians 12:15,Epistles,New Testament,1 Corinthians,KJV
WORD,the,G3588,12,1 Corinthians 12:15,Epistles,New Testament,1 Corinthians,KJV
WORD,foot,G4228,12,1 Corinthians 12:15,Epistles,New Testament,1 Corinthians,KJV
PHRASE,"shall say,",G2036,12,1 Corinthians 12:15,Epistles,New Testament,1 Corinthians,KJV
WORD,Because,G3754,12,1 Corinthians 12:15,Epistles,New Testament,1 Corinthians,KJV
PHRASE,I am,G1510,12,1 Corinthians 12:15,Epistles,New Testament,1 Corinthians,KJV
WORD,not,G3756,12,1 Corinthians 12:15,Epistles,New Testament,1 Corinthians,KJV
PHRASE,"the hand,",G5495,12,1 Corinthians 12:15,Epistles,New Testament,1 Corinthians,KJV
PHRASE,I am,G1510,12,1 Corinthians 12:15,Epistles,New Testament,1 Corinthians,KJV
WORD,not,G3756,12,1 Corinthians 12:15,Epistles,New Testament,1 Corinthians,KJV
WORD,of,G1537,12,1 Corinthians 12:15,Epistles,New Testament,1 Corinthians,KJV
WORD,the,G3588,12,1 Corinthians 12:15,Epistles,New Testament,1 Corinthians,KJV
WORD,body;,G4983,12,1 Corinthians 12:15,Epistles,New Testament,1 Corinthians,KJV
WORD,is,G2076,12,1 Corinthians 12:15,Epistles,New Testament,1 Corinthians,KJV
WORD,it,G5124,12,1 Corinthians 12:15,Epistles,New Testament,1 Corinthians,KJV
WORD,therefore,G3844,12,1 Corinthians 12:15,Epistles,New Testament,1 Corinthians,KJV
WORD,not,G3756,12,1 Corinthians 12:15,Epistles,New Testament,1 Corinthians,KJV
WORD,of,G1537,12,1 Corinthians 12:15,Epistles,New Testament,1 Corinthians,KJV
WORD,the,G3588,12,1 Corinthians 12:15,Epistles,New Testament,1 Corinthians,KJV
WORD,body?,G4983,12,1 Corinthians 12:15,Epistles,New Testament,1 Corinthians,KJV
WORD,And,G2532,12,1 Corinthians 12:16,Epistles,New Testament,1 Corinthians,KJV
WORD,if,G1437,12,1 Corinthians 12:16,Epistles,New Testament,1 Corinthians,KJV
WORD,the,G3588,12,1 Corinthians 12:16,Epistles,New Testament,1 Corinthians,KJV
WORD,ear,G3775,12,1 Corinthians 12:16,Epistles,New Testament,1 Corinthians,KJV
PHRASE,"shall say,",G2036,12,1 Corinthians 12:16,Epistles,New Testament,1 Corinthians,KJV
WORD,Because,G3754,12,1 Corinthians 12:16,Epistles,New Testament,1 Corinthians,KJV
PHRASE,I am,G1510,12,1 Corinthians 12:16,Epistles,New Testament,1 Corinthians,KJV
WORD,not,G3756,12,1 Corinthians 12:16,Epistles,New Testament,1 Corinthians,KJV
PHRASE,"the eye,",G3788,12,1 Corinthians 12:16,Epistles,New Testament,1 Corinthians,KJV
PHRASE,I am,G1510,12,1 Corinthians 12:16,Epistles,New Testament,1 Corinthians,KJV
WORD,not,G3756,12,1 Corinthians 12:16,Epistles,New Testament,1 Corinthians,KJV
WORD,of,G1537,12,1 Corinthians 12:16,Epistles,New Testament,1 Corinthians,KJV
WORD,the,G3588,12,1 Corinthians 12:16,Epistles,New Testament,1 Corinthians,KJV
WORD,body;,G4983,12,1 Corinthians 12:16,Epistles,New Testament,1 Corinthians,KJV
WORD,is,G2076,12,1 Corinthians 12:16,Epistles,New Testament,1 Corinthians,KJV
WORD,it,G5124,12,1 Corinthians 12:16,Epistles,New Testament,1 Corinthians,KJV
WORD,therefore,G3844,12,1 Corinthians 12:16,Epistles,New Testament,1 Corinthians,KJV
WORD,not,G3756,12,1 Corinthians 12:16,Epistles,New Testament,1 Corinthians,KJV
WORD,of,G1537,12,1 Corinthians 12:16,Epistles,New Testament,1 Corinthians,KJV
WORD,the,G3588,12,1 Corinthians 12:16,Epistles,New Testament,1 Corinthians,KJV
WORD,body?,G4983,12,1 Corinthians 12:16,Epistles,New Testament,1 Corinthians,KJV
WORD,If,G1487,12,1 Corinthians 12:17,Epistles,New Testament,1 Corinthians,KJV
WORD,the,G3588,12,1 Corinthians 12:17,Epistles,New Testament,1 Corinthians,KJV
WORD,whole,G3650,12,1 Corinthians 12:17,Epistles,New Testament,1 Corinthians,KJV
WORD,body,G4983,12,1 Corinthians 12:17,Epistles,New Testament,1 Corinthians,KJV
WORD,[were],,12,1 Corinthians 12:17,Epistles,New Testament,1 Corinthians,KJV
PHRASE,"an eye,",G3788,12,1 Corinthians 12:17,Epistles,New Testament,1 Corinthians,KJV
WORD,where,G4226,12,1 Corinthians 12:17,Epistles,New Testament,1 Corinthians,KJV
WORD,[were],,12,1 Corinthians 12:17,Epistles,New Testament,1 Corinthians,KJV
WORD,the,G3588,12,1 Corinthians 12:17,Epistles,New Testament,1 Corinthians,KJV
WORD,hearing?,G189,12,1 Corinthians 12:17,Epistles,New Testament,1 Corinthians,KJV
WORD,If,G1487,12,1 Corinthians 12:17,Epistles,New Testament,1 Corinthians,KJV
PHRASE,the whole,G3650,12,1 Corinthians 12:17,Epistles,New Testament,1 Corinthians,KJV
WORD,[were],,12,1 Corinthians 12:17,Epistles,New Testament,1 Corinthians,KJV
WORD,"hearing,",G189,12,1 Corinthians 12:17,Epistles,New Testament,1 Corinthians,KJV
WORD,where,G4226,12,1 Corinthians 12:17,Epistles,New Testament,1 Corinthians,KJV
WORD,[were],,12,1 Corinthians 12:17,Epistles,New Testament,1 Corinthians,KJV
WORD,the,G3588,12,1 Corinthians 12:17,Epistles,New Testament,1 Corinthians,KJV
WORD,smelling?,G3750,12,1 Corinthians 12:17,Epistles,New Testament,1 Corinthians,KJV
WORD,But,G1161,12,1 Corinthians 12:18,Epistles,New Testament,1 Corinthians,KJV
WORD,now,G3570,12,1 Corinthians 12:18,Epistles,New Testament,1 Corinthians,KJV
WORD,hath,G5087,12,1 Corinthians 12:18,Epistles,New Testament,1 Corinthians,KJV
WORD,God,G2316,12,1 Corinthians 12:18,Epistles,New Testament,1 Corinthians,KJV
WORD,set,G5087,12,1 Corinthians 12:18,Epistles,New Testament,1 Corinthians,KJV
WORD,the,G3588,12,1 Corinthians 12:18,Epistles,New Testament,1 Corinthians,KJV
WORD,members,G3196,12,1 Corinthians 12:18,Epistles,New Testament,1 Corinthians,KJV
WORD,every,G1538,12,1 Corinthians 12:18,Epistles,New Testament,1 Corinthians,KJV
WORD,one,G1520,12,1 Corinthians 12:18,Epistles,New Testament,1 Corinthians,KJV
PHRASE,of them,G846,12,1 Corinthians 12:18,Epistles,New Testament,1 Corinthians,KJV
WORD,in,G1722,12,1 Corinthians 12:18,Epistles,New Testament,1 Corinthians,KJV
WORD,the,G3588,12,1 Corinthians 12:18,Epistles,New Testament,1 Corinthians,KJV
WORD,"body,",G4983,12,1 Corinthians 12:18,Epistles,New Testament,1 Corinthians,KJV
WORD,as,G2531,12,1 Corinthians 12:18,Epistles,New Testament,1 Corinthians,KJV
PHRASE,it hath pleased him.,G2309,12,1 Corinthians 12:18,Epistles,New Testament,1 Corinthians,KJV
WORD,And,G1161,12,1 Corinthians 12:19,Epistles,New Testament,1 Corinthians,KJV
WORD,if,G1487,12,1 Corinthians 12:19,Epistles,New Testament,1 Corinthians,KJV
PHRASE,they were,G2258,12,1 Corinthians 12:19,Epistles,New Testament,1 Corinthians,KJV
WORD,all,G3956,12,1 Corinthians 12:19,Epistles,New Testament,1 Corinthians,KJV
WORD,one,G1520,12,1 Corinthians 12:19,Epistles,New Testament,1 Corinthians,KJV
WORD,"member,",G3196,12,1 Corinthians 12:19,Epistles,New Testament,1 Corinthians,KJV
WORD,where,G4226,12,1 Corinthians 12:19,Epistles,New Testament,1 Corinthians,KJV
WORD,[were],,12,1 Corinthians 12:19,Epistles,New Testament,1 Corinthians,KJV
WORD,the,G3588,12,1 Corinthians 12:19,Epistles,New Testament,1 Corinthians,KJV
WORD,body?,G4983,12,1 Corinthians 12:19,Epistles,New Testament,1 Corinthians,KJV
WORD,But,G1161,12,1 Corinthians 12:20,Epistles,New Testament,1 Corinthians,KJV
WORD,now,G3568,12,1 Corinthians 12:20,Epistles,New Testament,1 Corinthians,KJV
PHRASE,[are they],,12,1 Corinthians 12:20,Epistles,New Testament,1 Corinthians,KJV
WORD,many,G4183,12,1 Corinthians 12:20,Epistles,New Testament,1 Corinthians,KJV
WORD,"members,",G3196,12,1 Corinthians 12:20,Epistles,New Testament,1 Corinthians,KJV
PHRASE,yet but,G1161,12,1 Corinthians 12:20,Epistles,New Testament,1 Corinthians,KJV
WORD,one,G1520,12,1 Corinthians 12:20,Epistles,New Testament,1 Corinthians,KJV
WORD,body.,G4983,12,1 Corinthians 12:20,Epistles,New Testament,1 Corinthians,KJV
WORD,And,G1161,12,1 Corinthians 12:21,Epistles,New Testament,1 Corinthians,KJV
PHRASE,the eye,G3788,12,1 Corinthians 12:21,Epistles,New Testament,1 Corinthians,KJV
WORD,,G3756,12,1 Corinthians 12:21,Epistles,New Testament,1 Corinthians,KJV
WORD,cannot,G1410,12,1 Corinthians 12:21,Epistles,New Testament,1 Corinthians,KJV
WORD,say,G2036,12,1 Corinthians 12:21,Epistles,New Testament,1 Corinthians,KJV
PHRASE,unto the,G3588,12,1 Corinthians 12:21,Epistles,New Testament,1 Corinthians,KJV
WORD,"hand,",G5495,12,1 Corinthians 12:21,Epistles,New Testament,1 Corinthians,KJV
PHRASE,I have,G2192,12,1 Corinthians 12:21,Epistles,New Testament,1 Corinthians,KJV
WORD,no,G3756,12,1 Corinthians 12:21,Epistles,New Testament,1 Corinthians,KJV
WORD,need,G5532,12,1 Corinthians 12:21,Epistles,New Testament,1 Corinthians,KJV
PHRASE,of thee:,G4675,12,1 Corinthians 12:21,Epistles,New Testament,1 Corinthians,KJV
WORD,nor,G2228,12,1 Corinthians 12:21,Epistles,New Testament,1 Corinthians,KJV
WORD,again,G3825,12,1 Corinthians 12:21,Epistles,New Testament,1 Corinthians,KJV
WORD,the,G3588,12,1 Corinthians 12:21,Epistles,New Testament,1 Corinthians,KJV
WORD,head,G2776,12,1 Corinthians 12:21,Epistles,New Testament,1 Corinthians,KJV
PHRASE,to the,G3588,12,1 Corinthians 12:21,Epistles,New Testament,1 Corinthians,KJV
WORD,"feet,",G4228,12,1 Corinthians 12:21,Epistles,New Testament,1 Corinthians,KJV
PHRASE,I have,G2192,12,1 Corinthians 12:21,Epistles,New Testament,1 Corinthians,KJV
WORD,no,G3756,12,1 Corinthians 12:21,Epistles,New Testament,1 Corinthians,KJV
WORD,need,G5532,12,1 Corinthians 12:21,Epistles,New Testament,1 Corinthians,KJV
PHRASE,of you.,G5216,12,1 Corinthians 12:21,Epistles,New Testament,1 Corinthians,KJV
WORD,"Nay,",G235,12,1 Corinthians 12:22,Epistles,New Testament,1 Corinthians,KJV
WORD,much,G4183,12,1 Corinthians 12:22,Epistles,New Testament,1 Corinthians,KJV
WORD,more,G3123,12,1 Corinthians 12:22,Epistles,New Testament,1 Corinthians,KJV
PHRASE,those members,G3196,12,1 Corinthians 12:22,Epistles,New Testament,1 Corinthians,KJV
PHRASE,of the,G3588,12,1 Corinthians 12:22,Epistles,New Testament,1 Corinthians,KJV
WORD,"body,",G4983,12,1 Corinthians 12:22,Epistles,New Testament,1 Corinthians,KJV
WORD,which,G3588,12,1 Corinthians 12:22,Epistles,New Testament,1 Corinthians,KJV
WORD,seem,G1380,12,1 Corinthians 12:22,Epistles,New Testament,1 Corinthians,KJV
PHRASE,to be,G5225,12,1 Corinthians 12:22,Epistles,New Testament,1 Corinthians,KJV
PHRASE,"more feeble,",G772,12,1 Corinthians 12:22,Epistles,New Testament,1 Corinthians,KJV
WORD,are,G2076,12,1 Corinthians 12:22,Epistles,New Testament,1 Corinthians,KJV
WORD,necessary:,G316,12,1 Corinthians 12:22,Epistles,New Testament,1 Corinthians,KJV
WORD,And,G2532,12,1 Corinthians 12:23,Epistles,New Testament,1 Corinthians,KJV
WORD,those,G3739,12,1 Corinthians 12:23,Epistles,New Testament,1 Corinthians,KJV
WORD,[members],,12,1 Corinthians 12:23,Epistles,New Testament,1 Corinthians,KJV
PHRASE,of the,G3588,12,1 Corinthians 12:23,Epistles,New Testament,1 Corinthians,KJV
WORD,"body,",G4983,12,1 Corinthians 12:23,Epistles,New Testament,1 Corinthians,KJV
PHRASE,which we think,G1380,12,1 Corinthians 12:23,Epistles,New Testament,1 Corinthians,KJV
PHRASE,to be,G1511,12,1 Corinthians 12:23,Epistles,New Testament,1 Corinthians,KJV
PHRASE,"less honourable,",G820,12,1 Corinthians 12:23,Epistles,New Testament,1 Corinthians,KJV
PHRASE,upon these,G5125,12,1 Corinthians 12:23,Epistles,New Testament,1 Corinthians,KJV
PHRASE,we bestow,G4060,12,1 Corinthians 12:23,Epistles,New Testament,1 Corinthians,KJV
PHRASE,more abundant,G4053,12,1 Corinthians 12:23,Epistles,New Testament,1 Corinthians,KJV
WORD,honour;,G5092,12,1 Corinthians 12:23,Epistles,New Testament,1 Corinthians,KJV
WORD,and,G2532,12,1 Corinthians 12:23,Epistles,New Testament,1 Corinthians,KJV
WORD,our,G2257,12,1 Corinthians 12:23,Epistles,New Testament,1 Corinthians,KJV
WORD,uncomely,G809,12,1 Corinthians 12:23,Epistles,New Testament,1 Corinthians,KJV
WORD,[parts],,12,1 Corinthians 12:23,Epistles,New Testament,1 Corinthians,KJV
WORD,have,G2192,12,1 Corinthians 12:23,Epistles,New Testament,1 Corinthians,KJV
PHRASE,more abundant,G4053,12,1 Corinthians 12:23,Epistles,New Testament,1 Corinthians,KJV
WORD,comeliness.,G2157,12,1 Corinthians 12:23,Epistles,New Testament,1 Corinthians,KJV
WORD,For,G1161,12,1 Corinthians 12:24,Epistles,New Testament,1 Corinthians,KJV
WORD,our,G2257,12,1 Corinthians 12:24,Epistles,New Testament,1 Corinthians,KJV
WORD,comely,G2158,12,1 Corinthians 12:24,Epistles,New Testament,1 Corinthians,KJV
WORD,[parts],,12,1 Corinthians 12:24,Epistles,New Testament,1 Corinthians,KJV
WORD,have,G2192,12,1 Corinthians 12:24,Epistles,New Testament,1 Corinthians,KJV
WORD,no,G3756,12,1 Corinthians 12:24,Epistles,New Testament,1 Corinthians,KJV
WORD,need:,G5532,12,1 Corinthians 12:24,Epistles,New Testament,1 Corinthians,KJV
WORD,but,G235,12,1 Corinthians 12:24,Epistles,New Testament,1 Corinthians,KJV
WORD,God,G2316,12,1 Corinthians 12:24,Epistles,New Testament,1 Corinthians,KJV
PHRASE,hath tempered,G4786,12,1 Corinthians 12:24,Epistles,New Testament,1 Corinthians,KJV
WORD,the,G3588,12,1 Corinthians 12:24,Epistles,New Testament,1 Corinthians,KJV
WORD,body,G4983,12,1 Corinthians 12:24,Epistles,New Testament,1 Corinthians,KJV
WORD,"together,",G4786,12,1 Corinthians 12:24,Epistles,New Testament,1 Corinthians,KJV
PHRASE,having given,G1325,12,1 Corinthians 12:24,Epistles,New Testament,1 Corinthians,KJV
PHRASE,more abundant,G4053,12,1 Corinthians 12:24,Epistles,New Testament,1 Corinthians,KJV
WORD,honour,G5092,12,1 Corinthians 12:24,Epistles,New Testament,1 Corinthians,KJV
PHRASE,to that [part] which lacked:,G5302,12,1 Corinthians 12:24,Epistles,New Testament,1 Corinthians,KJV
WORD,That,G2443,12,1 Corinthians 12:25,Epistles,New Testament,1 Corinthians,KJV
PHRASE,there should be,G5600,12,1 Corinthians 12:25,Epistles,New Testament,1 Corinthians,KJV
WORD,no,G3361,12,1 Corinthians 12:25,Epistles,New Testament,1 Corinthians,KJV
WORD,schism,G4978,12,1 Corinthians 12:25,Epistles,New Testament,1 Corinthians,KJV
WORD,in,G1722,12,1 Corinthians 12:25,Epistles,New Testament,1 Corinthians,KJV
WORD,the,G3588,12,1 Corinthians 12:25,Epistles,New Testament,1 Corinthians,KJV
WORD,body;,G4983,12,1 Corinthians 12:25,Epistles,New Testament,1 Corinthians,KJV
WORD,but,G235,12,1 Corinthians 12:25,Epistles,New Testament,1 Corinthians,KJV
WORD,[that],,12,1 Corinthians 12:25,Epistles,New Testament,1 Corinthians,KJV
WORD,the,G3588,12,1 Corinthians 12:25,Epistles,New Testament,1 Corinthians,KJV
WORD,members,G3196,12,1 Corinthians 12:25,Epistles,New Testament,1 Corinthians,KJV
PHRASE,should have,G3309,12,1 Corinthians 12:25,Epistles,New Testament,1 Corinthians,KJV
WORD,the,G3588,12,1 Corinthians 12:25,Epistles,New Testament,1 Corinthians,KJV
WORD,same,G846,12,1 Corinthians 12:25,Epistles,New Testament,1 Corinthians,KJV
WORD,care,G3309,12,1 Corinthians 12:25,Epistles,New Testament,1 Corinthians,KJV
PHRASE,one for,G5228,12,1 Corinthians 12:25,Epistles,New Testament,1 Corinthians,KJV
WORD,another.,G240,12,1 Corinthians 12:25,Epistles,New Testament,1 Corinthians,KJV
WORD,And,G2532,12,1 Corinthians 12:26,Epistles,New Testament,1 Corinthians,KJV
WORD,whether,G1535,12,1 Corinthians 12:26,Epistles,New Testament,1 Corinthians,KJV
WORD,one,G1520,12,1 Corinthians 12:26,Epistles,New Testament,1 Corinthians,KJV
WORD,member,G3196,12,1 Corinthians 12:26,Epistles,New Testament,1 Corinthians,KJV
WORD,"suffer,",G3958,12,1 Corinthians 12:26,Epistles,New Testament,1 Corinthians,KJV
WORD,all,G3956,12,1 Corinthians 12:26,Epistles,New Testament,1 Corinthians,KJV
WORD,the,G3588,12,1 Corinthians 12:26,Epistles,New Testament,1 Corinthians,KJV
WORD,members,G3196,12,1 Corinthians 12:26,Epistles,New Testament,1 Corinthians,KJV
PHRASE,suffer with it;,G4841,12,1 Corinthians 12:26,Epistles,New Testament,1 Corinthians,KJV
WORD,or,G1535,12,1 Corinthians 12:26,Epistles,New Testament,1 Corinthians,KJV
WORD,one,G1520,12,1 Corinthians 12:26,Epistles,New Testament,1 Corinthians,KJV
WORD,member,G3196,12,1 Corinthians 12:26,Epistles,New Testament,1 Corinthians,KJV
PHRASE,"be honoured,",G1392,12,1 Corinthians 12:26,Epistles,New Testament,1 Corinthians,KJV
WORD,all,G3956,12,1 Corinthians 12:26,Epistles,New Testament,1 Corinthians,KJV
WORD,the,G3588,12,1 Corinthians 12:26,Epistles,New Testament,1 Corinthians,KJV
WORD,members,G3196,12,1 Corinthians 12:26,Epistles,New Testament,1 Corinthians,KJV
PHRASE,rejoice with it.,G4796,12,1 Corinthians 12:26,Epistles,New Testament,1 Corinthians,KJV
WORD,Now,G1161,12,1 Corinthians 12:27,Epistles,New Testament,1 Corinthians,KJV
WORD,ye,G5210,12,1 Corinthians 12:27,Epistles,New Testament,1 Corinthians,KJV
WORD,are,G2075,12,1 Corinthians 12:27,Epistles,New Testament,1 Corinthians,KJV
PHRASE,the body,G4983,12,1 Corinthians 12:27,Epistles,New Testament,1 Corinthians,KJV
PHRASE,"of Christ,",G5547,12,1 Corinthians 12:27,Epistles,New Testament,1 Corinthians,KJV
WORD,and,G2532,12,1 Corinthians 12:27,Epistles,New Testament,1 Corinthians,KJV
WORD,members,G3196,12,1 Corinthians 12:27,Epistles,New Testament,1 Corinthians,KJV
WORD,in,G1537,12,1 Corinthians 12:27,Epistles,New Testament,1 Corinthians,KJV
WORD,particular.,G3313,12,1 Corinthians 12:27,Epistles,New Testament,1 Corinthians,KJV
WORD,And,G2532,12,1 Corinthians 12:28,Epistles,New Testament,1 Corinthians,KJV
WORD,God,G2316,12,1 Corinthians 12:28,Epistles,New Testament,1 Corinthians,KJV
PHRASE,hath set,G5087,12,1 Corinthians 12:28,Epistles,New Testament,1 Corinthians,KJV
WORD,some,G3739,12,1 Corinthians 12:28,Epistles,New Testament,1 Corinthians,KJV
WORD,in,G1722,12,1 Corinthians 12:28,Epistles,New Testament,1 Corinthians,KJV
WORD,the,G3588,12,1 Corinthians 12:28,Epistles,New Testament,1 Corinthians,KJV
WORD,"church,",G1577,12,1 Corinthians 12:28,Epistles,New Testament,1 Corinthians,KJV
WORD,first,G4412,12,1 Corinthians 12:28,Epistles,New Testament,1 Corinthians,KJV
WORD,"apostles,",G652,12,1 Corinthians 12:28,Epistles,New Testament,1 Corinthians,KJV
WORD,secondarily,G1208,12,1 Corinthians 12:28,Epistles,New Testament,1 Corinthians,KJV
WORD,"prophets,",G4396,12,1 Corinthians 12:28,Epistles,New Testament,1 Corinthians,KJV
WORD,thirdly,G5154,12,1 Corinthians 12:28,Epistles,New Testament,1 Corinthians,KJV
WORD,"teachers,",G1320,12,1 Corinthians 12:28,Epistles,New Testament,1 Corinthians,KJV
PHRASE,after that,G1899,12,1 Corinthians 12:28,Epistles,New Testament,1 Corinthians,KJV
WORD,"miracles,",G1411,12,1 Corinthians 12:28,Epistles,New Testament,1 Corinthians,KJV
WORD,then,G1534,12,1 Corinthians 12:28,Epistles,New Testament,1 Corinthians,KJV
WORD,gifts,G5486,12,1 Corinthians 12:28,Epistles,New Testament,1 Corinthians,KJV
PHRASE,"of healings,",G2386,12,1 Corinthians 12:28,Epistles,New Testament,1 Corinthians,KJV
WORD,"helps,",G484,12,1 Corinthians 12:28,Epistles,New Testament,1 Corinthians,KJV
WORD,"governments,",G2941,12,1 Corinthians 12:28,Epistles,New Testament,1 Corinthians,KJV
WORD,diversities,G1085,12,1 Corinthians 12:28,Epistles,New Testament,1 Corinthians,KJV
PHRASE,of tongues.,G1100,12,1 Corinthians 12:28,Epistles,New Testament,1 Corinthians,KJV
WORD,[Are],,12,1 Corinthians 12:29,Epistles,New Testament,1 Corinthians,KJV
WORD,all,G3956,12,1 Corinthians 12:29,Epistles,New Testament,1 Corinthians,KJV
WORD,apostles?,G652,12,1 Corinthians 12:29,Epistles,New Testament,1 Corinthians,KJV
WORD,[are],,12,1 Corinthians 12:29,Epistles,New Testament,1 Corinthians,KJV
WORD,all,G3956,12,1 Corinthians 12:29,Epistles,New Testament,1 Corinthians,KJV
WORD,prophets?,G4396,12,1 Corinthians 12:29,Epistles,New Testament,1 Corinthians,KJV
WORD,[are],,12,1 Corinthians 12:29,Epistles,New Testament,1 Corinthians,KJV
WORD,all,G3956,12,1 Corinthians 12:29,Epistles,New Testament,1 Corinthians,KJV
WORD,teachers?,G1320,12,1 Corinthians 12:29,Epistles,New Testament,1 Corinthians,KJV
WORD,[are],,12,1 Corinthians 12:29,Epistles,New Testament,1 Corinthians,KJV
WORD,all,G3956,12,1 Corinthians 12:29,Epistles,New Testament,1 Corinthians,KJV
PHRASE,workers of miracles?,G1411,12,1 Corinthians 12:29,Epistles,New Testament,1 Corinthians,KJV
WORD,Have,G2192,12,1 Corinthians 12:30,Epistles,New Testament,1 Corinthians,KJV
WORD,all,G3956,12,1 Corinthians 12:30,Epistles,New Testament,1 Corinthians,KJV
PHRASE,the gifts,G5486,12,1 Corinthians 12:30,Epistles,New Testament,1 Corinthians,KJV
PHRASE,of healing?,G2386,12,1 Corinthians 12:30,Epistles,New Testament,1 Corinthians,KJV
PHRASE,do all,G3956,12,1 Corinthians 12:30,Epistles,New Testament,1 Corinthians,KJV
WORD,speak,G2980,12,1 Corinthians 12:30,Epistles,New Testament,1 Corinthians,KJV
PHRASE,with tongues?,G1100,12,1 Corinthians 12:30,Epistles,New Testament,1 Corinthians,KJV
WORD,do,G3361,12,1 Corinthians 12:30,Epistles,New Testament,1 Corinthians,KJV
WORD,all,G3956,12,1 Corinthians 12:30,Epistles,New Testament,1 Corinthians,KJV
WORD,interpret?,G1329,12,1 Corinthians 12:30,Epistles,New Testament,1 Corinthians,KJV
WORD,But,G1161,12,1 Corinthians 12:31,Epistles,New Testament,1 Corinthians,KJV
PHRASE,covet earnestly,G2206,12,1 Corinthians 12:31,Epistles,New Testament,1 Corinthians,KJV
WORD,the,G3588,12,1 Corinthians 12:31,Epistles,New Testament,1 Corinthians,KJV
WORD,best,G2909,12,1 Corinthians 12:31,Epistles,New Testament,1 Corinthians,KJV
WORD,gifts:,G5486,12,1 Corinthians 12:31,Epistles,New Testament,1 Corinthians,KJV
WORD,and,G2532,12,1 Corinthians 12:31,Epistles,New Testament,1 Corinthians,KJV
WORD,yet,G2089,12,1 Corinthians 12:31,Epistles,New Testament,1 Corinthians,KJV
PHRASE,shew I,G1166,12,1 Corinthians 12:31,Epistles,New Testament,1 Corinthians,KJV
PHRASE,unto you,G5213,12,1 Corinthians 12:31,Epistles,New Testament,1 Corinthians,KJV
PHRASE,a more,G2596,12,1 Corinthians 12:31,Epistles,New Testament,1 Corinthians,KJV
WORD,excellent,G5236,12,1 Corinthians 12:31,Epistles,New Testament,1 Corinthians,KJV
WORD,way.,G3598,12,1 Corinthians 12:31,Epistles,New Testament,1 Corinthians,KJV
WORD,Though,G1437,13,1 Corinthians 13:1,Epistles,New Testament,1 Corinthians,KJV
PHRASE,I speak,G2980,13,1 Corinthians 13:1,Epistles,New Testament,1 Corinthians,KJV
PHRASE,with the,G3588,13,1 Corinthians 13:1,Epistles,New Testament,1 Corinthians,KJV
WORD,tongues,G1100,13,1 Corinthians 13:1,Epistles,New Testament,1 Corinthians,KJV
PHRASE,of men,G444,13,1 Corinthians 13:1,Epistles,New Testament,1 Corinthians,KJV
WORD,and,G2532,13,1 Corinthians 13:1,Epistles,New Testament,1 Corinthians,KJV
PHRASE,"of angels,",G32,13,1 Corinthians 13:1,Epistles,New Testament,1 Corinthians,KJV
WORD,and,G1161,13,1 Corinthians 13:1,Epistles,New Testament,1 Corinthians,KJV
WORD,have,G2192,13,1 Corinthians 13:1,Epistles,New Testament,1 Corinthians,KJV
WORD,not,G3361,13,1 Corinthians 13:1,Epistles,New Testament,1 Corinthians,KJV
WORD,"charity,",G26,13,1 Corinthians 13:1,Epistles,New Testament,1 Corinthians,KJV
PHRASE,I am become,G1096,13,1 Corinthians 13:1,Epistles,New Testament,1 Corinthians,KJV
WORD,[as],,13,1 Corinthians 13:1,Epistles,New Testament,1 Corinthians,KJV
WORD,sounding,G2278,13,1 Corinthians 13:1,Epistles,New Testament,1 Corinthians,KJV
WORD,"brass,",G5475,13,1 Corinthians 13:1,Epistles,New Testament,1 Corinthians,KJV
WORD,or,G2228,13,1 Corinthians 13:1,Epistles,New Testament,1 Corinthians,KJV
PHRASE,a tinkling,G214,13,1 Corinthians 13:1,Epistles,New Testament,1 Corinthians,KJV
WORD,cymbal.,G2950,13,1 Corinthians 13:1,Epistles,New Testament,1 Corinthians,KJV
WORD,And,G2532,13,1 Corinthians 13:2,Epistles,New Testament,1 Corinthians,KJV
WORD,though,G1437,13,1 Corinthians 13:2,Epistles,New Testament,1 Corinthians,KJV
PHRASE,I have,G2192,13,1 Corinthians 13:2,Epistles,New Testament,1 Corinthians,KJV
PHRASE,[the gift of],,13,1 Corinthians 13:2,Epistles,New Testament,1 Corinthians,KJV
WORD,"prophecy,",G4394,13,1 Corinthians 13:2,Epistles,New Testament,1 Corinthians,KJV
WORD,and,G2532,13,1 Corinthians 13:2,Epistles,New Testament,1 Corinthians,KJV
WORD,understand,G1492,13,1 Corinthians 13:2,Epistles,New Testament,1 Corinthians,KJV
WORD,all,G3956,13,1 Corinthians 13:2,Epistles,New Testament,1 Corinthians,KJV
WORD,"mysteries,",G3466,13,1 Corinthians 13:2,Epistles,New Testament,1 Corinthians,KJV
WORD,and,G2532,13,1 Corinthians 13:2,Epistles,New Testament,1 Corinthians,KJV
WORD,all,G3956,13,1 Corinthians 13:2,Epistles,New Testament,1 Corinthians,KJV
WORD,knowledge;,G1108,13,1 Corinthians 13:2,Epistles,New Testament,1 Corinthians,KJV
WORD,and,G2532,13,1 Corinthians 13:2,Epistles,New Testament,1 Corinthians,KJV
WORD,though,G1437,13,1 Corinthians 13:2,Epistles,New Testament,1 Corinthians,KJV
PHRASE,I have,G2192,13,1 Corinthians 13:2,Epistles,New Testament,1 Corinthians,KJV
WORD,all,G3956,13,1 Corinthians 13:2,Epistles,New Testament,1 Corinthians,KJV
WORD,"faith,",G4102,13,1 Corinthians 13:2,Epistles,New Testament,1 Corinthians,KJV
WORD,so,G5620,13,1 Corinthians 13:2,Epistles,New Testament,1 Corinthians,KJV
PHRASE,that I could remove,G3179,13,1 Corinthians 13:2,Epistles,New Testament,1 Corinthians,KJV
WORD,"mountains,",G3735,13,1 Corinthians 13:2,Epistles,New Testament,1 Corinthians,KJV
WORD,and,G1161,13,1 Corinthians 13:2,Epistles,New Testament,1 Corinthians,KJV
WORD,have,G2192,13,1 Corinthians 13:2,Epistles,New Testament,1 Corinthians,KJV
WORD,not,G3361,13,1 Corinthians 13:2,Epistles,New Testament,1 Corinthians,KJV
WORD,"charity,",G26,13,1 Corinthians 13:2,Epistles,New Testament,1 Corinthians,KJV
PHRASE,I am,G1510,13,1 Corinthians 13:2,Epistles,New Testament,1 Corinthians,KJV
WORD,nothing.,G3762,13,1 Corinthians 13:2,Epistles,New Testament,1 Corinthians,KJV
WORD,And,G2532,13,1 Corinthians 13:3,Epistles,New Testament,1 Corinthians,KJV
WORD,though,G1437,13,1 Corinthians 13:3,Epistles,New Testament,1 Corinthians,KJV
PHRASE,I bestow,G5595,13,1 Corinthians 13:3,Epistles,New Testament,1 Corinthians,KJV
WORD,all,G3956,13,1 Corinthians 13:3,Epistles,New Testament,1 Corinthians,KJV
WORD,my,G3450,13,1 Corinthians 13:3,Epistles,New Testament,1 Corinthians,KJV
WORD,goods,G5224,13,1 Corinthians 13:3,Epistles,New Testament,1 Corinthians,KJV
PHRASE,to feed,G5595,13,1 Corinthians 13:3,Epistles,New Testament,1 Corinthians,KJV
PHRASE,"[the poor],",,13,1 Corinthians 13:3,Epistles,New Testament,1 Corinthians,KJV
WORD,and,G2532,13,1 Corinthians 13:3,Epistles,New Testament,1 Corinthians,KJV
WORD,though,G1437,13,1 Corinthians 13:3,Epistles,New Testament,1 Corinthians,KJV
PHRASE,I give,G3860,13,1 Corinthians 13:3,Epistles,New Testament,1 Corinthians,KJV
WORD,my,G3450,13,1 Corinthians 13:3,Epistles,New Testament,1 Corinthians,KJV
WORD,body,G4983,13,1 Corinthians 13:3,Epistles,New Testament,1 Corinthians,KJV
WORD,to,G2443,13,1 Corinthians 13:3,Epistles,New Testament,1 Corinthians,KJV
PHRASE,"be burned,",G2545,13,1 Corinthians 13:3,Epistles,New Testament,1 Corinthians,KJV
WORD,and,G1161,13,1 Corinthians 13:3,Epistles,New Testament,1 Corinthians,KJV
WORD,have,G2192,13,1 Corinthians 13:3,Epistles,New Testament,1 Corinthians,KJV
WORD,not,G3361,13,1 Corinthians 13:3,Epistles,New Testament,1 Corinthians,KJV
WORD,"charity,",G26,13,1 Corinthians 13:3,Epistles,New Testament,1 Corinthians,KJV
PHRASE,it profiteth me,G5623,13,1 Corinthians 13:3,Epistles,New Testament,1 Corinthians,KJV
WORD,nothing.,G3762,13,1 Corinthians 13:3,Epistles,New Testament,1 Corinthians,KJV
WORD,Charity,G26,13,1 Corinthians 13:4,Epistles,New Testament,1 Corinthians,KJV
PHRASE,"suffereth long,",G3114,13,1 Corinthians 13:4,Epistles,New Testament,1 Corinthians,KJV
WORD,[and],,13,1 Corinthians 13:4,Epistles,New Testament,1 Corinthians,KJV
PHRASE,is kind;,G5541,13,1 Corinthians 13:4,Epistles,New Testament,1 Corinthians,KJV
WORD,charity,G26,13,1 Corinthians 13:4,Epistles,New Testament,1 Corinthians,KJV
WORD,envieth,G2206,13,1 Corinthians 13:4,Epistles,New Testament,1 Corinthians,KJV
WORD,not;,G3756,13,1 Corinthians 13:4,Epistles,New Testament,1 Corinthians,KJV
WORD,charity,G26,13,1 Corinthians 13:4,Epistles,New Testament,1 Corinthians,KJV
WORD,vaunteth,G4068,13,1 Corinthians 13:4,Epistles,New Testament,1 Corinthians,KJV
WORD,not,G3756,13,1 Corinthians 13:4,Epistles,New Testament,1 Corinthians,KJV
WORD,"itself,",G4068,13,1 Corinthians 13:4,Epistles,New Testament,1 Corinthians,KJV
WORD,is,G5448,13,1 Corinthians 13:4,Epistles,New Testament,1 Corinthians,KJV
WORD,not,G3756,13,1 Corinthians 13:4,Epistles,New Testament,1 Corinthians,KJV
PHRASE,"puffed up,",G5448,13,1 Corinthians 13:4,Epistles,New Testament,1 Corinthians,KJV
WORD,Doth,G807,13,1 Corinthians 13:5,Epistles,New Testament,1 Corinthians,KJV
WORD,not,G3756,13,1 Corinthians 13:5,Epistles,New Testament,1 Corinthians,KJV
PHRASE,"behave itself unseemly,",G807,13,1 Corinthians 13:5,Epistles,New Testament,1 Corinthians,KJV
WORD,seeketh,G2212,13,1 Corinthians 13:5,Epistles,New Testament,1 Corinthians,KJV
WORD,not,G3756,13,1 Corinthians 13:5,Epistles,New Testament,1 Corinthians,KJV
PHRASE,"her own,",G1438,13,1 Corinthians 13:5,Epistles,New Testament,1 Corinthians,KJV
WORD,is,G3947,13,1 Corinthians 13:5,Epistles,New Testament,1 Corinthians,KJV
WORD,not,G3756,13,1 Corinthians 13:5,Epistles,New Testament,1 Corinthians,KJV
PHRASE,"easily provoked,",G3947,13,1 Corinthians 13:5,Epistles,New Testament,1 Corinthians,KJV
WORD,thinketh,G3049,13,1 Corinthians 13:5,Epistles,New Testament,1 Corinthians,KJV
WORD,no,G3756,13,1 Corinthians 13:5,Epistles,New Testament,1 Corinthians,KJV
WORD,evil;,G2556,13,1 Corinthians 13:5,Epistles,New Testament,1 Corinthians,KJV
WORD,Rejoiceth,G5463,13,1 Corinthians 13:6,Epistles,New Testament,1 Corinthians,KJV
WORD,not,G3756,13,1 Corinthians 13:6,Epistles,New Testament,1 Corinthians,KJV
WORD,in,G1909,13,1 Corinthians 13:6,Epistles,New Testament,1 Corinthians,KJV
WORD,"iniquity,",G93,13,1 Corinthians 13:6,Epistles,New Testament,1 Corinthians,KJV
WORD,but,G1161,13,1 Corinthians 13:6,Epistles,New Testament,1 Corinthians,KJV
WORD,rejoiceth,G4796,13,1 Corinthians 13:6,Epistles,New Testament,1 Corinthians,KJV
PHRASE,in the,G3588,13,1 Corinthians 13:6,Epistles,New Testament,1 Corinthians,KJV
WORD,truth;,G225,13,1 Corinthians 13:6,Epistles,New Testament,1 Corinthians,KJV
WORD,Beareth,G4722,13,1 Corinthians 13:7,Epistles,New Testament,1 Corinthians,KJV
PHRASE,"all things,",G3956,13,1 Corinthians 13:7,Epistles,New Testament,1 Corinthians,KJV
WORD,believeth,G4100,13,1 Corinthians 13:7,Epistles,New Testament,1 Corinthians,KJV
PHRASE,"all things,",G3956,13,1 Corinthians 13:7,Epistles,New Testament,1 Corinthians,KJV
WORD,hopeth,G1679,13,1 Corinthians 13:7,Epistles,New Testament,1 Corinthians,KJV
PHRASE,"all things,",G3956,13,1 Corinthians 13:7,Epistles,New Testament,1 Corinthians,KJV
WORD,endureth,G5278,13,1 Corinthians 13:7,Epistles,New Testament,1 Corinthians,KJV
PHRASE,all things.,G3956,13,1 Corinthians 13:7,Epistles,New Testament,1 Corinthians,KJV
WORD,Charity,G26,13,1 Corinthians 13:8,Epistles,New Testament,1 Corinthians,KJV
WORD,never,G3763,13,1 Corinthians 13:8,Epistles,New Testament,1 Corinthians,KJV
WORD,faileth:,G1601,13,1 Corinthians 13:8,Epistles,New Testament,1 Corinthians,KJV
WORD,but,G1161,13,1 Corinthians 13:8,Epistles,New Testament,1 Corinthians,KJV
WORD,whether,G1535,13,1 Corinthians 13:8,Epistles,New Testament,1 Corinthians,KJV
PHRASE,[there be],,13,1 Corinthians 13:8,Epistles,New Testament,1 Corinthians,KJV
WORD,"prophecies,",G4394,13,1 Corinthians 13:8,Epistles,New Testament,1 Corinthians,KJV
PHRASE,they shall fail;,G2673,13,1 Corinthians 13:8,Epistles,New Testament,1 Corinthians,KJV
WORD,whether,G1535,13,1 Corinthians 13:8,Epistles,New Testament,1 Corinthians,KJV
PHRASE,[there be],,13,1 Corinthians 13:8,Epistles,New Testament,1 Corinthians,KJV
WORD,"tongues,",G1100,13,1 Corinthians 13:8,Epistles,New Testament,1 Corinthians,KJV
PHRASE,they shall cease;,G3973,13,1 Corinthians 13:8,Epistles,New Testament,1 Corinthians,KJV
WORD,whether,G1535,13,1 Corinthians 13:8,Epistles,New Testament,1 Corinthians,KJV
PHRASE,[there be],,13,1 Corinthians 13:8,Epistles,New Testament,1 Corinthians,KJV
WORD,"knowledge,",G1108,13,1 Corinthians 13:8,Epistles,New Testament,1 Corinthians,KJV
PHRASE,it shall vanish away.,G2673,13,1 Corinthians 13:8,Epistles,New Testament,1 Corinthians,KJV
WORD,For,G1063,13,1 Corinthians 13:9,Epistles,New Testament,1 Corinthians,KJV
PHRASE,we know,G1097,13,1 Corinthians 13:9,Epistles,New Testament,1 Corinthians,KJV
WORD,in,G1537,13,1 Corinthians 13:9,Epistles,New Testament,1 Corinthians,KJV
WORD,"part,",G3313,13,1 Corinthians 13:9,Epistles,New Testament,1 Corinthians,KJV
WORD,and,G2532,13,1 Corinthians 13:9,Epistles,New Testament,1 Corinthians,KJV
PHRASE,we prophesy,G4395,13,1 Corinthians 13:9,Epistles,New Testament,1 Corinthians,KJV
WORD,in,G1537,13,1 Corinthians 13:9,Epistles,New Testament,1 Corinthians,KJV
WORD,part.,G3313,13,1 Corinthians 13:9,Epistles,New Testament,1 Corinthians,KJV
WORD,But,G1161,13,1 Corinthians 13:10,Epistles,New Testament,1 Corinthians,KJV
WORD,when,G3752,13,1 Corinthians 13:10,Epistles,New Testament,1 Corinthians,KJV
PHRASE,that which,G3588,13,1 Corinthians 13:10,Epistles,New Testament,1 Corinthians,KJV
PHRASE,is perfect,G5046,13,1 Corinthians 13:10,Epistles,New Testament,1 Corinthians,KJV
PHRASE,"is come,",G2064,13,1 Corinthians 13:10,Epistles,New Testament,1 Corinthians,KJV
WORD,then,G5119,13,1 Corinthians 13:10,Epistles,New Testament,1 Corinthians,KJV
PHRASE,that which,G3588,13,1 Corinthians 13:10,Epistles,New Testament,1 Corinthians,KJV
PHRASE,is in,G1537,13,1 Corinthians 13:10,Epistles,New Testament,1 Corinthians,KJV
WORD,part,G3313,13,1 Corinthians 13:10,Epistles,New Testament,1 Corinthians,KJV
PHRASE,shall be done away.,G2673,13,1 Corinthians 13:10,Epistles,New Testament,1 Corinthians,KJV
WORD,When,G3753,13,1 Corinthians 13:11,Epistles,New Testament,1 Corinthians,KJV
PHRASE,I was,G2252,13,1 Corinthians 13:11,Epistles,New Testament,1 Corinthians,KJV
PHRASE,"a child,",G3516,13,1 Corinthians 13:11,Epistles,New Testament,1 Corinthians,KJV
PHRASE,I spake,G2980,13,1 Corinthians 13:11,Epistles,New Testament,1 Corinthians,KJV
WORD,as,G5613,13,1 Corinthians 13:11,Epistles,New Testament,1 Corinthians,KJV
PHRASE,"a child,",G3516,13,1 Corinthians 13:11,Epistles,New Testament,1 Corinthians,KJV
PHRASE,I understood,G5426,13,1 Corinthians 13:11,Epistles,New Testament,1 Corinthians,KJV
WORD,as,G5613,13,1 Corinthians 13:11,Epistles,New Testament,1 Corinthians,KJV
PHRASE,"a child,",G3516,13,1 Corinthians 13:11,Epistles,New Testament,1 Corinthians,KJV
PHRASE,I thought,G3049,13,1 Corinthians 13:11,Epistles,New Testament,1 Corinthians,KJV
WORD,as,G5613,13,1 Corinthians 13:11,Epistles,New Testament,1 Corinthians,KJV
PHRASE,a child:,G3516,13,1 Corinthians 13:11,Epistles,New Testament,1 Corinthians,KJV
WORD,but,G1161,13,1 Corinthians 13:11,Epistles,New Testament,1 Corinthians,KJV
WORD,when,G3753,13,1 Corinthians 13:11,Epistles,New Testament,1 Corinthians,KJV
PHRASE,I became,G1096,13,1 Corinthians 13:11,Epistles,New Testament,1 Corinthians,KJV
PHRASE,"a man,",G435,13,1 Corinthians 13:11,Epistles,New Testament,1 Corinthians,KJV
PHRASE,I put away,G2673,13,1 Corinthians 13:11,Epistles,New Testament,1 Corinthians,KJV
WORD,childish,G3516,13,1 Corinthians 13:11,Epistles,New Testament,1 Corinthians,KJV
WORD,things.,G3588,13,1 Corinthians 13:11,Epistles,New Testament,1 Corinthians,KJV
WORD,For,G1063,13,1 Corinthians 13:12,Epistles,New Testament,1 Corinthians,KJV
WORD,now,G737,13,1 Corinthians 13:12,Epistles,New Testament,1 Corinthians,KJV
PHRASE,we see,G991,13,1 Corinthians 13:12,Epistles,New Testament,1 Corinthians,KJV
WORD,through,G1223,13,1 Corinthians 13:12,Epistles,New Testament,1 Corinthians,KJV
PHRASE,"a glass,",G2072,13,1 Corinthians 13:12,Epistles,New Testament,1 Corinthians,KJV
WORD,,G1722,13,1 Corinthians 13:12,Epistles,New Testament,1 Corinthians,KJV
WORD,darkly;,G135,13,1 Corinthians 13:12,Epistles,New Testament,1 Corinthians,KJV
WORD,but,G1161,13,1 Corinthians 13:12,Epistles,New Testament,1 Corinthians,KJV
WORD,then,G5119,13,1 Corinthians 13:12,Epistles,New Testament,1 Corinthians,KJV
WORD,face,G4383,13,1 Corinthians 13:12,Epistles,New Testament,1 Corinthians,KJV
WORD,to,G4314,13,1 Corinthians 13:12,Epistles,New Testament,1 Corinthians,KJV
WORD,face:,G4383,13,1 Corinthians 13:12,Epistles,New Testament,1 Corinthians,KJV
WORD,now,G737,13,1 Corinthians 13:12,Epistles,New Testament,1 Corinthians,KJV
PHRASE,I know,G1097,13,1 Corinthians 13:12,Epistles,New Testament,1 Corinthians,KJV
WORD,in,G1537,13,1 Corinthians 13:12,Epistles,New Testament,1 Corinthians,KJV
WORD,part;,G3313,13,1 Corinthians 13:12,Epistles,New Testament,1 Corinthians,KJV
WORD,but,G1161,13,1 Corinthians 13:12,Epistles,New Testament,1 Corinthians,KJV
WORD,then,G5119,13,1 Corinthians 13:12,Epistles,New Testament,1 Corinthians,KJV
PHRASE,shall I know,G1921,13,1 Corinthians 13:12,Epistles,New Testament,1 Corinthians,KJV
PHRASE,even as,G2531,13,1 Corinthians 13:12,Epistles,New Testament,1 Corinthians,KJV
WORD,also,G2532,13,1 Corinthians 13:12,Epistles,New Testament,1 Corinthians,KJV
PHRASE,I am known.,G1921,13,1 Corinthians 13:12,Epistles,New Testament,1 Corinthians,KJV
WORD,And,G1161,13,1 Corinthians 13:13,Epistles,New Testament,1 Corinthians,KJV
WORD,now,G3570,13,1 Corinthians 13:13,Epistles,New Testament,1 Corinthians,KJV
WORD,abideth,G3306,13,1 Corinthians 13:13,Epistles,New Testament,1 Corinthians,KJV
WORD,"faith,",G4102,13,1 Corinthians 13:13,Epistles,New Testament,1 Corinthians,KJV
WORD,"hope,",G1680,13,1 Corinthians 13:13,Epistles,New Testament,1 Corinthians,KJV
WORD,"charity,",G26,13,1 Corinthians 13:13,Epistles,New Testament,1 Corinthians,KJV
WORD,these,G5023,13,1 Corinthians 13:13,Epistles,New Testament,1 Corinthians,KJV
WORD,three;,G5140,13,1 Corinthians 13:13,Epistles,New Testament,1 Corinthians,KJV
WORD,but,G1161,13,1 Corinthians 13:13,Epistles,New Testament,1 Corinthians,KJV
PHRASE,the greatest,G3187,13,1 Corinthians 13:13,Epistles,New Testament,1 Corinthians,KJV
PHRASE,of these,G5130,13,1 Corinthians 13:13,Epistles,New Testament,1 Corinthians,KJV
WORD,[is],,13,1 Corinthians 13:13,Epistles,New Testament,1 Corinthians,KJV
WORD,charity.,G26,13,1 Corinthians 13:13,Epistles,New Testament,1 Corinthians,KJV
WORD,Follow,G1377,14,1 Corinthians 14:1,Epistles,New Testament,1 Corinthians,KJV
PHRASE,"after charity,",G26,14,1 Corinthians 14:1,Epistles,New Testament,1 Corinthians,KJV
WORD,and,G1161,14,1 Corinthians 14:1,Epistles,New Testament,1 Corinthians,KJV
WORD,desire,G2206,14,1 Corinthians 14:1,Epistles,New Testament,1 Corinthians,KJV
WORD,spiritual,G4152,14,1 Corinthians 14:1,Epistles,New Testament,1 Corinthians,KJV
WORD,"[gifts],",,14,1 Corinthians 14:1,Epistles,New Testament,1 Corinthians,KJV
WORD,but,G1161,14,1 Corinthians 14:1,Epistles,New Testament,1 Corinthians,KJV
WORD,rather,G3123,14,1 Corinthians 14:1,Epistles,New Testament,1 Corinthians,KJV
WORD,that,G2443,14,1 Corinthians 14:1,Epistles,New Testament,1 Corinthians,KJV
PHRASE,ye may prophesy.,G4395,14,1 Corinthians 14:1,Epistles,New Testament,1 Corinthians,KJV
WORD,For,G1063,14,1 Corinthians 14:2,Epistles,New Testament,1 Corinthians,KJV
PHRASE,he that,G3588,14,1 Corinthians 14:2,Epistles,New Testament,1 Corinthians,KJV
WORD,speaketh,G2980,14,1 Corinthians 14:2,Epistles,New Testament,1 Corinthians,KJV
PHRASE,in an [unknown] tongue,G1100,14,1 Corinthians 14:2,Epistles,New Testament,1 Corinthians,KJV
WORD,speaketh,G2980,14,1 Corinthians 14:2,Epistles,New Testament,1 Corinthians,KJV
WORD,not,G3756,14,1 Corinthians 14:2,Epistles,New Testament,1 Corinthians,KJV
PHRASE,"unto men,",G444,14,1 Corinthians 14:2,Epistles,New Testament,1 Corinthians,KJV
WORD,but,G235,14,1 Corinthians 14:2,Epistles,New Testament,1 Corinthians,KJV
PHRASE,unto God:,G2316,14,1 Corinthians 14:2,Epistles,New Testament,1 Corinthians,KJV
WORD,for,G1063,14,1 Corinthians 14:2,Epistles,New Testament,1 Corinthians,KJV
PHRASE,no man,G3762,14,1 Corinthians 14:2,Epistles,New Testament,1 Corinthians,KJV
WORD,understandeth,G191,14,1 Corinthians 14:2,Epistles,New Testament,1 Corinthians,KJV
WORD,[him];,,14,1 Corinthians 14:2,Epistles,New Testament,1 Corinthians,KJV
WORD,howbeit,G1161,14,1 Corinthians 14:2,Epistles,New Testament,1 Corinthians,KJV
PHRASE,in the spirit,G4151,14,1 Corinthians 14:2,Epistles,New Testament,1 Corinthians,KJV
PHRASE,he speaketh,G2980,14,1 Corinthians 14:2,Epistles,New Testament,1 Corinthians,KJV
WORD,mysteries.,G3466,14,1 Corinthians 14:2,Epistles,New Testament,1 Corinthians,KJV
WORD,But,G1161,14,1 Corinthians 14:3,Epistles,New Testament,1 Corinthians,KJV
PHRASE,he that,G3588,14,1 Corinthians 14:3,Epistles,New Testament,1 Corinthians,KJV
WORD,prophesieth,G4395,14,1 Corinthians 14:3,Epistles,New Testament,1 Corinthians,KJV
WORD,speaketh,G2980,14,1 Corinthians 14:3,Epistles,New Testament,1 Corinthians,KJV
PHRASE,unto men,G444,14,1 Corinthians 14:3,Epistles,New Testament,1 Corinthians,KJV
WORD,[to],,14,1 Corinthians 14:3,Epistles,New Testament,1 Corinthians,KJV
WORD,"edification,",G3619,14,1 Corinthians 14:3,Epistles,New Testament,1 Corinthians,KJV
WORD,and,G2532,14,1 Corinthians 14:3,Epistles,New Testament,1 Corinthians,KJV
WORD,"exhortation,",G3874,14,1 Corinthians 14:3,Epistles,New Testament,1 Corinthians,KJV
WORD,and,G2532,14,1 Corinthians 14:3,Epistles,New Testament,1 Corinthians,KJV
WORD,comfort.,G3889,14,1 Corinthians 14:3,Epistles,New Testament,1 Corinthians,KJV
PHRASE,He that,G3588,14,1 Corinthians 14:4,Epistles,New Testament,1 Corinthians,KJV
WORD,speaketh,G2980,14,1 Corinthians 14:4,Epistles,New Testament,1 Corinthians,KJV
PHRASE,in an [unknown] tongue,G1100,14,1 Corinthians 14:4,Epistles,New Testament,1 Corinthians,KJV
WORD,edifieth,G3618,14,1 Corinthians 14:4,Epistles,New Testament,1 Corinthians,KJV
WORD,himself;,G1438,14,1 Corinthians 14:4,Epistles,New Testament,1 Corinthians,KJV
WORD,but,G1161,14,1 Corinthians 14:4,Epistles,New Testament,1 Corinthians,KJV
PHRASE,he that,G3588,14,1 Corinthians 14:4,Epistles,New Testament,1 Corinthians,KJV
WORD,prophesieth,G4395,14,1 Corinthians 14:4,Epistles,New Testament,1 Corinthians,KJV
WORD,edifieth,G3618,14,1 Corinthians 14:4,Epistles,New Testament,1 Corinthians,KJV
PHRASE,the church.,G1577,14,1 Corinthians 14:4,Epistles,New Testament,1 Corinthians,KJV
PHRASE,I would,G2309,14,1 Corinthians 14:5,Epistles,New Testament,1 Corinthians,KJV
PHRASE,that ye,G5209,14,1 Corinthians 14:5,Epistles,New Testament,1 Corinthians,KJV
WORD,all,G3956,14,1 Corinthians 14:5,Epistles,New Testament,1 Corinthians,KJV
WORD,spake,G2980,14,1 Corinthians 14:5,Epistles,New Testament,1 Corinthians,KJV
PHRASE,"with tongues,",G1100,14,1 Corinthians 14:5,Epistles,New Testament,1 Corinthians,KJV
WORD,but,G1161,14,1 Corinthians 14:5,Epistles,New Testament,1 Corinthians,KJV
WORD,rather,G3123,14,1 Corinthians 14:5,Epistles,New Testament,1 Corinthians,KJV
WORD,that,G2443,14,1 Corinthians 14:5,Epistles,New Testament,1 Corinthians,KJV
PHRASE,ye prophesied:,G4395,14,1 Corinthians 14:5,Epistles,New Testament,1 Corinthians,KJV
WORD,for,G1063,14,1 Corinthians 14:5,Epistles,New Testament,1 Corinthians,KJV
WORD,greater,G3187,14,1 Corinthians 14:5,Epistles,New Testament,1 Corinthians,KJV
WORD,[is],,14,1 Corinthians 14:5,Epistles,New Testament,1 Corinthians,KJV
PHRASE,he that,G3588,14,1 Corinthians 14:5,Epistles,New Testament,1 Corinthians,KJV
WORD,prophesieth,G4395,14,1 Corinthians 14:5,Epistles,New Testament,1 Corinthians,KJV
WORD,than,G2228,14,1 Corinthians 14:5,Epistles,New Testament,1 Corinthians,KJV
PHRASE,he that,G3588,14,1 Corinthians 14:5,Epistles,New Testament,1 Corinthians,KJV
WORD,speaketh,G2980,14,1 Corinthians 14:5,Epistles,New Testament,1 Corinthians,KJV
PHRASE,"with tongues,",G1100,14,1 Corinthians 14:5,Epistles,New Testament,1 Corinthians,KJV
WORD,except,G1622,14,1 Corinthians 14:5,Epistles,New Testament,1 Corinthians,KJV
PHRASE,"he interpret,",G1329,14,1 Corinthians 14:5,Epistles,New Testament,1 Corinthians,KJV
WORD,that,G2443,14,1 Corinthians 14:5,Epistles,New Testament,1 Corinthians,KJV
WORD,the,G3588,14,1 Corinthians 14:5,Epistles,New Testament,1 Corinthians,KJV
WORD,church,G1577,14,1 Corinthians 14:5,Epistles,New Testament,1 Corinthians,KJV
PHRASE,may receive,G2983,14,1 Corinthians 14:5,Epistles,New Testament,1 Corinthians,KJV
WORD,edifying.,G3619,14,1 Corinthians 14:5,Epistles,New Testament,1 Corinthians,KJV
WORD,"Now,",G3570,14,1 Corinthians 14:6,Epistles,New Testament,1 Corinthians,KJV
WORD,"brethren,",G80,14,1 Corinthians 14:6,Epistles,New Testament,1 Corinthians,KJV
WORD,if,G1437,14,1 Corinthians 14:6,Epistles,New Testament,1 Corinthians,KJV
PHRASE,I come,G2064,14,1 Corinthians 14:6,Epistles,New Testament,1 Corinthians,KJV
WORD,unto,G4314,14,1 Corinthians 14:6,Epistles,New Testament,1 Corinthians,KJV
WORD,you,G5209,14,1 Corinthians 14:6,Epistles,New Testament,1 Corinthians,KJV
WORD,speaking,G2980,14,1 Corinthians 14:6,Epistles,New Testament,1 Corinthians,KJV
PHRASE,"with tongues,",G1100,14,1 Corinthians 14:6,Epistles,New Testament,1 Corinthians,KJV
WORD,what,G5101,14,1 Corinthians 14:6,Epistles,New Testament,1 Corinthians,KJV
PHRASE,shall I profit,G5623,14,1 Corinthians 14:6,Epistles,New Testament,1 Corinthians,KJV
WORD,"you,",G5209,14,1 Corinthians 14:6,Epistles,New Testament,1 Corinthians,KJV
WORD,,G1437,14,1 Corinthians 14:6,Epistles,New Testament,1 Corinthians,KJV
WORD,except,G3361,14,1 Corinthians 14:6,Epistles,New Testament,1 Corinthians,KJV
PHRASE,I shall speak,G2980,14,1 Corinthians 14:6,Epistles,New Testament,1 Corinthians,KJV
PHRASE,to you,G5213,14,1 Corinthians 14:6,Epistles,New Testament,1 Corinthians,KJV
WORD,either,G2228,14,1 Corinthians 14:6,Epistles,New Testament,1 Corinthians,KJV
WORD,by,G1722,14,1 Corinthians 14:6,Epistles,New Testament,1 Corinthians,KJV
WORD,"revelation,",G602,14,1 Corinthians 14:6,Epistles,New Testament,1 Corinthians,KJV
WORD,or,G2228,14,1 Corinthians 14:6,Epistles,New Testament,1 Corinthians,KJV
WORD,by,G1722,14,1 Corinthians 14:6,Epistles,New Testament,1 Corinthians,KJV
WORD,"knowledge,",G1108,14,1 Corinthians 14:6,Epistles,New Testament,1 Corinthians,KJV
WORD,or,G2228,14,1 Corinthians 14:6,Epistles,New Testament,1 Corinthians,KJV
WORD,by,G1722,14,1 Corinthians 14:6,Epistles,New Testament,1 Corinthians,KJV
WORD,"prophesying,",G4394,14,1 Corinthians 14:6,Epistles,New Testament,1 Corinthians,KJV
WORD,or,G2228,14,1 Corinthians 14:6,Epistles,New Testament,1 Corinthians,KJV
WORD,by,G1722,14,1 Corinthians 14:6,Epistles,New Testament,1 Corinthians,KJV
WORD,doctrine?,G1322,14,1 Corinthians 14:6,Epistles,New Testament,1 Corinthians,KJV
PHRASE,And even,G3676,14,1 Corinthians 14:7,Epistles,New Testament,1 Corinthians,KJV
WORD,things,G3588,14,1 Corinthians 14:7,Epistles,New Testament,1 Corinthians,KJV
PHRASE,without life,G895,14,1 Corinthians 14:7,Epistles,New Testament,1 Corinthians,KJV
WORD,giving,G1325,14,1 Corinthians 14:7,Epistles,New Testament,1 Corinthians,KJV
WORD,"sound,",G5456,14,1 Corinthians 14:7,Epistles,New Testament,1 Corinthians,KJV
WORD,whether,G1535,14,1 Corinthians 14:7,Epistles,New Testament,1 Corinthians,KJV
WORD,pipe,G836,14,1 Corinthians 14:7,Epistles,New Testament,1 Corinthians,KJV
WORD,or,G1535,14,1 Corinthians 14:7,Epistles,New Testament,1 Corinthians,KJV
WORD,"harp,",G2788,14,1 Corinthians 14:7,Epistles,New Testament,1 Corinthians,KJV
WORD,,G1437,14,1 Corinthians 14:7,Epistles,New Testament,1 Corinthians,KJV
WORD,except,G3361,14,1 Corinthians 14:7,Epistles,New Testament,1 Corinthians,KJV
PHRASE,they give,G1325,14,1 Corinthians 14:7,Epistles,New Testament,1 Corinthians,KJV
PHRASE,a distinction,G1293,14,1 Corinthians 14:7,Epistles,New Testament,1 Corinthians,KJV
PHRASE,in the,G3588,14,1 Corinthians 14:7,Epistles,New Testament,1 Corinthians,KJV
WORD,"sounds,",G5353,14,1 Corinthians 14:7,Epistles,New Testament,1 Corinthians,KJV
WORD,how,G4459,14,1 Corinthians 14:7,Epistles,New Testament,1 Corinthians,KJV
PHRASE,shall it be known,G1097,14,1 Corinthians 14:7,Epistles,New Testament,1 Corinthians,KJV
WORD,what,G3588,14,1 Corinthians 14:7,Epistles,New Testament,1 Corinthians,KJV
PHRASE,is piped,G832,14,1 Corinthians 14:7,Epistles,New Testament,1 Corinthians,KJV
WORD,or,G2228,14,1 Corinthians 14:7,Epistles,New Testament,1 Corinthians,KJV
WORD,harped?,G2789,14,1 Corinthians 14:7,Epistles,New Testament,1 Corinthians,KJV
WORD,For,G1063,14,1 Corinthians 14:8,Epistles,New Testament,1 Corinthians,KJV
WORD,if,G1437,14,1 Corinthians 14:8,Epistles,New Testament,1 Corinthians,KJV
PHRASE,the trumpet,G4536,14,1 Corinthians 14:8,Epistles,New Testament,1 Corinthians,KJV
WORD,give,G1325,14,1 Corinthians 14:8,Epistles,New Testament,1 Corinthians,KJV
PHRASE,an uncertain,G82,14,1 Corinthians 14:8,Epistles,New Testament,1 Corinthians,KJV
WORD,"sound,",G5456,14,1 Corinthians 14:8,Epistles,New Testament,1 Corinthians,KJV
WORD,who,G5101,14,1 Corinthians 14:8,Epistles,New Testament,1 Corinthians,KJV
PHRASE,shall prepare himself,G3903,14,1 Corinthians 14:8,Epistles,New Testament,1 Corinthians,KJV
WORD,to,G1519,14,1 Corinthians 14:8,Epistles,New Testament,1 Corinthians,KJV
PHRASE,the battle?,G4171,14,1 Corinthians 14:8,Epistles,New Testament,1 Corinthians,KJV
WORD,So,G3779,14,1 Corinthians 14:9,Epistles,New Testament,1 Corinthians,KJV
WORD,likewise,G2532,14,1 Corinthians 14:9,Epistles,New Testament,1 Corinthians,KJV
WORD,"ye,",G5210,14,1 Corinthians 14:9,Epistles,New Testament,1 Corinthians,KJV
WORD,,G1437,14,1 Corinthians 14:9,Epistles,New Testament,1 Corinthians,KJV
WORD,except,G3361,14,1 Corinthians 14:9,Epistles,New Testament,1 Corinthians,KJV
PHRASE,ye utter,G1325,14,1 Corinthians 14:9,Epistles,New Testament,1 Corinthians,KJV
WORD,by,G1223,14,1 Corinthians 14:9,Epistles,New Testament,1 Corinthians,KJV
WORD,the,G3588,14,1 Corinthians 14:9,Epistles,New Testament,1 Corinthians,KJV
WORD,tongue,G1100,14,1 Corinthians 14:9,Epistles,New Testament,1 Corinthians,KJV
WORD,words,G3056,14,1 Corinthians 14:9,Epistles,New Testament,1 Corinthians,KJV
PHRASE,"easy to be understood,",G2154,14,1 Corinthians 14:9,Epistles,New Testament,1 Corinthians,KJV
WORD,how,G4459,14,1 Corinthians 14:9,Epistles,New Testament,1 Corinthians,KJV
PHRASE,shall it be known,G1097,14,1 Corinthians 14:9,Epistles,New Testament,1 Corinthians,KJV
PHRASE,what is,G3588,14,1 Corinthians 14:9,Epistles,New Testament,1 Corinthians,KJV
WORD,spoken?,G2980,14,1 Corinthians 14:9,Epistles,New Testament,1 Corinthians,KJV
WORD,for,G1063,14,1 Corinthians 14:9,Epistles,New Testament,1 Corinthians,KJV
PHRASE,ye shall,G2071,14,1 Corinthians 14:9,Epistles,New Testament,1 Corinthians,KJV
WORD,speak,G2980,14,1 Corinthians 14:9,Epistles,New Testament,1 Corinthians,KJV
WORD,into,G1519,14,1 Corinthians 14:9,Epistles,New Testament,1 Corinthians,KJV
PHRASE,the air.,G109,14,1 Corinthians 14:9,Epistles,New Testament,1 Corinthians,KJV
PHRASE,"There are,",G2076,14,1 Corinthians 14:10,Epistles,New Testament,1 Corinthians,KJV
PHRASE,"it may be,",G5177,14,1 Corinthians 14:10,Epistles,New Testament,1 Corinthians,KJV
PHRASE,so many,G5118,14,1 Corinthians 14:10,Epistles,New Testament,1 Corinthians,KJV
WORD,kinds,G1085,14,1 Corinthians 14:10,Epistles,New Testament,1 Corinthians,KJV
PHRASE,of voices,G5456,14,1 Corinthians 14:10,Epistles,New Testament,1 Corinthians,KJV
WORD,in,G1722,14,1 Corinthians 14:10,Epistles,New Testament,1 Corinthians,KJV
PHRASE,"the world,",G2889,14,1 Corinthians 14:10,Epistles,New Testament,1 Corinthians,KJV
WORD,and,G2532,14,1 Corinthians 14:10,Epistles,New Testament,1 Corinthians,KJV
PHRASE,none of them,G3762,14,1 Corinthians 14:10,Epistles,New Testament,1 Corinthians,KJV
WORD,[is],,14,1 Corinthians 14:10,Epistles,New Testament,1 Corinthians,KJV
PHRASE,without signification.,G880,14,1 Corinthians 14:10,Epistles,New Testament,1 Corinthians,KJV
WORD,Therefore,G3767,14,1 Corinthians 14:11,Epistles,New Testament,1 Corinthians,KJV
WORD,if,G1437,14,1 Corinthians 14:11,Epistles,New Testament,1 Corinthians,KJV
PHRASE,I know,G1492,14,1 Corinthians 14:11,Epistles,New Testament,1 Corinthians,KJV
WORD,not,G3361,14,1 Corinthians 14:11,Epistles,New Testament,1 Corinthians,KJV
WORD,the,G3588,14,1 Corinthians 14:11,Epistles,New Testament,1 Corinthians,KJV
WORD,meaning,G1411,14,1 Corinthians 14:11,Epistles,New Testament,1 Corinthians,KJV
PHRASE,of the,G3588,14,1 Corinthians 14:11,Epistles,New Testament,1 Corinthians,KJV
WORD,"voice,",G5456,14,1 Corinthians 14:11,Epistles,New Testament,1 Corinthians,KJV
PHRASE,I shall be,G2071,14,1 Corinthians 14:11,Epistles,New Testament,1 Corinthians,KJV
PHRASE,unto him that,G3588,14,1 Corinthians 14:11,Epistles,New Testament,1 Corinthians,KJV
WORD,speaketh,G2980,14,1 Corinthians 14:11,Epistles,New Testament,1 Corinthians,KJV
PHRASE,"a barbarian,",G915,14,1 Corinthians 14:11,Epistles,New Testament,1 Corinthians,KJV
WORD,and,G2532,14,1 Corinthians 14:11,Epistles,New Testament,1 Corinthians,KJV
PHRASE,he that,G3588,14,1 Corinthians 14:11,Epistles,New Testament,1 Corinthians,KJV
WORD,speaketh,G2980,14,1 Corinthians 14:11,Epistles,New Testament,1 Corinthians,KJV
PHRASE,[shall be],,14,1 Corinthians 14:11,Epistles,New Testament,1 Corinthians,KJV
PHRASE,a barbarian,G915,14,1 Corinthians 14:11,Epistles,New Testament,1 Corinthians,KJV
WORD,unto,G1722,14,1 Corinthians 14:11,Epistles,New Testament,1 Corinthians,KJV
WORD,me.,G1698,14,1 Corinthians 14:11,Epistles,New Testament,1 Corinthians,KJV
WORD,Even,G2532,14,1 Corinthians 14:12,Epistles,New Testament,1 Corinthians,KJV
WORD,so,G3779,14,1 Corinthians 14:12,Epistles,New Testament,1 Corinthians,KJV
WORD,"ye,",G5210,14,1 Corinthians 14:12,Epistles,New Testament,1 Corinthians,KJV
PHRASE,forasmuch as,G1893,14,1 Corinthians 14:12,Epistles,New Testament,1 Corinthians,KJV
PHRASE,ye are,G2075,14,1 Corinthians 14:12,Epistles,New Testament,1 Corinthians,KJV
WORD,zealous,G2207,14,1 Corinthians 14:12,Epistles,New Testament,1 Corinthians,KJV
PHRASE,of spiritual,G4151,14,1 Corinthians 14:12,Epistles,New Testament,1 Corinthians,KJV
WORD,"[gifts],",,14,1 Corinthians 14:12,Epistles,New Testament,1 Corinthians,KJV
WORD,seek,G2212,14,1 Corinthians 14:12,Epistles,New Testament,1 Corinthians,KJV
WORD,that,G2443,14,1 Corinthians 14:12,Epistles,New Testament,1 Corinthians,KJV
PHRASE,ye may excel,G4052,14,1 Corinthians 14:12,Epistles,New Testament,1 Corinthians,KJV
WORD,to,G4314,14,1 Corinthians 14:12,Epistles,New Testament,1 Corinthians,KJV
WORD,the,G3588,14,1 Corinthians 14:12,Epistles,New Testament,1 Corinthians,KJV
WORD,edifying,G3619,14,1 Corinthians 14:12,Epistles,New Testament,1 Corinthians,KJV
PHRASE,of the,G3588,14,1 Corinthians 14:12,Epistles,New Testament,1 Corinthians,KJV
WORD,church.,G1577,14,1 Corinthians 14:12,Epistles,New Testament,1 Corinthians,KJV
WORD,Wherefore,G1355,14,1 Corinthians 14:13,Epistles,New Testament,1 Corinthians,KJV
PHRASE,let him that speaketh,G2980,14,1 Corinthians 14:13,Epistles,New Testament,1 Corinthians,KJV
PHRASE,in an [unknown] tongue,G1100,14,1 Corinthians 14:13,Epistles,New Testament,1 Corinthians,KJV
WORD,pray,G4336,14,1 Corinthians 14:13,Epistles,New Testament,1 Corinthians,KJV
WORD,that,G2443,14,1 Corinthians 14:13,Epistles,New Testament,1 Corinthians,KJV
PHRASE,he may interpret.,G1329,14,1 Corinthians 14:13,Epistles,New Testament,1 Corinthians,KJV
WORD,For,G1063,14,1 Corinthians 14:14,Epistles,New Testament,1 Corinthians,KJV
WORD,if,G1437,14,1 Corinthians 14:14,Epistles,New Testament,1 Corinthians,KJV
PHRASE,I pray,G4336,14,1 Corinthians 14:14,Epistles,New Testament,1 Corinthians,KJV
PHRASE,"in an [unknown] tongue,",G1100,14,1 Corinthians 14:14,Epistles,New Testament,1 Corinthians,KJV
WORD,my,G3450,14,1 Corinthians 14:14,Epistles,New Testament,1 Corinthians,KJV
WORD,spirit,G4151,14,1 Corinthians 14:14,Epistles,New Testament,1 Corinthians,KJV
WORD,"prayeth,",G4336,14,1 Corinthians 14:14,Epistles,New Testament,1 Corinthians,KJV
WORD,but,G1161,14,1 Corinthians 14:14,Epistles,New Testament,1 Corinthians,KJV
WORD,my,G3450,14,1 Corinthians 14:14,Epistles,New Testament,1 Corinthians,KJV
WORD,understanding,G3563,14,1 Corinthians 14:14,Epistles,New Testament,1 Corinthians,KJV
WORD,is,G2076,14,1 Corinthians 14:14,Epistles,New Testament,1 Corinthians,KJV
WORD,unfruitful.,G175,14,1 Corinthians 14:14,Epistles,New Testament,1 Corinthians,KJV
WORD,What,G5101,14,1 Corinthians 14:15,Epistles,New Testament,1 Corinthians,KJV
PHRASE,is it,G2076,14,1 Corinthians 14:15,Epistles,New Testament,1 Corinthians,KJV
WORD,then?,G3767,14,1 Corinthians 14:15,Epistles,New Testament,1 Corinthians,KJV
PHRASE,I will pray,G4336,14,1 Corinthians 14:15,Epistles,New Testament,1 Corinthians,KJV
PHRASE,with the,G3588,14,1 Corinthians 14:15,Epistles,New Testament,1 Corinthians,KJV
WORD,"spirit,",G4151,14,1 Corinthians 14:15,Epistles,New Testament,1 Corinthians,KJV
WORD,and,G1161,14,1 Corinthians 14:15,Epistles,New Testament,1 Corinthians,KJV
PHRASE,I will pray,G4336,14,1 Corinthians 14:15,Epistles,New Testament,1 Corinthians,KJV
PHRASE,with the,G3588,14,1 Corinthians 14:15,Epistles,New Testament,1 Corinthians,KJV
WORD,understanding,G3563,14,1 Corinthians 14:15,Epistles,New Testament,1 Corinthians,KJV
WORD,also:,G2532,14,1 Corinthians 14:15,Epistles,New Testament,1 Corinthians,KJV
PHRASE,I will sing,G5567,14,1 Corinthians 14:15,Epistles,New Testament,1 Corinthians,KJV
PHRASE,with the,G3588,14,1 Corinthians 14:15,Epistles,New Testament,1 Corinthians,KJV
WORD,"spirit,",G4151,14,1 Corinthians 14:15,Epistles,New Testament,1 Corinthians,KJV
WORD,and,G1161,14,1 Corinthians 14:15,Epistles,New Testament,1 Corinthians,KJV
PHRASE,I will sing,G5567,14,1 Corinthians 14:15,Epistles,New Testament,1 Corinthians,KJV
PHRASE,with the,G3588,14,1 Corinthians 14:15,Epistles,New Testament,1 Corinthians,KJV
WORD,understanding,G3563,14,1 Corinthians 14:15,Epistles,New Testament,1 Corinthians,KJV
WORD,also.,G2532,14,1 Corinthians 14:15,Epistles,New Testament,1 Corinthians,KJV
WORD,Else,G1893,14,1 Corinthians 14:16,Epistles,New Testament,1 Corinthians,KJV
WORD,when,G1437,14,1 Corinthians 14:16,Epistles,New Testament,1 Corinthians,KJV
PHRASE,thou shalt bless,G2127,14,1 Corinthians 14:16,Epistles,New Testament,1 Corinthians,KJV
PHRASE,with the,G3588,14,1 Corinthians 14:16,Epistles,New Testament,1 Corinthians,KJV
WORD,"spirit,",G4151,14,1 Corinthians 14:16,Epistles,New Testament,1 Corinthians,KJV
WORD,how,G4459,14,1 Corinthians 14:16,Epistles,New Testament,1 Corinthians,KJV
PHRASE,shall he that occupieth,G378,14,1 Corinthians 14:16,Epistles,New Testament,1 Corinthians,KJV
WORD,the,G3588,14,1 Corinthians 14:16,Epistles,New Testament,1 Corinthians,KJV
WORD,room,G5117,14,1 Corinthians 14:16,Epistles,New Testament,1 Corinthians,KJV
PHRASE,of the,G3588,14,1 Corinthians 14:16,Epistles,New Testament,1 Corinthians,KJV
WORD,unlearned,G2399,14,1 Corinthians 14:16,Epistles,New Testament,1 Corinthians,KJV
WORD,say,G2046,14,1 Corinthians 14:16,Epistles,New Testament,1 Corinthians,KJV
WORD,Amen,G281,14,1 Corinthians 14:16,Epistles,New Testament,1 Corinthians,KJV
WORD,at,G1909,14,1 Corinthians 14:16,Epistles,New Testament,1 Corinthians,KJV
WORD,thy,G4674,14,1 Corinthians 14:16,Epistles,New Testament,1 Corinthians,KJV
PHRASE,"giving of thanks,",G2169,14,1 Corinthians 14:16,Epistles,New Testament,1 Corinthians,KJV
WORD,seeing,G1894,14,1 Corinthians 14:16,Epistles,New Testament,1 Corinthians,KJV
PHRASE,he understandeth,G1492,14,1 Corinthians 14:16,Epistles,New Testament,1 Corinthians,KJV
WORD,not,G3756,14,1 Corinthians 14:16,Epistles,New Testament,1 Corinthians,KJV
WORD,what,G5101,14,1 Corinthians 14:16,Epistles,New Testament,1 Corinthians,KJV
PHRASE,thou sayest?,G3004,14,1 Corinthians 14:16,Epistles,New Testament,1 Corinthians,KJV
WORD,For,G1063,14,1 Corinthians 14:17,Epistles,New Testament,1 Corinthians,KJV
WORD,thou,G4771,14,1 Corinthians 14:17,Epistles,New Testament,1 Corinthians,KJV
WORD,verily,G3303,14,1 Corinthians 14:17,Epistles,New Testament,1 Corinthians,KJV
PHRASE,givest thanks,G2168,14,1 Corinthians 14:17,Epistles,New Testament,1 Corinthians,KJV
WORD,"well,",G2573,14,1 Corinthians 14:17,Epistles,New Testament,1 Corinthians,KJV
WORD,but,G235,14,1 Corinthians 14:17,Epistles,New Testament,1 Corinthians,KJV
WORD,the,G3588,14,1 Corinthians 14:17,Epistles,New Testament,1 Corinthians,KJV
WORD,other,G2087,14,1 Corinthians 14:17,Epistles,New Testament,1 Corinthians,KJV
WORD,is,G3618,14,1 Corinthians 14:17,Epistles,New Testament,1 Corinthians,KJV
WORD,not,G3756,14,1 Corinthians 14:17,Epistles,New Testament,1 Corinthians,KJV
WORD,edified.,G3618,14,1 Corinthians 14:17,Epistles,New Testament,1 Corinthians,KJV
PHRASE,I thank,G2168,14,1 Corinthians 14:18,Epistles,New Testament,1 Corinthians,KJV
WORD,my,G3450,14,1 Corinthians 14:18,Epistles,New Testament,1 Corinthians,KJV
WORD,"God,",G2316,14,1 Corinthians 14:18,Epistles,New Testament,1 Corinthians,KJV
PHRASE,I speak,G2980,14,1 Corinthians 14:18,Epistles,New Testament,1 Corinthians,KJV
PHRASE,with tongues,G1100,14,1 Corinthians 14:18,Epistles,New Testament,1 Corinthians,KJV
PHRASE,more than,G3123,14,1 Corinthians 14:18,Epistles,New Testament,1 Corinthians,KJV
WORD,ye,G5216,14,1 Corinthians 14:18,Epistles,New Testament,1 Corinthians,KJV
WORD,all:,G3956,14,1 Corinthians 14:18,Epistles,New Testament,1 Corinthians,KJV
WORD,Yet,G235,14,1 Corinthians 14:19,Epistles,New Testament,1 Corinthians,KJV
WORD,in,G1722,14,1 Corinthians 14:19,Epistles,New Testament,1 Corinthians,KJV
PHRASE,the church,G1577,14,1 Corinthians 14:19,Epistles,New Testament,1 Corinthians,KJV
PHRASE,I had rather,G2309,14,1 Corinthians 14:19,Epistles,New Testament,1 Corinthians,KJV
WORD,speak,G2980,14,1 Corinthians 14:19,Epistles,New Testament,1 Corinthians,KJV
WORD,five,G4002,14,1 Corinthians 14:19,Epistles,New Testament,1 Corinthians,KJV
WORD,words,G3056,14,1 Corinthians 14:19,Epistles,New Testament,1 Corinthians,KJV
WORD,with,G1223,14,1 Corinthians 14:19,Epistles,New Testament,1 Corinthians,KJV
WORD,my,G3450,14,1 Corinthians 14:19,Epistles,New Testament,1 Corinthians,KJV
WORD,"understanding,",G3563,14,1 Corinthians 14:19,Epistles,New Testament,1 Corinthians,KJV
WORD,that,G2443,14,1 Corinthians 14:19,Epistles,New Testament,1 Corinthians,KJV
PHRASE,[by my voice],,14,1 Corinthians 14:19,Epistles,New Testament,1 Corinthians,KJV
PHRASE,I might teach,G2727,14,1 Corinthians 14:19,Epistles,New Testament,1 Corinthians,KJV
WORD,others,G243,14,1 Corinthians 14:19,Epistles,New Testament,1 Corinthians,KJV
WORD,"also,",G2532,14,1 Corinthians 14:19,Epistles,New Testament,1 Corinthians,KJV
WORD,than,G2228,14,1 Corinthians 14:19,Epistles,New Testament,1 Corinthians,KJV
PHRASE,ten thousand,G3463,14,1 Corinthians 14:19,Epistles,New Testament,1 Corinthians,KJV
WORD,words,G3056,14,1 Corinthians 14:19,Epistles,New Testament,1 Corinthians,KJV
WORD,in,G1722,14,1 Corinthians 14:19,Epistles,New Testament,1 Corinthians,KJV
PHRASE,an [unknown] tongue.,G1100,14,1 Corinthians 14:19,Epistles,New Testament,1 Corinthians,KJV
WORD,"Brethren,",G80,14,1 Corinthians 14:20,Epistles,New Testament,1 Corinthians,KJV
WORD,be,G1096,14,1 Corinthians 14:20,Epistles,New Testament,1 Corinthians,KJV
WORD,not,G3361,14,1 Corinthians 14:20,Epistles,New Testament,1 Corinthians,KJV
WORD,children,G3813,14,1 Corinthians 14:20,Epistles,New Testament,1 Corinthians,KJV
PHRASE,in understanding:,G5424,14,1 Corinthians 14:20,Epistles,New Testament,1 Corinthians,KJV
WORD,howbeit,G235,14,1 Corinthians 14:20,Epistles,New Testament,1 Corinthians,KJV
PHRASE,in malice,G2549,14,1 Corinthians 14:20,Epistles,New Testament,1 Corinthians,KJV
PHRASE,"be ye children,",G3515,14,1 Corinthians 14:20,Epistles,New Testament,1 Corinthians,KJV
WORD,but,G1161,14,1 Corinthians 14:20,Epistles,New Testament,1 Corinthians,KJV
PHRASE,in understanding,G5424,14,1 Corinthians 14:20,Epistles,New Testament,1 Corinthians,KJV
WORD,be,G1096,14,1 Corinthians 14:20,Epistles,New Testament,1 Corinthians,KJV
WORD,men.,G5046,14,1 Corinthians 14:20,Epistles,New Testament,1 Corinthians,KJV
WORD,In,G1722,14,1 Corinthians 14:21,Epistles,New Testament,1 Corinthians,KJV
PHRASE,the law,G3551,14,1 Corinthians 14:21,Epistles,New Testament,1 Corinthians,KJV
PHRASE,"it is written,",G1125,14,1 Corinthians 14:21,Epistles,New Testament,1 Corinthians,KJV
WORD,With,G1722,14,1 Corinthians 14:21,Epistles,New Testament,1 Corinthians,KJV
PHRASE,[men of],,14,1 Corinthians 14:21,Epistles,New Testament,1 Corinthians,KJV
PHRASE,other tongues,G2084,14,1 Corinthians 14:21,Epistles,New Testament,1 Corinthians,KJV
WORD,and,G2532,14,1 Corinthians 14:21,Epistles,New Testament,1 Corinthians,KJV
WORD,other,G2087,14,1 Corinthians 14:21,Epistles,New Testament,1 Corinthians,KJV
WORD,lips,G5491,14,1 Corinthians 14:21,Epistles,New Testament,1 Corinthians,KJV
PHRASE,will I speak,G2980,14,1 Corinthians 14:21,Epistles,New Testament,1 Corinthians,KJV
PHRASE,unto this,G5129,14,1 Corinthians 14:21,Epistles,New Testament,1 Corinthians,KJV
WORD,people;,G2992,14,1 Corinthians 14:21,Epistles,New Testament,1 Corinthians,KJV
WORD,and,G2532,14,1 Corinthians 14:21,Epistles,New Testament,1 Corinthians,KJV
PHRASE,yet for all,G3779,14,1 Corinthians 14:21,Epistles,New Testament,1 Corinthians,KJV
PHRASE,that will they,G1522,14,1 Corinthians 14:21,Epistles,New Testament,1 Corinthians,KJV
WORD,not,G3761,14,1 Corinthians 14:21,Epistles,New Testament,1 Corinthians,KJV
WORD,hear,G1522,14,1 Corinthians 14:21,Epistles,New Testament,1 Corinthians,KJV
WORD,"me,",G3450,14,1 Corinthians 14:21,Epistles,New Testament,1 Corinthians,KJV
WORD,saith,G3004,14,1 Corinthians 14:21,Epistles,New Testament,1 Corinthians,KJV
PHRASE,the Lord.,G2962,14,1 Corinthians 14:21,Epistles,New Testament,1 Corinthians,KJV
WORD,Wherefore,G5620,14,1 Corinthians 14:22,Epistles,New Testament,1 Corinthians,KJV
WORD,tongues,G1100,14,1 Corinthians 14:22,Epistles,New Testament,1 Corinthians,KJV
WORD,are,G1526,14,1 Corinthians 14:22,Epistles,New Testament,1 Corinthians,KJV
WORD,for,G1519,14,1 Corinthians 14:22,Epistles,New Testament,1 Corinthians,KJV
PHRASE,"a sign,",G4592,14,1 Corinthians 14:22,Epistles,New Testament,1 Corinthians,KJV
WORD,not,G3756,14,1 Corinthians 14:22,Epistles,New Testament,1 Corinthians,KJV
PHRASE,to them,G3588,14,1 Corinthians 14:22,Epistles,New Testament,1 Corinthians,KJV
PHRASE,"that believe,",G4100,14,1 Corinthians 14:22,Epistles,New Testament,1 Corinthians,KJV
WORD,but,G235,14,1 Corinthians 14:22,Epistles,New Testament,1 Corinthians,KJV
PHRASE,to them,G3588,14,1 Corinthians 14:22,Epistles,New Testament,1 Corinthians,KJV
PHRASE,that believe not:,G571,14,1 Corinthians 14:22,Epistles,New Testament,1 Corinthians,KJV
WORD,but,G1161,14,1 Corinthians 14:22,Epistles,New Testament,1 Corinthians,KJV
WORD,prophesying,G4394,14,1 Corinthians 14:22,Epistles,New Testament,1 Corinthians,KJV
WORD,[serveth],,14,1 Corinthians 14:22,Epistles,New Testament,1 Corinthians,KJV
WORD,not,G3756,14,1 Corinthians 14:22,Epistles,New Testament,1 Corinthians,KJV
PHRASE,for them,G3588,14,1 Corinthians 14:22,Epistles,New Testament,1 Corinthians,KJV
PHRASE,"that believe not,",G571,14,1 Corinthians 14:22,Epistles,New Testament,1 Corinthians,KJV
WORD,but,G235,14,1 Corinthians 14:22,Epistles,New Testament,1 Corinthians,KJV
PHRASE,for them,G3588,14,1 Corinthians 14:22,Epistles,New Testament,1 Corinthians,KJV
PHRASE,which believe.,G4100,14,1 Corinthians 14:22,Epistles,New Testament,1 Corinthians,KJV
WORD,If,G1437,14,1 Corinthians 14:23,Epistles,New Testament,1 Corinthians,KJV
WORD,therefore,G3767,14,1 Corinthians 14:23,Epistles,New Testament,1 Corinthians,KJV
WORD,the,G3588,14,1 Corinthians 14:23,Epistles,New Testament,1 Corinthians,KJV
WORD,whole,G3650,14,1 Corinthians 14:23,Epistles,New Testament,1 Corinthians,KJV
WORD,church,G1577,14,1 Corinthians 14:23,Epistles,New Testament,1 Corinthians,KJV
PHRASE,be come together,G4905,14,1 Corinthians 14:23,Epistles,New Testament,1 Corinthians,KJV
WORD,into,G1909,14,1 Corinthians 14:23,Epistles,New Testament,1 Corinthians,KJV
PHRASE,"one place,",G846,14,1 Corinthians 14:23,Epistles,New Testament,1 Corinthians,KJV
WORD,and,G2532,14,1 Corinthians 14:23,Epistles,New Testament,1 Corinthians,KJV
WORD,all,G3956,14,1 Corinthians 14:23,Epistles,New Testament,1 Corinthians,KJV
WORD,speak,G2980,14,1 Corinthians 14:23,Epistles,New Testament,1 Corinthians,KJV
PHRASE,"with tongues,",G1100,14,1 Corinthians 14:23,Epistles,New Testament,1 Corinthians,KJV
WORD,and,G1161,14,1 Corinthians 14:23,Epistles,New Testament,1 Corinthians,KJV
PHRASE,there come in,G1525,14,1 Corinthians 14:23,Epistles,New Testament,1 Corinthians,KJV
PHRASE,[those that are],,14,1 Corinthians 14:23,Epistles,New Testament,1 Corinthians,KJV
WORD,"unlearned,",G2399,14,1 Corinthians 14:23,Epistles,New Testament,1 Corinthians,KJV
WORD,or,G2228,14,1 Corinthians 14:23,Epistles,New Testament,1 Corinthians,KJV
WORD,"unbelievers,",G571,14,1 Corinthians 14:23,Epistles,New Testament,1 Corinthians,KJV
PHRASE,will they,G2046,14,1 Corinthians 14:23,Epistles,New Testament,1 Corinthians,KJV
WORD,not,G3756,14,1 Corinthians 14:23,Epistles,New Testament,1 Corinthians,KJV
WORD,say,G2046,14,1 Corinthians 14:23,Epistles,New Testament,1 Corinthians,KJV
WORD,that,G3754,14,1 Corinthians 14:23,Epistles,New Testament,1 Corinthians,KJV
PHRASE,ye are mad?,G3105,14,1 Corinthians 14:23,Epistles,New Testament,1 Corinthians,KJV
WORD,But,G1161,14,1 Corinthians 14:24,Epistles,New Testament,1 Corinthians,KJV
WORD,if,G1437,14,1 Corinthians 14:24,Epistles,New Testament,1 Corinthians,KJV
WORD,all,G3956,14,1 Corinthians 14:24,Epistles,New Testament,1 Corinthians,KJV
WORD,"prophesy,",G4395,14,1 Corinthians 14:24,Epistles,New Testament,1 Corinthians,KJV
WORD,and,G1161,14,1 Corinthians 14:24,Epistles,New Testament,1 Corinthians,KJV
PHRASE,there come in,G1525,14,1 Corinthians 14:24,Epistles,New Testament,1 Corinthians,KJV
WORD,one,G5100,14,1 Corinthians 14:24,Epistles,New Testament,1 Corinthians,KJV
PHRASE,"that believeth not,",G571,14,1 Corinthians 14:24,Epistles,New Testament,1 Corinthians,KJV
WORD,or,G2228,14,1 Corinthians 14:24,Epistles,New Testament,1 Corinthians,KJV
WORD,[one],,14,1 Corinthians 14:24,Epistles,New Testament,1 Corinthians,KJV
WORD,"unlearned,",G2399,14,1 Corinthians 14:24,Epistles,New Testament,1 Corinthians,KJV
PHRASE,he is convinced,G1651,14,1 Corinthians 14:24,Epistles,New Testament,1 Corinthians,KJV
WORD,of,G5259,14,1 Corinthians 14:24,Epistles,New Testament,1 Corinthians,KJV
WORD,"all,",G3956,14,1 Corinthians 14:24,Epistles,New Testament,1 Corinthians,KJV
PHRASE,he is judged,G350,14,1 Corinthians 14:24,Epistles,New Testament,1 Corinthians,KJV
WORD,of,G5259,14,1 Corinthians 14:24,Epistles,New Testament,1 Corinthians,KJV
WORD,all:,G3956,14,1 Corinthians 14:24,Epistles,New Testament,1 Corinthians,KJV
WORD,And,G2532,14,1 Corinthians 14:25,Epistles,New Testament,1 Corinthians,KJV
WORD,thus,G3779,14,1 Corinthians 14:25,Epistles,New Testament,1 Corinthians,KJV
WORD,are,G1096,14,1 Corinthians 14:25,Epistles,New Testament,1 Corinthians,KJV
WORD,the,G3588,14,1 Corinthians 14:25,Epistles,New Testament,1 Corinthians,KJV
WORD,secrets,G2927,14,1 Corinthians 14:25,Epistles,New Testament,1 Corinthians,KJV
PHRASE,of his,G846,14,1 Corinthians 14:25,Epistles,New Testament,1 Corinthians,KJV
WORD,heart,G2588,14,1 Corinthians 14:25,Epistles,New Testament,1 Corinthians,KJV
WORD,made,G1096,14,1 Corinthians 14:25,Epistles,New Testament,1 Corinthians,KJV
WORD,manifest;,G5318,14,1 Corinthians 14:25,Epistles,New Testament,1 Corinthians,KJV
WORD,and,G2532,14,1 Corinthians 14:25,Epistles,New Testament,1 Corinthians,KJV
WORD,so,G3779,14,1 Corinthians 14:25,Epistles,New Testament,1 Corinthians,KJV
PHRASE,falling down,G4098,14,1 Corinthians 14:25,Epistles,New Testament,1 Corinthians,KJV
WORD,on,G1909,14,1 Corinthians 14:25,Epistles,New Testament,1 Corinthians,KJV
WORD,[his],,14,1 Corinthians 14:25,Epistles,New Testament,1 Corinthians,KJV
WORD,face,G4383,14,1 Corinthians 14:25,Epistles,New Testament,1 Corinthians,KJV
PHRASE,he will worship,G4352,14,1 Corinthians 14:25,Epistles,New Testament,1 Corinthians,KJV
WORD,"God,",G2316,14,1 Corinthians 14:25,Epistles,New Testament,1 Corinthians,KJV
PHRASE,and report,G518,14,1 Corinthians 14:25,Epistles,New Testament,1 Corinthians,KJV
WORD,that,G3754,14,1 Corinthians 14:25,Epistles,New Testament,1 Corinthians,KJV
WORD,God,G2316,14,1 Corinthians 14:25,Epistles,New Testament,1 Corinthians,KJV
WORD,is,G2076,14,1 Corinthians 14:25,Epistles,New Testament,1 Corinthians,KJV
WORD,in,G1722,14,1 Corinthians 14:25,Epistles,New Testament,1 Corinthians,KJV
WORD,you,G5213,14,1 Corinthians 14:25,Epistles,New Testament,1 Corinthians,KJV
PHRASE,of a truth.,G3689,14,1 Corinthians 14:25,Epistles,New Testament,1 Corinthians,KJV
WORD,How,G5101,14,1 Corinthians 14:26,Epistles,New Testament,1 Corinthians,KJV
PHRASE,is it,G2076,14,1 Corinthians 14:26,Epistles,New Testament,1 Corinthians,KJV
WORD,"then,",G3767,14,1 Corinthians 14:26,Epistles,New Testament,1 Corinthians,KJV
WORD,brethren?,G80,14,1 Corinthians 14:26,Epistles,New Testament,1 Corinthians,KJV
WORD,when,G3752,14,1 Corinthians 14:26,Epistles,New Testament,1 Corinthians,KJV
PHRASE,"ye come together,",G4905,14,1 Corinthians 14:26,Epistles,New Testament,1 Corinthians,KJV
PHRASE,every one,G1538,14,1 Corinthians 14:26,Epistles,New Testament,1 Corinthians,KJV
PHRASE,of you,G5216,14,1 Corinthians 14:26,Epistles,New Testament,1 Corinthians,KJV
WORD,hath,G2192,14,1 Corinthians 14:26,Epistles,New Testament,1 Corinthians,KJV
PHRASE,"a psalm,",G5568,14,1 Corinthians 14:26,Epistles,New Testament,1 Corinthians,KJV
WORD,hath,G2192,14,1 Corinthians 14:26,Epistles,New Testament,1 Corinthians,KJV
PHRASE,"a doctrine,",G1322,14,1 Corinthians 14:26,Epistles,New Testament,1 Corinthians,KJV
WORD,hath,G2192,14,1 Corinthians 14:26,Epistles,New Testament,1 Corinthians,KJV
PHRASE,"a tongue,",G1100,14,1 Corinthians 14:26,Epistles,New Testament,1 Corinthians,KJV
WORD,hath,G2192,14,1 Corinthians 14:26,Epistles,New Testament,1 Corinthians,KJV
PHRASE,"a revelation,",G602,14,1 Corinthians 14:26,Epistles,New Testament,1 Corinthians,KJV
WORD,hath,G2192,14,1 Corinthians 14:26,Epistles,New Testament,1 Corinthians,KJV
PHRASE,an interpretation.,G2058,14,1 Corinthians 14:26,Epistles,New Testament,1 Corinthians,KJV
WORD,Let,G1096,14,1 Corinthians 14:26,Epistles,New Testament,1 Corinthians,KJV
PHRASE,all things,G3956,14,1 Corinthians 14:26,Epistles,New Testament,1 Corinthians,KJV
PHRASE,be done,G1096,14,1 Corinthians 14:26,Epistles,New Testament,1 Corinthians,KJV
WORD,unto,G4314,14,1 Corinthians 14:26,Epistles,New Testament,1 Corinthians,KJV
WORD,edifying.,G3619,14,1 Corinthians 14:26,Epistles,New Testament,1 Corinthians,KJV
WORD,If,G1535,14,1 Corinthians 14:27,Epistles,New Testament,1 Corinthians,KJV
PHRASE,any man,G5100,14,1 Corinthians 14:27,Epistles,New Testament,1 Corinthians,KJV
WORD,speak,G2980,14,1 Corinthians 14:27,Epistles,New Testament,1 Corinthians,KJV
PHRASE,"in an [unknown] tongue,",G1100,14,1 Corinthians 14:27,Epistles,New Testament,1 Corinthians,KJV
PHRASE,[let it be],,14,1 Corinthians 14:27,Epistles,New Testament,1 Corinthians,KJV
WORD,by,G2596,14,1 Corinthians 14:27,Epistles,New Testament,1 Corinthians,KJV
WORD,"two,",G1417,14,1 Corinthians 14:27,Epistles,New Testament,1 Corinthians,KJV
WORD,or,G2228,14,1 Corinthians 14:27,Epistles,New Testament,1 Corinthians,KJV
PHRASE,at the,G3588,14,1 Corinthians 14:27,Epistles,New Testament,1 Corinthians,KJV
WORD,most,G4118,14,1 Corinthians 14:27,Epistles,New Testament,1 Corinthians,KJV
WORD,[by],,14,1 Corinthians 14:27,Epistles,New Testament,1 Corinthians,KJV
WORD,"three,",G5140,14,1 Corinthians 14:27,Epistles,New Testament,1 Corinthians,KJV
WORD,and,G2532,14,1 Corinthians 14:27,Epistles,New Testament,1 Corinthians,KJV
WORD,[that],,14,1 Corinthians 14:27,Epistles,New Testament,1 Corinthians,KJV
WORD,by,G303,14,1 Corinthians 14:27,Epistles,New Testament,1 Corinthians,KJV
WORD,course;,G3313,14,1 Corinthians 14:27,Epistles,New Testament,1 Corinthians,KJV
WORD,and,G2532,14,1 Corinthians 14:27,Epistles,New Testament,1 Corinthians,KJV
WORD,let,G1329,14,1 Corinthians 14:27,Epistles,New Testament,1 Corinthians,KJV
WORD,one,G1520,14,1 Corinthians 14:27,Epistles,New Testament,1 Corinthians,KJV
WORD,interpret.,G1329,14,1 Corinthians 14:27,Epistles,New Testament,1 Corinthians,KJV
WORD,But,G1161,14,1 Corinthians 14:28,Epistles,New Testament,1 Corinthians,KJV
WORD,if,G1437,14,1 Corinthians 14:28,Epistles,New Testament,1 Corinthians,KJV
PHRASE,there be,G5600,14,1 Corinthians 14:28,Epistles,New Testament,1 Corinthians,KJV
WORD,no,G3361,14,1 Corinthians 14:28,Epistles,New Testament,1 Corinthians,KJV
WORD,"interpreter,",G1328,14,1 Corinthians 14:28,Epistles,New Testament,1 Corinthians,KJV
PHRASE,let him keep silence,G4601,14,1 Corinthians 14:28,Epistles,New Testament,1 Corinthians,KJV
WORD,in,G1722,14,1 Corinthians 14:28,Epistles,New Testament,1 Corinthians,KJV
PHRASE,the church;,G1577,14,1 Corinthians 14:28,Epistles,New Testament,1 Corinthians,KJV
WORD,and,G1161,14,1 Corinthians 14:28,Epistles,New Testament,1 Corinthians,KJV
PHRASE,let him speak,G2980,14,1 Corinthians 14:28,Epistles,New Testament,1 Corinthians,KJV
PHRASE,"to himself,",G1438,14,1 Corinthians 14:28,Epistles,New Testament,1 Corinthians,KJV
WORD,and,G2532,14,1 Corinthians 14:28,Epistles,New Testament,1 Corinthians,KJV
PHRASE,to God.,G2316,14,1 Corinthians 14:28,Epistles,New Testament,1 Corinthians,KJV
WORD,Let,G2980,14,1 Corinthians 14:29,Epistles,New Testament,1 Corinthians,KJV
PHRASE,the prophets,G4396,14,1 Corinthians 14:29,Epistles,New Testament,1 Corinthians,KJV
WORD,speak,G2980,14,1 Corinthians 14:29,Epistles,New Testament,1 Corinthians,KJV
WORD,two,G1417,14,1 Corinthians 14:29,Epistles,New Testament,1 Corinthians,KJV
WORD,or,G2228,14,1 Corinthians 14:29,Epistles,New Testament,1 Corinthians,KJV
WORD,"three,",G5140,14,1 Corinthians 14:29,Epistles,New Testament,1 Corinthians,KJV
WORD,and,G2532,14,1 Corinthians 14:29,Epistles,New Testament,1 Corinthians,KJV
WORD,let,G1252,14,1 Corinthians 14:29,Epistles,New Testament,1 Corinthians,KJV
WORD,the,G3588,14,1 Corinthians 14:29,Epistles,New Testament,1 Corinthians,KJV
WORD,other,G243,14,1 Corinthians 14:29,Epistles,New Testament,1 Corinthians,KJV
WORD,judge.,G1252,14,1 Corinthians 14:29,Epistles,New Testament,1 Corinthians,KJV
WORD,If,G1437,14,1 Corinthians 14:30,Epistles,New Testament,1 Corinthians,KJV
PHRASE,[any thing],,14,1 Corinthians 14:30,Epistles,New Testament,1 Corinthians,KJV
PHRASE,be revealed,G601,14,1 Corinthians 14:30,Epistles,New Testament,1 Corinthians,KJV
PHRASE,to another,G243,14,1 Corinthians 14:30,Epistles,New Testament,1 Corinthians,KJV
PHRASE,"that sitteth by,",G2521,14,1 Corinthians 14:30,Epistles,New Testament,1 Corinthians,KJV
WORD,let,G4601,14,1 Corinthians 14:30,Epistles,New Testament,1 Corinthians,KJV
WORD,the,G3588,14,1 Corinthians 14:30,Epistles,New Testament,1 Corinthians,KJV
WORD,first,G4413,14,1 Corinthians 14:30,Epistles,New Testament,1 Corinthians,KJV
PHRASE,hold his peace.,G4601,14,1 Corinthians 14:30,Epistles,New Testament,1 Corinthians,KJV
WORD,For,G1063,14,1 Corinthians 14:31,Epistles,New Testament,1 Corinthians,KJV
PHRASE,ye may,G1410,14,1 Corinthians 14:31,Epistles,New Testament,1 Corinthians,KJV
WORD,all,G3956,14,1 Corinthians 14:31,Epistles,New Testament,1 Corinthians,KJV
WORD,prophesy,G4395,14,1 Corinthians 14:31,Epistles,New Testament,1 Corinthians,KJV
PHRASE,one by,G2596,14,1 Corinthians 14:31,Epistles,New Testament,1 Corinthians,KJV
WORD,"one,",G1520,14,1 Corinthians 14:31,Epistles,New Testament,1 Corinthians,KJV
WORD,that,G2443,14,1 Corinthians 14:31,Epistles,New Testament,1 Corinthians,KJV
WORD,all,G3956,14,1 Corinthians 14:31,Epistles,New Testament,1 Corinthians,KJV
PHRASE,"may learn,",G3129,14,1 Corinthians 14:31,Epistles,New Testament,1 Corinthians,KJV
WORD,and,G2532,14,1 Corinthians 14:31,Epistles,New Testament,1 Corinthians,KJV
WORD,all,G3956,14,1 Corinthians 14:31,Epistles,New Testament,1 Corinthians,KJV
PHRASE,may be comforted.,G3870,14,1 Corinthians 14:31,Epistles,New Testament,1 Corinthians,KJV
WORD,And,G2532,14,1 Corinthians 14:32,Epistles,New Testament,1 Corinthians,KJV
PHRASE,the spirits,G4151,14,1 Corinthians 14:32,Epistles,New Testament,1 Corinthians,KJV
PHRASE,of the prophets,G4396,14,1 Corinthians 14:32,Epistles,New Testament,1 Corinthians,KJV
PHRASE,are subject,G5293,14,1 Corinthians 14:32,Epistles,New Testament,1 Corinthians,KJV
PHRASE,to the prophets.,G4396,14,1 Corinthians 14:32,Epistles,New Testament,1 Corinthians,KJV
WORD,For,G1063,14,1 Corinthians 14:33,Epistles,New Testament,1 Corinthians,KJV
WORD,God,G2316,14,1 Corinthians 14:33,Epistles,New Testament,1 Corinthians,KJV
WORD,is,G2076,14,1 Corinthians 14:33,Epistles,New Testament,1 Corinthians,KJV
WORD,not,G3756,14,1 Corinthians 14:33,Epistles,New Testament,1 Corinthians,KJV
PHRASE,[the author],,14,1 Corinthians 14:33,Epistles,New Testament,1 Corinthians,KJV
PHRASE,"of confusion,",G181,14,1 Corinthians 14:33,Epistles,New Testament,1 Corinthians,KJV
WORD,but,G235,14,1 Corinthians 14:33,Epistles,New Testament,1 Corinthians,KJV
PHRASE,"of peace,",G1515,14,1 Corinthians 14:33,Epistles,New Testament,1 Corinthians,KJV
WORD,as,G5613,14,1 Corinthians 14:33,Epistles,New Testament,1 Corinthians,KJV
WORD,in,G1722,14,1 Corinthians 14:33,Epistles,New Testament,1 Corinthians,KJV
WORD,all,G3956,14,1 Corinthians 14:33,Epistles,New Testament,1 Corinthians,KJV
WORD,churches,G1577,14,1 Corinthians 14:33,Epistles,New Testament,1 Corinthians,KJV
PHRASE,of the,G3588,14,1 Corinthians 14:33,Epistles,New Testament,1 Corinthians,KJV
WORD,saints.,G40,14,1 Corinthians 14:33,Epistles,New Testament,1 Corinthians,KJV
WORD,Let,G4601,14,1 Corinthians 14:34,Epistles,New Testament,1 Corinthians,KJV
WORD,your,G5216,14,1 Corinthians 14:34,Epistles,New Testament,1 Corinthians,KJV
WORD,women,G1135,14,1 Corinthians 14:34,Epistles,New Testament,1 Corinthians,KJV
PHRASE,keep silence,G4601,14,1 Corinthians 14:34,Epistles,New Testament,1 Corinthians,KJV
WORD,in,G1722,14,1 Corinthians 14:34,Epistles,New Testament,1 Corinthians,KJV
WORD,the,G3588,14,1 Corinthians 14:34,Epistles,New Testament,1 Corinthians,KJV
WORD,churches:,G1577,14,1 Corinthians 14:34,Epistles,New Testament,1 Corinthians,KJV
WORD,for,G1063,14,1 Corinthians 14:34,Epistles,New Testament,1 Corinthians,KJV
PHRASE,it is,G2010,14,1 Corinthians 14:34,Epistles,New Testament,1 Corinthians,KJV
WORD,not,G3756,14,1 Corinthians 14:34,Epistles,New Testament,1 Corinthians,KJV
WORD,permitted,G2010,14,1 Corinthians 14:34,Epistles,New Testament,1 Corinthians,KJV
PHRASE,unto them,G846,14,1 Corinthians 14:34,Epistles,New Testament,1 Corinthians,KJV
PHRASE,to speak;,G2980,14,1 Corinthians 14:34,Epistles,New Testament,1 Corinthians,KJV
WORD,but,G235,14,1 Corinthians 14:34,Epistles,New Testament,1 Corinthians,KJV
PHRASE,[they are commanded],,14,1 Corinthians 14:34,Epistles,New Testament,1 Corinthians,KJV
PHRASE,"to be under obedience,",G5293,14,1 Corinthians 14:34,Epistles,New Testament,1 Corinthians,KJV
WORD,as,G2531,14,1 Corinthians 14:34,Epistles,New Testament,1 Corinthians,KJV
WORD,also,G2532,14,1 Corinthians 14:34,Epistles,New Testament,1 Corinthians,KJV
WORD,saith,G3004,14,1 Corinthians 14:34,Epistles,New Testament,1 Corinthians,KJV
WORD,the,G3588,14,1 Corinthians 14:34,Epistles,New Testament,1 Corinthians,KJV
WORD,law.,G3551,14,1 Corinthians 14:34,Epistles,New Testament,1 Corinthians,KJV
WORD,And,G1161,14,1 Corinthians 14:35,Epistles,New Testament,1 Corinthians,KJV
WORD,if,G1487,14,1 Corinthians 14:35,Epistles,New Testament,1 Corinthians,KJV
PHRASE,they will,G2309,14,1 Corinthians 14:35,Epistles,New Testament,1 Corinthians,KJV
WORD,learn,G3129,14,1 Corinthians 14:35,Epistles,New Testament,1 Corinthians,KJV
PHRASE,"any thing,",G5100,14,1 Corinthians 14:35,Epistles,New Testament,1 Corinthians,KJV
PHRASE,let them ask,G1905,14,1 Corinthians 14:35,Epistles,New Testament,1 Corinthians,KJV
WORD,their,G2398,14,1 Corinthians 14:35,Epistles,New Testament,1 Corinthians,KJV
WORD,husbands,G435,14,1 Corinthians 14:35,Epistles,New Testament,1 Corinthians,KJV
WORD,at,G1722,14,1 Corinthians 14:35,Epistles,New Testament,1 Corinthians,KJV
WORD,home:,G3624,14,1 Corinthians 14:35,Epistles,New Testament,1 Corinthians,KJV
WORD,for,G1063,14,1 Corinthians 14:35,Epistles,New Testament,1 Corinthians,KJV
PHRASE,it is,G2076,14,1 Corinthians 14:35,Epistles,New Testament,1 Corinthians,KJV
PHRASE,a shame,G150,14,1 Corinthians 14:35,Epistles,New Testament,1 Corinthians,KJV
PHRASE,for women,G1135,14,1 Corinthians 14:35,Epistles,New Testament,1 Corinthians,KJV
PHRASE,to speak,G2980,14,1 Corinthians 14:35,Epistles,New Testament,1 Corinthians,KJV
WORD,in,G1722,14,1 Corinthians 14:35,Epistles,New Testament,1 Corinthians,KJV
PHRASE,the church.,G1577,14,1 Corinthians 14:35,Epistles,New Testament,1 Corinthians,KJV
WORD,What?,G2228,14,1 Corinthians 14:36,Epistles,New Testament,1 Corinthians,KJV
WORD,came,G1831,14,1 Corinthians 14:36,Epistles,New Testament,1 Corinthians,KJV
WORD,the,G3588,14,1 Corinthians 14:36,Epistles,New Testament,1 Corinthians,KJV
WORD,word,G3056,14,1 Corinthians 14:36,Epistles,New Testament,1 Corinthians,KJV
PHRASE,of God,G2316,14,1 Corinthians 14:36,Epistles,New Testament,1 Corinthians,KJV
WORD,out,G1831,14,1 Corinthians 14:36,Epistles,New Testament,1 Corinthians,KJV
WORD,from,G575,14,1 Corinthians 14:36,Epistles,New Testament,1 Corinthians,KJV
WORD,you?,G5216,14,1 Corinthians 14:36,Epistles,New Testament,1 Corinthians,KJV
WORD,or,G2228,14,1 Corinthians 14:36,Epistles,New Testament,1 Corinthians,KJV
PHRASE,came it,G2658,14,1 Corinthians 14:36,Epistles,New Testament,1 Corinthians,KJV
WORD,unto,G1519,14,1 Corinthians 14:36,Epistles,New Testament,1 Corinthians,KJV
WORD,you,G5209,14,1 Corinthians 14:36,Epistles,New Testament,1 Corinthians,KJV
WORD,only?,G3441,14,1 Corinthians 14:36,Epistles,New Testament,1 Corinthians,KJV
WORD,If,G1487,14,1 Corinthians 14:37,Epistles,New Testament,1 Corinthians,KJV
PHRASE,any man,G5100,14,1 Corinthians 14:37,Epistles,New Testament,1 Corinthians,KJV
PHRASE,think himself,G1380,14,1 Corinthians 14:37,Epistles,New Testament,1 Corinthians,KJV
PHRASE,to be,G1511,14,1 Corinthians 14:37,Epistles,New Testament,1 Corinthians,KJV
PHRASE,"a prophet,",G4396,14,1 Corinthians 14:37,Epistles,New Testament,1 Corinthians,KJV
WORD,or,G2228,14,1 Corinthians 14:37,Epistles,New Testament,1 Corinthians,KJV
WORD,"spiritual,",G4152,14,1 Corinthians 14:37,Epistles,New Testament,1 Corinthians,KJV
PHRASE,let him acknowledge,G1921,14,1 Corinthians 14:37,Epistles,New Testament,1 Corinthians,KJV
WORD,that,G3754,14,1 Corinthians 14:37,Epistles,New Testament,1 Corinthians,KJV
PHRASE,the things,G3739,14,1 Corinthians 14:37,Epistles,New Testament,1 Corinthians,KJV
PHRASE,that I write,G1125,14,1 Corinthians 14:37,Epistles,New Testament,1 Corinthians,KJV
PHRASE,unto you,G5213,14,1 Corinthians 14:37,Epistles,New Testament,1 Corinthians,KJV
WORD,are,G1526,14,1 Corinthians 14:37,Epistles,New Testament,1 Corinthians,KJV
PHRASE,the commandments,G1785,14,1 Corinthians 14:37,Epistles,New Testament,1 Corinthians,KJV
PHRASE,of the,G3588,14,1 Corinthians 14:37,Epistles,New Testament,1 Corinthians,KJV
WORD,Lord.,G2962,14,1 Corinthians 14:37,Epistles,New Testament,1 Corinthians,KJV
WORD,But,G1161,14,1 Corinthians 14:38,Epistles,New Testament,1 Corinthians,KJV
WORD,if,G1487,14,1 Corinthians 14:38,Epistles,New Testament,1 Corinthians,KJV
PHRASE,any man,G5100,14,1 Corinthians 14:38,Epistles,New Testament,1 Corinthians,KJV
PHRASE,"be ignorant,",G50,14,1 Corinthians 14:38,Epistles,New Testament,1 Corinthians,KJV
PHRASE,let him be ignorant.,G50,14,1 Corinthians 14:38,Epistles,New Testament,1 Corinthians,KJV
WORD,"Wherefore,",G5620,14,1 Corinthians 14:39,Epistles,New Testament,1 Corinthians,KJV
WORD,"brethren,",G80,14,1 Corinthians 14:39,Epistles,New Testament,1 Corinthians,KJV
WORD,covet,G2206,14,1 Corinthians 14:39,Epistles,New Testament,1 Corinthians,KJV
PHRASE,"to prophesy,",G4395,14,1 Corinthians 14:39,Epistles,New Testament,1 Corinthians,KJV
WORD,and,G2532,14,1 Corinthians 14:39,Epistles,New Testament,1 Corinthians,KJV
WORD,forbid,G2967,14,1 Corinthians 14:39,Epistles,New Testament,1 Corinthians,KJV
WORD,not,G3361,14,1 Corinthians 14:39,Epistles,New Testament,1 Corinthians,KJV
PHRASE,to speak,G2980,14,1 Corinthians 14:39,Epistles,New Testament,1 Corinthians,KJV
PHRASE,with tongues.,G1100,14,1 Corinthians 14:39,Epistles,New Testament,1 Corinthians,KJV
WORD,Let,G1096,14,1 Corinthians 14:40,Epistles,New Testament,1 Corinthians,KJV
PHRASE,all things,G3956,14,1 Corinthians 14:40,Epistles,New Testament,1 Corinthians,KJV
PHRASE,be done,G1096,14,1 Corinthians 14:40,Epistles,New Testament,1 Corinthians,KJV
WORD,decently,G2156,14,1 Corinthians 14:40,Epistles,New Testament,1 Corinthians,KJV
WORD,and,G2532,14,1 Corinthians 14:40,Epistles,New Testament,1 Corinthians,KJV
WORD,in,G2596,14,1 Corinthians 14:40,Epistles,New Testament,1 Corinthians,KJV
WORD,order.,G5010,14,1 Corinthians 14:40,Epistles,New Testament,1 Corinthians,KJV
WORD,"Moreover,",G1161,15,1 Corinthians 15:1,Epistles,New Testament,1 Corinthians,KJV
WORD,"brethren,",G80,15,1 Corinthians 15:1,Epistles,New Testament,1 Corinthians,KJV
PHRASE,I declare,G1107,15,1 Corinthians 15:1,Epistles,New Testament,1 Corinthians,KJV
PHRASE,unto you,G5213,15,1 Corinthians 15:1,Epistles,New Testament,1 Corinthians,KJV
WORD,the,G3588,15,1 Corinthians 15:1,Epistles,New Testament,1 Corinthians,KJV
WORD,gospel,G2098,15,1 Corinthians 15:1,Epistles,New Testament,1 Corinthians,KJV
WORD,which,G3739,15,1 Corinthians 15:1,Epistles,New Testament,1 Corinthians,KJV
PHRASE,I preached,G2097,15,1 Corinthians 15:1,Epistles,New Testament,1 Corinthians,KJV
PHRASE,"unto you,",G5213,15,1 Corinthians 15:1,Epistles,New Testament,1 Corinthians,KJV
WORD,which,G3739,15,1 Corinthians 15:1,Epistles,New Testament,1 Corinthians,KJV
WORD,also,G2532,15,1 Corinthians 15:1,Epistles,New Testament,1 Corinthians,KJV
PHRASE,"ye have received,",G3880,15,1 Corinthians 15:1,Epistles,New Testament,1 Corinthians,KJV
WORD,and,G2532,15,1 Corinthians 15:1,Epistles,New Testament,1 Corinthians,KJV
WORD,wherein,G1722,15,1 Corinthians 15:1,Epistles,New Testament,1 Corinthians,KJV
WORD,,G3739,15,1 Corinthians 15:1,Epistles,New Testament,1 Corinthians,KJV
PHRASE,ye stand;,G2476,15,1 Corinthians 15:1,Epistles,New Testament,1 Corinthians,KJV
WORD,By,G1223,15,1 Corinthians 15:2,Epistles,New Testament,1 Corinthians,KJV
WORD,which,G3739,15,1 Corinthians 15:2,Epistles,New Testament,1 Corinthians,KJV
WORD,also,G2532,15,1 Corinthians 15:2,Epistles,New Testament,1 Corinthians,KJV
PHRASE,"ye are saved,",G4982,15,1 Corinthians 15:2,Epistles,New Testament,1 Corinthians,KJV
WORD,if,G1487,15,1 Corinthians 15:2,Epistles,New Testament,1 Corinthians,KJV
PHRASE,ye keep,G2722,15,1 Corinthians 15:2,Epistles,New Testament,1 Corinthians,KJV
PHRASE,in memory,G5100,15,1 Corinthians 15:2,Epistles,New Testament,1 Corinthians,KJV
WORD,what,G3056,15,1 Corinthians 15:2,Epistles,New Testament,1 Corinthians,KJV
PHRASE,I preached,G2097,15,1 Corinthians 15:2,Epistles,New Testament,1 Corinthians,KJV
PHRASE,"unto you,",G5213,15,1 Corinthians 15:2,Epistles,New Testament,1 Corinthians,KJV
WORD,unless,G1622,15,1 Corinthians 15:2,Epistles,New Testament,1 Corinthians,KJV
PHRASE,ye have believed,G4100,15,1 Corinthians 15:2,Epistles,New Testament,1 Corinthians,KJV
PHRASE,in vain.,G1500,15,1 Corinthians 15:2,Epistles,New Testament,1 Corinthians,KJV
WORD,For,G1063,15,1 Corinthians 15:3,Epistles,New Testament,1 Corinthians,KJV
PHRASE,I delivered,G3860,15,1 Corinthians 15:3,Epistles,New Testament,1 Corinthians,KJV
PHRASE,unto you,G5213,15,1 Corinthians 15:3,Epistles,New Testament,1 Corinthians,KJV
PHRASE,first of all,G4413,15,1 Corinthians 15:3,Epistles,New Testament,1 Corinthians,KJV
PHRASE,that which,G3739,15,1 Corinthians 15:3,Epistles,New Testament,1 Corinthians,KJV
WORD,I,G3880,15,1 Corinthians 15:3,Epistles,New Testament,1 Corinthians,KJV
WORD,also,G2532,15,1 Corinthians 15:3,Epistles,New Testament,1 Corinthians,KJV
WORD,"received,",G3880,15,1 Corinthians 15:3,Epistles,New Testament,1 Corinthians,KJV
WORD,how,G3754,15,1 Corinthians 15:3,Epistles,New Testament,1 Corinthians,KJV
PHRASE,that Christ,G5547,15,1 Corinthians 15:3,Epistles,New Testament,1 Corinthians,KJV
WORD,died,G599,15,1 Corinthians 15:3,Epistles,New Testament,1 Corinthians,KJV
WORD,for,G5228,15,1 Corinthians 15:3,Epistles,New Testament,1 Corinthians,KJV
WORD,our,G2257,15,1 Corinthians 15:3,Epistles,New Testament,1 Corinthians,KJV
WORD,sins,G266,15,1 Corinthians 15:3,Epistles,New Testament,1 Corinthians,KJV
WORD,according,G2596,15,1 Corinthians 15:3,Epistles,New Testament,1 Corinthians,KJV
PHRASE,to the,G3588,15,1 Corinthians 15:3,Epistles,New Testament,1 Corinthians,KJV
WORD,scriptures;,G1124,15,1 Corinthians 15:3,Epistles,New Testament,1 Corinthians,KJV
WORD,And,G2532,15,1 Corinthians 15:4,Epistles,New Testament,1 Corinthians,KJV
WORD,that,G3754,15,1 Corinthians 15:4,Epistles,New Testament,1 Corinthians,KJV
PHRASE,"he was buried,",G2290,15,1 Corinthians 15:4,Epistles,New Testament,1 Corinthians,KJV
WORD,and,G2532,15,1 Corinthians 15:4,Epistles,New Testament,1 Corinthians,KJV
WORD,that,G3754,15,1 Corinthians 15:4,Epistles,New Testament,1 Corinthians,KJV
PHRASE,he rose again,G1453,15,1 Corinthians 15:4,Epistles,New Testament,1 Corinthians,KJV
WORD,the,G3588,15,1 Corinthians 15:4,Epistles,New Testament,1 Corinthians,KJV
WORD,third,G5154,15,1 Corinthians 15:4,Epistles,New Testament,1 Corinthians,KJV
WORD,day,G2250,15,1 Corinthians 15:4,Epistles,New Testament,1 Corinthians,KJV
WORD,according,G2596,15,1 Corinthians 15:4,Epistles,New Testament,1 Corinthians,KJV
PHRASE,to the,G3588,15,1 Corinthians 15:4,Epistles,New Testament,1 Corinthians,KJV
WORD,scriptures:,G1124,15,1 Corinthians 15:4,Epistles,New Testament,1 Corinthians,KJV
WORD,And,G2532,15,1 Corinthians 15:5,Epistles,New Testament,1 Corinthians,KJV
WORD,that,G3754,15,1 Corinthians 15:5,Epistles,New Testament,1 Corinthians,KJV
PHRASE,he was seen,G3700,15,1 Corinthians 15:5,Epistles,New Testament,1 Corinthians,KJV
PHRASE,"of Cephas,",G2786,15,1 Corinthians 15:5,Epistles,New Testament,1 Corinthians,KJV
WORD,then,G1534,15,1 Corinthians 15:5,Epistles,New Testament,1 Corinthians,KJV
PHRASE,of the,G3588,15,1 Corinthians 15:5,Epistles,New Testament,1 Corinthians,KJV
WORD,twelve:,G1427,15,1 Corinthians 15:5,Epistles,New Testament,1 Corinthians,KJV
PHRASE,"After that,",G1899,15,1 Corinthians 15:6,Epistles,New Testament,1 Corinthians,KJV
PHRASE,he was seen,G3700,15,1 Corinthians 15:6,Epistles,New Testament,1 Corinthians,KJV
PHRASE,of above,G1883,15,1 Corinthians 15:6,Epistles,New Testament,1 Corinthians,KJV
PHRASE,five hundred,G4001,15,1 Corinthians 15:6,Epistles,New Testament,1 Corinthians,KJV
WORD,brethren,G80,15,1 Corinthians 15:6,Epistles,New Testament,1 Corinthians,KJV
PHRASE,at once;,G2178,15,1 Corinthians 15:6,Epistles,New Testament,1 Corinthians,KJV
WORD,of,G1537,15,1 Corinthians 15:6,Epistles,New Testament,1 Corinthians,KJV
WORD,whom,G3739,15,1 Corinthians 15:6,Epistles,New Testament,1 Corinthians,KJV
WORD,the,G3588,15,1 Corinthians 15:6,Epistles,New Testament,1 Corinthians,KJV
PHRASE,greater part,G4119,15,1 Corinthians 15:6,Epistles,New Testament,1 Corinthians,KJV
WORD,remain,G3306,15,1 Corinthians 15:6,Epistles,New Testament,1 Corinthians,KJV
WORD,unto,G2193,15,1 Corinthians 15:6,Epistles,New Testament,1 Corinthians,KJV
PHRASE,"this present,",G737,15,1 Corinthians 15:6,Epistles,New Testament,1 Corinthians,KJV
WORD,but,G1161,15,1 Corinthians 15:6,Epistles,New Testament,1 Corinthians,KJV
WORD,some,G5100,15,1 Corinthians 15:6,Epistles,New Testament,1 Corinthians,KJV
PHRASE,are fallen asleep.,G2837,15,1 Corinthians 15:6,Epistles,New Testament,1 Corinthians,KJV
PHRASE,"After that,",G1899,15,1 Corinthians 15:7,Epistles,New Testament,1 Corinthians,KJV
PHRASE,he was seen,G3700,15,1 Corinthians 15:7,Epistles,New Testament,1 Corinthians,KJV
PHRASE,of James;,G2385,15,1 Corinthians 15:7,Epistles,New Testament,1 Corinthians,KJV
WORD,then,G1534,15,1 Corinthians 15:7,Epistles,New Testament,1 Corinthians,KJV
PHRASE,of all,G3956,15,1 Corinthians 15:7,Epistles,New Testament,1 Corinthians,KJV
WORD,the,G3588,15,1 Corinthians 15:7,Epistles,New Testament,1 Corinthians,KJV
WORD,apostles.,G652,15,1 Corinthians 15:7,Epistles,New Testament,1 Corinthians,KJV
WORD,And,G1161,15,1 Corinthians 15:8,Epistles,New Testament,1 Corinthians,KJV
WORD,last,G2078,15,1 Corinthians 15:8,Epistles,New Testament,1 Corinthians,KJV
PHRASE,of all,G3956,15,1 Corinthians 15:8,Epistles,New Testament,1 Corinthians,KJV
PHRASE,he was seen,G3700,15,1 Corinthians 15:8,Epistles,New Testament,1 Corinthians,KJV
PHRASE,"of me also,",G2504,15,1 Corinthians 15:8,Epistles,New Testament,1 Corinthians,KJV
WORD,as,G5619,15,1 Corinthians 15:8,Epistles,New Testament,1 Corinthians,KJV
PHRASE,of one born out of due time.,G1626,15,1 Corinthians 15:8,Epistles,New Testament,1 Corinthians,KJV
WORD,For,G1063,15,1 Corinthians 15:9,Epistles,New Testament,1 Corinthians,KJV
WORD,I,G1473,15,1 Corinthians 15:9,Epistles,New Testament,1 Corinthians,KJV
WORD,am,G1510,15,1 Corinthians 15:9,Epistles,New Testament,1 Corinthians,KJV
WORD,the,G3588,15,1 Corinthians 15:9,Epistles,New Testament,1 Corinthians,KJV
WORD,least,G1646,15,1 Corinthians 15:9,Epistles,New Testament,1 Corinthians,KJV
PHRASE,of the,G3588,15,1 Corinthians 15:9,Epistles,New Testament,1 Corinthians,KJV
WORD,"apostles,",G652,15,1 Corinthians 15:9,Epistles,New Testament,1 Corinthians,KJV
WORD,that,G3739,15,1 Corinthians 15:9,Epistles,New Testament,1 Corinthians,KJV
WORD,am,G1510,15,1 Corinthians 15:9,Epistles,New Testament,1 Corinthians,KJV
WORD,not,G3756,15,1 Corinthians 15:9,Epistles,New Testament,1 Corinthians,KJV
WORD,meet,G2425,15,1 Corinthians 15:9,Epistles,New Testament,1 Corinthians,KJV
PHRASE,to be called,G2564,15,1 Corinthians 15:9,Epistles,New Testament,1 Corinthians,KJV
PHRASE,"an apostle,",G652,15,1 Corinthians 15:9,Epistles,New Testament,1 Corinthians,KJV
WORD,because,G1360,15,1 Corinthians 15:9,Epistles,New Testament,1 Corinthians,KJV
PHRASE,I persecuted,G1377,15,1 Corinthians 15:9,Epistles,New Testament,1 Corinthians,KJV
WORD,the,G3588,15,1 Corinthians 15:9,Epistles,New Testament,1 Corinthians,KJV
WORD,church,G1577,15,1 Corinthians 15:9,Epistles,New Testament,1 Corinthians,KJV
PHRASE,of God.,G2316,15,1 Corinthians 15:9,Epistles,New Testament,1 Corinthians,KJV
WORD,But,G1161,15,1 Corinthians 15:10,Epistles,New Testament,1 Corinthians,KJV
PHRASE,by the grace,G5485,15,1 Corinthians 15:10,Epistles,New Testament,1 Corinthians,KJV
PHRASE,of God,G2316,15,1 Corinthians 15:10,Epistles,New Testament,1 Corinthians,KJV
PHRASE,I am,G1510,15,1 Corinthians 15:10,Epistles,New Testament,1 Corinthians,KJV
WORD,what,G3739,15,1 Corinthians 15:10,Epistles,New Testament,1 Corinthians,KJV
PHRASE,I am:,G1510,15,1 Corinthians 15:10,Epistles,New Testament,1 Corinthians,KJV
WORD,and,G2532,15,1 Corinthians 15:10,Epistles,New Testament,1 Corinthians,KJV
WORD,his,G846,15,1 Corinthians 15:10,Epistles,New Testament,1 Corinthians,KJV
WORD,grace,G5485,15,1 Corinthians 15:10,Epistles,New Testament,1 Corinthians,KJV
WORD,which,G3588,15,1 Corinthians 15:10,Epistles,New Testament,1 Corinthians,KJV
PHRASE,[was bestowed],,15,1 Corinthians 15:10,Epistles,New Testament,1 Corinthians,KJV
WORD,upon,G1519,15,1 Corinthians 15:10,Epistles,New Testament,1 Corinthians,KJV
WORD,me,G1691,15,1 Corinthians 15:10,Epistles,New Testament,1 Corinthians,KJV
WORD,was,G1096,15,1 Corinthians 15:10,Epistles,New Testament,1 Corinthians,KJV
WORD,not,G3756,15,1 Corinthians 15:10,Epistles,New Testament,1 Corinthians,KJV
PHRASE,in vain;,G2756,15,1 Corinthians 15:10,Epistles,New Testament,1 Corinthians,KJV
WORD,but,G235,15,1 Corinthians 15:10,Epistles,New Testament,1 Corinthians,KJV
PHRASE,I laboured,G2872,15,1 Corinthians 15:10,Epistles,New Testament,1 Corinthians,KJV
PHRASE,more abundantly,G4054,15,1 Corinthians 15:10,Epistles,New Testament,1 Corinthians,KJV
PHRASE,than they,G846,15,1 Corinthians 15:10,Epistles,New Testament,1 Corinthians,KJV
WORD,all:,G3956,15,1 Corinthians 15:10,Epistles,New Testament,1 Corinthians,KJV
WORD,yet,G1161,15,1 Corinthians 15:10,Epistles,New Testament,1 Corinthians,KJV
WORD,not,G3756,15,1 Corinthians 15:10,Epistles,New Testament,1 Corinthians,KJV
WORD,"I,",G1473,15,1 Corinthians 15:10,Epistles,New Testament,1 Corinthians,KJV
WORD,but,G235,15,1 Corinthians 15:10,Epistles,New Testament,1 Corinthians,KJV
WORD,the,G3588,15,1 Corinthians 15:10,Epistles,New Testament,1 Corinthians,KJV
WORD,grace,G5485,15,1 Corinthians 15:10,Epistles,New Testament,1 Corinthians,KJV
PHRASE,of God,G2316,15,1 Corinthians 15:10,Epistles,New Testament,1 Corinthians,KJV
WORD,which,G3588,15,1 Corinthians 15:10,Epistles,New Testament,1 Corinthians,KJV
PHRASE,was with,G4862,15,1 Corinthians 15:10,Epistles,New Testament,1 Corinthians,KJV
WORD,me.,G1698,15,1 Corinthians 15:10,Epistles,New Testament,1 Corinthians,KJV
WORD,Therefore,G3767,15,1 Corinthians 15:11,Epistles,New Testament,1 Corinthians,KJV
WORD,whether,G1535,15,1 Corinthians 15:11,Epistles,New Testament,1 Corinthians,KJV
PHRASE,[it were],,15,1 Corinthians 15:11,Epistles,New Testament,1 Corinthians,KJV
WORD,I,G1473,15,1 Corinthians 15:11,Epistles,New Testament,1 Corinthians,KJV
WORD,or,G1535,15,1 Corinthians 15:11,Epistles,New Testament,1 Corinthians,KJV
WORD,"they,",G1565,15,1 Corinthians 15:11,Epistles,New Testament,1 Corinthians,KJV
WORD,so,G3779,15,1 Corinthians 15:11,Epistles,New Testament,1 Corinthians,KJV
PHRASE,"we preach,",G2784,15,1 Corinthians 15:11,Epistles,New Testament,1 Corinthians,KJV
WORD,and,G2532,15,1 Corinthians 15:11,Epistles,New Testament,1 Corinthians,KJV
WORD,so,G3779,15,1 Corinthians 15:11,Epistles,New Testament,1 Corinthians,KJV
PHRASE,ye believed.,G4100,15,1 Corinthians 15:11,Epistles,New Testament,1 Corinthians,KJV
WORD,Now,G1161,15,1 Corinthians 15:12,Epistles,New Testament,1 Corinthians,KJV
WORD,if,G1487,15,1 Corinthians 15:12,Epistles,New Testament,1 Corinthians,KJV
WORD,Christ,G5547,15,1 Corinthians 15:12,Epistles,New Testament,1 Corinthians,KJV
PHRASE,be preached,G2784,15,1 Corinthians 15:12,Epistles,New Testament,1 Corinthians,KJV
WORD,that,G3754,15,1 Corinthians 15:12,Epistles,New Testament,1 Corinthians,KJV
PHRASE,he rose,G1453,15,1 Corinthians 15:12,Epistles,New Testament,1 Corinthians,KJV
WORD,from,G1537,15,1 Corinthians 15:12,Epistles,New Testament,1 Corinthians,KJV
PHRASE,"the dead,",G3498,15,1 Corinthians 15:12,Epistles,New Testament,1 Corinthians,KJV
WORD,how,G4459,15,1 Corinthians 15:12,Epistles,New Testament,1 Corinthians,KJV
WORD,say,G3004,15,1 Corinthians 15:12,Epistles,New Testament,1 Corinthians,KJV
WORD,some,G5100,15,1 Corinthians 15:12,Epistles,New Testament,1 Corinthians,KJV
WORD,among,G1722,15,1 Corinthians 15:12,Epistles,New Testament,1 Corinthians,KJV
WORD,you,G5213,15,1 Corinthians 15:12,Epistles,New Testament,1 Corinthians,KJV
WORD,that,G3754,15,1 Corinthians 15:12,Epistles,New Testament,1 Corinthians,KJV
PHRASE,there is,G2076,15,1 Corinthians 15:12,Epistles,New Testament,1 Corinthians,KJV
WORD,no,G3756,15,1 Corinthians 15:12,Epistles,New Testament,1 Corinthians,KJV
WORD,resurrection,G386,15,1 Corinthians 15:12,Epistles,New Testament,1 Corinthians,KJV
PHRASE,of the dead?,G3498,15,1 Corinthians 15:12,Epistles,New Testament,1 Corinthians,KJV
WORD,But,G1161,15,1 Corinthians 15:13,Epistles,New Testament,1 Corinthians,KJV
WORD,if,G1487,15,1 Corinthians 15:13,Epistles,New Testament,1 Corinthians,KJV
PHRASE,there be,G2076,15,1 Corinthians 15:13,Epistles,New Testament,1 Corinthians,KJV
WORD,no,G3756,15,1 Corinthians 15:13,Epistles,New Testament,1 Corinthians,KJV
WORD,resurrection,G386,15,1 Corinthians 15:13,Epistles,New Testament,1 Corinthians,KJV
PHRASE,"of the dead,",G3498,15,1 Corinthians 15:13,Epistles,New Testament,1 Corinthians,KJV
WORD,then,G3761,15,1 Corinthians 15:13,Epistles,New Testament,1 Corinthians,KJV
WORD,is,G1453,15,1 Corinthians 15:13,Epistles,New Testament,1 Corinthians,KJV
WORD,Christ,G5547,15,1 Corinthians 15:13,Epistles,New Testament,1 Corinthians,KJV
WORD,not,G3761,15,1 Corinthians 15:13,Epistles,New Testament,1 Corinthians,KJV
WORD,risen:,G1453,15,1 Corinthians 15:13,Epistles,New Testament,1 Corinthians,KJV
WORD,And,G1161,15,1 Corinthians 15:14,Epistles,New Testament,1 Corinthians,KJV
WORD,if,G1487,15,1 Corinthians 15:14,Epistles,New Testament,1 Corinthians,KJV
WORD,Christ,G5547,15,1 Corinthians 15:14,Epistles,New Testament,1 Corinthians,KJV
WORD,be,G1453,15,1 Corinthians 15:14,Epistles,New Testament,1 Corinthians,KJV
WORD,not,G3756,15,1 Corinthians 15:14,Epistles,New Testament,1 Corinthians,KJV
WORD,"risen,",G1453,15,1 Corinthians 15:14,Epistles,New Testament,1 Corinthians,KJV
WORD,then,G686,15,1 Corinthians 15:14,Epistles,New Testament,1 Corinthians,KJV
WORD,[is],,15,1 Corinthians 15:14,Epistles,New Testament,1 Corinthians,KJV
WORD,our,G2257,15,1 Corinthians 15:14,Epistles,New Testament,1 Corinthians,KJV
WORD,preaching,G2782,15,1 Corinthians 15:14,Epistles,New Testament,1 Corinthians,KJV
WORD,"vain,",G2756,15,1 Corinthians 15:14,Epistles,New Testament,1 Corinthians,KJV
WORD,and,G1161,15,1 Corinthians 15:14,Epistles,New Testament,1 Corinthians,KJV
WORD,your,G5216,15,1 Corinthians 15:14,Epistles,New Testament,1 Corinthians,KJV
WORD,faith,G4102,15,1 Corinthians 15:14,Epistles,New Testament,1 Corinthians,KJV
WORD,[is],,15,1 Corinthians 15:14,Epistles,New Testament,1 Corinthians,KJV
WORD,also,G2532,15,1 Corinthians 15:14,Epistles,New Testament,1 Corinthians,KJV
WORD,vain.,G2756,15,1 Corinthians 15:14,Epistles,New Testament,1 Corinthians,KJV
WORD,"Yea,",G1161,15,1 Corinthians 15:15,Epistles,New Testament,1 Corinthians,KJV
WORD,and,G2532,15,1 Corinthians 15:15,Epistles,New Testament,1 Corinthians,KJV
PHRASE,we are found,G2147,15,1 Corinthians 15:15,Epistles,New Testament,1 Corinthians,KJV
PHRASE,false witnesses,G5575,15,1 Corinthians 15:15,Epistles,New Testament,1 Corinthians,KJV
PHRASE,of God;,G2316,15,1 Corinthians 15:15,Epistles,New Testament,1 Corinthians,KJV
WORD,because,G3754,15,1 Corinthians 15:15,Epistles,New Testament,1 Corinthians,KJV
PHRASE,we have testified,G3140,15,1 Corinthians 15:15,Epistles,New Testament,1 Corinthians,KJV
WORD,of,G2596,15,1 Corinthians 15:15,Epistles,New Testament,1 Corinthians,KJV
WORD,God,G2316,15,1 Corinthians 15:15,Epistles,New Testament,1 Corinthians,KJV
WORD,that,G3754,15,1 Corinthians 15:15,Epistles,New Testament,1 Corinthians,KJV
PHRASE,he raised up,G1453,15,1 Corinthians 15:15,Epistles,New Testament,1 Corinthians,KJV
WORD,Christ:,G5547,15,1 Corinthians 15:15,Epistles,New Testament,1 Corinthians,KJV
WORD,whom,G3739,15,1 Corinthians 15:15,Epistles,New Testament,1 Corinthians,KJV
PHRASE,he raised,G1453,15,1 Corinthians 15:15,Epistles,New Testament,1 Corinthians,KJV
WORD,not,G3756,15,1 Corinthians 15:15,Epistles,New Testament,1 Corinthians,KJV
WORD,"up,",G1453,15,1 Corinthians 15:15,Epistles,New Testament,1 Corinthians,KJV
WORD,if,G1512,15,1 Corinthians 15:15,Epistles,New Testament,1 Corinthians,KJV
PHRASE,so be,G686,15,1 Corinthians 15:15,Epistles,New Testament,1 Corinthians,KJV
PHRASE,that the dead,G3498,15,1 Corinthians 15:15,Epistles,New Testament,1 Corinthians,KJV
WORD,rise,G1453,15,1 Corinthians 15:15,Epistles,New Testament,1 Corinthians,KJV
WORD,not.,G3756,15,1 Corinthians 15:15,Epistles,New Testament,1 Corinthians,KJV
WORD,For,G1063,15,1 Corinthians 15:16,Epistles,New Testament,1 Corinthians,KJV
WORD,if,G1487,15,1 Corinthians 15:16,Epistles,New Testament,1 Corinthians,KJV
PHRASE,the dead,G3498,15,1 Corinthians 15:16,Epistles,New Testament,1 Corinthians,KJV
WORD,rise,G1453,15,1 Corinthians 15:16,Epistles,New Testament,1 Corinthians,KJV
WORD,"not,",G3756,15,1 Corinthians 15:16,Epistles,New Testament,1 Corinthians,KJV
PHRASE,then is,G1453,15,1 Corinthians 15:16,Epistles,New Testament,1 Corinthians,KJV
WORD,not,G3761,15,1 Corinthians 15:16,Epistles,New Testament,1 Corinthians,KJV
WORD,Christ,G5547,15,1 Corinthians 15:16,Epistles,New Testament,1 Corinthians,KJV
WORD,raised:,G1453,15,1 Corinthians 15:16,Epistles,New Testament,1 Corinthians,KJV
WORD,And,G1161,15,1 Corinthians 15:17,Epistles,New Testament,1 Corinthians,KJV
WORD,if,G1487,15,1 Corinthians 15:17,Epistles,New Testament,1 Corinthians,KJV
WORD,Christ,G5547,15,1 Corinthians 15:17,Epistles,New Testament,1 Corinthians,KJV
WORD,be,G1453,15,1 Corinthians 15:17,Epistles,New Testament,1 Corinthians,KJV
WORD,not,G3756,15,1 Corinthians 15:17,Epistles,New Testament,1 Corinthians,KJV
WORD,"raised,",G1453,15,1 Corinthians 15:17,Epistles,New Testament,1 Corinthians,KJV
WORD,your,G5216,15,1 Corinthians 15:17,Epistles,New Testament,1 Corinthians,KJV
WORD,faith,G4102,15,1 Corinthians 15:17,Epistles,New Testament,1 Corinthians,KJV
WORD,[is],,15,1 Corinthians 15:17,Epistles,New Testament,1 Corinthians,KJV
WORD,vain;,G3152,15,1 Corinthians 15:17,Epistles,New Testament,1 Corinthians,KJV
PHRASE,ye are,G2075,15,1 Corinthians 15:17,Epistles,New Testament,1 Corinthians,KJV
WORD,yet,G2089,15,1 Corinthians 15:17,Epistles,New Testament,1 Corinthians,KJV
WORD,in,G1722,15,1 Corinthians 15:17,Epistles,New Testament,1 Corinthians,KJV
WORD,your,G5216,15,1 Corinthians 15:17,Epistles,New Testament,1 Corinthians,KJV
WORD,sins.,G266,15,1 Corinthians 15:17,Epistles,New Testament,1 Corinthians,KJV
WORD,Then,G686,15,1 Corinthians 15:18,Epistles,New Testament,1 Corinthians,KJV
PHRASE,they also,G2532,15,1 Corinthians 15:18,Epistles,New Testament,1 Corinthians,KJV
WORD,which,G3588,15,1 Corinthians 15:18,Epistles,New Testament,1 Corinthians,KJV
PHRASE,are fallen asleep,G2837,15,1 Corinthians 15:18,Epistles,New Testament,1 Corinthians,KJV
WORD,in,G1722,15,1 Corinthians 15:18,Epistles,New Testament,1 Corinthians,KJV
WORD,Christ,G5547,15,1 Corinthians 15:18,Epistles,New Testament,1 Corinthians,KJV
PHRASE,are perished.,G622,15,1 Corinthians 15:18,Epistles,New Testament,1 Corinthians,KJV
WORD,If,G1487,15,1 Corinthians 15:19,Epistles,New Testament,1 Corinthians,KJV
WORD,in,G1722,15,1 Corinthians 15:19,Epistles,New Testament,1 Corinthians,KJV
WORD,this,G3778,15,1 Corinthians 15:19,Epistles,New Testament,1 Corinthians,KJV
WORD,life,G2222,15,1 Corinthians 15:19,Epistles,New Testament,1 Corinthians,KJV
WORD,only,G3440,15,1 Corinthians 15:19,Epistles,New Testament,1 Corinthians,KJV
PHRASE,we have,G2070,15,1 Corinthians 15:19,Epistles,New Testament,1 Corinthians,KJV
WORD,hope,G1679,15,1 Corinthians 15:19,Epistles,New Testament,1 Corinthians,KJV
WORD,in,G1722,15,1 Corinthians 15:19,Epistles,New Testament,1 Corinthians,KJV
WORD,"Christ,",G5547,15,1 Corinthians 15:19,Epistles,New Testament,1 Corinthians,KJV
PHRASE,we are,G2070,15,1 Corinthians 15:19,Epistles,New Testament,1 Corinthians,KJV
PHRASE,of all,G3956,15,1 Corinthians 15:19,Epistles,New Testament,1 Corinthians,KJV
WORD,men,G444,15,1 Corinthians 15:19,Epistles,New Testament,1 Corinthians,KJV
PHRASE,most miserable.,G1652,15,1 Corinthians 15:19,Epistles,New Testament,1 Corinthians,KJV
WORD,But,G1161,15,1 Corinthians 15:20,Epistles,New Testament,1 Corinthians,KJV
WORD,now,G3570,15,1 Corinthians 15:20,Epistles,New Testament,1 Corinthians,KJV
WORD,is,G1453,15,1 Corinthians 15:20,Epistles,New Testament,1 Corinthians,KJV
WORD,Christ,G5547,15,1 Corinthians 15:20,Epistles,New Testament,1 Corinthians,KJV
WORD,risen,G1453,15,1 Corinthians 15:20,Epistles,New Testament,1 Corinthians,KJV
WORD,from,G1537,15,1 Corinthians 15:20,Epistles,New Testament,1 Corinthians,KJV
PHRASE,"the dead,",G3498,15,1 Corinthians 15:20,Epistles,New Testament,1 Corinthians,KJV
WORD,[and],,15,1 Corinthians 15:20,Epistles,New Testament,1 Corinthians,KJV
WORD,become,G1096,15,1 Corinthians 15:20,Epistles,New Testament,1 Corinthians,KJV
PHRASE,the firstfruits,G536,15,1 Corinthians 15:20,Epistles,New Testament,1 Corinthians,KJV
PHRASE,of them,G3588,15,1 Corinthians 15:20,Epistles,New Testament,1 Corinthians,KJV
PHRASE,that slept.,G2837,15,1 Corinthians 15:20,Epistles,New Testament,1 Corinthians,KJV
WORD,For,G1063,15,1 Corinthians 15:21,Epistles,New Testament,1 Corinthians,KJV
WORD,since,G1894,15,1 Corinthians 15:21,Epistles,New Testament,1 Corinthians,KJV
WORD,by,G1223,15,1 Corinthians 15:21,Epistles,New Testament,1 Corinthians,KJV
WORD,man,G444,15,1 Corinthians 15:21,Epistles,New Testament,1 Corinthians,KJV
WORD,[came],,15,1 Corinthians 15:21,Epistles,New Testament,1 Corinthians,KJV
WORD,"death,",G2288,15,1 Corinthians 15:21,Epistles,New Testament,1 Corinthians,KJV
WORD,by,G1223,15,1 Corinthians 15:21,Epistles,New Testament,1 Corinthians,KJV
WORD,man,G444,15,1 Corinthians 15:21,Epistles,New Testament,1 Corinthians,KJV
WORD,[came],,15,1 Corinthians 15:21,Epistles,New Testament,1 Corinthians,KJV
WORD,also,G2532,15,1 Corinthians 15:21,Epistles,New Testament,1 Corinthians,KJV
PHRASE,the resurrection,G386,15,1 Corinthians 15:21,Epistles,New Testament,1 Corinthians,KJV
PHRASE,of the dead.,G3498,15,1 Corinthians 15:21,Epistles,New Testament,1 Corinthians,KJV
WORD,For,G1063,15,1 Corinthians 15:22,Epistles,New Testament,1 Corinthians,KJV
WORD,as,G5618,15,1 Corinthians 15:22,Epistles,New Testament,1 Corinthians,KJV
WORD,in,G1722,15,1 Corinthians 15:22,Epistles,New Testament,1 Corinthians,KJV
WORD,Adam,G76,15,1 Corinthians 15:22,Epistles,New Testament,1 Corinthians,KJV
WORD,all,G3956,15,1 Corinthians 15:22,Epistles,New Testament,1 Corinthians,KJV
WORD,"die,",G599,15,1 Corinthians 15:22,Epistles,New Testament,1 Corinthians,KJV
WORD,even,G2532,15,1 Corinthians 15:22,Epistles,New Testament,1 Corinthians,KJV
WORD,so,G3779,15,1 Corinthians 15:22,Epistles,New Testament,1 Corinthians,KJV
WORD,in,G1722,15,1 Corinthians 15:22,Epistles,New Testament,1 Corinthians,KJV
WORD,Christ,G5547,15,1 Corinthians 15:22,Epistles,New Testament,1 Corinthians,KJV
WORD,shall,G2227,15,1 Corinthians 15:22,Epistles,New Testament,1 Corinthians,KJV
WORD,all,G3956,15,1 Corinthians 15:22,Epistles,New Testament,1 Corinthians,KJV
PHRASE,be made alive.,G2227,15,1 Corinthians 15:22,Epistles,New Testament,1 Corinthians,KJV
WORD,But,G1161,15,1 Corinthians 15:23,Epistles,New Testament,1 Corinthians,KJV
PHRASE,every man,G1538,15,1 Corinthians 15:23,Epistles,New Testament,1 Corinthians,KJV
WORD,in,G1722,15,1 Corinthians 15:23,Epistles,New Testament,1 Corinthians,KJV
PHRASE,his own,G2398,15,1 Corinthians 15:23,Epistles,New Testament,1 Corinthians,KJV
WORD,order:,G5001,15,1 Corinthians 15:23,Epistles,New Testament,1 Corinthians,KJV
WORD,Christ,G5547,15,1 Corinthians 15:23,Epistles,New Testament,1 Corinthians,KJV
PHRASE,the firstfruits;,G536,15,1 Corinthians 15:23,Epistles,New Testament,1 Corinthians,KJV
WORD,afterward,G1899,15,1 Corinthians 15:23,Epistles,New Testament,1 Corinthians,KJV
PHRASE,they that are,G3588,15,1 Corinthians 15:23,Epistles,New Testament,1 Corinthians,KJV
WORD,Christ's,G5547,15,1 Corinthians 15:23,Epistles,New Testament,1 Corinthians,KJV
WORD,at,G1722,15,1 Corinthians 15:23,Epistles,New Testament,1 Corinthians,KJV
WORD,his,G846,15,1 Corinthians 15:23,Epistles,New Testament,1 Corinthians,KJV
WORD,coming.,G3952,15,1 Corinthians 15:23,Epistles,New Testament,1 Corinthians,KJV
WORD,Then,G1534,15,1 Corinthians 15:24,Epistles,New Testament,1 Corinthians,KJV
WORD,[cometh],,15,1 Corinthians 15:24,Epistles,New Testament,1 Corinthians,KJV
WORD,the,G3588,15,1 Corinthians 15:24,Epistles,New Testament,1 Corinthians,KJV
WORD,"end,",G5056,15,1 Corinthians 15:24,Epistles,New Testament,1 Corinthians,KJV
WORD,when,G3752,15,1 Corinthians 15:24,Epistles,New Testament,1 Corinthians,KJV
PHRASE,he shall have delivered up,G3860,15,1 Corinthians 15:24,Epistles,New Testament,1 Corinthians,KJV
WORD,the,G3588,15,1 Corinthians 15:24,Epistles,New Testament,1 Corinthians,KJV
WORD,kingdom,G932,15,1 Corinthians 15:24,Epistles,New Testament,1 Corinthians,KJV
PHRASE,"to God,",G2316,15,1 Corinthians 15:24,Epistles,New Testament,1 Corinthians,KJV
WORD,even,G2532,15,1 Corinthians 15:24,Epistles,New Testament,1 Corinthians,KJV
PHRASE,the Father;,G3962,15,1 Corinthians 15:24,Epistles,New Testament,1 Corinthians,KJV
WORD,when,G3752,15,1 Corinthians 15:24,Epistles,New Testament,1 Corinthians,KJV
PHRASE,he shall have put down,G2673,15,1 Corinthians 15:24,Epistles,New Testament,1 Corinthians,KJV
WORD,all,G3956,15,1 Corinthians 15:24,Epistles,New Testament,1 Corinthians,KJV
WORD,rule,G746,15,1 Corinthians 15:24,Epistles,New Testament,1 Corinthians,KJV
WORD,and,G2532,15,1 Corinthians 15:24,Epistles,New Testament,1 Corinthians,KJV
WORD,all,G3956,15,1 Corinthians 15:24,Epistles,New Testament,1 Corinthians,KJV
WORD,authority,G1849,15,1 Corinthians 15:24,Epistles,New Testament,1 Corinthians,KJV
WORD,and,G2532,15,1 Corinthians 15:24,Epistles,New Testament,1 Corinthians,KJV
WORD,power.,G1411,15,1 Corinthians 15:24,Epistles,New Testament,1 Corinthians,KJV
WORD,For,G1063,15,1 Corinthians 15:25,Epistles,New Testament,1 Corinthians,KJV
WORD,he,G846,15,1 Corinthians 15:25,Epistles,New Testament,1 Corinthians,KJV
WORD,must,G1163,15,1 Corinthians 15:25,Epistles,New Testament,1 Corinthians,KJV
WORD,"reign,",G936,15,1 Corinthians 15:25,Epistles,New Testament,1 Corinthians,KJV
WORD,till,G891,15,1 Corinthians 15:25,Epistles,New Testament,1 Corinthians,KJV
PHRASE,he hath put,G5087,15,1 Corinthians 15:25,Epistles,New Testament,1 Corinthians,KJV
WORD,all,G3956,15,1 Corinthians 15:25,Epistles,New Testament,1 Corinthians,KJV
WORD,enemies,G2190,15,1 Corinthians 15:25,Epistles,New Testament,1 Corinthians,KJV
WORD,under,G5259,15,1 Corinthians 15:25,Epistles,New Testament,1 Corinthians,KJV
WORD,his,G846,15,1 Corinthians 15:25,Epistles,New Testament,1 Corinthians,KJV
WORD,feet.,G4228,15,1 Corinthians 15:25,Epistles,New Testament,1 Corinthians,KJV
PHRASE,The last,G2078,15,1 Corinthians 15:26,Epistles,New Testament,1 Corinthians,KJV
WORD,enemy,G2190,15,1 Corinthians 15:26,Epistles,New Testament,1 Corinthians,KJV
WORD,[that],,15,1 Corinthians 15:26,Epistles,New Testament,1 Corinthians,KJV
PHRASE,shall be destroyed,G2673,15,1 Corinthians 15:26,Epistles,New Testament,1 Corinthians,KJV
WORD,[is],,15,1 Corinthians 15:26,Epistles,New Testament,1 Corinthians,KJV
WORD,death.,G2288,15,1 Corinthians 15:26,Epistles,New Testament,1 Corinthians,KJV
WORD,For,G1063,15,1 Corinthians 15:27,Epistles,New Testament,1 Corinthians,KJV
PHRASE,he hath put,G5293,15,1 Corinthians 15:27,Epistles,New Testament,1 Corinthians,KJV
PHRASE,all things,G3956,15,1 Corinthians 15:27,Epistles,New Testament,1 Corinthians,KJV
WORD,under,G5259,15,1 Corinthians 15:27,Epistles,New Testament,1 Corinthians,KJV
WORD,his,G846,15,1 Corinthians 15:27,Epistles,New Testament,1 Corinthians,KJV
WORD,feet.,G4228,15,1 Corinthians 15:27,Epistles,New Testament,1 Corinthians,KJV
WORD,But,G1161,15,1 Corinthians 15:27,Epistles,New Testament,1 Corinthians,KJV
WORD,when,G3752,15,1 Corinthians 15:27,Epistles,New Testament,1 Corinthians,KJV
PHRASE,he saith,G2036,15,1 Corinthians 15:27,Epistles,New Testament,1 Corinthians,KJV
PHRASE,all things,G3956,15,1 Corinthians 15:27,Epistles,New Testament,1 Corinthians,KJV
PHRASE,are put under,G5293,15,1 Corinthians 15:27,Epistles,New Testament,1 Corinthians,KJV
PHRASE,"[him, it is]",,15,1 Corinthians 15:27,Epistles,New Testament,1 Corinthians,KJV
WORD,manifest,G1212,15,1 Corinthians 15:27,Epistles,New Testament,1 Corinthians,KJV
WORD,that,G3754,15,1 Corinthians 15:27,Epistles,New Testament,1 Corinthians,KJV
PHRASE,"he is excepted,",G1622,15,1 Corinthians 15:27,Epistles,New Testament,1 Corinthians,KJV
PHRASE,which did put,G5293,15,1 Corinthians 15:27,Epistles,New Testament,1 Corinthians,KJV
PHRASE,all things,G3956,15,1 Corinthians 15:27,Epistles,New Testament,1 Corinthians,KJV
WORD,under,G5293,15,1 Corinthians 15:27,Epistles,New Testament,1 Corinthians,KJV
WORD,him.,G846,15,1 Corinthians 15:27,Epistles,New Testament,1 Corinthians,KJV
WORD,And,G1161,15,1 Corinthians 15:28,Epistles,New Testament,1 Corinthians,KJV
WORD,when,G3752,15,1 Corinthians 15:28,Epistles,New Testament,1 Corinthians,KJV
PHRASE,all things,G3956,15,1 Corinthians 15:28,Epistles,New Testament,1 Corinthians,KJV
PHRASE,shall be subdued,G5293,15,1 Corinthians 15:28,Epistles,New Testament,1 Corinthians,KJV
PHRASE,"unto him,",G846,15,1 Corinthians 15:28,Epistles,New Testament,1 Corinthians,KJV
WORD,then,G5119,15,1 Corinthians 15:28,Epistles,New Testament,1 Corinthians,KJV
WORD,shall,G5293,15,1 Corinthians 15:28,Epistles,New Testament,1 Corinthians,KJV
WORD,the,G3588,15,1 Corinthians 15:28,Epistles,New Testament,1 Corinthians,KJV
WORD,Son,G5207,15,1 Corinthians 15:28,Epistles,New Testament,1 Corinthians,KJV
WORD,also,G2532,15,1 Corinthians 15:28,Epistles,New Testament,1 Corinthians,KJV
WORD,himself,G846,15,1 Corinthians 15:28,Epistles,New Testament,1 Corinthians,KJV
PHRASE,be subject,G5293,15,1 Corinthians 15:28,Epistles,New Testament,1 Corinthians,KJV
PHRASE,unto him that,G3588,15,1 Corinthians 15:28,Epistles,New Testament,1 Corinthians,KJV
WORD,put,G5293,15,1 Corinthians 15:28,Epistles,New Testament,1 Corinthians,KJV
PHRASE,all things,G3956,15,1 Corinthians 15:28,Epistles,New Testament,1 Corinthians,KJV
WORD,under,G5293,15,1 Corinthians 15:28,Epistles,New Testament,1 Corinthians,KJV
WORD,"him,",G846,15,1 Corinthians 15:28,Epistles,New Testament,1 Corinthians,KJV
WORD,that,G2443,15,1 Corinthians 15:28,Epistles,New Testament,1 Corinthians,KJV
WORD,God,G2316,15,1 Corinthians 15:28,Epistles,New Testament,1 Corinthians,KJV
PHRASE,may be,G5600,15,1 Corinthians 15:28,Epistles,New Testament,1 Corinthians,KJV
WORD,all,G3956,15,1 Corinthians 15:28,Epistles,New Testament,1 Corinthians,KJV
WORD,in,G1722,15,1 Corinthians 15:28,Epistles,New Testament,1 Corinthians,KJV
WORD,all.,G3956,15,1 Corinthians 15:28,Epistles,New Testament,1 Corinthians,KJV
WORD,Else,G1893,15,1 Corinthians 15:29,Epistles,New Testament,1 Corinthians,KJV
WORD,what,G5101,15,1 Corinthians 15:29,Epistles,New Testament,1 Corinthians,KJV
PHRASE,shall they do,G4160,15,1 Corinthians 15:29,Epistles,New Testament,1 Corinthians,KJV
WORD,which,G3588,15,1 Corinthians 15:29,Epistles,New Testament,1 Corinthians,KJV
PHRASE,are baptized,G907,15,1 Corinthians 15:29,Epistles,New Testament,1 Corinthians,KJV
WORD,for,G5228,15,1 Corinthians 15:29,Epistles,New Testament,1 Corinthians,KJV
WORD,the,G3588,15,1 Corinthians 15:29,Epistles,New Testament,1 Corinthians,KJV
WORD,"dead,",G3498,15,1 Corinthians 15:29,Epistles,New Testament,1 Corinthians,KJV
WORD,if,G1487,15,1 Corinthians 15:29,Epistles,New Testament,1 Corinthians,KJV
PHRASE,the dead,G3498,15,1 Corinthians 15:29,Epistles,New Testament,1 Corinthians,KJV
WORD,rise,G1453,15,1 Corinthians 15:29,Epistles,New Testament,1 Corinthians,KJV
WORD,not,G3756,15,1 Corinthians 15:29,Epistles,New Testament,1 Corinthians,KJV
PHRASE,at all?,G3654,15,1 Corinthians 15:29,Epistles,New Testament,1 Corinthians,KJV
WORD,why,G5101,15,1 Corinthians 15:29,Epistles,New Testament,1 Corinthians,KJV
PHRASE,are they then baptized,G907,15,1 Corinthians 15:29,Epistles,New Testament,1 Corinthians,KJV
WORD,for,G5228,15,1 Corinthians 15:29,Epistles,New Testament,1 Corinthians,KJV
WORD,the,G3588,15,1 Corinthians 15:29,Epistles,New Testament,1 Corinthians,KJV
WORD,dead?,G3498,15,1 Corinthians 15:29,Epistles,New Testament,1 Corinthians,KJV
WORD,And,G2532,15,1 Corinthians 15:30,Epistles,New Testament,1 Corinthians,KJV
WORD,why,G5101,15,1 Corinthians 15:30,Epistles,New Testament,1 Corinthians,KJV
WORD,stand,G2793,15,1 Corinthians 15:30,Epistles,New Testament,1 Corinthians,KJV
WORD,we,G2249,15,1 Corinthians 15:30,Epistles,New Testament,1 Corinthians,KJV
PHRASE,in jeopardy,G2793,15,1 Corinthians 15:30,Epistles,New Testament,1 Corinthians,KJV
WORD,every,G3956,15,1 Corinthians 15:30,Epistles,New Testament,1 Corinthians,KJV
WORD,hour?,G5610,15,1 Corinthians 15:30,Epistles,New Testament,1 Corinthians,KJV
PHRASE,I protest by,G3513,15,1 Corinthians 15:31,Epistles,New Testament,1 Corinthians,KJV
WORD,your,G2251,15,1 Corinthians 15:31,Epistles,New Testament,1 Corinthians,KJV
WORD,rejoicing,G2746,15,1 Corinthians 15:31,Epistles,New Testament,1 Corinthians,KJV
WORD,which,G3739,15,1 Corinthians 15:31,Epistles,New Testament,1 Corinthians,KJV
PHRASE,I have,G2192,15,1 Corinthians 15:31,Epistles,New Testament,1 Corinthians,KJV
WORD,in,G1722,15,1 Corinthians 15:31,Epistles,New Testament,1 Corinthians,KJV
WORD,Christ,G5547,15,1 Corinthians 15:31,Epistles,New Testament,1 Corinthians,KJV
WORD,Jesus,G2424,15,1 Corinthians 15:31,Epistles,New Testament,1 Corinthians,KJV
WORD,our,G2257,15,1 Corinthians 15:31,Epistles,New Testament,1 Corinthians,KJV
WORD,"Lord,",G2962,15,1 Corinthians 15:31,Epistles,New Testament,1 Corinthians,KJV
PHRASE,I die,G599,15,1 Corinthians 15:31,Epistles,New Testament,1 Corinthians,KJV
WORD,,G2596,15,1 Corinthians 15:31,Epistles,New Testament,1 Corinthians,KJV
WORD,daily.,G2250,15,1 Corinthians 15:31,Epistles,New Testament,1 Corinthians,KJV
WORD,If,G1487,15,1 Corinthians 15:32,Epistles,New Testament,1 Corinthians,KJV
PHRASE,after the manner,G2596,15,1 Corinthians 15:32,Epistles,New Testament,1 Corinthians,KJV
PHRASE,of men,G444,15,1 Corinthians 15:32,Epistles,New Testament,1 Corinthians,KJV
PHRASE,I have fought with beasts,G2341,15,1 Corinthians 15:32,Epistles,New Testament,1 Corinthians,KJV
WORD,at,G1722,15,1 Corinthians 15:32,Epistles,New Testament,1 Corinthians,KJV
WORD,"Ephesus,",G2181,15,1 Corinthians 15:32,Epistles,New Testament,1 Corinthians,KJV
WORD,what,G5101,15,1 Corinthians 15:32,Epistles,New Testament,1 Corinthians,KJV
PHRASE,advantageth it,G3786,15,1 Corinthians 15:32,Epistles,New Testament,1 Corinthians,KJV
WORD,"me,",G3427,15,1 Corinthians 15:32,Epistles,New Testament,1 Corinthians,KJV
WORD,if,G1487,15,1 Corinthians 15:32,Epistles,New Testament,1 Corinthians,KJV
PHRASE,the dead,G3498,15,1 Corinthians 15:32,Epistles,New Testament,1 Corinthians,KJV
WORD,rise,G1453,15,1 Corinthians 15:32,Epistles,New Testament,1 Corinthians,KJV
WORD,not?,G3756,15,1 Corinthians 15:32,Epistles,New Testament,1 Corinthians,KJV
PHRASE,let us eat,G5315,15,1 Corinthians 15:32,Epistles,New Testament,1 Corinthians,KJV
WORD,and,G2532,15,1 Corinthians 15:32,Epistles,New Testament,1 Corinthians,KJV
WORD,drink;,G4095,15,1 Corinthians 15:32,Epistles,New Testament,1 Corinthians,KJV
WORD,for,G1063,15,1 Corinthians 15:32,Epistles,New Testament,1 Corinthians,KJV
PHRASE,to morrow,G839,15,1 Corinthians 15:32,Epistles,New Testament,1 Corinthians,KJV
PHRASE,we die.,G599,15,1 Corinthians 15:32,Epistles,New Testament,1 Corinthians,KJV
WORD,Be,G4105,15,1 Corinthians 15:33,Epistles,New Testament,1 Corinthians,KJV
WORD,not,G3361,15,1 Corinthians 15:33,Epistles,New Testament,1 Corinthians,KJV
WORD,deceived:,G4105,15,1 Corinthians 15:33,Epistles,New Testament,1 Corinthians,KJV
WORD,evil,G2556,15,1 Corinthians 15:33,Epistles,New Testament,1 Corinthians,KJV
WORD,communications,G3657,15,1 Corinthians 15:33,Epistles,New Testament,1 Corinthians,KJV
WORD,corrupt,G5351,15,1 Corinthians 15:33,Epistles,New Testament,1 Corinthians,KJV
WORD,good,G5543,15,1 Corinthians 15:33,Epistles,New Testament,1 Corinthians,KJV
WORD,manners.,G2239,15,1 Corinthians 15:33,Epistles,New Testament,1 Corinthians,KJV
WORD,Awake,G1594,15,1 Corinthians 15:34,Epistles,New Testament,1 Corinthians,KJV
PHRASE,"to righteousness,",G1346,15,1 Corinthians 15:34,Epistles,New Testament,1 Corinthians,KJV
WORD,and,G2532,15,1 Corinthians 15:34,Epistles,New Testament,1 Corinthians,KJV
WORD,sin,G264,15,1 Corinthians 15:34,Epistles,New Testament,1 Corinthians,KJV
WORD,not;,G3361,15,1 Corinthians 15:34,Epistles,New Testament,1 Corinthians,KJV
WORD,for,G1063,15,1 Corinthians 15:34,Epistles,New Testament,1 Corinthians,KJV
WORD,some,G5100,15,1 Corinthians 15:34,Epistles,New Testament,1 Corinthians,KJV
WORD,have,G2192,15,1 Corinthians 15:34,Epistles,New Testament,1 Corinthians,KJV
PHRASE,not the knowledge,G56,15,1 Corinthians 15:34,Epistles,New Testament,1 Corinthians,KJV
PHRASE,of God:,G2316,15,1 Corinthians 15:34,Epistles,New Testament,1 Corinthians,KJV
PHRASE,I speak,G3004,15,1 Corinthians 15:34,Epistles,New Testament,1 Corinthians,KJV
WORD,[this],,15,1 Corinthians 15:34,Epistles,New Testament,1 Corinthians,KJV
WORD,to,G4314,15,1 Corinthians 15:34,Epistles,New Testament,1 Corinthians,KJV
WORD,your,G5213,15,1 Corinthians 15:34,Epistles,New Testament,1 Corinthians,KJV
WORD,shame.,G1791,15,1 Corinthians 15:34,Epistles,New Testament,1 Corinthians,KJV
WORD,But,G235,15,1 Corinthians 15:35,Epistles,New Testament,1 Corinthians,KJV
WORD,some,G5100,15,1 Corinthians 15:35,Epistles,New Testament,1 Corinthians,KJV
WORD,[man],,15,1 Corinthians 15:35,Epistles,New Testament,1 Corinthians,KJV
PHRASE,"will say,",G2046,15,1 Corinthians 15:35,Epistles,New Testament,1 Corinthians,KJV
WORD,How,G4459,15,1 Corinthians 15:35,Epistles,New Testament,1 Corinthians,KJV
WORD,are,G1453,15,1 Corinthians 15:35,Epistles,New Testament,1 Corinthians,KJV
WORD,the,G3588,15,1 Corinthians 15:35,Epistles,New Testament,1 Corinthians,KJV
WORD,dead,G3498,15,1 Corinthians 15:35,Epistles,New Testament,1 Corinthians,KJV
PHRASE,raised up?,G1453,15,1 Corinthians 15:35,Epistles,New Testament,1 Corinthians,KJV
WORD,and,G1161,15,1 Corinthians 15:35,Epistles,New Testament,1 Corinthians,KJV
PHRASE,with what,G4169,15,1 Corinthians 15:35,Epistles,New Testament,1 Corinthians,KJV
WORD,body,G4983,15,1 Corinthians 15:35,Epistles,New Testament,1 Corinthians,KJV
PHRASE,do they come?,G2064,15,1 Corinthians 15:35,Epistles,New Testament,1 Corinthians,KJV
WORD,[Thou],,15,1 Corinthians 15:36,Epistles,New Testament,1 Corinthians,KJV
WORD,"fool,",G878,15,1 Corinthians 15:36,Epistles,New Testament,1 Corinthians,KJV
PHRASE,that which,G3739,15,1 Corinthians 15:36,Epistles,New Testament,1 Corinthians,KJV
WORD,thou,G4771,15,1 Corinthians 15:36,Epistles,New Testament,1 Corinthians,KJV
WORD,sowest,G4687,15,1 Corinthians 15:36,Epistles,New Testament,1 Corinthians,KJV
WORD,is,G2227,15,1 Corinthians 15:36,Epistles,New Testament,1 Corinthians,KJV
WORD,not,G3756,15,1 Corinthians 15:36,Epistles,New Testament,1 Corinthians,KJV
WORD,"quickened,",G2227,15,1 Corinthians 15:36,Epistles,New Testament,1 Corinthians,KJV
WORD,,G1437,15,1 Corinthians 15:36,Epistles,New Testament,1 Corinthians,KJV
WORD,except,G3361,15,1 Corinthians 15:36,Epistles,New Testament,1 Corinthians,KJV
PHRASE,it die:,G599,15,1 Corinthians 15:36,Epistles,New Testament,1 Corinthians,KJV
WORD,And,G2532,15,1 Corinthians 15:37,Epistles,New Testament,1 Corinthians,KJV
PHRASE,that which,G3739,15,1 Corinthians 15:37,Epistles,New Testament,1 Corinthians,KJV
PHRASE,"thou sowest,",G4687,15,1 Corinthians 15:37,Epistles,New Testament,1 Corinthians,KJV
PHRASE,thou sowest,G4687,15,1 Corinthians 15:37,Epistles,New Testament,1 Corinthians,KJV
WORD,not,G3756,15,1 Corinthians 15:37,Epistles,New Testament,1 Corinthians,KJV
WORD,that,G3588,15,1 Corinthians 15:37,Epistles,New Testament,1 Corinthians,KJV
WORD,body,G4983,15,1 Corinthians 15:37,Epistles,New Testament,1 Corinthians,KJV
WORD,that,G3588,15,1 Corinthians 15:37,Epistles,New Testament,1 Corinthians,KJV
PHRASE,"shall be,",G1096,15,1 Corinthians 15:37,Epistles,New Testament,1 Corinthians,KJV
WORD,but,G235,15,1 Corinthians 15:37,Epistles,New Testament,1 Corinthians,KJV
WORD,bare,G1131,15,1 Corinthians 15:37,Epistles,New Testament,1 Corinthians,KJV
WORD,"grain,",G2848,15,1 Corinthians 15:37,Epistles,New Testament,1 Corinthians,KJV
PHRASE,it may chance,G5177,15,1 Corinthians 15:37,Epistles,New Testament,1 Corinthians,KJV
PHRASE,"of wheat,",G4621,15,1 Corinthians 15:37,Epistles,New Testament,1 Corinthians,KJV
WORD,or,G2228,15,1 Corinthians 15:37,Epistles,New Testament,1 Corinthians,KJV
PHRASE,of some,G5100,15,1 Corinthians 15:37,Epistles,New Testament,1 Corinthians,KJV
WORD,other,G3062,15,1 Corinthians 15:37,Epistles,New Testament,1 Corinthians,KJV
WORD,[grain]:,,15,1 Corinthians 15:37,Epistles,New Testament,1 Corinthians,KJV
WORD,But,G1161,15,1 Corinthians 15:38,Epistles,New Testament,1 Corinthians,KJV
WORD,God,G2316,15,1 Corinthians 15:38,Epistles,New Testament,1 Corinthians,KJV
WORD,giveth,G1325,15,1 Corinthians 15:38,Epistles,New Testament,1 Corinthians,KJV
WORD,it,G846,15,1 Corinthians 15:38,Epistles,New Testament,1 Corinthians,KJV
PHRASE,a body,G4983,15,1 Corinthians 15:38,Epistles,New Testament,1 Corinthians,KJV
WORD,as,G2531,15,1 Corinthians 15:38,Epistles,New Testament,1 Corinthians,KJV
PHRASE,"it hath pleased him,",G2309,15,1 Corinthians 15:38,Epistles,New Testament,1 Corinthians,KJV
WORD,and,G2532,15,1 Corinthians 15:38,Epistles,New Testament,1 Corinthians,KJV
PHRASE,to every,G1538,15,1 Corinthians 15:38,Epistles,New Testament,1 Corinthians,KJV
WORD,seed,G4690,15,1 Corinthians 15:38,Epistles,New Testament,1 Corinthians,KJV
PHRASE,his own,G2398,15,1 Corinthians 15:38,Epistles,New Testament,1 Corinthians,KJV
WORD,body.,G4983,15,1 Corinthians 15:38,Epistles,New Testament,1 Corinthians,KJV
WORD,All,G3956,15,1 Corinthians 15:39,Epistles,New Testament,1 Corinthians,KJV
WORD,flesh,G4561,15,1 Corinthians 15:39,Epistles,New Testament,1 Corinthians,KJV
WORD,[is],,15,1 Corinthians 15:39,Epistles,New Testament,1 Corinthians,KJV
WORD,not,G3756,15,1 Corinthians 15:39,Epistles,New Testament,1 Corinthians,KJV
WORD,the,G3588,15,1 Corinthians 15:39,Epistles,New Testament,1 Corinthians,KJV
WORD,same,G846,15,1 Corinthians 15:39,Epistles,New Testament,1 Corinthians,KJV
WORD,flesh:,G4561,15,1 Corinthians 15:39,Epistles,New Testament,1 Corinthians,KJV
WORD,but,G235,15,1 Corinthians 15:39,Epistles,New Testament,1 Corinthians,KJV
PHRASE,[there is],,15,1 Corinthians 15:39,Epistles,New Testament,1 Corinthians,KJV
WORD,one,G243,15,1 Corinthians 15:39,Epistles,New Testament,1 Corinthians,KJV
PHRASE,[kind of],,15,1 Corinthians 15:39,Epistles,New Testament,1 Corinthians,KJV
WORD,flesh,G4561,15,1 Corinthians 15:39,Epistles,New Testament,1 Corinthians,KJV
PHRASE,"of men,",G444,15,1 Corinthians 15:39,Epistles,New Testament,1 Corinthians,KJV
WORD,another,G243,15,1 Corinthians 15:39,Epistles,New Testament,1 Corinthians,KJV
WORD,flesh,G4561,15,1 Corinthians 15:39,Epistles,New Testament,1 Corinthians,KJV
PHRASE,"of beasts,",G2934,15,1 Corinthians 15:39,Epistles,New Testament,1 Corinthians,KJV
WORD,another,G243,15,1 Corinthians 15:39,Epistles,New Testament,1 Corinthians,KJV
PHRASE,"of fishes,",G2486,15,1 Corinthians 15:39,Epistles,New Testament,1 Corinthians,KJV
WORD,[and],,15,1 Corinthians 15:39,Epistles,New Testament,1 Corinthians,KJV
WORD,another,G243,15,1 Corinthians 15:39,Epistles,New Testament,1 Corinthians,KJV
PHRASE,of birds.,G4421,15,1 Corinthians 15:39,Epistles,New Testament,1 Corinthians,KJV
PHRASE,[There are],,15,1 Corinthians 15:40,Epistles,New Testament,1 Corinthians,KJV
WORD,also,G2532,15,1 Corinthians 15:40,Epistles,New Testament,1 Corinthians,KJV
WORD,celestial,G2032,15,1 Corinthians 15:40,Epistles,New Testament,1 Corinthians,KJV
WORD,"bodies,",G4983,15,1 Corinthians 15:40,Epistles,New Testament,1 Corinthians,KJV
WORD,and,G2532,15,1 Corinthians 15:40,Epistles,New Testament,1 Corinthians,KJV
WORD,bodies,G4983,15,1 Corinthians 15:40,Epistles,New Testament,1 Corinthians,KJV
WORD,terrestrial:,G1919,15,1 Corinthians 15:40,Epistles,New Testament,1 Corinthians,KJV
WORD,but,G235,15,1 Corinthians 15:40,Epistles,New Testament,1 Corinthians,KJV
WORD,the,G3588,15,1 Corinthians 15:40,Epistles,New Testament,1 Corinthians,KJV
WORD,glory,G1391,15,1 Corinthians 15:40,Epistles,New Testament,1 Corinthians,KJV
PHRASE,of the,G3588,15,1 Corinthians 15:40,Epistles,New Testament,1 Corinthians,KJV
WORD,celestial,G2032,15,1 Corinthians 15:40,Epistles,New Testament,1 Corinthians,KJV
WORD,[is],,15,1 Corinthians 15:40,Epistles,New Testament,1 Corinthians,KJV
WORD,"one,",G2087,15,1 Corinthians 15:40,Epistles,New Testament,1 Corinthians,KJV
WORD,and,G1161,15,1 Corinthians 15:40,Epistles,New Testament,1 Corinthians,KJV
WORD,the,G3588,15,1 Corinthians 15:40,Epistles,New Testament,1 Corinthians,KJV
WORD,[glory],,15,1 Corinthians 15:40,Epistles,New Testament,1 Corinthians,KJV
PHRASE,of the,G3588,15,1 Corinthians 15:40,Epistles,New Testament,1 Corinthians,KJV
WORD,terrestrial,G1919,15,1 Corinthians 15:40,Epistles,New Testament,1 Corinthians,KJV
WORD,[is],,15,1 Corinthians 15:40,Epistles,New Testament,1 Corinthians,KJV
WORD,another.,G2087,15,1 Corinthians 15:40,Epistles,New Testament,1 Corinthians,KJV
PHRASE,[There is],,15,1 Corinthians 15:41,Epistles,New Testament,1 Corinthians,KJV
WORD,one,G243,15,1 Corinthians 15:41,Epistles,New Testament,1 Corinthians,KJV
WORD,glory,G1391,15,1 Corinthians 15:41,Epistles,New Testament,1 Corinthians,KJV
PHRASE,"of the sun,",G2246,15,1 Corinthians 15:41,Epistles,New Testament,1 Corinthians,KJV
WORD,and,G2532,15,1 Corinthians 15:41,Epistles,New Testament,1 Corinthians,KJV
WORD,another,G243,15,1 Corinthians 15:41,Epistles,New Testament,1 Corinthians,KJV
WORD,glory,G1391,15,1 Corinthians 15:41,Epistles,New Testament,1 Corinthians,KJV
PHRASE,"of the moon,",G4582,15,1 Corinthians 15:41,Epistles,New Testament,1 Corinthians,KJV
WORD,and,G2532,15,1 Corinthians 15:41,Epistles,New Testament,1 Corinthians,KJV
WORD,another,G243,15,1 Corinthians 15:41,Epistles,New Testament,1 Corinthians,KJV
WORD,glory,G1391,15,1 Corinthians 15:41,Epistles,New Testament,1 Corinthians,KJV
PHRASE,of the stars:,G792,15,1 Corinthians 15:41,Epistles,New Testament,1 Corinthians,KJV
WORD,for,G1063,15,1 Corinthians 15:41,Epistles,New Testament,1 Corinthians,KJV
WORD,[one],,15,1 Corinthians 15:41,Epistles,New Testament,1 Corinthians,KJV
WORD,star,G792,15,1 Corinthians 15:41,Epistles,New Testament,1 Corinthians,KJV
PHRASE,differeth from,G1308,15,1 Corinthians 15:41,Epistles,New Testament,1 Corinthians,KJV
WORD,[another],,15,1 Corinthians 15:41,Epistles,New Testament,1 Corinthians,KJV
WORD,star,G792,15,1 Corinthians 15:41,Epistles,New Testament,1 Corinthians,KJV
WORD,in,G1722,15,1 Corinthians 15:41,Epistles,New Testament,1 Corinthians,KJV
WORD,glory.,G1391,15,1 Corinthians 15:41,Epistles,New Testament,1 Corinthians,KJV
WORD,So,G3779,15,1 Corinthians 15:42,Epistles,New Testament,1 Corinthians,KJV
WORD,also,G2532,15,1 Corinthians 15:42,Epistles,New Testament,1 Corinthians,KJV
WORD,[is],,15,1 Corinthians 15:42,Epistles,New Testament,1 Corinthians,KJV
WORD,the,G3588,15,1 Corinthians 15:42,Epistles,New Testament,1 Corinthians,KJV
WORD,resurrection,G386,15,1 Corinthians 15:42,Epistles,New Testament,1 Corinthians,KJV
PHRASE,of the,G3588,15,1 Corinthians 15:42,Epistles,New Testament,1 Corinthians,KJV
WORD,dead.,G3498,15,1 Corinthians 15:42,Epistles,New Testament,1 Corinthians,KJV
PHRASE,It is sown,G4687,15,1 Corinthians 15:42,Epistles,New Testament,1 Corinthians,KJV
WORD,in,G1722,15,1 Corinthians 15:42,Epistles,New Testament,1 Corinthians,KJV
WORD,corruption;,G5356,15,1 Corinthians 15:42,Epistles,New Testament,1 Corinthians,KJV
PHRASE,it is raised,G1453,15,1 Corinthians 15:42,Epistles,New Testament,1 Corinthians,KJV
WORD,in,G1722,15,1 Corinthians 15:42,Epistles,New Testament,1 Corinthians,KJV
WORD,incorruption:,G861,15,1 Corinthians 15:42,Epistles,New Testament,1 Corinthians,KJV
PHRASE,It is sown,G4687,15,1 Corinthians 15:43,Epistles,New Testament,1 Corinthians,KJV
WORD,in,G1722,15,1 Corinthians 15:43,Epistles,New Testament,1 Corinthians,KJV
WORD,dishonour;,G819,15,1 Corinthians 15:43,Epistles,New Testament,1 Corinthians,KJV
PHRASE,it is raised,G1453,15,1 Corinthians 15:43,Epistles,New Testament,1 Corinthians,KJV
WORD,in,G1722,15,1 Corinthians 15:43,Epistles,New Testament,1 Corinthians,KJV
WORD,glory:,G1391,15,1 Corinthians 15:43,Epistles,New Testament,1 Corinthians,KJV
PHRASE,it is sown,G4687,15,1 Corinthians 15:43,Epistles,New Testament,1 Corinthians,KJV
WORD,in,G1722,15,1 Corinthians 15:43,Epistles,New Testament,1 Corinthians,KJV
WORD,weakness;,G769,15,1 Corinthians 15:43,Epistles,New Testament,1 Corinthians,KJV
PHRASE,it is raised,G1453,15,1 Corinthians 15:43,Epistles,New Testament,1 Corinthians,KJV
WORD,in,G1722,15,1 Corinthians 15:43,Epistles,New Testament,1 Corinthians,KJV
WORD,power:,G1411,15,1 Corinthians 15:43,Epistles,New Testament,1 Corinthians,KJV
PHRASE,It is sown,G4687,15,1 Corinthians 15:44,Epistles,New Testament,1 Corinthians,KJV
PHRASE,a natural,G5591,15,1 Corinthians 15:44,Epistles,New Testament,1 Corinthians,KJV
WORD,body;,G4983,15,1 Corinthians 15:44,Epistles,New Testament,1 Corinthians,KJV
PHRASE,it is raised,G1453,15,1 Corinthians 15:44,Epistles,New Testament,1 Corinthians,KJV
PHRASE,a spiritual,G4152,15,1 Corinthians 15:44,Epistles,New Testament,1 Corinthians,KJV
WORD,body.,G4983,15,1 Corinthians 15:44,Epistles,New Testament,1 Corinthians,KJV
PHRASE,There is,G2076,15,1 Corinthians 15:44,Epistles,New Testament,1 Corinthians,KJV
PHRASE,a natural,G5591,15,1 Corinthians 15:44,Epistles,New Testament,1 Corinthians,KJV
WORD,"body,",G4983,15,1 Corinthians 15:44,Epistles,New Testament,1 Corinthians,KJV
WORD,and,G2532,15,1 Corinthians 15:44,Epistles,New Testament,1 Corinthians,KJV
PHRASE,there is,G2076,15,1 Corinthians 15:44,Epistles,New Testament,1 Corinthians,KJV
PHRASE,a spiritual,G4152,15,1 Corinthians 15:44,Epistles,New Testament,1 Corinthians,KJV
WORD,body.,G4983,15,1 Corinthians 15:44,Epistles,New Testament,1 Corinthians,KJV
WORD,And,G2532,15,1 Corinthians 15:45,Epistles,New Testament,1 Corinthians,KJV
WORD,so,G3779,15,1 Corinthians 15:45,Epistles,New Testament,1 Corinthians,KJV
PHRASE,"it is written,",G1125,15,1 Corinthians 15:45,Epistles,New Testament,1 Corinthians,KJV
WORD,The,G3588,15,1 Corinthians 15:45,Epistles,New Testament,1 Corinthians,KJV
WORD,first,G4413,15,1 Corinthians 15:45,Epistles,New Testament,1 Corinthians,KJV
WORD,man,G444,15,1 Corinthians 15:45,Epistles,New Testament,1 Corinthians,KJV
WORD,Adam,G76,15,1 Corinthians 15:45,Epistles,New Testament,1 Corinthians,KJV
PHRASE,was made,G1096,15,1 Corinthians 15:45,Epistles,New Testament,1 Corinthians,KJV
PHRASE,a living,G2198,15,1 Corinthians 15:45,Epistles,New Testament,1 Corinthians,KJV
WORD,soul;,G5590,15,1 Corinthians 15:45,Epistles,New Testament,1 Corinthians,KJV
PHRASE,the last,G2078,15,1 Corinthians 15:45,Epistles,New Testament,1 Corinthians,KJV
WORD,Adam,G76,15,1 Corinthians 15:45,Epistles,New Testament,1 Corinthians,KJV
PHRASE,[was made],,15,1 Corinthians 15:45,Epistles,New Testament,1 Corinthians,KJV
PHRASE,a quickening,G2227,15,1 Corinthians 15:45,Epistles,New Testament,1 Corinthians,KJV
WORD,spirit.,G4151,15,1 Corinthians 15:45,Epistles,New Testament,1 Corinthians,KJV
WORD,Howbeit,G235,15,1 Corinthians 15:46,Epistles,New Testament,1 Corinthians,KJV
PHRASE,that [was] not,G3756,15,1 Corinthians 15:46,Epistles,New Testament,1 Corinthians,KJV
WORD,first,G4412,15,1 Corinthians 15:46,Epistles,New Testament,1 Corinthians,KJV
WORD,which,G3588,15,1 Corinthians 15:46,Epistles,New Testament,1 Corinthians,KJV
PHRASE,"is spiritual,",G4152,15,1 Corinthians 15:46,Epistles,New Testament,1 Corinthians,KJV
WORD,but,G235,15,1 Corinthians 15:46,Epistles,New Testament,1 Corinthians,KJV
PHRASE,that which,G3588,15,1 Corinthians 15:46,Epistles,New Testament,1 Corinthians,KJV
PHRASE,is natural;,G5591,15,1 Corinthians 15:46,Epistles,New Testament,1 Corinthians,KJV
PHRASE,and afterward,G1899,15,1 Corinthians 15:46,Epistles,New Testament,1 Corinthians,KJV
PHRASE,that which,G3588,15,1 Corinthians 15:46,Epistles,New Testament,1 Corinthians,KJV
PHRASE,is spiritual.,G4152,15,1 Corinthians 15:46,Epistles,New Testament,1 Corinthians,KJV
WORD,The,G3588,15,1 Corinthians 15:47,Epistles,New Testament,1 Corinthians,KJV
WORD,first,G4413,15,1 Corinthians 15:47,Epistles,New Testament,1 Corinthians,KJV
WORD,man,G444,15,1 Corinthians 15:47,Epistles,New Testament,1 Corinthians,KJV
WORD,[is],,15,1 Corinthians 15:47,Epistles,New Testament,1 Corinthians,KJV
WORD,of,G1537,15,1 Corinthians 15:47,Epistles,New Testament,1 Corinthians,KJV
PHRASE,"the earth,",G1093,15,1 Corinthians 15:47,Epistles,New Testament,1 Corinthians,KJV
WORD,earthy:,G5517,15,1 Corinthians 15:47,Epistles,New Testament,1 Corinthians,KJV
WORD,the,G3588,15,1 Corinthians 15:47,Epistles,New Testament,1 Corinthians,KJV
WORD,second,G1208,15,1 Corinthians 15:47,Epistles,New Testament,1 Corinthians,KJV
WORD,man,G444,15,1 Corinthians 15:47,Epistles,New Testament,1 Corinthians,KJV
WORD,[is],,15,1 Corinthians 15:47,Epistles,New Testament,1 Corinthians,KJV
WORD,the,G3588,15,1 Corinthians 15:47,Epistles,New Testament,1 Corinthians,KJV
WORD,Lord,G2962,15,1 Corinthians 15:47,Epistles,New Testament,1 Corinthians,KJV
WORD,from,G1537,15,1 Corinthians 15:47,Epistles,New Testament,1 Corinthians,KJV
WORD,heaven.,G3772,15,1 Corinthians 15:47,Epistles,New Testament,1 Corinthians,KJV
WORD,As,G3634,15,1 Corinthians 15:48,Epistles,New Testament,1 Corinthians,KJV
WORD,[is],,15,1 Corinthians 15:48,Epistles,New Testament,1 Corinthians,KJV
WORD,the,G3588,15,1 Corinthians 15:48,Epistles,New Testament,1 Corinthians,KJV
WORD,"earthy,",G5517,15,1 Corinthians 15:48,Epistles,New Testament,1 Corinthians,KJV
WORD,such,G5108,15,1 Corinthians 15:48,Epistles,New Testament,1 Corinthians,KJV
WORD,[are],,15,1 Corinthians 15:48,Epistles,New Testament,1 Corinthians,KJV
PHRASE,they also,G2532,15,1 Corinthians 15:48,Epistles,New Testament,1 Corinthians,KJV
WORD,that,G3588,15,1 Corinthians 15:48,Epistles,New Testament,1 Corinthians,KJV
PHRASE,are earthy:,G5517,15,1 Corinthians 15:48,Epistles,New Testament,1 Corinthians,KJV
WORD,and,G2532,15,1 Corinthians 15:48,Epistles,New Testament,1 Corinthians,KJV
WORD,as,G3634,15,1 Corinthians 15:48,Epistles,New Testament,1 Corinthians,KJV
WORD,[is],,15,1 Corinthians 15:48,Epistles,New Testament,1 Corinthians,KJV
WORD,the,G3588,15,1 Corinthians 15:48,Epistles,New Testament,1 Corinthians,KJV
WORD,"heavenly,",G2032,15,1 Corinthians 15:48,Epistles,New Testament,1 Corinthians,KJV
WORD,such,G5108,15,1 Corinthians 15:48,Epistles,New Testament,1 Corinthians,KJV
WORD,[are],,15,1 Corinthians 15:48,Epistles,New Testament,1 Corinthians,KJV
WORD,they,G3588,15,1 Corinthians 15:48,Epistles,New Testament,1 Corinthians,KJV
WORD,also,G2532,15,1 Corinthians 15:48,Epistles,New Testament,1 Corinthians,KJV
PHRASE,that are heavenly.,G2032,15,1 Corinthians 15:48,Epistles,New Testament,1 Corinthians,KJV
WORD,And,G2532,15,1 Corinthians 15:49,Epistles,New Testament,1 Corinthians,KJV
WORD,as,G2531,15,1 Corinthians 15:49,Epistles,New Testament,1 Corinthians,KJV
PHRASE,we have borne,G5409,15,1 Corinthians 15:49,Epistles,New Testament,1 Corinthians,KJV
WORD,the,G3588,15,1 Corinthians 15:49,Epistles,New Testament,1 Corinthians,KJV
WORD,image,G1504,15,1 Corinthians 15:49,Epistles,New Testament,1 Corinthians,KJV
PHRASE,of the,G3588,15,1 Corinthians 15:49,Epistles,New Testament,1 Corinthians,KJV
WORD,"earthy,",G5517,15,1 Corinthians 15:49,Epistles,New Testament,1 Corinthians,KJV
PHRASE,we shall,G5409,15,1 Corinthians 15:49,Epistles,New Testament,1 Corinthians,KJV
WORD,also,G2532,15,1 Corinthians 15:49,Epistles,New Testament,1 Corinthians,KJV
WORD,bear,G5409,15,1 Corinthians 15:49,Epistles,New Testament,1 Corinthians,KJV
WORD,the,G3588,15,1 Corinthians 15:49,Epistles,New Testament,1 Corinthians,KJV
WORD,image,G1504,15,1 Corinthians 15:49,Epistles,New Testament,1 Corinthians,KJV
PHRASE,of the,G3588,15,1 Corinthians 15:49,Epistles,New Testament,1 Corinthians,KJV
WORD,heavenly.,G2032,15,1 Corinthians 15:49,Epistles,New Testament,1 Corinthians,KJV
WORD,Now,G1161,15,1 Corinthians 15:50,Epistles,New Testament,1 Corinthians,KJV
WORD,this,G5124,15,1 Corinthians 15:50,Epistles,New Testament,1 Corinthians,KJV
PHRASE,"I say,",G5346,15,1 Corinthians 15:50,Epistles,New Testament,1 Corinthians,KJV
WORD,"brethren,",G80,15,1 Corinthians 15:50,Epistles,New Testament,1 Corinthians,KJV
WORD,that,G3754,15,1 Corinthians 15:50,Epistles,New Testament,1 Corinthians,KJV
WORD,flesh,G4561,15,1 Corinthians 15:50,Epistles,New Testament,1 Corinthians,KJV
WORD,and,G2532,15,1 Corinthians 15:50,Epistles,New Testament,1 Corinthians,KJV
WORD,blood,G129,15,1 Corinthians 15:50,Epistles,New Testament,1 Corinthians,KJV
WORD,,G3756,15,1 Corinthians 15:50,Epistles,New Testament,1 Corinthians,KJV
WORD,cannot,G1410,15,1 Corinthians 15:50,Epistles,New Testament,1 Corinthians,KJV
WORD,inherit,G2816,15,1 Corinthians 15:50,Epistles,New Testament,1 Corinthians,KJV
PHRASE,the kingdom,G932,15,1 Corinthians 15:50,Epistles,New Testament,1 Corinthians,KJV
PHRASE,of God;,G2316,15,1 Corinthians 15:50,Epistles,New Testament,1 Corinthians,KJV
WORD,neither,G3761,15,1 Corinthians 15:50,Epistles,New Testament,1 Corinthians,KJV
WORD,doth,G2816,15,1 Corinthians 15:50,Epistles,New Testament,1 Corinthians,KJV
WORD,corruption,G5356,15,1 Corinthians 15:50,Epistles,New Testament,1 Corinthians,KJV
WORD,inherit,G2816,15,1 Corinthians 15:50,Epistles,New Testament,1 Corinthians,KJV
WORD,incorruption.,G861,15,1 Corinthians 15:50,Epistles,New Testament,1 Corinthians,KJV
WORD,"Behold,",G2400,15,1 Corinthians 15:51,Epistles,New Testament,1 Corinthians,KJV
PHRASE,I shew,G3004,15,1 Corinthians 15:51,Epistles,New Testament,1 Corinthians,KJV
WORD,you,G5213,15,1 Corinthians 15:51,Epistles,New Testament,1 Corinthians,KJV
PHRASE,a mystery;,G3466,15,1 Corinthians 15:51,Epistles,New Testament,1 Corinthians,KJV
PHRASE,We shall,G2837,15,1 Corinthians 15:51,Epistles,New Testament,1 Corinthians,KJV
WORD,not,G3756,15,1 Corinthians 15:51,Epistles,New Testament,1 Corinthians,KJV
WORD,all,G3956,15,1 Corinthians 15:51,Epistles,New Testament,1 Corinthians,KJV
WORD,"sleep,",G2837,15,1 Corinthians 15:51,Epistles,New Testament,1 Corinthians,KJV
WORD,but,G1161,15,1 Corinthians 15:51,Epistles,New Testament,1 Corinthians,KJV
PHRASE,we shall,G236,15,1 Corinthians 15:51,Epistles,New Testament,1 Corinthians,KJV
WORD,all,G3956,15,1 Corinthians 15:51,Epistles,New Testament,1 Corinthians,KJV
PHRASE,"be changed,",G236,15,1 Corinthians 15:51,Epistles,New Testament,1 Corinthians,KJV
WORD,In,G1722,15,1 Corinthians 15:52,Epistles,New Testament,1 Corinthians,KJV
PHRASE,"a moment,",G823,15,1 Corinthians 15:52,Epistles,New Testament,1 Corinthians,KJV
WORD,in,G1722,15,1 Corinthians 15:52,Epistles,New Testament,1 Corinthians,KJV
PHRASE,the twinkling,G4493,15,1 Corinthians 15:52,Epistles,New Testament,1 Corinthians,KJV
PHRASE,"of an eye,",G3788,15,1 Corinthians 15:52,Epistles,New Testament,1 Corinthians,KJV
WORD,at,G1722,15,1 Corinthians 15:52,Epistles,New Testament,1 Corinthians,KJV
WORD,the,G3588,15,1 Corinthians 15:52,Epistles,New Testament,1 Corinthians,KJV
WORD,last,G2078,15,1 Corinthians 15:52,Epistles,New Testament,1 Corinthians,KJV
WORD,trump:,G4536,15,1 Corinthians 15:52,Epistles,New Testament,1 Corinthians,KJV
WORD,for,G1063,15,1 Corinthians 15:52,Epistles,New Testament,1 Corinthians,KJV
PHRASE,"the trumpet shall sound,",G4537,15,1 Corinthians 15:52,Epistles,New Testament,1 Corinthians,KJV
WORD,and,G2532,15,1 Corinthians 15:52,Epistles,New Testament,1 Corinthians,KJV
WORD,the,G3588,15,1 Corinthians 15:52,Epistles,New Testament,1 Corinthians,KJV
WORD,dead,G3498,15,1 Corinthians 15:52,Epistles,New Testament,1 Corinthians,KJV
PHRASE,shall be raised,G1453,15,1 Corinthians 15:52,Epistles,New Testament,1 Corinthians,KJV
WORD,"incorruptible,",G862,15,1 Corinthians 15:52,Epistles,New Testament,1 Corinthians,KJV
WORD,and,G2532,15,1 Corinthians 15:52,Epistles,New Testament,1 Corinthians,KJV
WORD,we,G2249,15,1 Corinthians 15:52,Epistles,New Testament,1 Corinthians,KJV
PHRASE,shall be changed.,G236,15,1 Corinthians 15:52,Epistles,New Testament,1 Corinthians,KJV
WORD,For,G1063,15,1 Corinthians 15:53,Epistles,New Testament,1 Corinthians,KJV
WORD,this,G5124,15,1 Corinthians 15:53,Epistles,New Testament,1 Corinthians,KJV
WORD,corruptible,G5349,15,1 Corinthians 15:53,Epistles,New Testament,1 Corinthians,KJV
WORD,must,G1163,15,1 Corinthians 15:53,Epistles,New Testament,1 Corinthians,KJV
PHRASE,put on,G1746,15,1 Corinthians 15:53,Epistles,New Testament,1 Corinthians,KJV
WORD,"incorruption,",G861,15,1 Corinthians 15:53,Epistles,New Testament,1 Corinthians,KJV
WORD,and,G2532,15,1 Corinthians 15:53,Epistles,New Testament,1 Corinthians,KJV
WORD,this,G5124,15,1 Corinthians 15:53,Epistles,New Testament,1 Corinthians,KJV
WORD,mortal,G2349,15,1 Corinthians 15:53,Epistles,New Testament,1 Corinthians,KJV
WORD,[must],,15,1 Corinthians 15:53,Epistles,New Testament,1 Corinthians,KJV
PHRASE,put on,G1746,15,1 Corinthians 15:53,Epistles,New Testament,1 Corinthians,KJV
WORD,immortality.,G110,15,1 Corinthians 15:53,Epistles,New Testament,1 Corinthians,KJV
WORD,So,G1161,15,1 Corinthians 15:54,Epistles,New Testament,1 Corinthians,KJV
WORD,when,G3752,15,1 Corinthians 15:54,Epistles,New Testament,1 Corinthians,KJV
WORD,this,G5124,15,1 Corinthians 15:54,Epistles,New Testament,1 Corinthians,KJV
WORD,corruptible,G5349,15,1 Corinthians 15:54,Epistles,New Testament,1 Corinthians,KJV
PHRASE,shall have put on,G1746,15,1 Corinthians 15:54,Epistles,New Testament,1 Corinthians,KJV
WORD,"incorruption,",G861,15,1 Corinthians 15:54,Epistles,New Testament,1 Corinthians,KJV
WORD,and,G2532,15,1 Corinthians 15:54,Epistles,New Testament,1 Corinthians,KJV
WORD,this,G5124,15,1 Corinthians 15:54,Epistles,New Testament,1 Corinthians,KJV
WORD,mortal,G2349,15,1 Corinthians 15:54,Epistles,New Testament,1 Corinthians,KJV
PHRASE,shall have put on,G1746,15,1 Corinthians 15:54,Epistles,New Testament,1 Corinthians,KJV
WORD,"immortality,",G110,15,1 Corinthians 15:54,Epistles,New Testament,1 Corinthians,KJV
WORD,then,G5119,15,1 Corinthians 15:54,Epistles,New Testament,1 Corinthians,KJV
PHRASE,shall be brought to pass,G1096,15,1 Corinthians 15:54,Epistles,New Testament,1 Corinthians,KJV
WORD,the,G3588,15,1 Corinthians 15:54,Epistles,New Testament,1 Corinthians,KJV
WORD,saying,G3056,15,1 Corinthians 15:54,Epistles,New Testament,1 Corinthians,KJV
PHRASE,"that is written,",G1125,15,1 Corinthians 15:54,Epistles,New Testament,1 Corinthians,KJV
WORD,Death,G2288,15,1 Corinthians 15:54,Epistles,New Testament,1 Corinthians,KJV
PHRASE,is swallowed up,G2666,15,1 Corinthians 15:54,Epistles,New Testament,1 Corinthians,KJV
WORD,in,G1519,15,1 Corinthians 15:54,Epistles,New Testament,1 Corinthians,KJV
WORD,victory.,G3534,15,1 Corinthians 15:54,Epistles,New Testament,1 Corinthians,KJV
PHRASE,"O death,",G2288,15,1 Corinthians 15:55,Epistles,New Testament,1 Corinthians,KJV
WORD,where,G4226,15,1 Corinthians 15:55,Epistles,New Testament,1 Corinthians,KJV
WORD,[is],,15,1 Corinthians 15:55,Epistles,New Testament,1 Corinthians,KJV
WORD,thy,G4675,15,1 Corinthians 15:55,Epistles,New Testament,1 Corinthians,KJV
WORD,sting?,G2759,15,1 Corinthians 15:55,Epistles,New Testament,1 Corinthians,KJV
PHRASE,"O grave,",G86,15,1 Corinthians 15:55,Epistles,New Testament,1 Corinthians,KJV
WORD,where,G4226,15,1 Corinthians 15:55,Epistles,New Testament,1 Corinthians,KJV
WORD,[is],,15,1 Corinthians 15:55,Epistles,New Testament,1 Corinthians,KJV
WORD,thy,G4675,15,1 Corinthians 15:55,Epistles,New Testament,1 Corinthians,KJV
WORD,victory?,G3534,15,1 Corinthians 15:55,Epistles,New Testament,1 Corinthians,KJV
WORD,The,G3588,15,1 Corinthians 15:56,Epistles,New Testament,1 Corinthians,KJV
WORD,sting,G2759,15,1 Corinthians 15:56,Epistles,New Testament,1 Corinthians,KJV
PHRASE,of death,G2288,15,1 Corinthians 15:56,Epistles,New Testament,1 Corinthians,KJV
WORD,[is],,15,1 Corinthians 15:56,Epistles,New Testament,1 Corinthians,KJV
WORD,sin;,G266,15,1 Corinthians 15:56,Epistles,New Testament,1 Corinthians,KJV
WORD,and,G1161,15,1 Corinthians 15:56,Epistles,New Testament,1 Corinthians,KJV
WORD,the,G3588,15,1 Corinthians 15:56,Epistles,New Testament,1 Corinthians,KJV
WORD,strength,G1411,15,1 Corinthians 15:56,Epistles,New Testament,1 Corinthians,KJV
PHRASE,of sin,G266,15,1 Corinthians 15:56,Epistles,New Testament,1 Corinthians,KJV
WORD,[is],,15,1 Corinthians 15:56,Epistles,New Testament,1 Corinthians,KJV
WORD,the,G3588,15,1 Corinthians 15:56,Epistles,New Testament,1 Corinthians,KJV
WORD,law.,G3551,15,1 Corinthians 15:56,Epistles,New Testament,1 Corinthians,KJV
WORD,But,G1161,15,1 Corinthians 15:57,Epistles,New Testament,1 Corinthians,KJV
WORD,thanks,G5485,15,1 Corinthians 15:57,Epistles,New Testament,1 Corinthians,KJV
WORD,[be],,15,1 Corinthians 15:57,Epistles,New Testament,1 Corinthians,KJV
PHRASE,"to God,",G2316,15,1 Corinthians 15:57,Epistles,New Testament,1 Corinthians,KJV
WORD,which,G3588,15,1 Corinthians 15:57,Epistles,New Testament,1 Corinthians,KJV
WORD,giveth,G1325,15,1 Corinthians 15:57,Epistles,New Testament,1 Corinthians,KJV
WORD,us,G2254,15,1 Corinthians 15:57,Epistles,New Testament,1 Corinthians,KJV
WORD,the,G3588,15,1 Corinthians 15:57,Epistles,New Testament,1 Corinthians,KJV
WORD,victory,G3534,15,1 Corinthians 15:57,Epistles,New Testament,1 Corinthians,KJV
WORD,through,G1223,15,1 Corinthians 15:57,Epistles,New Testament,1 Corinthians,KJV
WORD,our,G2257,15,1 Corinthians 15:57,Epistles,New Testament,1 Corinthians,KJV
WORD,Lord,G2962,15,1 Corinthians 15:57,Epistles,New Testament,1 Corinthians,KJV
WORD,Jesus,G2424,15,1 Corinthians 15:57,Epistles,New Testament,1 Corinthians,KJV
WORD,Christ.,G5547,15,1 Corinthians 15:57,Epistles,New Testament,1 Corinthians,KJV
WORD,"Therefore,",G5620,15,1 Corinthians 15:58,Epistles,New Testament,1 Corinthians,KJV
WORD,my,G3450,15,1 Corinthians 15:58,Epistles,New Testament,1 Corinthians,KJV
WORD,beloved,G27,15,1 Corinthians 15:58,Epistles,New Testament,1 Corinthians,KJV
WORD,"brethren,",G80,15,1 Corinthians 15:58,Epistles,New Testament,1 Corinthians,KJV
PHRASE,be ye,G1096,15,1 Corinthians 15:58,Epistles,New Testament,1 Corinthians,KJV
WORD,"stedfast,",G1476,15,1 Corinthians 15:58,Epistles,New Testament,1 Corinthians,KJV
WORD,"unmoveable,",G277,15,1 Corinthians 15:58,Epistles,New Testament,1 Corinthians,KJV
WORD,always,G3842,15,1 Corinthians 15:58,Epistles,New Testament,1 Corinthians,KJV
WORD,abounding,G4052,15,1 Corinthians 15:58,Epistles,New Testament,1 Corinthians,KJV
WORD,in,G1722,15,1 Corinthians 15:58,Epistles,New Testament,1 Corinthians,KJV
WORD,the,G3588,15,1 Corinthians 15:58,Epistles,New Testament,1 Corinthians,KJV
WORD,work,G2041,15,1 Corinthians 15:58,Epistles,New Testament,1 Corinthians,KJV
PHRASE,of the,G3588,15,1 Corinthians 15:58,Epistles,New Testament,1 Corinthians,KJV
WORD,"Lord,",G2962,15,1 Corinthians 15:58,Epistles,New Testament,1 Corinthians,KJV
PHRASE,forasmuch as ye know,G1492,15,1 Corinthians 15:58,Epistles,New Testament,1 Corinthians,KJV
WORD,that,G3754,15,1 Corinthians 15:58,Epistles,New Testament,1 Corinthians,KJV
WORD,your,G5216,15,1 Corinthians 15:58,Epistles,New Testament,1 Corinthians,KJV
WORD,labour,G2873,15,1 Corinthians 15:58,Epistles,New Testament,1 Corinthians,KJV
WORD,is,G2076,15,1 Corinthians 15:58,Epistles,New Testament,1 Corinthians,KJV
WORD,not,G3756,15,1 Corinthians 15:58,Epistles,New Testament,1 Corinthians,KJV
PHRASE,in vain,G2756,15,1 Corinthians 15:58,Epistles,New Testament,1 Corinthians,KJV
WORD,in,G1722,15,1 Corinthians 15:58,Epistles,New Testament,1 Corinthians,KJV
PHRASE,the Lord.,G2962,15,1 Corinthians 15:58,Epistles,New Testament,1 Corinthians,KJV
WORD,Now,G1161,16,1 Corinthians 16:1,Epistles,New Testament,1 Corinthians,KJV
WORD,concerning,G4012,16,1 Corinthians 16:1,Epistles,New Testament,1 Corinthians,KJV
WORD,the,G3588,16,1 Corinthians 16:1,Epistles,New Testament,1 Corinthians,KJV
WORD,collection,G3048,16,1 Corinthians 16:1,Epistles,New Testament,1 Corinthians,KJV
WORD,for,G1519,16,1 Corinthians 16:1,Epistles,New Testament,1 Corinthians,KJV
WORD,the,G3588,16,1 Corinthians 16:1,Epistles,New Testament,1 Corinthians,KJV
WORD,"saints,",G40,16,1 Corinthians 16:1,Epistles,New Testament,1 Corinthians,KJV
WORD,as,G5618,16,1 Corinthians 16:1,Epistles,New Testament,1 Corinthians,KJV
PHRASE,I have given order,G1299,16,1 Corinthians 16:1,Epistles,New Testament,1 Corinthians,KJV
PHRASE,to the,G3588,16,1 Corinthians 16:1,Epistles,New Testament,1 Corinthians,KJV
WORD,churches,G1577,16,1 Corinthians 16:1,Epistles,New Testament,1 Corinthians,KJV
PHRASE,"of Galatia,",G1053,16,1 Corinthians 16:1,Epistles,New Testament,1 Corinthians,KJV
WORD,even,G2532,16,1 Corinthians 16:1,Epistles,New Testament,1 Corinthians,KJV
WORD,so,G3779,16,1 Corinthians 16:1,Epistles,New Testament,1 Corinthians,KJV
WORD,do,G4160,16,1 Corinthians 16:1,Epistles,New Testament,1 Corinthians,KJV
WORD,ye.,G5210,16,1 Corinthians 16:1,Epistles,New Testament,1 Corinthians,KJV
WORD,Upon,G2596,16,1 Corinthians 16:2,Epistles,New Testament,1 Corinthians,KJV
PHRASE,the first,G1520,16,1 Corinthians 16:2,Epistles,New Testament,1 Corinthians,KJV
WORD,[day],,16,1 Corinthians 16:2,Epistles,New Testament,1 Corinthians,KJV
PHRASE,of the week,G4521,16,1 Corinthians 16:2,Epistles,New Testament,1 Corinthians,KJV
WORD,let,G5087,16,1 Corinthians 16:2,Epistles,New Testament,1 Corinthians,KJV
PHRASE,every one,G1538,16,1 Corinthians 16:2,Epistles,New Testament,1 Corinthians,KJV
PHRASE,of you,G5216,16,1 Corinthians 16:2,Epistles,New Testament,1 Corinthians,KJV
WORD,lay,G5087,16,1 Corinthians 16:2,Epistles,New Testament,1 Corinthians,KJV
WORD,by,G3844,16,1 Corinthians 16:2,Epistles,New Testament,1 Corinthians,KJV
WORD,him,G1438,16,1 Corinthians 16:2,Epistles,New Testament,1 Corinthians,KJV
PHRASE,"in store,",G2343,16,1 Corinthians 16:2,Epistles,New Testament,1 Corinthians,KJV
WORD,as,G3739,16,1 Corinthians 16:2,Epistles,New Testament,1 Corinthians,KJV
WORD,,G5100,16,1 Corinthians 16:2,Epistles,New Testament,1 Corinthians,KJV
WORD,[God],,16,1 Corinthians 16:2,Epistles,New Testament,1 Corinthians,KJV
PHRASE,"hath prospered him,",G2137,16,1 Corinthians 16:2,Epistles,New Testament,1 Corinthians,KJV
WORD,that,G2443,16,1 Corinthians 16:2,Epistles,New Testament,1 Corinthians,KJV
PHRASE,there be,G1096,16,1 Corinthians 16:2,Epistles,New Testament,1 Corinthians,KJV
WORD,no,G3361,16,1 Corinthians 16:2,Epistles,New Testament,1 Corinthians,KJV
WORD,gatherings,G3048,16,1 Corinthians 16:2,Epistles,New Testament,1 Corinthians,KJV
WORD,when,G3752,16,1 Corinthians 16:2,Epistles,New Testament,1 Corinthians,KJV
PHRASE,I come.,G2064,16,1 Corinthians 16:2,Epistles,New Testament,1 Corinthians,KJV
WORD,And,G1161,16,1 Corinthians 16:3,Epistles,New Testament,1 Corinthians,KJV
WORD,when,G3752,16,1 Corinthians 16:3,Epistles,New Testament,1 Corinthians,KJV
PHRASE,"I come,",G3854,16,1 Corinthians 16:3,Epistles,New Testament,1 Corinthians,KJV
WORD,whomsoever,G3739,16,1 Corinthians 16:3,Epistles,New Testament,1 Corinthians,KJV
PHRASE,ye shall approve,G1381,16,1 Corinthians 16:3,Epistles,New Testament,1 Corinthians,KJV
WORD,by,G1223,16,1 Corinthians 16:3,Epistles,New Testament,1 Corinthians,KJV
WORD,[your],,16,1 Corinthians 16:3,Epistles,New Testament,1 Corinthians,KJV
WORD,"letters,",G1992,16,1 Corinthians 16:3,Epistles,New Testament,1 Corinthians,KJV
WORD,them,G5128,16,1 Corinthians 16:3,Epistles,New Testament,1 Corinthians,KJV
PHRASE,will I send,G3992,16,1 Corinthians 16:3,Epistles,New Testament,1 Corinthians,KJV
PHRASE,to bring,G667,16,1 Corinthians 16:3,Epistles,New Testament,1 Corinthians,KJV
WORD,your,G5216,16,1 Corinthians 16:3,Epistles,New Testament,1 Corinthians,KJV
WORD,liberality,G5485,16,1 Corinthians 16:3,Epistles,New Testament,1 Corinthians,KJV
WORD,unto,G1519,16,1 Corinthians 16:3,Epistles,New Testament,1 Corinthians,KJV
WORD,Jerusalem.,G2419,16,1 Corinthians 16:3,Epistles,New Testament,1 Corinthians,KJV
WORD,And,G1161,16,1 Corinthians 16:4,Epistles,New Testament,1 Corinthians,KJV
WORD,if,G1437,16,1 Corinthians 16:4,Epistles,New Testament,1 Corinthians,KJV
PHRASE,it be,G5600,16,1 Corinthians 16:4,Epistles,New Testament,1 Corinthians,KJV
WORD,meet,G514,16,1 Corinthians 16:4,Epistles,New Testament,1 Corinthians,KJV
PHRASE,that I go,G4198,16,1 Corinthians 16:4,Epistles,New Testament,1 Corinthians,KJV
WORD,"also,",G2504,16,1 Corinthians 16:4,Epistles,New Testament,1 Corinthians,KJV
PHRASE,they shall go,G4198,16,1 Corinthians 16:4,Epistles,New Testament,1 Corinthians,KJV
WORD,with,G4862,16,1 Corinthians 16:4,Epistles,New Testament,1 Corinthians,KJV
WORD,me.,G1698,16,1 Corinthians 16:4,Epistles,New Testament,1 Corinthians,KJV
WORD,Now,G1161,16,1 Corinthians 16:5,Epistles,New Testament,1 Corinthians,KJV
PHRASE,I will come,G2064,16,1 Corinthians 16:5,Epistles,New Testament,1 Corinthians,KJV
WORD,unto,G4314,16,1 Corinthians 16:5,Epistles,New Testament,1 Corinthians,KJV
WORD,"you,",G5209,16,1 Corinthians 16:5,Epistles,New Testament,1 Corinthians,KJV
WORD,when,G3752,16,1 Corinthians 16:5,Epistles,New Testament,1 Corinthians,KJV
PHRASE,I shall pass through,G1330,16,1 Corinthians 16:5,Epistles,New Testament,1 Corinthians,KJV
WORD,Macedonia:,G3109,16,1 Corinthians 16:5,Epistles,New Testament,1 Corinthians,KJV
WORD,for,G1063,16,1 Corinthians 16:5,Epistles,New Testament,1 Corinthians,KJV
PHRASE,I do pass through,G1330,16,1 Corinthians 16:5,Epistles,New Testament,1 Corinthians,KJV
WORD,Macedonia.,G3109,16,1 Corinthians 16:5,Epistles,New Testament,1 Corinthians,KJV
WORD,And,G1161,16,1 Corinthians 16:6,Epistles,New Testament,1 Corinthians,KJV
PHRASE,it may be,G5177,16,1 Corinthians 16:6,Epistles,New Testament,1 Corinthians,KJV
PHRASE,"that I will abide,",G3887,16,1 Corinthians 16:6,Epistles,New Testament,1 Corinthians,KJV
WORD,"yea,",G2228,16,1 Corinthians 16:6,Epistles,New Testament,1 Corinthians,KJV
WORD,and,G2532,16,1 Corinthians 16:6,Epistles,New Testament,1 Corinthians,KJV
WORD,winter,G3914,16,1 Corinthians 16:6,Epistles,New Testament,1 Corinthians,KJV
WORD,with,G4314,16,1 Corinthians 16:6,Epistles,New Testament,1 Corinthians,KJV
WORD,"you,",G5209,16,1 Corinthians 16:6,Epistles,New Testament,1 Corinthians,KJV
WORD,that,G2443,16,1 Corinthians 16:6,Epistles,New Testament,1 Corinthians,KJV
WORD,ye,G5210,16,1 Corinthians 16:6,Epistles,New Testament,1 Corinthians,KJV
PHRASE,may bring,G4311,16,1 Corinthians 16:6,Epistles,New Testament,1 Corinthians,KJV
WORD,me,G3165,16,1 Corinthians 16:6,Epistles,New Testament,1 Corinthians,KJV
PHRASE,on my journey,G4311,16,1 Corinthians 16:6,Epistles,New Testament,1 Corinthians,KJV
WORD,whithersoever,G3757,16,1 Corinthians 16:6,Epistles,New Testament,1 Corinthians,KJV
PHRASE,I go.,G4198,16,1 Corinthians 16:6,Epistles,New Testament,1 Corinthians,KJV
WORD,For,G1063,16,1 Corinthians 16:7,Epistles,New Testament,1 Corinthians,KJV
PHRASE,I will,G2309,16,1 Corinthians 16:7,Epistles,New Testament,1 Corinthians,KJV
WORD,not,G3756,16,1 Corinthians 16:7,Epistles,New Testament,1 Corinthians,KJV
WORD,see,G3708,16,1 Corinthians 16:7,Epistles,New Testament,1 Corinthians,KJV
WORD,you,G5209,16,1 Corinthians 16:7,Epistles,New Testament,1 Corinthians,KJV
WORD,now,G737,16,1 Corinthians 16:7,Epistles,New Testament,1 Corinthians,KJV
WORD,by,G1722,16,1 Corinthians 16:7,Epistles,New Testament,1 Corinthians,KJV
PHRASE,the way;,G3938,16,1 Corinthians 16:7,Epistles,New Testament,1 Corinthians,KJV
WORD,but,G1161,16,1 Corinthians 16:7,Epistles,New Testament,1 Corinthians,KJV
PHRASE,I trust,G1679,16,1 Corinthians 16:7,Epistles,New Testament,1 Corinthians,KJV
PHRASE,to tarry,G1961,16,1 Corinthians 16:7,Epistles,New Testament,1 Corinthians,KJV
PHRASE,a while,G5550,16,1 Corinthians 16:7,Epistles,New Testament,1 Corinthians,KJV
WORD,,G5100,16,1 Corinthians 16:7,Epistles,New Testament,1 Corinthians,KJV
WORD,with,G4314,16,1 Corinthians 16:7,Epistles,New Testament,1 Corinthians,KJV
WORD,"you,",G5209,16,1 Corinthians 16:7,Epistles,New Testament,1 Corinthians,KJV
WORD,if,G1437,16,1 Corinthians 16:7,Epistles,New Testament,1 Corinthians,KJV
WORD,the,G3588,16,1 Corinthians 16:7,Epistles,New Testament,1 Corinthians,KJV
WORD,Lord,G2962,16,1 Corinthians 16:7,Epistles,New Testament,1 Corinthians,KJV
WORD,permit.,G2010,16,1 Corinthians 16:7,Epistles,New Testament,1 Corinthians,KJV
WORD,But,G1161,16,1 Corinthians 16:8,Epistles,New Testament,1 Corinthians,KJV
PHRASE,I will tarry,G1961,16,1 Corinthians 16:8,Epistles,New Testament,1 Corinthians,KJV
WORD,at,G1722,16,1 Corinthians 16:8,Epistles,New Testament,1 Corinthians,KJV
WORD,Ephesus,G2181,16,1 Corinthians 16:8,Epistles,New Testament,1 Corinthians,KJV
WORD,until,G2193,16,1 Corinthians 16:8,Epistles,New Testament,1 Corinthians,KJV
WORD,Pentecost.,G4005,16,1 Corinthians 16:8,Epistles,New Testament,1 Corinthians,KJV
WORD,For,G1063,16,1 Corinthians 16:9,Epistles,New Testament,1 Corinthians,KJV
PHRASE,a great,G3173,16,1 Corinthians 16:9,Epistles,New Testament,1 Corinthians,KJV
WORD,door,G2374,16,1 Corinthians 16:9,Epistles,New Testament,1 Corinthians,KJV
WORD,and,G2532,16,1 Corinthians 16:9,Epistles,New Testament,1 Corinthians,KJV
WORD,effectual,G1756,16,1 Corinthians 16:9,Epistles,New Testament,1 Corinthians,KJV
PHRASE,is opened,G455,16,1 Corinthians 16:9,Epistles,New Testament,1 Corinthians,KJV
PHRASE,"unto me,",G3427,16,1 Corinthians 16:9,Epistles,New Testament,1 Corinthians,KJV
WORD,and,G2532,16,1 Corinthians 16:9,Epistles,New Testament,1 Corinthians,KJV
PHRASE,[there are],,16,1 Corinthians 16:9,Epistles,New Testament,1 Corinthians,KJV
WORD,many,G4183,16,1 Corinthians 16:9,Epistles,New Testament,1 Corinthians,KJV
WORD,adversaries.,G480,16,1 Corinthians 16:9,Epistles,New Testament,1 Corinthians,KJV
WORD,Now,G1161,16,1 Corinthians 16:10,Epistles,New Testament,1 Corinthians,KJV
WORD,if,G1437,16,1 Corinthians 16:10,Epistles,New Testament,1 Corinthians,KJV
WORD,Timotheus,G5095,16,1 Corinthians 16:10,Epistles,New Testament,1 Corinthians,KJV
WORD,"come,",G2064,16,1 Corinthians 16:10,Epistles,New Testament,1 Corinthians,KJV
WORD,see,G991,16,1 Corinthians 16:10,Epistles,New Testament,1 Corinthians,KJV
WORD,that,G2443,16,1 Corinthians 16:10,Epistles,New Testament,1 Corinthians,KJV
PHRASE,he may be,G1096,16,1 Corinthians 16:10,Epistles,New Testament,1 Corinthians,KJV
WORD,with,G4314,16,1 Corinthians 16:10,Epistles,New Testament,1 Corinthians,KJV
WORD,you,G5209,16,1 Corinthians 16:10,Epistles,New Testament,1 Corinthians,KJV
PHRASE,without fear:,G870,16,1 Corinthians 16:10,Epistles,New Testament,1 Corinthians,KJV
WORD,for,G1063,16,1 Corinthians 16:10,Epistles,New Testament,1 Corinthians,KJV
PHRASE,he worketh,G2038,16,1 Corinthians 16:10,Epistles,New Testament,1 Corinthians,KJV
PHRASE,the work,G2041,16,1 Corinthians 16:10,Epistles,New Testament,1 Corinthians,KJV
PHRASE,"of the Lord,",G2962,16,1 Corinthians 16:10,Epistles,New Testament,1 Corinthians,KJV
WORD,as,G5613,16,1 Corinthians 16:10,Epistles,New Testament,1 Corinthians,KJV
WORD,I,G1473,16,1 Corinthians 16:10,Epistles,New Testament,1 Corinthians,KJV
WORD,also,G2532,16,1 Corinthians 16:10,Epistles,New Testament,1 Corinthians,KJV
WORD,[do].,,16,1 Corinthians 16:10,Epistles,New Testament,1 Corinthians,KJV
WORD,Let,G1848,16,1 Corinthians 16:11,Epistles,New Testament,1 Corinthians,KJV
WORD,no,G3361,16,1 Corinthians 16:11,Epistles,New Testament,1 Corinthians,KJV
WORD,man,G5100,16,1 Corinthians 16:11,Epistles,New Testament,1 Corinthians,KJV
WORD,therefore,G3767,16,1 Corinthians 16:11,Epistles,New Testament,1 Corinthians,KJV
WORD,despise,G1848,16,1 Corinthians 16:11,Epistles,New Testament,1 Corinthians,KJV
WORD,him:,G846,16,1 Corinthians 16:11,Epistles,New Testament,1 Corinthians,KJV
WORD,but,G1161,16,1 Corinthians 16:11,Epistles,New Testament,1 Corinthians,KJV
WORD,conduct,G4311,16,1 Corinthians 16:11,Epistles,New Testament,1 Corinthians,KJV
WORD,him,G846,16,1 Corinthians 16:11,Epistles,New Testament,1 Corinthians,KJV
WORD,forth,G4311,16,1 Corinthians 16:11,Epistles,New Testament,1 Corinthians,KJV
WORD,in,G1722,16,1 Corinthians 16:11,Epistles,New Testament,1 Corinthians,KJV
WORD,"peace,",G1515,16,1 Corinthians 16:11,Epistles,New Testament,1 Corinthians,KJV
WORD,that,G2443,16,1 Corinthians 16:11,Epistles,New Testament,1 Corinthians,KJV
PHRASE,he may come,G2064,16,1 Corinthians 16:11,Epistles,New Testament,1 Corinthians,KJV
WORD,unto,G4314,16,1 Corinthians 16:11,Epistles,New Testament,1 Corinthians,KJV
WORD,me:,G3165,16,1 Corinthians 16:11,Epistles,New Testament,1 Corinthians,KJV
WORD,for,G1063,16,1 Corinthians 16:11,Epistles,New Testament,1 Corinthians,KJV
PHRASE,I look for,G1551,16,1 Corinthians 16:11,Epistles,New Testament,1 Corinthians,KJV
WORD,him,G846,16,1 Corinthians 16:11,Epistles,New Testament,1 Corinthians,KJV
WORD,with,G3326,16,1 Corinthians 16:11,Epistles,New Testament,1 Corinthians,KJV
WORD,the,G3588,16,1 Corinthians 16:11,Epistles,New Testament,1 Corinthians,KJV
WORD,brethren.,G80,16,1 Corinthians 16:11,Epistles,New Testament,1 Corinthians,KJV
WORD,As,G1161,16,1 Corinthians 16:12,Epistles,New Testament,1 Corinthians,KJV
WORD,touching,G4012,16,1 Corinthians 16:12,Epistles,New Testament,1 Corinthians,KJV
WORD,[our],,16,1 Corinthians 16:12,Epistles,New Testament,1 Corinthians,KJV
WORD,brother,G80,16,1 Corinthians 16:12,Epistles,New Testament,1 Corinthians,KJV
WORD,"Apollos,",G625,16,1 Corinthians 16:12,Epistles,New Testament,1 Corinthians,KJV
WORD,I,G3870,16,1 Corinthians 16:12,Epistles,New Testament,1 Corinthians,KJV
WORD,greatly,G4183,16,1 Corinthians 16:12,Epistles,New Testament,1 Corinthians,KJV
WORD,desired,G3870,16,1 Corinthians 16:12,Epistles,New Testament,1 Corinthians,KJV
WORD,him,G846,16,1 Corinthians 16:12,Epistles,New Testament,1 Corinthians,KJV
WORD,to,G2443,16,1 Corinthians 16:12,Epistles,New Testament,1 Corinthians,KJV
WORD,come,G2064,16,1 Corinthians 16:12,Epistles,New Testament,1 Corinthians,KJV
WORD,unto,G4314,16,1 Corinthians 16:12,Epistles,New Testament,1 Corinthians,KJV
WORD,you,G5209,16,1 Corinthians 16:12,Epistles,New Testament,1 Corinthians,KJV
WORD,with,G3326,16,1 Corinthians 16:12,Epistles,New Testament,1 Corinthians,KJV
WORD,the,G3588,16,1 Corinthians 16:12,Epistles,New Testament,1 Corinthians,KJV
WORD,brethren:,G80,16,1 Corinthians 16:12,Epistles,New Testament,1 Corinthians,KJV
WORD,but,G2532,16,1 Corinthians 16:12,Epistles,New Testament,1 Corinthians,KJV
PHRASE,his will,G2307,16,1 Corinthians 16:12,Epistles,New Testament,1 Corinthians,KJV
WORD,was,G2258,16,1 Corinthians 16:12,Epistles,New Testament,1 Corinthians,KJV
WORD,not,G3756,16,1 Corinthians 16:12,Epistles,New Testament,1 Corinthians,KJV
PHRASE,at all,G3843,16,1 Corinthians 16:12,Epistles,New Testament,1 Corinthians,KJV
WORD,to,G2443,16,1 Corinthians 16:12,Epistles,New Testament,1 Corinthians,KJV
WORD,come,G2064,16,1 Corinthians 16:12,Epistles,New Testament,1 Corinthians,KJV
PHRASE,at this time;,G3568,16,1 Corinthians 16:12,Epistles,New Testament,1 Corinthians,KJV
WORD,but,G1161,16,1 Corinthians 16:12,Epistles,New Testament,1 Corinthians,KJV
PHRASE,he will come,G2064,16,1 Corinthians 16:12,Epistles,New Testament,1 Corinthians,KJV
WORD,when,G3752,16,1 Corinthians 16:12,Epistles,New Testament,1 Corinthians,KJV
PHRASE,he shall have convenient time.,G2119,16,1 Corinthians 16:12,Epistles,New Testament,1 Corinthians,KJV
PHRASE,"Watch ye,",G1127,16,1 Corinthians 16:13,Epistles,New Testament,1 Corinthians,KJV
PHRASE,stand fast,G4739,16,1 Corinthians 16:13,Epistles,New Testament,1 Corinthians,KJV
WORD,in,G1722,16,1 Corinthians 16:13,Epistles,New Testament,1 Corinthians,KJV
WORD,the,G3588,16,1 Corinthians 16:13,Epistles,New Testament,1 Corinthians,KJV
WORD,"faith,",G4102,16,1 Corinthians 16:13,Epistles,New Testament,1 Corinthians,KJV
PHRASE,"quit you like men,",G407,16,1 Corinthians 16:13,Epistles,New Testament,1 Corinthians,KJV
PHRASE,be strong.,G2901,16,1 Corinthians 16:13,Epistles,New Testament,1 Corinthians,KJV
WORD,Let,G1096,16,1 Corinthians 16:14,Epistles,New Testament,1 Corinthians,KJV
WORD,all,G3956,16,1 Corinthians 16:14,Epistles,New Testament,1 Corinthians,KJV
WORD,your,G5216,16,1 Corinthians 16:14,Epistles,New Testament,1 Corinthians,KJV
WORD,things,G3956,16,1 Corinthians 16:14,Epistles,New Testament,1 Corinthians,KJV
PHRASE,be done,G1096,16,1 Corinthians 16:14,Epistles,New Testament,1 Corinthians,KJV
WORD,with,G1722,16,1 Corinthians 16:14,Epistles,New Testament,1 Corinthians,KJV
WORD,charity.,G26,16,1 Corinthians 16:14,Epistles,New Testament,1 Corinthians,KJV
PHRASE,I beseech,G3870,16,1 Corinthians 16:15,Epistles,New Testament,1 Corinthians,KJV
WORD,"you,",G5209,16,1 Corinthians 16:15,Epistles,New Testament,1 Corinthians,KJV
WORD,"brethren,",G80,16,1 Corinthians 16:15,Epistles,New Testament,1 Corinthians,KJV
PHRASE,(ye know,G1492,16,1 Corinthians 16:15,Epistles,New Testament,1 Corinthians,KJV
WORD,the,G3588,16,1 Corinthians 16:15,Epistles,New Testament,1 Corinthians,KJV
WORD,house,G3614,16,1 Corinthians 16:15,Epistles,New Testament,1 Corinthians,KJV
PHRASE,"of Stephanas,",G4734,16,1 Corinthians 16:15,Epistles,New Testament,1 Corinthians,KJV
WORD,that,G3754,16,1 Corinthians 16:15,Epistles,New Testament,1 Corinthians,KJV
PHRASE,it is,G2076,16,1 Corinthians 16:15,Epistles,New Testament,1 Corinthians,KJV
PHRASE,the firstfruits,G536,16,1 Corinthians 16:15,Epistles,New Testament,1 Corinthians,KJV
PHRASE,"of Achaia,",G882,16,1 Corinthians 16:15,Epistles,New Testament,1 Corinthians,KJV
WORD,and,G2532,16,1 Corinthians 16:15,Epistles,New Testament,1 Corinthians,KJV
WORD,[that],,16,1 Corinthians 16:15,Epistles,New Testament,1 Corinthians,KJV
PHRASE,they have addicted,G5021,16,1 Corinthians 16:15,Epistles,New Testament,1 Corinthians,KJV
WORD,themselves,G1438,16,1 Corinthians 16:15,Epistles,New Testament,1 Corinthians,KJV
WORD,to,G1519,16,1 Corinthians 16:15,Epistles,New Testament,1 Corinthians,KJV
PHRASE,the ministry,G1248,16,1 Corinthians 16:15,Epistles,New Testament,1 Corinthians,KJV
PHRASE,of the,G3588,16,1 Corinthians 16:15,Epistles,New Testament,1 Corinthians,KJV
WORD,"saints,)",G40,16,1 Corinthians 16:15,Epistles,New Testament,1 Corinthians,KJV
WORD,That,G2443,16,1 Corinthians 16:16,Epistles,New Testament,1 Corinthians,KJV
WORD,ye,G5210,16,1 Corinthians 16:16,Epistles,New Testament,1 Corinthians,KJV
PHRASE,submit yourselves,G5293,16,1 Corinthians 16:16,Epistles,New Testament,1 Corinthians,KJV
PHRASE,"unto such,",G5108,16,1 Corinthians 16:16,Epistles,New Testament,1 Corinthians,KJV
WORD,and,G2532,16,1 Corinthians 16:16,Epistles,New Testament,1 Corinthians,KJV
PHRASE,to every one,G3956,16,1 Corinthians 16:16,Epistles,New Testament,1 Corinthians,KJV
PHRASE,that helpeth with,G4903,16,1 Corinthians 16:16,Epistles,New Testament,1 Corinthians,KJV
WORD,"[us],",,16,1 Corinthians 16:16,Epistles,New Testament,1 Corinthians,KJV
WORD,and,G2532,16,1 Corinthians 16:16,Epistles,New Testament,1 Corinthians,KJV
WORD,laboureth.,G2872,16,1 Corinthians 16:16,Epistles,New Testament,1 Corinthians,KJV
PHRASE,I am glad,G5463,16,1 Corinthians 16:17,Epistles,New Testament,1 Corinthians,KJV
WORD,of,G1909,16,1 Corinthians 16:17,Epistles,New Testament,1 Corinthians,KJV
WORD,the,G3588,16,1 Corinthians 16:17,Epistles,New Testament,1 Corinthians,KJV
WORD,coming,G3952,16,1 Corinthians 16:17,Epistles,New Testament,1 Corinthians,KJV
PHRASE,of Stephanas,G4734,16,1 Corinthians 16:17,Epistles,New Testament,1 Corinthians,KJV
WORD,and,G2532,16,1 Corinthians 16:17,Epistles,New Testament,1 Corinthians,KJV
WORD,Fortunatus,G5415,16,1 Corinthians 16:17,Epistles,New Testament,1 Corinthians,KJV
WORD,and,G2532,16,1 Corinthians 16:17,Epistles,New Testament,1 Corinthians,KJV
WORD,Achaicus:,G883,16,1 Corinthians 16:17,Epistles,New Testament,1 Corinthians,KJV
PHRASE,for that,G3754,16,1 Corinthians 16:17,Epistles,New Testament,1 Corinthians,KJV
PHRASE,which was lacking,G5303,16,1 Corinthians 16:17,Epistles,New Testament,1 Corinthians,KJV
PHRASE,on your part,G5216,16,1 Corinthians 16:17,Epistles,New Testament,1 Corinthians,KJV
WORD,they,G3778,16,1 Corinthians 16:17,Epistles,New Testament,1 Corinthians,KJV
PHRASE,have supplied.,G378,16,1 Corinthians 16:17,Epistles,New Testament,1 Corinthians,KJV
WORD,For,G1063,16,1 Corinthians 16:18,Epistles,New Testament,1 Corinthians,KJV
PHRASE,they have refreshed,G373,16,1 Corinthians 16:18,Epistles,New Testament,1 Corinthians,KJV
WORD,my,G1699,16,1 Corinthians 16:18,Epistles,New Testament,1 Corinthians,KJV
WORD,spirit,G4151,16,1 Corinthians 16:18,Epistles,New Testament,1 Corinthians,KJV
WORD,and,G2532,16,1 Corinthians 16:18,Epistles,New Testament,1 Corinthians,KJV
WORD,yours:,G5216,16,1 Corinthians 16:18,Epistles,New Testament,1 Corinthians,KJV
WORD,therefore,G3767,16,1 Corinthians 16:18,Epistles,New Testament,1 Corinthians,KJV
PHRASE,acknowledge ye,G1921,16,1 Corinthians 16:18,Epistles,New Testament,1 Corinthians,KJV
PHRASE,them that,G3588,16,1 Corinthians 16:18,Epistles,New Testament,1 Corinthians,KJV
PHRASE,are such.,G5108,16,1 Corinthians 16:18,Epistles,New Testament,1 Corinthians,KJV
WORD,The,G3588,16,1 Corinthians 16:19,Epistles,New Testament,1 Corinthians,KJV
WORD,churches,G1577,16,1 Corinthians 16:19,Epistles,New Testament,1 Corinthians,KJV
PHRASE,of Asia,G773,16,1 Corinthians 16:19,Epistles,New Testament,1 Corinthians,KJV
WORD,salute,G782,16,1 Corinthians 16:19,Epistles,New Testament,1 Corinthians,KJV
WORD,you.,G5209,16,1 Corinthians 16:19,Epistles,New Testament,1 Corinthians,KJV
WORD,Aquila,G207,16,1 Corinthians 16:19,Epistles,New Testament,1 Corinthians,KJV
WORD,and,G2532,16,1 Corinthians 16:19,Epistles,New Testament,1 Corinthians,KJV
WORD,Priscilla,G4252,16,1 Corinthians 16:19,Epistles,New Testament,1 Corinthians,KJV
WORD,salute,G782,16,1 Corinthians 16:19,Epistles,New Testament,1 Corinthians,KJV
WORD,you,G5209,16,1 Corinthians 16:19,Epistles,New Testament,1 Corinthians,KJV
WORD,much,G4183,16,1 Corinthians 16:19,Epistles,New Testament,1 Corinthians,KJV
WORD,in,G1722,16,1 Corinthians 16:19,Epistles,New Testament,1 Corinthians,KJV
PHRASE,"the Lord,",G2962,16,1 Corinthians 16:19,Epistles,New Testament,1 Corinthians,KJV
WORD,with,G4862,16,1 Corinthians 16:19,Epistles,New Testament,1 Corinthians,KJV
PHRASE,the church,G1577,16,1 Corinthians 16:19,Epistles,New Testament,1 Corinthians,KJV
PHRASE,that is in,G2596,16,1 Corinthians 16:19,Epistles,New Testament,1 Corinthians,KJV
WORD,their,G846,16,1 Corinthians 16:19,Epistles,New Testament,1 Corinthians,KJV
WORD,house.,G3624,16,1 Corinthians 16:19,Epistles,New Testament,1 Corinthians,KJV
WORD,All,G3956,16,1 Corinthians 16:20,Epistles,New Testament,1 Corinthians,KJV
WORD,the,G3588,16,1 Corinthians 16:20,Epistles,New Testament,1 Corinthians,KJV
WORD,brethren,G80,16,1 Corinthians 16:20,Epistles,New Testament,1 Corinthians,KJV
WORD,greet,G782,16,1 Corinthians 16:20,Epistles,New Testament,1 Corinthians,KJV
WORD,you.,G5209,16,1 Corinthians 16:20,Epistles,New Testament,1 Corinthians,KJV
PHRASE,Greet ye,G782,16,1 Corinthians 16:20,Epistles,New Testament,1 Corinthians,KJV
PHRASE,one another,G240,16,1 Corinthians 16:20,Epistles,New Testament,1 Corinthians,KJV
WORD,with,G1722,16,1 Corinthians 16:20,Epistles,New Testament,1 Corinthians,KJV
PHRASE,an holy,G40,16,1 Corinthians 16:20,Epistles,New Testament,1 Corinthians,KJV
WORD,kiss.,G5370,16,1 Corinthians 16:20,Epistles,New Testament,1 Corinthians,KJV
WORD,The,G3588,16,1 Corinthians 16:21,Epistles,New Testament,1 Corinthians,KJV
WORD,salutation,G783,16,1 Corinthians 16:21,Epistles,New Testament,1 Corinthians,KJV
PHRASE,of [me],,16,1 Corinthians 16:21,Epistles,New Testament,1 Corinthians,KJV
WORD,Paul,G3972,16,1 Corinthians 16:21,Epistles,New Testament,1 Corinthians,KJV
PHRASE,with mine own,G1699,16,1 Corinthians 16:21,Epistles,New Testament,1 Corinthians,KJV
WORD,hand.,G5495,16,1 Corinthians 16:21,Epistles,New Testament,1 Corinthians,KJV
WORD,If,G1487,16,1 Corinthians 16:22,Epistles,New Testament,1 Corinthians,KJV
PHRASE,any man,G5100,16,1 Corinthians 16:22,Epistles,New Testament,1 Corinthians,KJV
WORD,love,G5368,16,1 Corinthians 16:22,Epistles,New Testament,1 Corinthians,KJV
WORD,not,G3756,16,1 Corinthians 16:22,Epistles,New Testament,1 Corinthians,KJV
WORD,the,G3588,16,1 Corinthians 16:22,Epistles,New Testament,1 Corinthians,KJV
WORD,Lord,G2962,16,1 Corinthians 16:22,Epistles,New Testament,1 Corinthians,KJV
WORD,Jesus,G2424,16,1 Corinthians 16:22,Epistles,New Testament,1 Corinthians,KJV
WORD,"Christ,",G5547,16,1 Corinthians 16:22,Epistles,New Testament,1 Corinthians,KJV
PHRASE,let him be,G2277,16,1 Corinthians 16:22,Epistles,New Testament,1 Corinthians,KJV
WORD,Anathema,G331,16,1 Corinthians 16:22,Epistles,New Testament,1 Corinthians,KJV
WORD,Maranatha.,G3134,16,1 Corinthians 16:22,Epistles,New Testament,1 Corinthians,KJV
WORD,,G3134,16,1 Corinthians 16:22,Epistles,New Testament,1 Corinthians,KJV
WORD,The,G3588,16,1 Corinthians 16:23,Epistles,New Testament,1 Corinthians,KJV
WORD,grace,G5485,16,1 Corinthians 16:23,Epistles,New Testament,1 Corinthians,KJV
PHRASE,of our Lord,G2962,16,1 Corinthians 16:23,Epistles,New Testament,1 Corinthians,KJV
WORD,Jesus,G2424,16,1 Corinthians 16:23,Epistles,New Testament,1 Corinthians,KJV
WORD,Christ,G5547,16,1 Corinthians 16:23,Epistles,New Testament,1 Corinthians,KJV
WORD,[be],,16,1 Corinthians 16:23,Epistles,New Testament,1 Corinthians,KJV
WORD,with,G3326,16,1 Corinthians 16:23,Epistles,New Testament,1 Corinthians,KJV
WORD,you.,G5216,16,1 Corinthians 16:23,Epistles,New Testament,1 Corinthians,KJV
WORD,My,G3450,16,1 Corinthians 16:24,Epistles,New Testament,1 Corinthians,KJV
WORD,love,G26,16,1 Corinthians 16:24,Epistles,New Testament,1 Corinthians,KJV
WORD,[be],,16,1 Corinthians 16:24,Epistles,New Testament,1 Corinthians,KJV
WORD,with,G3326,16,1 Corinthians 16:24,Epistles,New Testament,1 Corinthians,KJV
WORD,you,G5216,16,1 Corinthians 16:24,Epistles,New Testament,1 Corinthians,KJV
WORD,all,G3956,16,1 Corinthians 16:24,Epistles,New Testament,1 Corinthians,KJV
WORD,in,G1722,16,1 Corinthians 16:24,Epistles,New Testament,1 Corinthians,KJV
WORD,Christ,G5547,16,1 Corinthians 16:24,Epistles,New Testament,1 Corinthians,KJV
WORD,Jesus.,G2424,16,1 Corinthians 16:24,Epistles,New Testament,1 Corinthians,KJV
WORD,Amen.,G281,16,1 Corinthians 16:24,Epistles,New Testament,1 Corinthians,KJV
PHRASE,The first,G4413,16,1 Corinthians 16:24,Epistles,New Testament,1 Corinthians,KJV
WORD,[epistle],,16,1 Corinthians 16:24,Epistles,New Testament,1 Corinthians,KJV
WORD,to,G4314,16,1 Corinthians 16:24,Epistles,New Testament,1 Corinthians,KJV
PHRASE,the Corinthians,G2881,16,1 Corinthians 16:24,Epistles,New Testament,1 Corinthians,KJV
PHRASE,was written,G1125,16,1 Corinthians 16:24,Epistles,New Testament,1 Corinthians,KJV
WORD,from,G575,16,1 Corinthians 16:24,Epistles,New Testament,1 Corinthians,KJV
WORD,Philippi,G5375,16,1 Corinthians 16:24,Epistles,New Testament,1 Corinthians,KJV
WORD,by,G1223,16,1 Corinthians 16:24,Epistles,New Testament,1 Corinthians,KJV
WORD,Stephanas,G4734,16,1 Corinthians 16:24,Epistles,New Testament,1 Corinthians,KJV
WORD,and,G2532,16,1 Corinthians 16:24,Epistles,New Testament,1 Corinthians,KJV
WORD,Fortunatus,G5415,16,1 Corinthians 16:24,Epistles,New Testament,1 Corinthians,KJV
WORD,and,G2532,16,1 Corinthians 16:24,Epistles,New Testament,1 Corinthians,KJV
WORD,Achaicus,G883,16,1 Corinthians 16:24,Epistles,New Testament,1 Corinthians,KJV
WORD,and,G2532,16,1 Corinthians 16:24,Epistles,New Testament,1 Corinthians,KJV
WORD,Timotheus.,G5095,16,1 Corinthians 16:24,Epistles,New Testament,1 Corinthians,KJV
