verse_part_type,verse_part,hebrew_id,bible_chapter,bible_verse,lit_type,testament_type,bible_book,version
PHRASE,The word,H1697,1,Hosea 1:1,Minor Prophets,Old Testament,Hosea,NLT
PHRASE,of the LORD,H3068,1,Hosea 1:1,Minor Prophets,Old Testament,Hosea,NLT
WORD,which,H834,1,Hosea 1:1,Minor Prophets,Old Testament,Hosea,NLT
WORD,came,H1961,1,Hosea 1:1,Minor Prophets,Old Testament,Hosea,NLT
WORD,to,H413,1,Hosea 1:1,Minor Prophets,Old Testament,Hosea,NLT
WORD,Hosea,H1954,1,Hosea 1:1,Minor Prophets,Old Testament,Hosea,NLT
PHRASE,the son,H1121,1,Hosea 1:1,Minor Prophets,Old Testament,Hosea,NLT
PHRASE,"of Beeri,",H882,1,Hosea 1:1,Minor Prophets,Old Testament,Hosea,NLT
PHRASE,during the days,H3117,1,Hosea 1:1,Minor Prophets,Old Testament,Hosea,NLT
PHRASE,"of Uzziah,",H5818,1,Hosea 1:1,Minor Prophets,Old Testament,Hosea,NLT
WORD,"Jotham,",H3147,1,Hosea 1:1,Minor Prophets,Old Testament,Hosea,NLT
WORD,Ahaz,H271,1,Hosea 1:1,Minor Prophets,Old Testament,Hosea,NLT
WORD,[and],,1,Hosea 1:1,Minor Prophets,Old Testament,Hosea,NLT
WORD,"Hezekiah,",H2396,1,Hosea 1:1,Minor Prophets,Old Testament,Hosea,NLT
WORD,kings,H4428,1,Hosea 1:1,Minor Prophets,Old Testament,Hosea,NLT
PHRASE,"of Judah,",H3063,1,Hosea 1:1,Minor Prophets,Old Testament,Hosea,NLT
PHRASE,and during the days,H3117,1,Hosea 1:1,Minor Prophets,Old Testament,Hosea,NLT
PHRASE,of Jeroboam,H3379,1,Hosea 1:1,Minor Prophets,Old Testament,Hosea,NLT
PHRASE,the son,H1121,1,Hosea 1:1,Minor Prophets,Old Testament,Hosea,NLT
PHRASE,"of Joash,",H3101,1,Hosea 1:1,Minor Prophets,Old Testament,Hosea,NLT
WORD,king,H4428,1,Hosea 1:1,Minor Prophets,Old Testament,Hosea,NLT
PHRASE,of Israel.,H3478,1,Hosea 1:1,Minor Prophets,Old Testament,Hosea,NLT
WORD,When,H1696,1,Hosea 1:2,Minor Prophets,Old Testament,Hosea,NLT
PHRASE,the LORD,H3068,1,Hosea 1:2,Minor Prophets,Old Testament,Hosea,NLT
WORD,first,H8462,1,Hosea 1:2,Minor Prophets,Old Testament,Hosea,NLT
WORD,spoke,H1696,1,Hosea 1:2,Minor Prophets,Old Testament,Hosea,NLT
PHRASE,"through Hosea,",H1954,1,Hosea 1:2,Minor Prophets,Old Testament,Hosea,NLT
PHRASE,the LORD,H3068,1,Hosea 1:2,Minor Prophets,Old Testament,Hosea,NLT
WORD,said,H559,1,Hosea 1:2,Minor Prophets,Old Testament,Hosea,NLT
WORD,to,H413,1,Hosea 1:2,Minor Prophets,Old Testament,Hosea,NLT
WORD,"Hosea,",H1954,1,Hosea 1:2,Minor Prophets,Old Testament,Hosea,NLT
WORD,"“Go,",H3212,1,Hosea 1:2,Minor Prophets,Old Testament,Hosea,NLT
WORD,take,H3947,1,Hosea 1:2,Minor Prophets,Old Testament,Hosea,NLT
PHRASE,to yourself,,1,Hosea 1:2,Minor Prophets,Old Testament,Hosea,NLT
PHRASE,a wife,H802,1,Hosea 1:2,Minor Prophets,Old Testament,Hosea,NLT
PHRASE,of harlotry,H2183,1,Hosea 1:2,Minor Prophets,Old Testament,Hosea,NLT
WORD,and,H3206,1,Hosea 1:2,Minor Prophets,Old Testament,Hosea,NLT
WORD,[have],,1,Hosea 1:2,Minor Prophets,Old Testament,Hosea,NLT
WORD,children,H3206,1,Hosea 1:2,Minor Prophets,Old Testament,Hosea,NLT
PHRASE,of harlotry;,H2183,1,Hosea 1:2,Minor Prophets,Old Testament,Hosea,NLT
WORD,for,H3588,1,Hosea 1:2,Minor Prophets,Old Testament,Hosea,NLT
PHRASE,the land,H776,1,Hosea 1:2,Minor Prophets,Old Testament,Hosea,NLT
WORD,commits,H2181,1,Hosea 1:2,Minor Prophets,Old Testament,Hosea,NLT
WORD,flagrant,H2181,1,Hosea 1:2,Minor Prophets,Old Testament,Hosea,NLT
WORD,"harlotry,",H2181,1,Hosea 1:2,Minor Prophets,Old Testament,Hosea,NLT
WORD,forsaking,H310,1,Hosea 1:2,Minor Prophets,Old Testament,Hosea,NLT
PHRASE,the LORD.”,H3068,1,Hosea 1:2,Minor Prophets,Old Testament,Hosea,NLT
PHRASE,So he went,H3212,1,Hosea 1:3,Minor Prophets,Old Testament,Hosea,NLT
PHRASE,and took,H3947,1,Hosea 1:3,Minor Prophets,Old Testament,Hosea,NLT
WORD,Gomer,H1586,1,Hosea 1:3,Minor Prophets,Old Testament,Hosea,NLT
PHRASE,the daughter,H1323,1,Hosea 1:3,Minor Prophets,Old Testament,Hosea,NLT
PHRASE,"of Diblaim,",H1691,1,Hosea 1:3,Minor Prophets,Old Testament,Hosea,NLT
PHRASE,and she conceived,H2029,1,Hosea 1:3,Minor Prophets,Old Testament,Hosea,NLT
PHRASE,and bore,H3205,1,Hosea 1:3,Minor Prophets,Old Testament,Hosea,NLT
WORD,him,,1,Hosea 1:3,Minor Prophets,Old Testament,Hosea,NLT
PHRASE,a son.,H1121,1,Hosea 1:3,Minor Prophets,Old Testament,Hosea,NLT
WORD,And,H559,1,Hosea 1:4,Minor Prophets,Old Testament,Hosea,NLT
PHRASE,the LORD,H3068,1,Hosea 1:4,Minor Prophets,Old Testament,Hosea,NLT
WORD,said,H559,1,Hosea 1:4,Minor Prophets,Old Testament,Hosea,NLT
PHRASE,"to him,",H413,1,Hosea 1:4,Minor Prophets,Old Testament,Hosea,NLT
WORD,“Name,H7121,1,Hosea 1:4,Minor Prophets,Old Testament,Hosea,NLT
WORD,him,H8034,1,Hosea 1:4,Minor Prophets,Old Testament,Hosea,NLT
WORD,Jezreel;,H3157,1,Hosea 1:4,Minor Prophets,Old Testament,Hosea,NLT
WORD,for,H3588,1,Hosea 1:4,Minor Prophets,Old Testament,Hosea,NLT
WORD,yet,H5750,1,Hosea 1:4,Minor Prophets,Old Testament,Hosea,NLT
PHRASE,"a little while,",H4592,1,Hosea 1:4,Minor Prophets,Old Testament,Hosea,NLT
PHRASE,and I will punish,H6485,1,Hosea 1:4,Minor Prophets,Old Testament,Hosea,NLT
PHRASE,the house,H1004,1,Hosea 1:4,Minor Prophets,Old Testament,Hosea,NLT
PHRASE,of Jehu,H3058,1,Hosea 1:4,Minor Prophets,Old Testament,Hosea,NLT
PHRASE,for the bloodshed,H1818,1,Hosea 1:4,Minor Prophets,Old Testament,Hosea,NLT
PHRASE,"of Jezreel,",H3157,1,Hosea 1:4,Minor Prophets,Old Testament,Hosea,NLT
PHRASE,and I will put an end,H7673,1,Hosea 1:4,Minor Prophets,Old Testament,Hosea,NLT
PHRASE,to the kingdom,H4468,1,Hosea 1:4,Minor Prophets,Old Testament,Hosea,NLT
PHRASE,of the house,H1004,1,Hosea 1:4,Minor Prophets,Old Testament,Hosea,NLT
PHRASE,of Israel.,H3478,1,Hosea 1:4,Minor Prophets,Old Testament,Hosea,NLT
WORD,“On,H3117,1,Hosea 1:5,Minor Prophets,Old Testament,Hosea,NLT
WORD,that,H1931,1,Hosea 1:5,Minor Prophets,Old Testament,Hosea,NLT
WORD,day,H3117,1,Hosea 1:5,Minor Prophets,Old Testament,Hosea,NLT
PHRASE,I will break,H7665,1,Hosea 1:5,Minor Prophets,Old Testament,Hosea,NLT
PHRASE,the bow,H7198,1,Hosea 1:5,Minor Prophets,Old Testament,Hosea,NLT
PHRASE,of Israel,H3478,1,Hosea 1:5,Minor Prophets,Old Testament,Hosea,NLT
PHRASE,in the valley,H6010,1,Hosea 1:5,Minor Prophets,Old Testament,Hosea,NLT
PHRASE,of Jezreel.”,H3157,1,Hosea 1:5,Minor Prophets,Old Testament,Hosea,NLT
PHRASE,Then she conceived,H2029,1,Hosea 1:6,Minor Prophets,Old Testament,Hosea,NLT
WORD,again,H5750,1,Hosea 1:6,Minor Prophets,Old Testament,Hosea,NLT
PHRASE,and gave birth,H3205,1,Hosea 1:6,Minor Prophets,Old Testament,Hosea,NLT
PHRASE,to a daughter.,H1323,1,Hosea 1:6,Minor Prophets,Old Testament,Hosea,NLT
PHRASE,And the LORD said,H559,1,Hosea 1:6,Minor Prophets,Old Testament,Hosea,NLT
PHRASE,"to him,",,1,Hosea 1:6,Minor Prophets,Old Testament,Hosea,NLT
WORD,“Name,H7121,1,Hosea 1:6,Minor Prophets,Old Testament,Hosea,NLT
WORD,her,H8034,1,Hosea 1:6,Minor Prophets,Old Testament,Hosea,NLT
WORD,"Lo-ruhamah,",H3819,1,Hosea 1:6,Minor Prophets,Old Testament,Hosea,NLT
WORD,for,H3588,1,Hosea 1:6,Minor Prophets,Old Testament,Hosea,NLT
PHRASE,I will,H3254,1,Hosea 1:6,Minor Prophets,Old Testament,Hosea,NLT
WORD,no,H3808,1,Hosea 1:6,Minor Prophets,Old Testament,Hosea,NLT
WORD,longer,H3254,1,Hosea 1:6,Minor Prophets,Old Testament,Hosea,NLT
PHRASE,have compassion,H7355,1,Hosea 1:6,Minor Prophets,Old Testament,Hosea,NLT
PHRASE,on the house,H1004,1,Hosea 1:6,Minor Prophets,Old Testament,Hosea,NLT
PHRASE,"of Israel,",H3478,1,Hosea 1:6,Minor Prophets,Old Testament,Hosea,NLT
WORD,that,H3588,1,Hosea 1:6,Minor Prophets,Old Testament,Hosea,NLT
PHRASE,I would,H5375,1,Hosea 1:6,Minor Prophets,Old Testament,Hosea,NLT
WORD,ever,H5375,1,Hosea 1:6,Minor Prophets,Old Testament,Hosea,NLT
WORD,forgive,H5375,1,Hosea 1:6,Minor Prophets,Old Testament,Hosea,NLT
WORD,them.,,1,Hosea 1:6,Minor Prophets,Old Testament,Hosea,NLT
WORD,“But,H853,1,Hosea 1:7,Minor Prophets,Old Testament,Hosea,NLT
PHRASE,I will have compassion,H7355,1,Hosea 1:7,Minor Prophets,Old Testament,Hosea,NLT
PHRASE,on the house,H1004,1,Hosea 1:7,Minor Prophets,Old Testament,Hosea,NLT
PHRASE,of Judah,H3063,1,Hosea 1:7,Minor Prophets,Old Testament,Hosea,NLT
PHRASE,and deliver them,H3467,1,Hosea 1:7,Minor Prophets,Old Testament,Hosea,NLT
PHRASE,by the LORD,H3068,1,Hosea 1:7,Minor Prophets,Old Testament,Hosea,NLT
PHRASE,"their God,",H430,1,Hosea 1:7,Minor Prophets,Old Testament,Hosea,NLT
WORD,and,H3808,1,Hosea 1:7,Minor Prophets,Old Testament,Hosea,NLT
WORD,will,H3467,1,Hosea 1:7,Minor Prophets,Old Testament,Hosea,NLT
WORD,not,H3808,1,Hosea 1:7,Minor Prophets,Old Testament,Hosea,NLT
PHRASE,deliver them,H3467,1,Hosea 1:7,Minor Prophets,Old Testament,Hosea,NLT
PHRASE,"by bow,",H7198,1,Hosea 1:7,Minor Prophets,Old Testament,Hosea,NLT
WORD,"sword,",H2719,1,Hosea 1:7,Minor Prophets,Old Testament,Hosea,NLT
WORD,"battle,",H4421,1,Hosea 1:7,Minor Prophets,Old Testament,Hosea,NLT
WORD,horses,H5483,1,Hosea 1:7,Minor Prophets,Old Testament,Hosea,NLT
PHRASE,or horsemen.”,H6571,1,Hosea 1:7,Minor Prophets,Old Testament,Hosea,NLT
PHRASE,When she had weaned,H1580,1,Hosea 1:8,Minor Prophets,Old Testament,Hosea,NLT
WORD,"Lo-ruhamah,",H3819,1,Hosea 1:8,Minor Prophets,Old Testament,Hosea,NLT
PHRASE,she conceived,H2029,1,Hosea 1:8,Minor Prophets,Old Testament,Hosea,NLT
PHRASE,and gave birth to,H3205,1,Hosea 1:8,Minor Prophets,Old Testament,Hosea,NLT
PHRASE,a son.,H1121,1,Hosea 1:8,Minor Prophets,Old Testament,Hosea,NLT
PHRASE,"And the LORD said,",H559,1,Hosea 1:9,Minor Prophets,Old Testament,Hosea,NLT
WORD,“Name,H7121,1,Hosea 1:9,Minor Prophets,Old Testament,Hosea,NLT
WORD,him,H8034,1,Hosea 1:9,Minor Prophets,Old Testament,Hosea,NLT
WORD,"Lo-ammi,",H3818,1,Hosea 1:9,Minor Prophets,Old Testament,Hosea,NLT
WORD,for,H3588,1,Hosea 1:9,Minor Prophets,Old Testament,Hosea,NLT
WORD,you,H859,1,Hosea 1:9,Minor Prophets,Old Testament,Hosea,NLT
WORD,are,,1,Hosea 1:9,Minor Prophets,Old Testament,Hosea,NLT
WORD,not,H3808,1,Hosea 1:9,Minor Prophets,Old Testament,Hosea,NLT
PHRASE,My people,H5971,1,Hosea 1:9,Minor Prophets,Old Testament,Hosea,NLT
PHRASE,and I,H595,1,Hosea 1:9,Minor Prophets,Old Testament,Hosea,NLT
WORD,am,H1961,1,Hosea 1:9,Minor Prophets,Old Testament,Hosea,NLT
WORD,not,H3808,1,Hosea 1:9,Minor Prophets,Old Testament,Hosea,NLT
PHRASE,your God.”,,1,Hosea 1:9,Minor Prophets,Old Testament,Hosea,NLT
WORD,Yet,H1961,1,Hosea 1:10,Minor Prophets,Old Testament,Hosea,NLT
PHRASE,the number,H4557,1,Hosea 1:10,Minor Prophets,Old Testament,Hosea,NLT
PHRASE,of the sons,H1121,1,Hosea 1:10,Minor Prophets,Old Testament,Hosea,NLT
PHRASE,of Israel,H3478,1,Hosea 1:10,Minor Prophets,Old Testament,Hosea,NLT
PHRASE,Will be,H1961,1,Hosea 1:10,Minor Prophets,Old Testament,Hosea,NLT
PHRASE,like the sand,H2344,1,Hosea 1:10,Minor Prophets,Old Testament,Hosea,NLT
PHRASE,"of the sea,",H3220,1,Hosea 1:10,Minor Prophets,Old Testament,Hosea,NLT
WORD,Which,H834,1,Hosea 1:10,Minor Prophets,Old Testament,Hosea,NLT
WORD,cannot,H3808,1,Hosea 1:10,Minor Prophets,Old Testament,Hosea,NLT
PHRASE,be measured,H4058,1,Hosea 1:10,Minor Prophets,Old Testament,Hosea,NLT
WORD,or,H3808,1,Hosea 1:10,Minor Prophets,Old Testament,Hosea,NLT
WORD,numbered;,H5608,1,Hosea 1:10,Minor Prophets,Old Testament,Hosea,NLT
WORD,And,H1961,1,Hosea 1:10,Minor Prophets,Old Testament,Hosea,NLT
PHRASE,in the place,H4725,1,Hosea 1:10,Minor Prophets,Old Testament,Hosea,NLT
WORD,Where,H834,1,Hosea 1:10,Minor Prophets,Old Testament,Hosea,NLT
PHRASE,it is said,H559,1,Hosea 1:10,Minor Prophets,Old Testament,Hosea,NLT
PHRASE,"to them,",,1,Hosea 1:10,Minor Prophets,Old Testament,Hosea,NLT
WORD,“You,H859,1,Hosea 1:10,Minor Prophets,Old Testament,Hosea,NLT
WORD,are,,1,Hosea 1:10,Minor Prophets,Old Testament,Hosea,NLT
WORD,not,H3808,1,Hosea 1:10,Minor Prophets,Old Testament,Hosea,NLT
PHRASE,"My people,”",H5971,1,Hosea 1:10,Minor Prophets,Old Testament,Hosea,NLT
PHRASE,It will be said,H559,1,Hosea 1:10,Minor Prophets,Old Testament,Hosea,NLT
PHRASE,"to them,",,1,Hosea 1:10,Minor Prophets,Old Testament,Hosea,NLT
PHRASE,“[You are],,1,Hosea 1:10,Minor Prophets,Old Testament,Hosea,NLT
PHRASE,the sons,H1121,1,Hosea 1:10,Minor Prophets,Old Testament,Hosea,NLT
PHRASE,of the,H410,1,Hosea 1:10,Minor Prophets,Old Testament,Hosea,NLT
WORD,living,H2416,1,Hosea 1:10,Minor Prophets,Old Testament,Hosea,NLT
WORD,God.”,H410,1,Hosea 1:10,Minor Prophets,Old Testament,Hosea,NLT
WORD,And,H6908,1,Hosea 1:11,Minor Prophets,Old Testament,Hosea,NLT
PHRASE,the sons,H1121,1,Hosea 1:11,Minor Prophets,Old Testament,Hosea,NLT
PHRASE,of Judah,H3063,1,Hosea 1:11,Minor Prophets,Old Testament,Hosea,NLT
PHRASE,and the sons,H1121,1,Hosea 1:11,Minor Prophets,Old Testament,Hosea,NLT
PHRASE,of Israel,H3478,1,Hosea 1:11,Minor Prophets,Old Testament,Hosea,NLT
PHRASE,will be gathered,H6908,1,Hosea 1:11,Minor Prophets,Old Testament,Hosea,NLT
WORD,"together,",H3162,1,Hosea 1:11,Minor Prophets,Old Testament,Hosea,NLT
PHRASE,And they will appoint,H7760,1,Hosea 1:11,Minor Prophets,Old Testament,Hosea,NLT
PHRASE,for themselves,,1,Hosea 1:11,Minor Prophets,Old Testament,Hosea,NLT
WORD,one,H259,1,Hosea 1:11,Minor Prophets,Old Testament,Hosea,NLT
WORD,"leader,",H7218,1,Hosea 1:11,Minor Prophets,Old Testament,Hosea,NLT
PHRASE,And they will go up,H5927,1,Hosea 1:11,Minor Prophets,Old Testament,Hosea,NLT
WORD,from,H4480,1,Hosea 1:11,Minor Prophets,Old Testament,Hosea,NLT
PHRASE,"the land,",H776,1,Hosea 1:11,Minor Prophets,Old Testament,Hosea,NLT
WORD,For,H3588,1,Hosea 1:11,Minor Prophets,Old Testament,Hosea,NLT
WORD,great,H1419,1,Hosea 1:11,Minor Prophets,Old Testament,Hosea,NLT
PHRASE,will be,,1,Hosea 1:11,Minor Prophets,Old Testament,Hosea,NLT
PHRASE,the day,H3117,1,Hosea 1:11,Minor Prophets,Old Testament,Hosea,NLT
PHRASE,of Jezreel.,H3157,1,Hosea 1:11,Minor Prophets,Old Testament,Hosea,NLT
WORD,Say,H559,2,Hosea 2:1,Minor Prophets,Old Testament,Hosea,NLT
PHRASE,"to your brothers,",H251,2,Hosea 2:1,Minor Prophets,Old Testament,Hosea,NLT
WORD,"“Ammi,”",H5971,2,Hosea 2:1,Minor Prophets,Old Testament,Hosea,NLT
PHRASE,"and to your sisters,",H269,2,Hosea 2:1,Minor Prophets,Old Testament,Hosea,NLT
WORD,“Ruhamah.”,H7355,2,Hosea 2:1,Minor Prophets,Old Testament,Hosea,NLT
WORD,“Contend,H7378,2,Hosea 2:2,Minor Prophets,Old Testament,Hosea,NLT
PHRASE,"with your mother,",H517,2,Hosea 2:2,Minor Prophets,Old Testament,Hosea,NLT
WORD,"contend,",H7378,2,Hosea 2:2,Minor Prophets,Old Testament,Hosea,NLT
WORD,For,H3588,2,Hosea 2:2,Minor Prophets,Old Testament,Hosea,NLT
WORD,she,H1931,2,Hosea 2:2,Minor Prophets,Old Testament,Hosea,NLT
WORD,is,,2,Hosea 2:2,Minor Prophets,Old Testament,Hosea,NLT
WORD,not,H3808,2,Hosea 2:2,Minor Prophets,Old Testament,Hosea,NLT
PHRASE,"my wife,",H802,2,Hosea 2:2,Minor Prophets,Old Testament,Hosea,NLT
PHRASE,and I,H595,2,Hosea 2:2,Minor Prophets,Old Testament,Hosea,NLT
WORD,am,,2,Hosea 2:2,Minor Prophets,Old Testament,Hosea,NLT
WORD,not,H3808,2,Hosea 2:2,Minor Prophets,Old Testament,Hosea,NLT
PHRASE,her husband;,H376,2,Hosea 2:2,Minor Prophets,Old Testament,Hosea,NLT
PHRASE,And let her put away,H5493,2,Hosea 2:2,Minor Prophets,Old Testament,Hosea,NLT
PHRASE,her harlotry,H2183,2,Hosea 2:2,Minor Prophets,Old Testament,Hosea,NLT
PHRASE,from her face,H6440,2,Hosea 2:2,Minor Prophets,Old Testament,Hosea,NLT
PHRASE,And her adultery,H5005,2,Hosea 2:2,Minor Prophets,Old Testament,Hosea,NLT
PHRASE,from between,H996,2,Hosea 2:2,Minor Prophets,Old Testament,Hosea,NLT
PHRASE,"her breasts,",H7699,2,Hosea 2:2,Minor Prophets,Old Testament,Hosea,NLT
WORD,Or,H6435,2,Hosea 2:3,Minor Prophets,Old Testament,Hosea,NLT
PHRASE,I will strip her,H6584,2,Hosea 2:3,Minor Prophets,Old Testament,Hosea,NLT
WORD,naked,H6174,2,Hosea 2:3,Minor Prophets,Old Testament,Hosea,NLT
PHRASE,And expose her,H3322,2,Hosea 2:3,Minor Prophets,Old Testament,Hosea,NLT
PHRASE,as on the day,H3117,2,Hosea 2:3,Minor Prophets,Old Testament,Hosea,NLT
PHRASE,when she was born.,H3205,2,Hosea 2:3,Minor Prophets,Old Testament,Hosea,NLT
PHRASE,I will also make her,H7760,2,Hosea 2:3,Minor Prophets,Old Testament,Hosea,NLT
PHRASE,"like a wilderness,",H4057,2,Hosea 2:3,Minor Prophets,Old Testament,Hosea,NLT
PHRASE,Make her,H7896,2,Hosea 2:3,Minor Prophets,Old Testament,Hosea,NLT
WORD,like,H776,2,Hosea 2:3,Minor Prophets,Old Testament,Hosea,NLT
WORD,desert,H6723,2,Hosea 2:3,Minor Prophets,Old Testament,Hosea,NLT
WORD,land,H776,2,Hosea 2:3,Minor Prophets,Old Testament,Hosea,NLT
PHRASE,And slay her,H4191,2,Hosea 2:3,Minor Prophets,Old Testament,Hosea,NLT
PHRASE,with thirst.,H6772,2,Hosea 2:3,Minor Prophets,Old Testament,Hosea,NLT
WORD,"“Also,",H853,2,Hosea 2:4,Minor Prophets,Old Testament,Hosea,NLT
PHRASE,I will have,H7355,2,Hosea 2:4,Minor Prophets,Old Testament,Hosea,NLT
WORD,no,H3808,2,Hosea 2:4,Minor Prophets,Old Testament,Hosea,NLT
WORD,compassion,H7355,2,Hosea 2:4,Minor Prophets,Old Testament,Hosea,NLT
PHRASE,"on her children,",H1121,2,Hosea 2:4,Minor Prophets,Old Testament,Hosea,NLT
WORD,Because,H3588,2,Hosea 2:4,Minor Prophets,Old Testament,Hosea,NLT
WORD,they,H1992,2,Hosea 2:4,Minor Prophets,Old Testament,Hosea,NLT
WORD,are,,2,Hosea 2:4,Minor Prophets,Old Testament,Hosea,NLT
WORD,children,H1121,2,Hosea 2:4,Minor Prophets,Old Testament,Hosea,NLT
PHRASE,of harlotry.,H2183,2,Hosea 2:4,Minor Prophets,Old Testament,Hosea,NLT
WORD,“For,H3588,2,Hosea 2:5,Minor Prophets,Old Testament,Hosea,NLT
PHRASE,their mother,H517,2,Hosea 2:5,Minor Prophets,Old Testament,Hosea,NLT
PHRASE,has played the harlot;,H2181,2,Hosea 2:5,Minor Prophets,Old Testament,Hosea,NLT
PHRASE,She who conceived them,H2029,2,Hosea 2:5,Minor Prophets,Old Testament,Hosea,NLT
PHRASE,has acted shamefully.,H3001,2,Hosea 2:5,Minor Prophets,Old Testament,Hosea,NLT
WORD,For,H3588,2,Hosea 2:5,Minor Prophets,Old Testament,Hosea,NLT
PHRASE,"she said,",H559,2,Hosea 2:5,Minor Prophets,Old Testament,Hosea,NLT
PHRASE,‘I will go,H3212,2,Hosea 2:5,Minor Prophets,Old Testament,Hosea,NLT
WORD,after,H310,2,Hosea 2:5,Minor Prophets,Old Testament,Hosea,NLT
PHRASE,"my lovers,",H157,2,Hosea 2:5,Minor Prophets,Old Testament,Hosea,NLT
PHRASE,Who give,H5414,2,Hosea 2:5,Minor Prophets,Old Testament,Hosea,NLT
WORD,[me],,2,Hosea 2:5,Minor Prophets,Old Testament,Hosea,NLT
PHRASE,my bread,H3899,2,Hosea 2:5,Minor Prophets,Old Testament,Hosea,NLT
PHRASE,"and my water,",H4325,2,Hosea 2:5,Minor Prophets,Old Testament,Hosea,NLT
PHRASE,My wool,H6785,2,Hosea 2:5,Minor Prophets,Old Testament,Hosea,NLT
PHRASE,"and my flax,",H6593,2,Hosea 2:5,Minor Prophets,Old Testament,Hosea,NLT
PHRASE,my oil,H8081,2,Hosea 2:5,Minor Prophets,Old Testament,Hosea,NLT
PHRASE,and my drink.’,H8250,2,Hosea 2:5,Minor Prophets,Old Testament,Hosea,NLT
WORD,"“Therefore,",H3651,2,Hosea 2:6,Minor Prophets,Old Testament,Hosea,NLT
WORD,"behold,",H2005,2,Hosea 2:6,Minor Prophets,Old Testament,Hosea,NLT
PHRASE,I will hedge up,H7753,2,Hosea 2:6,Minor Prophets,Old Testament,Hosea,NLT
PHRASE,her way,H1870,2,Hosea 2:6,Minor Prophets,Old Testament,Hosea,NLT
PHRASE,"with thorns,",H5518,2,Hosea 2:6,Minor Prophets,Old Testament,Hosea,NLT
PHRASE,And I will build,H1443,2,Hosea 2:6,Minor Prophets,Old Testament,Hosea,NLT
PHRASE,a wall against her,H1448,2,Hosea 2:6,Minor Prophets,Old Testament,Hosea,NLT
PHRASE,so that,H5410,2,Hosea 2:6,Minor Prophets,Old Testament,Hosea,NLT
WORD,she,H4672,2,Hosea 2:6,Minor Prophets,Old Testament,Hosea,NLT
WORD,cannot,H3808,2,Hosea 2:6,Minor Prophets,Old Testament,Hosea,NLT
WORD,find,H4672,2,Hosea 2:6,Minor Prophets,Old Testament,Hosea,NLT
PHRASE,her paths.,H5410,2,Hosea 2:6,Minor Prophets,Old Testament,Hosea,NLT
PHRASE,“She will pursue,H7291,2,Hosea 2:7,Minor Prophets,Old Testament,Hosea,NLT
PHRASE,"her lovers,",H157,2,Hosea 2:7,Minor Prophets,Old Testament,Hosea,NLT
WORD,but,H3808,2,Hosea 2:7,Minor Prophets,Old Testament,Hosea,NLT
PHRASE,she will,H5381,2,Hosea 2:7,Minor Prophets,Old Testament,Hosea,NLT
WORD,not,H3808,2,Hosea 2:7,Minor Prophets,Old Testament,Hosea,NLT
WORD,overtake,H5381,2,Hosea 2:7,Minor Prophets,Old Testament,Hosea,NLT
WORD,them;,H853,2,Hosea 2:7,Minor Prophets,Old Testament,Hosea,NLT
PHRASE,"And she will seek them,",H1245,2,Hosea 2:7,Minor Prophets,Old Testament,Hosea,NLT
WORD,but,H3808,2,Hosea 2:7,Minor Prophets,Old Testament,Hosea,NLT
WORD,will,H4672,2,Hosea 2:7,Minor Prophets,Old Testament,Hosea,NLT
WORD,not,H3808,2,Hosea 2:7,Minor Prophets,Old Testament,Hosea,NLT
WORD,find,H4672,2,Hosea 2:7,Minor Prophets,Old Testament,Hosea,NLT
WORD,[them].,,2,Hosea 2:7,Minor Prophets,Old Testament,Hosea,NLT
PHRASE,"Then she will say,",H559,2,Hosea 2:7,Minor Prophets,Old Testament,Hosea,NLT
PHRASE,‘I will go,H3212,2,Hosea 2:7,Minor Prophets,Old Testament,Hosea,NLT
WORD,back,H7725,2,Hosea 2:7,Minor Prophets,Old Testament,Hosea,NLT
WORD,to,H413,2,Hosea 2:7,Minor Prophets,Old Testament,Hosea,NLT
WORD,my,H376,2,Hosea 2:7,Minor Prophets,Old Testament,Hosea,NLT
WORD,first,H7223,2,Hosea 2:7,Minor Prophets,Old Testament,Hosea,NLT
WORD,"husband,",H376,2,Hosea 2:7,Minor Prophets,Old Testament,Hosea,NLT
WORD,For,H3588,2,Hosea 2:7,Minor Prophets,Old Testament,Hosea,NLT
PHRASE,it was,,2,Hosea 2:7,Minor Prophets,Old Testament,Hosea,NLT
WORD,better,H2896,2,Hosea 2:7,Minor Prophets,Old Testament,Hosea,NLT
PHRASE,for me,H589,2,Hosea 2:7,Minor Prophets,Old Testament,Hosea,NLT
WORD,then,H227,2,Hosea 2:7,Minor Prophets,Old Testament,Hosea,NLT
PHRASE,than now!’,H6258,2,Hosea 2:7,Minor Prophets,Old Testament,Hosea,NLT
PHRASE,“For she,H1931,2,Hosea 2:8,Minor Prophets,Old Testament,Hosea,NLT
WORD,does,H3045,2,Hosea 2:8,Minor Prophets,Old Testament,Hosea,NLT
WORD,not,H3808,2,Hosea 2:8,Minor Prophets,Old Testament,Hosea,NLT
WORD,know,H3045,2,Hosea 2:8,Minor Prophets,Old Testament,Hosea,NLT
WORD,that,H3588,2,Hosea 2:8,Minor Prophets,Old Testament,Hosea,NLT
PHRASE,it was,,2,Hosea 2:8,Minor Prophets,Old Testament,Hosea,NLT
WORD,I,H595,2,Hosea 2:8,Minor Prophets,Old Testament,Hosea,NLT
PHRASE,who gave,H5414,2,Hosea 2:8,Minor Prophets,Old Testament,Hosea,NLT
WORD,her,,2,Hosea 2:8,Minor Prophets,Old Testament,Hosea,NLT
PHRASE,"the grain,",H1715,2,Hosea 2:8,Minor Prophets,Old Testament,Hosea,NLT
PHRASE,the new wine,H8492,2,Hosea 2:8,Minor Prophets,Old Testament,Hosea,NLT
PHRASE,"and the oil,",H3323,2,Hosea 2:8,Minor Prophets,Old Testament,Hosea,NLT
WORD,And,H3701,2,Hosea 2:8,Minor Prophets,Old Testament,Hosea,NLT
WORD,lavished,H7235,2,Hosea 2:8,Minor Prophets,Old Testament,Hosea,NLT
PHRASE,on her,,2,Hosea 2:8,Minor Prophets,Old Testament,Hosea,NLT
WORD,silver,H3701,2,Hosea 2:8,Minor Prophets,Old Testament,Hosea,NLT
PHRASE,"and gold,",H2091,2,Hosea 2:8,Minor Prophets,Old Testament,Hosea,NLT
WORD,[Which],,2,Hosea 2:8,Minor Prophets,Old Testament,Hosea,NLT
PHRASE,they used,H6213,2,Hosea 2:8,Minor Prophets,Old Testament,Hosea,NLT
PHRASE,for Baal.,H1168,2,Hosea 2:8,Minor Prophets,Old Testament,Hosea,NLT
WORD,"“Therefore,",H3651,2,Hosea 2:9,Minor Prophets,Old Testament,Hosea,NLT
PHRASE,I will take back,H7725,2,Hosea 2:9,Minor Prophets,Old Testament,Hosea,NLT
PHRASE,My grain,H1715,2,Hosea 2:9,Minor Prophets,Old Testament,Hosea,NLT
PHRASE,at harvest time,H6256,2,Hosea 2:9,Minor Prophets,Old Testament,Hosea,NLT
PHRASE,And My new wine,H8492,2,Hosea 2:9,Minor Prophets,Old Testament,Hosea,NLT
PHRASE,in its season.,H4150,2,Hosea 2:9,Minor Prophets,Old Testament,Hosea,NLT
PHRASE,I will also take away,H5337,2,Hosea 2:9,Minor Prophets,Old Testament,Hosea,NLT
PHRASE,My wool,H6785,2,Hosea 2:9,Minor Prophets,Old Testament,Hosea,NLT
PHRASE,and My flax,H6593,2,Hosea 2:9,Minor Prophets,Old Testament,Hosea,NLT
WORD,[Given],,2,Hosea 2:9,Minor Prophets,Old Testament,Hosea,NLT
PHRASE,to cover,H3680,2,Hosea 2:9,Minor Prophets,Old Testament,Hosea,NLT
PHRASE,her nakedness.,H6172,2,Hosea 2:9,Minor Prophets,Old Testament,Hosea,NLT
PHRASE,“And then,H6258,2,Hosea 2:10,Minor Prophets,Old Testament,Hosea,NLT
PHRASE,I will uncover,H1540,2,Hosea 2:10,Minor Prophets,Old Testament,Hosea,NLT
PHRASE,her lewdness,H5040,2,Hosea 2:10,Minor Prophets,Old Testament,Hosea,NLT
PHRASE,In the sight,H5869,2,Hosea 2:10,Minor Prophets,Old Testament,Hosea,NLT
PHRASE,"of her lovers,",H157,2,Hosea 2:10,Minor Prophets,Old Testament,Hosea,NLT
WORD,And,H376,2,Hosea 2:10,Minor Prophets,Old Testament,Hosea,NLT
WORD,no,H3808,2,Hosea 2:10,Minor Prophets,Old Testament,Hosea,NLT
WORD,one,H376,2,Hosea 2:10,Minor Prophets,Old Testament,Hosea,NLT
PHRASE,will rescue her,H5337,2,Hosea 2:10,Minor Prophets,Old Testament,Hosea,NLT
PHRASE,out of My hand.,H3027,2,Hosea 2:10,Minor Prophets,Old Testament,Hosea,NLT
PHRASE,“I will also put an end,H7673,2,Hosea 2:11,Minor Prophets,Old Testament,Hosea,NLT
PHRASE,to all,H3605,2,Hosea 2:11,Minor Prophets,Old Testament,Hosea,NLT
PHRASE,"her gaiety,",H4885,2,Hosea 2:11,Minor Prophets,Old Testament,Hosea,NLT
PHRASE,"Her feasts,",H2282,2,Hosea 2:11,Minor Prophets,Old Testament,Hosea,NLT
PHRASE,"her new moons,",H2320,2,Hosea 2:11,Minor Prophets,Old Testament,Hosea,NLT
PHRASE,her sabbaths,H7676,2,Hosea 2:11,Minor Prophets,Old Testament,Hosea,NLT
PHRASE,And all,H3605,2,Hosea 2:11,Minor Prophets,Old Testament,Hosea,NLT
PHRASE,her festal assemblies.,H4150,2,Hosea 2:11,Minor Prophets,Old Testament,Hosea,NLT
PHRASE,“I will destroy,H8074,2,Hosea 2:12,Minor Prophets,Old Testament,Hosea,NLT
PHRASE,her vines,H1612,2,Hosea 2:12,Minor Prophets,Old Testament,Hosea,NLT
PHRASE,"and fig trees,",H8384,2,Hosea 2:12,Minor Prophets,Old Testament,Hosea,NLT
PHRASE,Of which,H834,2,Hosea 2:12,Minor Prophets,Old Testament,Hosea,NLT
PHRASE,"she said,",H559,2,Hosea 2:12,Minor Prophets,Old Testament,Hosea,NLT
WORD,‘These,H1992,2,Hosea 2:12,Minor Prophets,Old Testament,Hosea,NLT
PHRASE,are my,H589,2,Hosea 2:12,Minor Prophets,Old Testament,Hosea,NLT
WORD,wages,H866,2,Hosea 2:12,Minor Prophets,Old Testament,Hosea,NLT
WORD,Which,H834,2,Hosea 2:12,Minor Prophets,Old Testament,Hosea,NLT
PHRASE,my lovers,H157,2,Hosea 2:12,Minor Prophets,Old Testament,Hosea,NLT
PHRASE,have given,H5414,2,Hosea 2:12,Minor Prophets,Old Testament,Hosea,NLT
WORD,me.’,H589,2,Hosea 2:12,Minor Prophets,Old Testament,Hosea,NLT
PHRASE,And I will make them,H7760,2,Hosea 2:12,Minor Prophets,Old Testament,Hosea,NLT
PHRASE,"a forest,",H3293,2,Hosea 2:12,Minor Prophets,Old Testament,Hosea,NLT
WORD,And,H398,2,Hosea 2:12,Minor Prophets,Old Testament,Hosea,NLT
PHRASE,the beasts,H2416,2,Hosea 2:12,Minor Prophets,Old Testament,Hosea,NLT
PHRASE,of the field,H7704,2,Hosea 2:12,Minor Prophets,Old Testament,Hosea,NLT
PHRASE,will devour them.,H398,2,Hosea 2:12,Minor Prophets,Old Testament,Hosea,NLT
PHRASE,“I will punish,H6485,2,Hosea 2:13,Minor Prophets,Old Testament,Hosea,NLT
WORD,her,H5921,2,Hosea 2:13,Minor Prophets,Old Testament,Hosea,NLT
PHRASE,for the days,H3117,2,Hosea 2:13,Minor Prophets,Old Testament,Hosea,NLT
PHRASE,of the Baals,H1168,2,Hosea 2:13,Minor Prophets,Old Testament,Hosea,NLT
WORD,When,H834,2,Hosea 2:13,Minor Prophets,Old Testament,Hosea,NLT
PHRASE,she used to offer sacrifices,H6999,2,Hosea 2:13,Minor Prophets,Old Testament,Hosea,NLT
PHRASE,to them,,2,Hosea 2:13,Minor Prophets,Old Testament,Hosea,NLT
PHRASE,And adorn herself,H5710,2,Hosea 2:13,Minor Prophets,Old Testament,Hosea,NLT
PHRASE,with her earrings,H5141,2,Hosea 2:13,Minor Prophets,Old Testament,Hosea,NLT
PHRASE,"and jewelry,",H2484,2,Hosea 2:13,Minor Prophets,Old Testament,Hosea,NLT
PHRASE,And follow,H3212,2,Hosea 2:13,Minor Prophets,Old Testament,Hosea,NLT
PHRASE,"her lovers,",H157,2,Hosea 2:13,Minor Prophets,Old Testament,Hosea,NLT
PHRASE,so that,H853,2,Hosea 2:13,Minor Prophets,Old Testament,Hosea,NLT
PHRASE,she forgot,H7911,2,Hosea 2:13,Minor Prophets,Old Testament,Hosea,NLT
WORD,"Me,”",H853,2,Hosea 2:13,Minor Prophets,Old Testament,Hosea,NLT
WORD,declares,H5002,2,Hosea 2:13,Minor Prophets,Old Testament,Hosea,NLT
PHRASE,the LORD.,H3068,2,Hosea 2:13,Minor Prophets,Old Testament,Hosea,NLT
WORD,"“Therefore,",H3651,2,Hosea 2:14,Minor Prophets,Old Testament,Hosea,NLT
WORD,"behold,",H2009,2,Hosea 2:14,Minor Prophets,Old Testament,Hosea,NLT
WORD,I,H595,2,Hosea 2:14,Minor Prophets,Old Testament,Hosea,NLT
PHRASE,"will allure her,",H6601,2,Hosea 2:14,Minor Prophets,Old Testament,Hosea,NLT
PHRASE,Bring her,H3212,2,Hosea 2:14,Minor Prophets,Old Testament,Hosea,NLT
PHRASE,into the wilderness,H4057,2,Hosea 2:14,Minor Prophets,Old Testament,Hosea,NLT
PHRASE,And speak,H1696,2,Hosea 2:14,Minor Prophets,Old Testament,Hosea,NLT
WORD,kindly,H3820,2,Hosea 2:14,Minor Prophets,Old Testament,Hosea,NLT
WORD,to,H5921,2,Hosea 2:14,Minor Prophets,Old Testament,Hosea,NLT
WORD,her.,H3820,2,Hosea 2:14,Minor Prophets,Old Testament,Hosea,NLT
PHRASE,“Then I will give,H5414,2,Hosea 2:15,Minor Prophets,Old Testament,Hosea,NLT
WORD,her,,2,Hosea 2:15,Minor Prophets,Old Testament,Hosea,NLT
PHRASE,her vineyards,H3754,2,Hosea 2:15,Minor Prophets,Old Testament,Hosea,NLT
PHRASE,"from there,",H8033,2,Hosea 2:15,Minor Prophets,Old Testament,Hosea,NLT
WORD,And,H853,2,Hosea 2:15,Minor Prophets,Old Testament,Hosea,NLT
PHRASE,the valley,H6010,2,Hosea 2:15,Minor Prophets,Old Testament,Hosea,NLT
PHRASE,of Achor,H5911,2,Hosea 2:15,Minor Prophets,Old Testament,Hosea,NLT
PHRASE,as a door,H6607,2,Hosea 2:15,Minor Prophets,Old Testament,Hosea,NLT
PHRASE,of hope.,H8615,2,Hosea 2:15,Minor Prophets,Old Testament,Hosea,NLT
PHRASE,And she will sing,H6030,2,Hosea 2:15,Minor Prophets,Old Testament,Hosea,NLT
WORD,there,H8033,2,Hosea 2:15,Minor Prophets,Old Testament,Hosea,NLT
PHRASE,as in the days,H3117,2,Hosea 2:15,Minor Prophets,Old Testament,Hosea,NLT
PHRASE,"of her youth,",H5271,2,Hosea 2:15,Minor Prophets,Old Testament,Hosea,NLT
PHRASE,As in the day,H3117,2,Hosea 2:15,Minor Prophets,Old Testament,Hosea,NLT
PHRASE,when she came up,H5927,2,Hosea 2:15,Minor Prophets,Old Testament,Hosea,NLT
PHRASE,from the land,H776,2,Hosea 2:15,Minor Prophets,Old Testament,Hosea,NLT
PHRASE,of Egypt.,H4714,2,Hosea 2:15,Minor Prophets,Old Testament,Hosea,NLT
PHRASE,“It will come about,H1961,2,Hosea 2:16,Minor Prophets,Old Testament,Hosea,NLT
WORD,in,H3117,2,Hosea 2:16,Minor Prophets,Old Testament,Hosea,NLT
WORD,that,H1931,2,Hosea 2:16,Minor Prophets,Old Testament,Hosea,NLT
WORD,"day,”",H3117,2,Hosea 2:16,Minor Prophets,Old Testament,Hosea,NLT
WORD,declares,H5002,2,Hosea 2:16,Minor Prophets,Old Testament,Hosea,NLT
PHRASE,"the LORD,",H3068,2,Hosea 2:16,Minor Prophets,Old Testament,Hosea,NLT
PHRASE,“That you will call,H7121,2,Hosea 2:16,Minor Prophets,Old Testament,Hosea,NLT
PHRASE,Me Ishi,H376,2,Hosea 2:16,Minor Prophets,Old Testament,Hosea,NLT
WORD,And,H3808,2,Hosea 2:16,Minor Prophets,Old Testament,Hosea,NLT
WORD,will,H7121,2,Hosea 2:16,Minor Prophets,Old Testament,Hosea,NLT
WORD,no,H3808,2,Hosea 2:16,Minor Prophets,Old Testament,Hosea,NLT
WORD,longer,H5750,2,Hosea 2:16,Minor Prophets,Old Testament,Hosea,NLT
WORD,call,H7121,2,Hosea 2:16,Minor Prophets,Old Testament,Hosea,NLT
WORD,Me,H589,2,Hosea 2:16,Minor Prophets,Old Testament,Hosea,NLT
WORD,Baali.,H1180,2,Hosea 2:16,Minor Prophets,Old Testament,Hosea,NLT
PHRASE,“For I will remove,H5493,2,Hosea 2:17,Minor Prophets,Old Testament,Hosea,NLT
PHRASE,the names,H8034,2,Hosea 2:17,Minor Prophets,Old Testament,Hosea,NLT
PHRASE,of the Baals,H1168,2,Hosea 2:17,Minor Prophets,Old Testament,Hosea,NLT
PHRASE,"from her mouth,",H6310,2,Hosea 2:17,Minor Prophets,Old Testament,Hosea,NLT
PHRASE,So that,H3808,2,Hosea 2:17,Minor Prophets,Old Testament,Hosea,NLT
PHRASE,they will be mentioned,H2142,2,Hosea 2:17,Minor Prophets,Old Testament,Hosea,NLT
PHRASE,by their names,H8034,2,Hosea 2:17,Minor Prophets,Old Testament,Hosea,NLT
WORD,no,H3808,2,Hosea 2:17,Minor Prophets,Old Testament,Hosea,NLT
WORD,more.,H5750,2,Hosea 2:17,Minor Prophets,Old Testament,Hosea,NLT
WORD,“In,H3117,2,Hosea 2:18,Minor Prophets,Old Testament,Hosea,NLT
WORD,that,H1931,2,Hosea 2:18,Minor Prophets,Old Testament,Hosea,NLT
WORD,day,H3117,2,Hosea 2:18,Minor Prophets,Old Testament,Hosea,NLT
PHRASE,I will also make,H3772,2,Hosea 2:18,Minor Prophets,Old Testament,Hosea,NLT
PHRASE,a covenant,H1285,2,Hosea 2:18,Minor Prophets,Old Testament,Hosea,NLT
PHRASE,for them,,2,Hosea 2:18,Minor Prophets,Old Testament,Hosea,NLT
WORD,With,H5973,2,Hosea 2:18,Minor Prophets,Old Testament,Hosea,NLT
PHRASE,the beasts,H2416,2,Hosea 2:18,Minor Prophets,Old Testament,Hosea,NLT
PHRASE,"of the field,",H7704,2,Hosea 2:18,Minor Prophets,Old Testament,Hosea,NLT
PHRASE,The birds,H5775,2,Hosea 2:18,Minor Prophets,Old Testament,Hosea,NLT
PHRASE,of the sky,H8064,2,Hosea 2:18,Minor Prophets,Old Testament,Hosea,NLT
PHRASE,And the creeping things,H7431,2,Hosea 2:18,Minor Prophets,Old Testament,Hosea,NLT
PHRASE,of the ground.,H127,2,Hosea 2:18,Minor Prophets,Old Testament,Hosea,NLT
WORD,And,H7198,2,Hosea 2:18,Minor Prophets,Old Testament,Hosea,NLT
PHRASE,I will abolish,H7665,2,Hosea 2:18,Minor Prophets,Old Testament,Hosea,NLT
PHRASE,"the bow,",H7198,2,Hosea 2:18,Minor Prophets,Old Testament,Hosea,NLT
PHRASE,the sword,H2719,2,Hosea 2:18,Minor Prophets,Old Testament,Hosea,NLT
PHRASE,and war,H4421,2,Hosea 2:18,Minor Prophets,Old Testament,Hosea,NLT
WORD,from,H4480,2,Hosea 2:18,Minor Prophets,Old Testament,Hosea,NLT
PHRASE,"the land,",H776,2,Hosea 2:18,Minor Prophets,Old Testament,Hosea,NLT
PHRASE,And will make them lie down,H7901,2,Hosea 2:18,Minor Prophets,Old Testament,Hosea,NLT
PHRASE,in safety.,H983,2,Hosea 2:18,Minor Prophets,Old Testament,Hosea,NLT
PHRASE,“I will betroth you,H781,2,Hosea 2:19,Minor Prophets,Old Testament,Hosea,NLT
PHRASE,to Me,H589,2,Hosea 2:19,Minor Prophets,Old Testament,Hosea,NLT
WORD,forever;,H5769,2,Hosea 2:19,Minor Prophets,Old Testament,Hosea,NLT
PHRASE,"Yes, I will betroth you",H781,2,Hosea 2:19,Minor Prophets,Old Testament,Hosea,NLT
PHRASE,to Me,H589,2,Hosea 2:19,Minor Prophets,Old Testament,Hosea,NLT
PHRASE,in righteousness,H6664,2,Hosea 2:19,Minor Prophets,Old Testament,Hosea,NLT
PHRASE,"and in justice,",H4941,2,Hosea 2:19,Minor Prophets,Old Testament,Hosea,NLT
PHRASE,In lovingkindness,H2617,2,Hosea 2:19,Minor Prophets,Old Testament,Hosea,NLT
PHRASE,"and in compassion,",H7356,2,Hosea 2:19,Minor Prophets,Old Testament,Hosea,NLT
PHRASE,And I will betroth you,H781,2,Hosea 2:20,Minor Prophets,Old Testament,Hosea,NLT
PHRASE,to Me,H589,2,Hosea 2:20,Minor Prophets,Old Testament,Hosea,NLT
PHRASE,in faithfulness.,H530,2,Hosea 2:20,Minor Prophets,Old Testament,Hosea,NLT
PHRASE,Then you will know,H3045,2,Hosea 2:20,Minor Prophets,Old Testament,Hosea,NLT
PHRASE,the LORD.,H3068,2,Hosea 2:20,Minor Prophets,Old Testament,Hosea,NLT
PHRASE,“It will come about,H1961,2,Hosea 2:21,Minor Prophets,Old Testament,Hosea,NLT
WORD,in,H3117,2,Hosea 2:21,Minor Prophets,Old Testament,Hosea,NLT
WORD,that,H1931,2,Hosea 2:21,Minor Prophets,Old Testament,Hosea,NLT
WORD,day,H3117,2,Hosea 2:21,Minor Prophets,Old Testament,Hosea,NLT
PHRASE,"that I will respond,”",H6030,2,Hosea 2:21,Minor Prophets,Old Testament,Hosea,NLT
WORD,declares,H5002,2,Hosea 2:21,Minor Prophets,Old Testament,Hosea,NLT
PHRASE,the LORD.,H3068,2,Hosea 2:21,Minor Prophets,Old Testament,Hosea,NLT
PHRASE,“I will respond,H6030,2,Hosea 2:21,Minor Prophets,Old Testament,Hosea,NLT
PHRASE,"to the heavens,",H8064,2,Hosea 2:21,Minor Prophets,Old Testament,Hosea,NLT
PHRASE,and they,H1992,2,Hosea 2:21,Minor Prophets,Old Testament,Hosea,NLT
PHRASE,will respond,H6030,2,Hosea 2:21,Minor Prophets,Old Testament,Hosea,NLT
PHRASE,"to the earth,",H776,2,Hosea 2:21,Minor Prophets,Old Testament,Hosea,NLT
PHRASE,And the earth,H776,2,Hosea 2:22,Minor Prophets,Old Testament,Hosea,NLT
PHRASE,will respond,H6030,2,Hosea 2:22,Minor Prophets,Old Testament,Hosea,NLT
PHRASE,"to the grain,",H1715,2,Hosea 2:22,Minor Prophets,Old Testament,Hosea,NLT
PHRASE,to the new wine,H8492,2,Hosea 2:22,Minor Prophets,Old Testament,Hosea,NLT
WORD,and,H853,2,Hosea 2:22,Minor Prophets,Old Testament,Hosea,NLT
PHRASE,"to the oil,",H3323,2,Hosea 2:22,Minor Prophets,Old Testament,Hosea,NLT
PHRASE,And they,H1992,2,Hosea 2:22,Minor Prophets,Old Testament,Hosea,NLT
PHRASE,will respond,H6030,2,Hosea 2:22,Minor Prophets,Old Testament,Hosea,NLT
PHRASE,to Jezreel.,H3157,2,Hosea 2:22,Minor Prophets,Old Testament,Hosea,NLT
PHRASE,“I will sow her,H2232,2,Hosea 2:23,Minor Prophets,Old Testament,Hosea,NLT
PHRASE,for Myself,,2,Hosea 2:23,Minor Prophets,Old Testament,Hosea,NLT
PHRASE,in the land.,H776,2,Hosea 2:23,Minor Prophets,Old Testament,Hosea,NLT
PHRASE,I will also have compassion,H7355,2,Hosea 2:23,Minor Prophets,Old Testament,Hosea,NLT
PHRASE,"on her who had not obtained compassion,",H7355,2,Hosea 2:23,Minor Prophets,Old Testament,Hosea,NLT
PHRASE,And I will say,H559,2,Hosea 2:23,Minor Prophets,Old Testament,Hosea,NLT
WORD,to,H3808,2,Hosea 2:23,Minor Prophets,Old Testament,Hosea,NLT
PHRASE,"those who were not My people,",H5971,2,Hosea 2:23,Minor Prophets,Old Testament,Hosea,NLT
WORD,‘You,H859,2,Hosea 2:23,Minor Prophets,Old Testament,Hosea,NLT
WORD,are,,2,Hosea 2:23,Minor Prophets,Old Testament,Hosea,NLT
PHRASE,My people!’,H5971,2,Hosea 2:23,Minor Prophets,Old Testament,Hosea,NLT
PHRASE,And they,H1931,2,Hosea 2:23,Minor Prophets,Old Testament,Hosea,NLT
PHRASE,"will say,",H559,2,Hosea 2:23,Minor Prophets,Old Testament,Hosea,NLT
PHRASE,‘[You are],,2,Hosea 2:23,Minor Prophets,Old Testament,Hosea,NLT
PHRASE,my God!’”,H430,2,Hosea 2:23,Minor Prophets,Old Testament,Hosea,NLT
WORD,Then,H559,3,Hosea 3:1,Minor Prophets,Old Testament,Hosea,NLT
PHRASE,the LORD,H3068,3,Hosea 3:1,Minor Prophets,Old Testament,Hosea,NLT
WORD,said,H559,3,Hosea 3:1,Minor Prophets,Old Testament,Hosea,NLT
PHRASE,"to me,",H413,3,Hosea 3:1,Minor Prophets,Old Testament,Hosea,NLT
WORD,“Go,H3212,3,Hosea 3:1,Minor Prophets,Old Testament,Hosea,NLT
WORD,"again,",H5750,3,Hosea 3:1,Minor Prophets,Old Testament,Hosea,NLT
WORD,love,H157,3,Hosea 3:1,Minor Prophets,Old Testament,Hosea,NLT
PHRASE,a woman,H802,3,Hosea 3:1,Minor Prophets,Old Testament,Hosea,NLT
WORD,[who],,3,Hosea 3:1,Minor Prophets,Old Testament,Hosea,NLT
PHRASE,is loved,H157,3,Hosea 3:1,Minor Prophets,Old Testament,Hosea,NLT
WORD,by,H7453,3,Hosea 3:1,Minor Prophets,Old Testament,Hosea,NLT
WORD,[her],,3,Hosea 3:1,Minor Prophets,Old Testament,Hosea,NLT
WORD,"husband,",H7453,3,Hosea 3:1,Minor Prophets,Old Testament,Hosea,NLT
PHRASE,"yet an adulteress,",H5003,3,Hosea 3:1,Minor Prophets,Old Testament,Hosea,NLT
PHRASE,even as,H160,3,Hosea 3:1,Minor Prophets,Old Testament,Hosea,NLT
PHRASE,the LORD,H3068,3,Hosea 3:1,Minor Prophets,Old Testament,Hosea,NLT
WORD,loves,H160,3,Hosea 3:1,Minor Prophets,Old Testament,Hosea,NLT
PHRASE,the sons,H1121,3,Hosea 3:1,Minor Prophets,Old Testament,Hosea,NLT
PHRASE,"of Israel,",H3478,3,Hosea 3:1,Minor Prophets,Old Testament,Hosea,NLT
PHRASE,though they,H1992,3,Hosea 3:1,Minor Prophets,Old Testament,Hosea,NLT
WORD,turn,H6437,3,Hosea 3:1,Minor Prophets,Old Testament,Hosea,NLT
WORD,to,H413,3,Hosea 3:1,Minor Prophets,Old Testament,Hosea,NLT
WORD,other,H312,3,Hosea 3:1,Minor Prophets,Old Testament,Hosea,NLT
WORD,gods,H430,3,Hosea 3:1,Minor Prophets,Old Testament,Hosea,NLT
PHRASE,and love,H157,3,Hosea 3:1,Minor Prophets,Old Testament,Hosea,NLT
WORD,raisin,H809,3,Hosea 3:1,Minor Prophets,Old Testament,Hosea,NLT
WORD,cakes.”,H809,3,Hosea 3:1,Minor Prophets,Old Testament,Hosea,NLT
PHRASE,So I bought her,H3739,3,Hosea 3:2,Minor Prophets,Old Testament,Hosea,NLT
PHRASE,for myself,,3,Hosea 3:2,Minor Prophets,Old Testament,Hosea,NLT
PHRASE,for fifteen,H2568,3,Hosea 3:2,Minor Prophets,Old Testament,Hosea,NLT
WORD,[shekels],,3,Hosea 3:2,Minor Prophets,Old Testament,Hosea,NLT
PHRASE,of silver,H3701,3,Hosea 3:2,Minor Prophets,Old Testament,Hosea,NLT
PHRASE,and a homer,H2563,3,Hosea 3:2,Minor Prophets,Old Testament,Hosea,NLT
PHRASE,and a half,H3963,3,Hosea 3:2,Minor Prophets,Old Testament,Hosea,NLT
PHRASE,of barley.,H8184,3,Hosea 3:2,Minor Prophets,Old Testament,Hosea,NLT
PHRASE,Then I said,H559,3,Hosea 3:3,Minor Prophets,Old Testament,Hosea,NLT
PHRASE,"to her,",H413,3,Hosea 3:3,Minor Prophets,Old Testament,Hosea,NLT
PHRASE,“You shall stay,H3427,3,Hosea 3:3,Minor Prophets,Old Testament,Hosea,NLT
PHRASE,with me,H589,3,Hosea 3:3,Minor Prophets,Old Testament,Hosea,NLT
WORD,for,H3117,3,Hosea 3:3,Minor Prophets,Old Testament,Hosea,NLT
WORD,many,H7227,3,Hosea 3:3,Minor Prophets,Old Testament,Hosea,NLT
WORD,days.,H3117,3,Hosea 3:3,Minor Prophets,Old Testament,Hosea,NLT
PHRASE,You shall,H2181,3,Hosea 3:3,Minor Prophets,Old Testament,Hosea,NLT
WORD,not,H3808,3,Hosea 3:3,Minor Prophets,Old Testament,Hosea,NLT
PHRASE,"play the harlot,",H2181,3,Hosea 3:3,Minor Prophets,Old Testament,Hosea,NLT
WORD,nor,H3808,3,Hosea 3:3,Minor Prophets,Old Testament,Hosea,NLT
PHRASE,shall you have,H1961,3,Hosea 3:3,Minor Prophets,Old Testament,Hosea,NLT
PHRASE,a man;,H376,3,Hosea 3:3,Minor Prophets,Old Testament,Hosea,NLT
WORD,so,H1571,3,Hosea 3:3,Minor Prophets,Old Testament,Hosea,NLT
WORD,I,H589,3,Hosea 3:3,Minor Prophets,Old Testament,Hosea,NLT
WORD,will,,3,Hosea 3:3,Minor Prophets,Old Testament,Hosea,NLT
WORD,also,H1571,3,Hosea 3:3,Minor Prophets,Old Testament,Hosea,NLT
WORD,be,,3,Hosea 3:3,Minor Prophets,Old Testament,Hosea,NLT
PHRASE,toward you.”,H413,3,Hosea 3:3,Minor Prophets,Old Testament,Hosea,NLT
WORD,For,H3588,3,Hosea 3:4,Minor Prophets,Old Testament,Hosea,NLT
PHRASE,the sons,H1121,3,Hosea 3:4,Minor Prophets,Old Testament,Hosea,NLT
PHRASE,of Israel,H3478,3,Hosea 3:4,Minor Prophets,Old Testament,Hosea,NLT
PHRASE,will remain,H3427,3,Hosea 3:4,Minor Prophets,Old Testament,Hosea,NLT
WORD,for,H3117,3,Hosea 3:4,Minor Prophets,Old Testament,Hosea,NLT
WORD,many,H7227,3,Hosea 3:4,Minor Prophets,Old Testament,Hosea,NLT
WORD,days,H3117,3,Hosea 3:4,Minor Prophets,Old Testament,Hosea,NLT
WORD,without,H369,3,Hosea 3:4,Minor Prophets,Old Testament,Hosea,NLT
WORD,king,H4428,3,Hosea 3:4,Minor Prophets,Old Testament,Hosea,NLT
WORD,or,H369,3,Hosea 3:4,Minor Prophets,Old Testament,Hosea,NLT
WORD,"prince,",H8269,3,Hosea 3:4,Minor Prophets,Old Testament,Hosea,NLT
WORD,without,H369,3,Hosea 3:4,Minor Prophets,Old Testament,Hosea,NLT
WORD,sacrifice,H2077,3,Hosea 3:4,Minor Prophets,Old Testament,Hosea,NLT
WORD,or,H369,3,Hosea 3:4,Minor Prophets,Old Testament,Hosea,NLT
WORD,[sacred],,3,Hosea 3:4,Minor Prophets,Old Testament,Hosea,NLT
WORD,pillar,H4676,3,Hosea 3:4,Minor Prophets,Old Testament,Hosea,NLT
PHRASE,and without,H369,3,Hosea 3:4,Minor Prophets,Old Testament,Hosea,NLT
WORD,ephod,H646,3,Hosea 3:4,Minor Prophets,Old Testament,Hosea,NLT
PHRASE,or household idols.,H8655,3,Hosea 3:4,Minor Prophets,Old Testament,Hosea,NLT
WORD,Afterward,H310,3,Hosea 3:5,Minor Prophets,Old Testament,Hosea,NLT
PHRASE,the sons,H1121,3,Hosea 3:5,Minor Prophets,Old Testament,Hosea,NLT
PHRASE,of Israel,H3478,3,Hosea 3:5,Minor Prophets,Old Testament,Hosea,NLT
PHRASE,will return,H7725,3,Hosea 3:5,Minor Prophets,Old Testament,Hosea,NLT
PHRASE,and seek,H1245,3,Hosea 3:5,Minor Prophets,Old Testament,Hosea,NLT
PHRASE,the LORD,H3068,3,Hosea 3:5,Minor Prophets,Old Testament,Hosea,NLT
PHRASE,their God,H430,3,Hosea 3:5,Minor Prophets,Old Testament,Hosea,NLT
WORD,and,H853,3,Hosea 3:5,Minor Prophets,Old Testament,Hosea,NLT
WORD,David,H1732,3,Hosea 3:5,Minor Prophets,Old Testament,Hosea,NLT
PHRASE,their king;,H4428,3,Hosea 3:5,Minor Prophets,Old Testament,Hosea,NLT
PHRASE,and they will come trembling,H6342,3,Hosea 3:5,Minor Prophets,Old Testament,Hosea,NLT
WORD,to,H413,3,Hosea 3:5,Minor Prophets,Old Testament,Hosea,NLT
PHRASE,the LORD,H3068,3,Hosea 3:5,Minor Prophets,Old Testament,Hosea,NLT
PHRASE,and to,H413,3,Hosea 3:5,Minor Prophets,Old Testament,Hosea,NLT
PHRASE,His goodness,H2898,3,Hosea 3:5,Minor Prophets,Old Testament,Hosea,NLT
WORD,in,H319,3,Hosea 3:5,Minor Prophets,Old Testament,Hosea,NLT
WORD,the,H3117,3,Hosea 3:5,Minor Prophets,Old Testament,Hosea,NLT
WORD,last,H319,3,Hosea 3:5,Minor Prophets,Old Testament,Hosea,NLT
WORD,days.,H3117,3,Hosea 3:5,Minor Prophets,Old Testament,Hosea,NLT
WORD,Listen,H8085,4,Hosea 4:1,Minor Prophets,Old Testament,Hosea,NLT
PHRASE,to the word,H1697,4,Hosea 4:1,Minor Prophets,Old Testament,Hosea,NLT
PHRASE,"of the LORD,",H3068,4,Hosea 4:1,Minor Prophets,Old Testament,Hosea,NLT
PHRASE,O sons,H1121,4,Hosea 4:1,Minor Prophets,Old Testament,Hosea,NLT
PHRASE,"of Israel,",H3478,4,Hosea 4:1,Minor Prophets,Old Testament,Hosea,NLT
WORD,For,H3588,4,Hosea 4:1,Minor Prophets,Old Testament,Hosea,NLT
PHRASE,the LORD has,H3068,4,Hosea 4:1,Minor Prophets,Old Testament,Hosea,NLT
PHRASE,a case,H7379,4,Hosea 4:1,Minor Prophets,Old Testament,Hosea,NLT
WORD,against,H5973,4,Hosea 4:1,Minor Prophets,Old Testament,Hosea,NLT
PHRASE,the inhabitants,H3427,4,Hosea 4:1,Minor Prophets,Old Testament,Hosea,NLT
PHRASE,"of the land,",H776,4,Hosea 4:1,Minor Prophets,Old Testament,Hosea,NLT
WORD,Because,H3588,4,Hosea 4:1,Minor Prophets,Old Testament,Hosea,NLT
PHRASE,there is,,4,Hosea 4:1,Minor Prophets,Old Testament,Hosea,NLT
WORD,no,H369,4,Hosea 4:1,Minor Prophets,Old Testament,Hosea,NLT
WORD,faithfulness,H571,4,Hosea 4:1,Minor Prophets,Old Testament,Hosea,NLT
WORD,or,H369,4,Hosea 4:1,Minor Prophets,Old Testament,Hosea,NLT
WORD,kindness,H2617,4,Hosea 4:1,Minor Prophets,Old Testament,Hosea,NLT
WORD,Or,H369,4,Hosea 4:1,Minor Prophets,Old Testament,Hosea,NLT
WORD,knowledge,H1847,4,Hosea 4:1,Minor Prophets,Old Testament,Hosea,NLT
PHRASE,of God,H430,4,Hosea 4:1,Minor Prophets,Old Testament,Hosea,NLT
PHRASE,in the land.,H776,4,Hosea 4:1,Minor Prophets,Old Testament,Hosea,NLT
PHRASE,[There is],,4,Hosea 4:2,Minor Prophets,Old Testament,Hosea,NLT
WORD,"swearing,",H422,4,Hosea 4:2,Minor Prophets,Old Testament,Hosea,NLT
WORD,"deception,",H3584,4,Hosea 4:2,Minor Prophets,Old Testament,Hosea,NLT
WORD,"murder,",H7523,4,Hosea 4:2,Minor Prophets,Old Testament,Hosea,NLT
WORD,stealing,H1589,4,Hosea 4:2,Minor Prophets,Old Testament,Hosea,NLT
PHRASE,and adultery.,H5003,4,Hosea 4:2,Minor Prophets,Old Testament,Hosea,NLT
PHRASE,"They employ violence,",H6555,4,Hosea 4:2,Minor Prophets,Old Testament,Hosea,NLT
PHRASE,so that bloodshed,H1818,4,Hosea 4:2,Minor Prophets,Old Testament,Hosea,NLT
WORD,follows,H5060,4,Hosea 4:2,Minor Prophets,Old Testament,Hosea,NLT
WORD,bloodshed.,H1818,4,Hosea 4:2,Minor Prophets,Old Testament,Hosea,NLT
WORD,Therefore,H5921,4,Hosea 4:3,Minor Prophets,Old Testament,Hosea,NLT
PHRASE,the land,H776,4,Hosea 4:3,Minor Prophets,Old Testament,Hosea,NLT
WORD,"mourns,",H56,4,Hosea 4:3,Minor Prophets,Old Testament,Hosea,NLT
WORD,And,H535,4,Hosea 4:3,Minor Prophets,Old Testament,Hosea,NLT
WORD,everyone,H3605,4,Hosea 4:3,Minor Prophets,Old Testament,Hosea,NLT
PHRASE,who lives,H3427,4,Hosea 4:3,Minor Prophets,Old Testament,Hosea,NLT
PHRASE,in it,,4,Hosea 4:3,Minor Prophets,Old Testament,Hosea,NLT
WORD,languishes,H535,4,Hosea 4:3,Minor Prophets,Old Testament,Hosea,NLT
PHRASE,Along with the beasts,H2416,4,Hosea 4:3,Minor Prophets,Old Testament,Hosea,NLT
PHRASE,of the field,H7704,4,Hosea 4:3,Minor Prophets,Old Testament,Hosea,NLT
PHRASE,and the birds,H5775,4,Hosea 4:3,Minor Prophets,Old Testament,Hosea,NLT
PHRASE,"of the sky,",H8064,4,Hosea 4:3,Minor Prophets,Old Testament,Hosea,NLT
PHRASE,And also,H1571,4,Hosea 4:3,Minor Prophets,Old Testament,Hosea,NLT
PHRASE,the fish,H1709,4,Hosea 4:3,Minor Prophets,Old Testament,Hosea,NLT
PHRASE,of the sea,H3220,4,Hosea 4:3,Minor Prophets,Old Testament,Hosea,NLT
WORD,disappear.,H622,4,Hosea 4:3,Minor Prophets,Old Testament,Hosea,NLT
WORD,Yet,H389,4,Hosea 4:4,Minor Prophets,Old Testament,Hosea,NLT
WORD,let,H7378,4,Hosea 4:4,Minor Prophets,Old Testament,Hosea,NLT
WORD,no,H408,4,Hosea 4:4,Minor Prophets,Old Testament,Hosea,NLT
WORD,one,H376,4,Hosea 4:4,Minor Prophets,Old Testament,Hosea,NLT
PHRASE,"find fault,",H7378,4,Hosea 4:4,Minor Prophets,Old Testament,Hosea,NLT
WORD,and,H408,4,Hosea 4:4,Minor Prophets,Old Testament,Hosea,NLT
WORD,let,H3198,4,Hosea 4:4,Minor Prophets,Old Testament,Hosea,NLT
WORD,none,H408,4,Hosea 4:4,Minor Prophets,Old Testament,Hosea,NLT
PHRASE,offer reproof;,H3198,4,Hosea 4:4,Minor Prophets,Old Testament,Hosea,NLT
PHRASE,For your people,H5971,4,Hosea 4:4,Minor Prophets,Old Testament,Hosea,NLT
PHRASE,are like those who contend,H7378,4,Hosea 4:4,Minor Prophets,Old Testament,Hosea,NLT
PHRASE,with the priest.,H3548,4,Hosea 4:4,Minor Prophets,Old Testament,Hosea,NLT
PHRASE,So you will stumble,H3782,4,Hosea 4:5,Minor Prophets,Old Testament,Hosea,NLT
PHRASE,"by day,",H3117,4,Hosea 4:5,Minor Prophets,Old Testament,Hosea,NLT
WORD,And,H3782,4,Hosea 4:5,Minor Prophets,Old Testament,Hosea,NLT
PHRASE,the prophet,H5030,4,Hosea 4:5,Minor Prophets,Old Testament,Hosea,NLT
WORD,also,H1571,4,Hosea 4:5,Minor Prophets,Old Testament,Hosea,NLT
PHRASE,will stumble,H3782,4,Hosea 4:5,Minor Prophets,Old Testament,Hosea,NLT
PHRASE,with you,H5973,4,Hosea 4:5,Minor Prophets,Old Testament,Hosea,NLT
PHRASE,by night;,H3915,4,Hosea 4:5,Minor Prophets,Old Testament,Hosea,NLT
PHRASE,And I will destroy,H1820,4,Hosea 4:5,Minor Prophets,Old Testament,Hosea,NLT
PHRASE,your mother.,H517,4,Hosea 4:5,Minor Prophets,Old Testament,Hosea,NLT
PHRASE,My people,H5971,4,Hosea 4:6,Minor Prophets,Old Testament,Hosea,NLT
PHRASE,are destroyed,H1820,4,Hosea 4:6,Minor Prophets,Old Testament,Hosea,NLT
PHRASE,for lack,H1097,4,Hosea 4:6,Minor Prophets,Old Testament,Hosea,NLT
PHRASE,of knowledge.,H1847,4,Hosea 4:6,Minor Prophets,Old Testament,Hosea,NLT
WORD,Because,H3588,4,Hosea 4:6,Minor Prophets,Old Testament,Hosea,NLT
WORD,you,H859,4,Hosea 4:6,Minor Prophets,Old Testament,Hosea,NLT
PHRASE,have rejected,H3988,4,Hosea 4:6,Minor Prophets,Old Testament,Hosea,NLT
WORD,"knowledge,",H1847,4,Hosea 4:6,Minor Prophets,Old Testament,Hosea,NLT
PHRASE,I also will reject you,H3988,4,Hosea 4:6,Minor Prophets,Old Testament,Hosea,NLT
PHRASE,from being,H3547,4,Hosea 4:6,Minor Prophets,Old Testament,Hosea,NLT
WORD,My,H589,4,Hosea 4:6,Minor Prophets,Old Testament,Hosea,NLT
WORD,priest.,H3547,4,Hosea 4:6,Minor Prophets,Old Testament,Hosea,NLT
PHRASE,Since you have forgotten,H7911,4,Hosea 4:6,Minor Prophets,Old Testament,Hosea,NLT
PHRASE,the law,H8451,4,Hosea 4:6,Minor Prophets,Old Testament,Hosea,NLT
PHRASE,"of your God,",H430,4,Hosea 4:6,Minor Prophets,Old Testament,Hosea,NLT
WORD,I,H589,4,Hosea 4:6,Minor Prophets,Old Testament,Hosea,NLT
WORD,also,H1571,4,Hosea 4:6,Minor Prophets,Old Testament,Hosea,NLT
PHRASE,will forget,H7911,4,Hosea 4:6,Minor Prophets,Old Testament,Hosea,NLT
PHRASE,your children.,H1121,4,Hosea 4:6,Minor Prophets,Old Testament,Hosea,NLT
PHRASE,"The more they multiplied,",H7235,4,Hosea 4:7,Minor Prophets,Old Testament,Hosea,NLT
PHRASE,the more,H3651,4,Hosea 4:7,Minor Prophets,Old Testament,Hosea,NLT
PHRASE,they sinned,H2398,4,Hosea 4:7,Minor Prophets,Old Testament,Hosea,NLT
PHRASE,against Me;,H589,4,Hosea 4:7,Minor Prophets,Old Testament,Hosea,NLT
PHRASE,I will change,H4171,4,Hosea 4:7,Minor Prophets,Old Testament,Hosea,NLT
PHRASE,their glory,H3519,4,Hosea 4:7,Minor Prophets,Old Testament,Hosea,NLT
PHRASE,into shame.,H7036,4,Hosea 4:7,Minor Prophets,Old Testament,Hosea,NLT
PHRASE,They feed on,H398,4,Hosea 4:8,Minor Prophets,Old Testament,Hosea,NLT
PHRASE,the sin,H2403,4,Hosea 4:8,Minor Prophets,Old Testament,Hosea,NLT
PHRASE,of My people,H5971,4,Hosea 4:8,Minor Prophets,Old Testament,Hosea,NLT
WORD,And,H413,4,Hosea 4:8,Minor Prophets,Old Testament,Hosea,NLT
WORD,direct,H5375,4,Hosea 4:8,Minor Prophets,Old Testament,Hosea,NLT
PHRASE,their desire,H5315,4,Hosea 4:8,Minor Prophets,Old Testament,Hosea,NLT
WORD,toward,H413,4,Hosea 4:8,Minor Prophets,Old Testament,Hosea,NLT
PHRASE,their iniquity.,H5771,4,Hosea 4:8,Minor Prophets,Old Testament,Hosea,NLT
PHRASE,"And it will be,",H1961,4,Hosea 4:9,Minor Prophets,Old Testament,Hosea,NLT
PHRASE,"like people,",H5971,4,Hosea 4:9,Minor Prophets,Old Testament,Hosea,NLT
PHRASE,like priest;,H3548,4,Hosea 4:9,Minor Prophets,Old Testament,Hosea,NLT
PHRASE,So I will punish,H6485,4,Hosea 4:9,Minor Prophets,Old Testament,Hosea,NLT
WORD,them,H5921,4,Hosea 4:9,Minor Prophets,Old Testament,Hosea,NLT
PHRASE,for their ways,H1870,4,Hosea 4:9,Minor Prophets,Old Testament,Hosea,NLT
WORD,And,H4611,4,Hosea 4:9,Minor Prophets,Old Testament,Hosea,NLT
WORD,repay,H7725,4,Hosea 4:9,Minor Prophets,Old Testament,Hosea,NLT
WORD,them,,4,Hosea 4:9,Minor Prophets,Old Testament,Hosea,NLT
PHRASE,for their deeds.,H4611,4,Hosea 4:9,Minor Prophets,Old Testament,Hosea,NLT
PHRASE,"They will eat,",H398,4,Hosea 4:10,Minor Prophets,Old Testament,Hosea,NLT
PHRASE,but not,H3808,4,Hosea 4:10,Minor Prophets,Old Testament,Hosea,NLT
PHRASE,have enough;,H7646,4,Hosea 4:10,Minor Prophets,Old Testament,Hosea,NLT
PHRASE,"They will play the harlot,",H2181,4,Hosea 4:10,Minor Prophets,Old Testament,Hosea,NLT
PHRASE,but not,H3808,4,Hosea 4:10,Minor Prophets,Old Testament,Hosea,NLT
WORD,"increase,",H6555,4,Hosea 4:10,Minor Prophets,Old Testament,Hosea,NLT
WORD,Because,H3588,4,Hosea 4:10,Minor Prophets,Old Testament,Hosea,NLT
PHRASE,they have stopped,H5800,4,Hosea 4:10,Minor Prophets,Old Testament,Hosea,NLT
PHRASE,giving heed,H8104,4,Hosea 4:10,Minor Prophets,Old Testament,Hosea,NLT
PHRASE,to the LORD.,H3068,4,Hosea 4:10,Minor Prophets,Old Testament,Hosea,NLT
WORD,"Harlotry,",H2184,4,Hosea 4:11,Minor Prophets,Old Testament,Hosea,NLT
WORD,wine,H3196,4,Hosea 4:11,Minor Prophets,Old Testament,Hosea,NLT
PHRASE,and new wine,H8492,4,Hosea 4:11,Minor Prophets,Old Testament,Hosea,NLT
PHRASE,take away,H3947,4,Hosea 4:11,Minor Prophets,Old Testament,Hosea,NLT
PHRASE,the understanding.,H3820,4,Hosea 4:11,Minor Prophets,Old Testament,Hosea,NLT
PHRASE,My people,H5971,4,Hosea 4:12,Minor Prophets,Old Testament,Hosea,NLT
WORD,consult,H7592,4,Hosea 4:12,Minor Prophets,Old Testament,Hosea,NLT
PHRASE,"their wooden idol,",H6086,4,Hosea 4:12,Minor Prophets,Old Testament,Hosea,NLT
PHRASE,and their,H4731,4,Hosea 4:12,Minor Prophets,Old Testament,Hosea,NLT
WORD,[diviner’s],,4,Hosea 4:12,Minor Prophets,Old Testament,Hosea,NLT
WORD,wand,H4731,4,Hosea 4:12,Minor Prophets,Old Testament,Hosea,NLT
WORD,informs,H5046,4,Hosea 4:12,Minor Prophets,Old Testament,Hosea,NLT
WORD,them;,,4,Hosea 4:12,Minor Prophets,Old Testament,Hosea,NLT
WORD,For,H3588,4,Hosea 4:12,Minor Prophets,Old Testament,Hosea,NLT
PHRASE,a spirit,H7307,4,Hosea 4:12,Minor Prophets,Old Testament,Hosea,NLT
PHRASE,of harlotry,H2183,4,Hosea 4:12,Minor Prophets,Old Testament,Hosea,NLT
PHRASE,has led,H8582,4,Hosea 4:12,Minor Prophets,Old Testament,Hosea,NLT
WORD,[them],,4,Hosea 4:12,Minor Prophets,Old Testament,Hosea,NLT
WORD,"astray,",H8582,4,Hosea 4:12,Minor Prophets,Old Testament,Hosea,NLT
PHRASE,"And they have played the harlot,",H2181,4,Hosea 4:12,Minor Prophets,Old Testament,Hosea,NLT
WORD,[departing],,4,Hosea 4:12,Minor Prophets,Old Testament,Hosea,NLT
WORD,from,H8478,4,Hosea 4:12,Minor Prophets,Old Testament,Hosea,NLT
PHRASE,their God.,H430,4,Hosea 4:12,Minor Prophets,Old Testament,Hosea,NLT
PHRASE,They offer sacrifices,H2076,4,Hosea 4:13,Minor Prophets,Old Testament,Hosea,NLT
WORD,on,H5921,4,Hosea 4:13,Minor Prophets,Old Testament,Hosea,NLT
PHRASE,the tops,H7218,4,Hosea 4:13,Minor Prophets,Old Testament,Hosea,NLT
PHRASE,of the mountains,H2022,4,Hosea 4:13,Minor Prophets,Old Testament,Hosea,NLT
WORD,And,H5921,4,Hosea 4:13,Minor Prophets,Old Testament,Hosea,NLT
PHRASE,burn incense,H6999,4,Hosea 4:13,Minor Prophets,Old Testament,Hosea,NLT
WORD,on,H5921,4,Hosea 4:13,Minor Prophets,Old Testament,Hosea,NLT
PHRASE,"the hills,",H1389,4,Hosea 4:13,Minor Prophets,Old Testament,Hosea,NLT
WORD,Under,H8478,4,Hosea 4:13,Minor Prophets,Old Testament,Hosea,NLT
WORD,"oak,",H437,4,Hosea 4:13,Minor Prophets,Old Testament,Hosea,NLT
WORD,poplar,H3839,4,Hosea 4:13,Minor Prophets,Old Testament,Hosea,NLT
PHRASE,"and terebinth,",H424,4,Hosea 4:13,Minor Prophets,Old Testament,Hosea,NLT
WORD,Because,H3588,4,Hosea 4:13,Minor Prophets,Old Testament,Hosea,NLT
PHRASE,their shade,H6738,4,Hosea 4:13,Minor Prophets,Old Testament,Hosea,NLT
WORD,is,,4,Hosea 4:13,Minor Prophets,Old Testament,Hosea,NLT
WORD,pleasant.,H2896,4,Hosea 4:13,Minor Prophets,Old Testament,Hosea,NLT
WORD,Therefore,H5921,4,Hosea 4:13,Minor Prophets,Old Testament,Hosea,NLT
PHRASE,your daughters,H1323,4,Hosea 4:13,Minor Prophets,Old Testament,Hosea,NLT
PHRASE,play the harlot,H2181,4,Hosea 4:13,Minor Prophets,Old Testament,Hosea,NLT
PHRASE,And your brides,H3618,4,Hosea 4:13,Minor Prophets,Old Testament,Hosea,NLT
PHRASE,commit adultery.,H5003,4,Hosea 4:13,Minor Prophets,Old Testament,Hosea,NLT
PHRASE,I will,H6485,4,Hosea 4:14,Minor Prophets,Old Testament,Hosea,NLT
WORD,not,H3808,4,Hosea 4:14,Minor Prophets,Old Testament,Hosea,NLT
WORD,punish,H6485,4,Hosea 4:14,Minor Prophets,Old Testament,Hosea,NLT
PHRASE,your daughters,H1323,4,Hosea 4:14,Minor Prophets,Old Testament,Hosea,NLT
WORD,when,H3588,4,Hosea 4:14,Minor Prophets,Old Testament,Hosea,NLT
PHRASE,they play the harlot,H2181,4,Hosea 4:14,Minor Prophets,Old Testament,Hosea,NLT
WORD,Or,H5921,4,Hosea 4:14,Minor Prophets,Old Testament,Hosea,NLT
PHRASE,your brides,H3618,4,Hosea 4:14,Minor Prophets,Old Testament,Hosea,NLT
WORD,when,H3588,4,Hosea 4:14,Minor Prophets,Old Testament,Hosea,NLT
PHRASE,"they commit adultery,",H5003,4,Hosea 4:14,Minor Prophets,Old Testament,Hosea,NLT
WORD,For,H3588,4,Hosea 4:14,Minor Prophets,Old Testament,Hosea,NLT
PHRASE,[the men],,4,Hosea 4:14,Minor Prophets,Old Testament,Hosea,NLT
WORD,themselves,H1992,4,Hosea 4:14,Minor Prophets,Old Testament,Hosea,NLT
PHRASE,go apart,H6504,4,Hosea 4:14,Minor Prophets,Old Testament,Hosea,NLT
WORD,with,H5973,4,Hosea 4:14,Minor Prophets,Old Testament,Hosea,NLT
WORD,harlots,H2181,4,Hosea 4:14,Minor Prophets,Old Testament,Hosea,NLT
WORD,And,H5973,4,Hosea 4:14,Minor Prophets,Old Testament,Hosea,NLT
PHRASE,offer sacrifices,H2076,4,Hosea 4:14,Minor Prophets,Old Testament,Hosea,NLT
WORD,with,H5973,4,Hosea 4:14,Minor Prophets,Old Testament,Hosea,NLT
PHRASE,temple prostitutes;,H6948,4,Hosea 4:14,Minor Prophets,Old Testament,Hosea,NLT
PHRASE,So the people,H5971,4,Hosea 4:14,Minor Prophets,Old Testament,Hosea,NLT
WORD,without,H3808,4,Hosea 4:14,Minor Prophets,Old Testament,Hosea,NLT
WORD,understanding,H995,4,Hosea 4:14,Minor Prophets,Old Testament,Hosea,NLT
PHRASE,are ruined.,H3832,4,Hosea 4:14,Minor Prophets,Old Testament,Hosea,NLT
WORD,Though,H518,4,Hosea 4:15,Minor Prophets,Old Testament,Hosea,NLT
WORD,"you,",H859,4,Hosea 4:15,Minor Prophets,Old Testament,Hosea,NLT
WORD,"Israel,",H3478,4,Hosea 4:15,Minor Prophets,Old Testament,Hosea,NLT
PHRASE,"play the harlot,",H2181,4,Hosea 4:15,Minor Prophets,Old Testament,Hosea,NLT
WORD,Do,H816,4,Hosea 4:15,Minor Prophets,Old Testament,Hosea,NLT
WORD,not,H408,4,Hosea 4:15,Minor Prophets,Old Testament,Hosea,NLT
WORD,let,H816,4,Hosea 4:15,Minor Prophets,Old Testament,Hosea,NLT
WORD,Judah,H3063,4,Hosea 4:15,Minor Prophets,Old Testament,Hosea,NLT
PHRASE,become guilty;,H816,4,Hosea 4:15,Minor Prophets,Old Testament,Hosea,NLT
WORD,Also,H408,4,Hosea 4:15,Minor Prophets,Old Testament,Hosea,NLT
WORD,do,H935,4,Hosea 4:15,Minor Prophets,Old Testament,Hosea,NLT
WORD,not,H408,4,Hosea 4:15,Minor Prophets,Old Testament,Hosea,NLT
WORD,go,H935,4,Hosea 4:15,Minor Prophets,Old Testament,Hosea,NLT
PHRASE,"to Gilgal,",H1537,4,Hosea 4:15,Minor Prophets,Old Testament,Hosea,NLT
WORD,Or,H408,4,Hosea 4:15,Minor Prophets,Old Testament,Hosea,NLT
PHRASE,go up,H5927,4,Hosea 4:15,Minor Prophets,Old Testament,Hosea,NLT
PHRASE,to Beth-aven,H1007,4,Hosea 4:15,Minor Prophets,Old Testament,Hosea,NLT
WORD,And,H408,4,Hosea 4:15,Minor Prophets,Old Testament,Hosea,NLT
PHRASE,take the oath:,H7650,4,Hosea 4:15,Minor Prophets,Old Testament,Hosea,NLT
WORD,“As,H2416,4,Hosea 4:15,Minor Prophets,Old Testament,Hosea,NLT
PHRASE,the LORD,H3068,4,Hosea 4:15,Minor Prophets,Old Testament,Hosea,NLT
WORD,lives!”,H2416,4,Hosea 4:15,Minor Prophets,Old Testament,Hosea,NLT
WORD,Since,H3588,4,Hosea 4:16,Minor Prophets,Old Testament,Hosea,NLT
WORD,Israel,H3478,4,Hosea 4:16,Minor Prophets,Old Testament,Hosea,NLT
PHRASE,is stubborn,H5637,4,Hosea 4:16,Minor Prophets,Old Testament,Hosea,NLT
PHRASE,Like a,H6510,4,Hosea 4:16,Minor Prophets,Old Testament,Hosea,NLT
WORD,stubborn,H5637,4,Hosea 4:16,Minor Prophets,Old Testament,Hosea,NLT
WORD,"heifer,",H6510,4,Hosea 4:16,Minor Prophets,Old Testament,Hosea,NLT
WORD,Can,H7462,4,Hosea 4:16,Minor Prophets,Old Testament,Hosea,NLT
PHRASE,the LORD,H3068,4,Hosea 4:16,Minor Prophets,Old Testament,Hosea,NLT
WORD,now,H6258,4,Hosea 4:16,Minor Prophets,Old Testament,Hosea,NLT
PHRASE,pasture them,H7462,4,Hosea 4:16,Minor Prophets,Old Testament,Hosea,NLT
PHRASE,Like a lamb,H3532,4,Hosea 4:16,Minor Prophets,Old Testament,Hosea,NLT
PHRASE,in a large field?,H4800,4,Hosea 4:16,Minor Prophets,Old Testament,Hosea,NLT
WORD,Ephraim,H669,4,Hosea 4:17,Minor Prophets,Old Testament,Hosea,NLT
PHRASE,is joined to,H2266,4,Hosea 4:17,Minor Prophets,Old Testament,Hosea,NLT
WORD,idols;,H6091,4,Hosea 4:17,Minor Prophets,Old Testament,Hosea,NLT
WORD,Let,H3240,4,Hosea 4:17,Minor Prophets,Old Testament,Hosea,NLT
WORD,him,,4,Hosea 4:17,Minor Prophets,Old Testament,Hosea,NLT
WORD,alone.,H3240,4,Hosea 4:17,Minor Prophets,Old Testament,Hosea,NLT
PHRASE,Their liquor,H5435,4,Hosea 4:18,Minor Prophets,Old Testament,Hosea,NLT
WORD,"gone,",H5493,4,Hosea 4:18,Minor Prophets,Old Testament,Hosea,NLT
PHRASE,They play the harlot,H2181,4,Hosea 4:18,Minor Prophets,Old Testament,Hosea,NLT
WORD,continually;,H2181,4,Hosea 4:18,Minor Prophets,Old Testament,Hosea,NLT
PHRASE,Their rulers,H4043,4,Hosea 4:18,Minor Prophets,Old Testament,Hosea,NLT
PHRASE,dearly love,H157,4,Hosea 4:18,Minor Prophets,Old Testament,Hosea,NLT
WORD,shame.,H7036,4,Hosea 4:18,Minor Prophets,Old Testament,Hosea,NLT
PHRASE,The wind,H7307,4,Hosea 4:19,Minor Prophets,Old Testament,Hosea,NLT
WORD,wraps,H6887,4,Hosea 4:19,Minor Prophets,Old Testament,Hosea,NLT
WORD,them,H853,4,Hosea 4:19,Minor Prophets,Old Testament,Hosea,NLT
PHRASE,"in its wings,",H3671,4,Hosea 4:19,Minor Prophets,Old Testament,Hosea,NLT
PHRASE,And they will be ashamed,H954,4,Hosea 4:19,Minor Prophets,Old Testament,Hosea,NLT
PHRASE,because of their sacrifices.,H2077,4,Hosea 4:19,Minor Prophets,Old Testament,Hosea,NLT
WORD,Hear,H8085,5,Hosea 5:1,Minor Prophets,Old Testament,Hosea,NLT
WORD,"this,",H2063,5,Hosea 5:1,Minor Prophets,Old Testament,Hosea,NLT
PHRASE,O priests!,H3548,5,Hosea 5:1,Minor Prophets,Old Testament,Hosea,NLT
PHRASE,"Give heed,",H7181,5,Hosea 5:1,Minor Prophets,Old Testament,Hosea,NLT
PHRASE,O house,H1004,5,Hosea 5:1,Minor Prophets,Old Testament,Hosea,NLT
PHRASE,of Israel!,H3478,5,Hosea 5:1,Minor Prophets,Old Testament,Hosea,NLT
WORD,"Listen,",H238,5,Hosea 5:1,Minor Prophets,Old Testament,Hosea,NLT
PHRASE,O house,H1004,5,Hosea 5:1,Minor Prophets,Old Testament,Hosea,NLT
PHRASE,of the king!,H4428,5,Hosea 5:1,Minor Prophets,Old Testament,Hosea,NLT
WORD,For,H3588,5,Hosea 5:1,Minor Prophets,Old Testament,Hosea,NLT
PHRASE,the judgment,H4941,5,Hosea 5:1,Minor Prophets,Old Testament,Hosea,NLT
PHRASE,"applies to you,",,5,Hosea 5:1,Minor Prophets,Old Testament,Hosea,NLT
WORD,For,H3588,5,Hosea 5:1,Minor Prophets,Old Testament,Hosea,NLT
PHRASE,you have been,H1961,5,Hosea 5:1,Minor Prophets,Old Testament,Hosea,NLT
PHRASE,a snare,H6341,5,Hosea 5:1,Minor Prophets,Old Testament,Hosea,NLT
PHRASE,at Mizpah,H4709,5,Hosea 5:1,Minor Prophets,Old Testament,Hosea,NLT
PHRASE,And a net,H7568,5,Hosea 5:1,Minor Prophets,Old Testament,Hosea,NLT
PHRASE,spread out,H6566,5,Hosea 5:1,Minor Prophets,Old Testament,Hosea,NLT
WORD,on,H5921,5,Hosea 5:1,Minor Prophets,Old Testament,Hosea,NLT
WORD,Tabor.,H8396,5,Hosea 5:1,Minor Prophets,Old Testament,Hosea,NLT
PHRASE,The revolters,H7846,5,Hosea 5:2,Minor Prophets,Old Testament,Hosea,NLT
PHRASE,have gone deep,H6009,5,Hosea 5:2,Minor Prophets,Old Testament,Hosea,NLT
PHRASE,"in depravity,",H7819,5,Hosea 5:2,Minor Prophets,Old Testament,Hosea,NLT
PHRASE,But I,H589,5,Hosea 5:2,Minor Prophets,Old Testament,Hosea,NLT
WORD,will,,5,Hosea 5:2,Minor Prophets,Old Testament,Hosea,NLT
WORD,chastise,H4148,5,Hosea 5:2,Minor Prophets,Old Testament,Hosea,NLT
PHRASE,all of them.,H3605,5,Hosea 5:2,Minor Prophets,Old Testament,Hosea,NLT
WORD,I,H589,5,Hosea 5:3,Minor Prophets,Old Testament,Hosea,NLT
WORD,know,H3045,5,Hosea 5:3,Minor Prophets,Old Testament,Hosea,NLT
WORD,"Ephraim,",H669,5,Hosea 5:3,Minor Prophets,Old Testament,Hosea,NLT
PHRASE,and Israel,H3478,5,Hosea 5:3,Minor Prophets,Old Testament,Hosea,NLT
WORD,is,H3582,5,Hosea 5:3,Minor Prophets,Old Testament,Hosea,NLT
WORD,not,H3808,5,Hosea 5:3,Minor Prophets,Old Testament,Hosea,NLT
WORD,hidden,H3582,5,Hosea 5:3,Minor Prophets,Old Testament,Hosea,NLT
PHRASE,from Me;,H4480,5,Hosea 5:3,Minor Prophets,Old Testament,Hosea,NLT
WORD,For,H3588,5,Hosea 5:3,Minor Prophets,Old Testament,Hosea,NLT
WORD,"now,",H6258,5,Hosea 5:3,Minor Prophets,Old Testament,Hosea,NLT
PHRASE,"O Ephraim,",H669,5,Hosea 5:3,Minor Prophets,Old Testament,Hosea,NLT
PHRASE,"you have played the harlot,",H2181,5,Hosea 5:3,Minor Prophets,Old Testament,Hosea,NLT
WORD,Israel,H3478,5,Hosea 5:3,Minor Prophets,Old Testament,Hosea,NLT
PHRASE,has defiled itself.,H2930,5,Hosea 5:3,Minor Prophets,Old Testament,Hosea,NLT
PHRASE,Their deeds,H4611,5,Hosea 5:4,Minor Prophets,Old Testament,Hosea,NLT
WORD,will,H5414,5,Hosea 5:4,Minor Prophets,Old Testament,Hosea,NLT
WORD,not,H3808,5,Hosea 5:4,Minor Prophets,Old Testament,Hosea,NLT
PHRASE,allow them,H5414,5,Hosea 5:4,Minor Prophets,Old Testament,Hosea,NLT
PHRASE,To return,H7725,5,Hosea 5:4,Minor Prophets,Old Testament,Hosea,NLT
WORD,to,H413,5,Hosea 5:4,Minor Prophets,Old Testament,Hosea,NLT
PHRASE,their God.,H430,5,Hosea 5:4,Minor Prophets,Old Testament,Hosea,NLT
WORD,For,H3588,5,Hosea 5:4,Minor Prophets,Old Testament,Hosea,NLT
PHRASE,a spirit,H7307,5,Hosea 5:4,Minor Prophets,Old Testament,Hosea,NLT
PHRASE,of harlotry,H2183,5,Hosea 5:4,Minor Prophets,Old Testament,Hosea,NLT
WORD,is,,5,Hosea 5:4,Minor Prophets,Old Testament,Hosea,NLT
PHRASE,"within them,",H7130,5,Hosea 5:4,Minor Prophets,Old Testament,Hosea,NLT
WORD,And,H853,5,Hosea 5:4,Minor Prophets,Old Testament,Hosea,NLT
PHRASE,they do,H3045,5,Hosea 5:4,Minor Prophets,Old Testament,Hosea,NLT
WORD,not,H3808,5,Hosea 5:4,Minor Prophets,Old Testament,Hosea,NLT
WORD,know,H3045,5,Hosea 5:4,Minor Prophets,Old Testament,Hosea,NLT
PHRASE,the LORD.,H3068,5,Hosea 5:4,Minor Prophets,Old Testament,Hosea,NLT
WORD,"Moreover,",H6030,5,Hosea 5:5,Minor Prophets,Old Testament,Hosea,NLT
PHRASE,the pride,H1347,5,Hosea 5:5,Minor Prophets,Old Testament,Hosea,NLT
PHRASE,of Israel,H3478,5,Hosea 5:5,Minor Prophets,Old Testament,Hosea,NLT
WORD,testifies,H6030,5,Hosea 5:5,Minor Prophets,Old Testament,Hosea,NLT
PHRASE,"against him,",H6440,5,Hosea 5:5,Minor Prophets,Old Testament,Hosea,NLT
PHRASE,And Israel,H3478,5,Hosea 5:5,Minor Prophets,Old Testament,Hosea,NLT
PHRASE,and Ephraim,H669,5,Hosea 5:5,Minor Prophets,Old Testament,Hosea,NLT
WORD,stumble,H3782,5,Hosea 5:5,Minor Prophets,Old Testament,Hosea,NLT
PHRASE,in their iniquity;,H5771,5,Hosea 5:5,Minor Prophets,Old Testament,Hosea,NLT
WORD,Judah,H3063,5,Hosea 5:5,Minor Prophets,Old Testament,Hosea,NLT
WORD,also,H1571,5,Hosea 5:5,Minor Prophets,Old Testament,Hosea,NLT
PHRASE,has stumbled,H3782,5,Hosea 5:5,Minor Prophets,Old Testament,Hosea,NLT
PHRASE,with them.,H5973,5,Hosea 5:5,Minor Prophets,Old Testament,Hosea,NLT
PHRASE,They will go,H3212,5,Hosea 5:6,Minor Prophets,Old Testament,Hosea,NLT
PHRASE,with their flocks,H6629,5,Hosea 5:6,Minor Prophets,Old Testament,Hosea,NLT
PHRASE,and herds,H1241,5,Hosea 5:6,Minor Prophets,Old Testament,Hosea,NLT
PHRASE,To seek,H1245,5,Hosea 5:6,Minor Prophets,Old Testament,Hosea,NLT
PHRASE,"the LORD,",H3068,5,Hosea 5:6,Minor Prophets,Old Testament,Hosea,NLT
WORD,but,H3808,5,Hosea 5:6,Minor Prophets,Old Testament,Hosea,NLT
PHRASE,they will,H4672,5,Hosea 5:6,Minor Prophets,Old Testament,Hosea,NLT
WORD,not,H3808,5,Hosea 5:6,Minor Prophets,Old Testament,Hosea,NLT
WORD,find,H4672,5,Hosea 5:6,Minor Prophets,Old Testament,Hosea,NLT
WORD,[Him];,,5,Hosea 5:6,Minor Prophets,Old Testament,Hosea,NLT
PHRASE,He has withdrawn,H2502,5,Hosea 5:6,Minor Prophets,Old Testament,Hosea,NLT
PHRASE,from them.,H1992,5,Hosea 5:6,Minor Prophets,Old Testament,Hosea,NLT
PHRASE,They have dealt treacherously,H898,5,Hosea 5:7,Minor Prophets,Old Testament,Hosea,NLT
PHRASE,"against the LORD,",H3068,5,Hosea 5:7,Minor Prophets,Old Testament,Hosea,NLT
WORD,For,H3588,5,Hosea 5:7,Minor Prophets,Old Testament,Hosea,NLT
PHRASE,they have borne,H3205,5,Hosea 5:7,Minor Prophets,Old Testament,Hosea,NLT
WORD,illegitimate,H2114,5,Hosea 5:7,Minor Prophets,Old Testament,Hosea,NLT
WORD,children.,H1121,5,Hosea 5:7,Minor Prophets,Old Testament,Hosea,NLT
WORD,Now,H6258,5,Hosea 5:7,Minor Prophets,Old Testament,Hosea,NLT
PHRASE,the new moon,H2320,5,Hosea 5:7,Minor Prophets,Old Testament,Hosea,NLT
PHRASE,will devour them,H398,5,Hosea 5:7,Minor Prophets,Old Testament,Hosea,NLT
WORD,with,H854,5,Hosea 5:7,Minor Prophets,Old Testament,Hosea,NLT
PHRASE,their land.,H2506,5,Hosea 5:7,Minor Prophets,Old Testament,Hosea,NLT
WORD,Blow,H8628,5,Hosea 5:8,Minor Prophets,Old Testament,Hosea,NLT
PHRASE,the horn,H7782,5,Hosea 5:8,Minor Prophets,Old Testament,Hosea,NLT
PHRASE,"in Gibeah,",H1390,5,Hosea 5:8,Minor Prophets,Old Testament,Hosea,NLT
PHRASE,The trumpet,H2689,5,Hosea 5:8,Minor Prophets,Old Testament,Hosea,NLT
PHRASE,in Ramah.,H7414,5,Hosea 5:8,Minor Prophets,Old Testament,Hosea,NLT
PHRASE,Sound an alarm,H7321,5,Hosea 5:8,Minor Prophets,Old Testament,Hosea,NLT
PHRASE,at Beth-aven:,H1007,5,Hosea 5:8,Minor Prophets,Old Testament,Hosea,NLT
PHRASE,"“Behind you,",H310,5,Hosea 5:8,Minor Prophets,Old Testament,Hosea,NLT
WORD,Benjamin!”,H1144,5,Hosea 5:8,Minor Prophets,Old Testament,Hosea,NLT
WORD,Ephraim,H669,5,Hosea 5:9,Minor Prophets,Old Testament,Hosea,NLT
PHRASE,will become,H1961,5,Hosea 5:9,Minor Prophets,Old Testament,Hosea,NLT
PHRASE,a desolation,H8047,5,Hosea 5:9,Minor Prophets,Old Testament,Hosea,NLT
PHRASE,in the day,H3117,5,Hosea 5:9,Minor Prophets,Old Testament,Hosea,NLT
PHRASE,of rebuke;,H8433,5,Hosea 5:9,Minor Prophets,Old Testament,Hosea,NLT
PHRASE,Among the tribes,H7626,5,Hosea 5:9,Minor Prophets,Old Testament,Hosea,NLT
PHRASE,of Israel,H3478,5,Hosea 5:9,Minor Prophets,Old Testament,Hosea,NLT
PHRASE,I declare,H3045,5,Hosea 5:9,Minor Prophets,Old Testament,Hosea,NLT
PHRASE,what is sure.,H539,5,Hosea 5:9,Minor Prophets,Old Testament,Hosea,NLT
PHRASE,The princes,H8269,5,Hosea 5:10,Minor Prophets,Old Testament,Hosea,NLT
PHRASE,of Judah,H3063,5,Hosea 5:10,Minor Prophets,Old Testament,Hosea,NLT
PHRASE,have become,H1961,5,Hosea 5:10,Minor Prophets,Old Testament,Hosea,NLT
PHRASE,like those who move,H5253,5,Hosea 5:10,Minor Prophets,Old Testament,Hosea,NLT
PHRASE,a boundary;,H1366,5,Hosea 5:10,Minor Prophets,Old Testament,Hosea,NLT
PHRASE,On them,H5921,5,Hosea 5:10,Minor Prophets,Old Testament,Hosea,NLT
PHRASE,I will pour out,H8210,5,Hosea 5:10,Minor Prophets,Old Testament,Hosea,NLT
PHRASE,My wrath,H5678,5,Hosea 5:10,Minor Prophets,Old Testament,Hosea,NLT
PHRASE,like water.,H4325,5,Hosea 5:10,Minor Prophets,Old Testament,Hosea,NLT
WORD,Ephraim,H669,5,Hosea 5:11,Minor Prophets,Old Testament,Hosea,NLT
PHRASE,"is oppressed,",H6231,5,Hosea 5:11,Minor Prophets,Old Testament,Hosea,NLT
WORD,crushed,H7533,5,Hosea 5:11,Minor Prophets,Old Testament,Hosea,NLT
PHRASE,"in judgment,",H4941,5,Hosea 5:11,Minor Prophets,Old Testament,Hosea,NLT
WORD,Because,H3588,5,Hosea 5:11,Minor Prophets,Old Testament,Hosea,NLT
PHRASE,he was determined,H2974,5,Hosea 5:11,Minor Prophets,Old Testament,Hosea,NLT
PHRASE,to follow,H1980,5,Hosea 5:11,Minor Prophets,Old Testament,Hosea,NLT
WORD,[man’s],,5,Hosea 5:11,Minor Prophets,Old Testament,Hosea,NLT
WORD,command.,H6673,5,Hosea 5:11,Minor Prophets,Old Testament,Hosea,NLT
PHRASE,Therefore I,H589,5,Hosea 5:12,Minor Prophets,Old Testament,Hosea,NLT
WORD,am,,5,Hosea 5:12,Minor Prophets,Old Testament,Hosea,NLT
PHRASE,like a moth,H6211,5,Hosea 5:12,Minor Prophets,Old Testament,Hosea,NLT
PHRASE,to Ephraim,H669,5,Hosea 5:12,Minor Prophets,Old Testament,Hosea,NLT
PHRASE,And like rottenness,H7538,5,Hosea 5:12,Minor Prophets,Old Testament,Hosea,NLT
PHRASE,to the house,H1004,5,Hosea 5:12,Minor Prophets,Old Testament,Hosea,NLT
PHRASE,of Judah.,H3063,5,Hosea 5:12,Minor Prophets,Old Testament,Hosea,NLT
WORD,When,H7200,5,Hosea 5:13,Minor Prophets,Old Testament,Hosea,NLT
WORD,Ephraim,H669,5,Hosea 5:13,Minor Prophets,Old Testament,Hosea,NLT
WORD,saw,H7200,5,Hosea 5:13,Minor Prophets,Old Testament,Hosea,NLT
PHRASE,"his sickness,",H2483,5,Hosea 5:13,Minor Prophets,Old Testament,Hosea,NLT
PHRASE,And Judah,H3063,5,Hosea 5:13,Minor Prophets,Old Testament,Hosea,NLT
PHRASE,"his wound,",H4205,5,Hosea 5:13,Minor Prophets,Old Testament,Hosea,NLT
WORD,Then,H3212,5,Hosea 5:13,Minor Prophets,Old Testament,Hosea,NLT
WORD,Ephraim,H669,5,Hosea 5:13,Minor Prophets,Old Testament,Hosea,NLT
WORD,went,H3212,5,Hosea 5:13,Minor Prophets,Old Testament,Hosea,NLT
WORD,to,H413,5,Hosea 5:13,Minor Prophets,Old Testament,Hosea,NLT
WORD,Assyria,H804,5,Hosea 5:13,Minor Prophets,Old Testament,Hosea,NLT
PHRASE,And sent,H7971,5,Hosea 5:13,Minor Prophets,Old Testament,Hosea,NLT
WORD,to,H413,5,Hosea 5:13,Minor Prophets,Old Testament,Hosea,NLT
WORD,King,H4428,5,Hosea 5:13,Minor Prophets,Old Testament,Hosea,NLT
WORD,Jareb.,H3377,5,Hosea 5:13,Minor Prophets,Old Testament,Hosea,NLT
PHRASE,But he,H1931,5,Hosea 5:13,Minor Prophets,Old Testament,Hosea,NLT
PHRASE,is unable,H3201,5,Hosea 5:13,Minor Prophets,Old Testament,Hosea,NLT
PHRASE,to heal,H7495,5,Hosea 5:13,Minor Prophets,Old Testament,Hosea,NLT
WORD,"you,",,5,Hosea 5:13,Minor Prophets,Old Testament,Hosea,NLT
WORD,Or,H3808,5,Hosea 5:13,Minor Prophets,Old Testament,Hosea,NLT
PHRASE,to cure you,H1455,5,Hosea 5:13,Minor Prophets,Old Testament,Hosea,NLT
PHRASE,of your,H4480,5,Hosea 5:13,Minor Prophets,Old Testament,Hosea,NLT
WORD,wound.,H4205,5,Hosea 5:13,Minor Prophets,Old Testament,Hosea,NLT
WORD,For,H3588,5,Hosea 5:14,Minor Prophets,Old Testament,Hosea,NLT
WORD,I,H595,5,Hosea 5:14,Minor Prophets,Old Testament,Hosea,NLT
PHRASE,[will be],,5,Hosea 5:14,Minor Prophets,Old Testament,Hosea,NLT
PHRASE,like a lion,H7826,5,Hosea 5:14,Minor Prophets,Old Testament,Hosea,NLT
PHRASE,to Ephraim,H669,5,Hosea 5:14,Minor Prophets,Old Testament,Hosea,NLT
PHRASE,And like a young lion,H3715,5,Hosea 5:14,Minor Prophets,Old Testament,Hosea,NLT
PHRASE,to the house,H1004,5,Hosea 5:14,Minor Prophets,Old Testament,Hosea,NLT
PHRASE,of Judah.,H3063,5,Hosea 5:14,Minor Prophets,Old Testament,Hosea,NLT
WORD,"I,",H589,5,Hosea 5:14,Minor Prophets,Old Testament,Hosea,NLT
PHRASE,"even I,",H589,5,Hosea 5:14,Minor Prophets,Old Testament,Hosea,NLT
PHRASE,will tear to pieces,H2963,5,Hosea 5:14,Minor Prophets,Old Testament,Hosea,NLT
PHRASE,"and go away,",H3212,5,Hosea 5:14,Minor Prophets,Old Testament,Hosea,NLT
PHRASE,"I will carry away,",H5375,5,Hosea 5:14,Minor Prophets,Old Testament,Hosea,NLT
PHRASE,and there will be none,H369,5,Hosea 5:14,Minor Prophets,Old Testament,Hosea,NLT
PHRASE,to deliver.,H5337,5,Hosea 5:14,Minor Prophets,Old Testament,Hosea,NLT
PHRASE,I will go away,H3212,5,Hosea 5:15,Minor Prophets,Old Testament,Hosea,NLT
WORD,[and],,5,Hosea 5:15,Minor Prophets,Old Testament,Hosea,NLT
WORD,return,H7725,5,Hosea 5:15,Minor Prophets,Old Testament,Hosea,NLT
WORD,to,H413,5,Hosea 5:15,Minor Prophets,Old Testament,Hosea,NLT
PHRASE,My place,H4725,5,Hosea 5:15,Minor Prophets,Old Testament,Hosea,NLT
WORD,Until,H5704,5,Hosea 5:15,Minor Prophets,Old Testament,Hosea,NLT
PHRASE,they acknowledge their guilt,H816,5,Hosea 5:15,Minor Prophets,Old Testament,Hosea,NLT
PHRASE,and seek,H1245,5,Hosea 5:15,Minor Prophets,Old Testament,Hosea,NLT
PHRASE,My face;,H6440,5,Hosea 5:15,Minor Prophets,Old Testament,Hosea,NLT
WORD,In,H6862,5,Hosea 5:15,Minor Prophets,Old Testament,Hosea,NLT
WORD,their,,5,Hosea 5:15,Minor Prophets,Old Testament,Hosea,NLT
WORD,affliction,H6862,5,Hosea 5:15,Minor Prophets,Old Testament,Hosea,NLT
PHRASE,they will earnestly seek Me.,H7836,5,Hosea 5:15,Minor Prophets,Old Testament,Hosea,NLT
WORD,"“Come,",H3212,6,Hosea 6:1,Minor Prophets,Old Testament,Hosea,NLT
PHRASE,let us return,H7725,6,Hosea 6:1,Minor Prophets,Old Testament,Hosea,NLT
WORD,to,H413,6,Hosea 6:1,Minor Prophets,Old Testament,Hosea,NLT
PHRASE,the LORD.,H3068,6,Hosea 6:1,Minor Prophets,Old Testament,Hosea,NLT
WORD,For,H3588,6,Hosea 6:1,Minor Prophets,Old Testament,Hosea,NLT
WORD,He,H1931,6,Hosea 6:1,Minor Prophets,Old Testament,Hosea,NLT
PHRASE,has torn,H2963,6,Hosea 6:1,Minor Prophets,Old Testament,Hosea,NLT
WORD,"[us],",,6,Hosea 6:1,Minor Prophets,Old Testament,Hosea,NLT
PHRASE,but He will heal us;,H7495,6,Hosea 6:1,Minor Prophets,Old Testament,Hosea,NLT
PHRASE,He has wounded,H5221,6,Hosea 6:1,Minor Prophets,Old Testament,Hosea,NLT
WORD,"[us],",,6,Hosea 6:1,Minor Prophets,Old Testament,Hosea,NLT
PHRASE,but He will bandage us.,H2280,6,Hosea 6:1,Minor Prophets,Old Testament,Hosea,NLT
PHRASE,“He will revive us,H2421,6,Hosea 6:2,Minor Prophets,Old Testament,Hosea,NLT
PHRASE,after two days;,H3117,6,Hosea 6:2,Minor Prophets,Old Testament,Hosea,NLT
PHRASE,He will raise us up,H6965,6,Hosea 6:2,Minor Prophets,Old Testament,Hosea,NLT
WORD,on,H3117,6,Hosea 6:2,Minor Prophets,Old Testament,Hosea,NLT
PHRASE,the third,H7992,6,Hosea 6:2,Minor Prophets,Old Testament,Hosea,NLT
WORD,"day,",H3117,6,Hosea 6:2,Minor Prophets,Old Testament,Hosea,NLT
PHRASE,That we may live,H2421,6,Hosea 6:2,Minor Prophets,Old Testament,Hosea,NLT
PHRASE,before Him.,H6440,6,Hosea 6:2,Minor Prophets,Old Testament,Hosea,NLT
PHRASE,"“So let us know,",H3045,6,Hosea 6:3,Minor Prophets,Old Testament,Hosea,NLT
PHRASE,let us press on,H7291,6,Hosea 6:3,Minor Prophets,Old Testament,Hosea,NLT
PHRASE,to know,H3045,6,Hosea 6:3,Minor Prophets,Old Testament,Hosea,NLT
PHRASE,the LORD.,H3068,6,Hosea 6:3,Minor Prophets,Old Testament,Hosea,NLT
PHRASE,His going forth,H4161,6,Hosea 6:3,Minor Prophets,Old Testament,Hosea,NLT
PHRASE,is as certain,H3559,6,Hosea 6:3,Minor Prophets,Old Testament,Hosea,NLT
PHRASE,as the dawn;,H7837,6,Hosea 6:3,Minor Prophets,Old Testament,Hosea,NLT
PHRASE,And He will come,H935,6,Hosea 6:3,Minor Prophets,Old Testament,Hosea,NLT
PHRASE,to us,,6,Hosea 6:3,Minor Prophets,Old Testament,Hosea,NLT
PHRASE,"like the rain,",H1653,6,Hosea 6:3,Minor Prophets,Old Testament,Hosea,NLT
PHRASE,Like the spring rain,H4456,6,Hosea 6:3,Minor Prophets,Old Testament,Hosea,NLT
WORD,watering,H3384,6,Hosea 6:3,Minor Prophets,Old Testament,Hosea,NLT
PHRASE,the earth.”,H776,6,Hosea 6:3,Minor Prophets,Old Testament,Hosea,NLT
WORD,What,H4100,6,Hosea 6:4,Minor Prophets,Old Testament,Hosea,NLT
PHRASE,shall I do,H6213,6,Hosea 6:4,Minor Prophets,Old Testament,Hosea,NLT
PHRASE,"with you,",,6,Hosea 6:4,Minor Prophets,Old Testament,Hosea,NLT
PHRASE,O Ephraim?,H669,6,Hosea 6:4,Minor Prophets,Old Testament,Hosea,NLT
WORD,What,H4100,6,Hosea 6:4,Minor Prophets,Old Testament,Hosea,NLT
PHRASE,shall I do,H6213,6,Hosea 6:4,Minor Prophets,Old Testament,Hosea,NLT
PHRASE,"with you,",,6,Hosea 6:4,Minor Prophets,Old Testament,Hosea,NLT
PHRASE,O Judah?,H3063,6,Hosea 6:4,Minor Prophets,Old Testament,Hosea,NLT
PHRASE,For your loyalty,H2617,6,Hosea 6:4,Minor Prophets,Old Testament,Hosea,NLT
WORD,is,,6,Hosea 6:4,Minor Prophets,Old Testament,Hosea,NLT
PHRASE,like a,H6051,6,Hosea 6:4,Minor Prophets,Old Testament,Hosea,NLT
WORD,morning,H1242,6,Hosea 6:4,Minor Prophets,Old Testament,Hosea,NLT
WORD,cloud,H6051,6,Hosea 6:4,Minor Prophets,Old Testament,Hosea,NLT
PHRASE,And like the dew,H2919,6,Hosea 6:4,Minor Prophets,Old Testament,Hosea,NLT
PHRASE,which goes away,H1980,6,Hosea 6:4,Minor Prophets,Old Testament,Hosea,NLT
WORD,early.,H7925,6,Hosea 6:4,Minor Prophets,Old Testament,Hosea,NLT
WORD,Therefore,H5921,6,Hosea 6:5,Minor Prophets,Old Testament,Hosea,NLT
PHRASE,I have hewn,H2672,6,Hosea 6:5,Minor Prophets,Old Testament,Hosea,NLT
WORD,[them],,6,Hosea 6:5,Minor Prophets,Old Testament,Hosea,NLT
PHRASE,in pieces,H2672,6,Hosea 6:5,Minor Prophets,Old Testament,Hosea,NLT
PHRASE,by the prophets;,H5030,6,Hosea 6:5,Minor Prophets,Old Testament,Hosea,NLT
PHRASE,I have slain them,H2026,6,Hosea 6:5,Minor Prophets,Old Testament,Hosea,NLT
PHRASE,by the words,H561,6,Hosea 6:5,Minor Prophets,Old Testament,Hosea,NLT
PHRASE,of My mouth;,H6310,6,Hosea 6:5,Minor Prophets,Old Testament,Hosea,NLT
PHRASE,And the judgments on you,H4941,6,Hosea 6:5,Minor Prophets,Old Testament,Hosea,NLT
PHRASE,are [like],,6,Hosea 6:5,Minor Prophets,Old Testament,Hosea,NLT
PHRASE,the light,H216,6,Hosea 6:5,Minor Prophets,Old Testament,Hosea,NLT
PHRASE,that goes forth.,H3318,6,Hosea 6:5,Minor Prophets,Old Testament,Hosea,NLT
WORD,For,H3588,6,Hosea 6:6,Minor Prophets,Old Testament,Hosea,NLT
PHRASE,I delight in,H2654,6,Hosea 6:6,Minor Prophets,Old Testament,Hosea,NLT
WORD,loyalty,H2617,6,Hosea 6:6,Minor Prophets,Old Testament,Hosea,NLT
PHRASE,rather than,H3808,6,Hosea 6:6,Minor Prophets,Old Testament,Hosea,NLT
WORD,"sacrifice,",H2077,6,Hosea 6:6,Minor Prophets,Old Testament,Hosea,NLT
PHRASE,And in the knowledge,H1847,6,Hosea 6:6,Minor Prophets,Old Testament,Hosea,NLT
PHRASE,of God,H430,6,Hosea 6:6,Minor Prophets,Old Testament,Hosea,NLT
PHRASE,rather than burnt offerings.,H5930,6,Hosea 6:6,Minor Prophets,Old Testament,Hosea,NLT
WORD,But,H1992,6,Hosea 6:7,Minor Prophets,Old Testament,Hosea,NLT
PHRASE,like Adam,H121,6,Hosea 6:7,Minor Prophets,Old Testament,Hosea,NLT
WORD,they,H1992,6,Hosea 6:7,Minor Prophets,Old Testament,Hosea,NLT
PHRASE,have transgressed,H5674,6,Hosea 6:7,Minor Prophets,Old Testament,Hosea,NLT
PHRASE,the covenant;,H1285,6,Hosea 6:7,Minor Prophets,Old Testament,Hosea,NLT
WORD,There,H8033,6,Hosea 6:7,Minor Prophets,Old Testament,Hosea,NLT
PHRASE,they have dealt treacherously,H898,6,Hosea 6:7,Minor Prophets,Old Testament,Hosea,NLT
PHRASE,against Me.,,6,Hosea 6:7,Minor Prophets,Old Testament,Hosea,NLT
WORD,Gilead,H1568,6,Hosea 6:8,Minor Prophets,Old Testament,Hosea,NLT
WORD,is,,6,Hosea 6:8,Minor Prophets,Old Testament,Hosea,NLT
PHRASE,a city,H7151,6,Hosea 6:8,Minor Prophets,Old Testament,Hosea,NLT
PHRASE,"of wrongdoers,",H205,6,Hosea 6:8,Minor Prophets,Old Testament,Hosea,NLT
WORD,Tracked,H6121,6,Hosea 6:8,Minor Prophets,Old Testament,Hosea,NLT
PHRASE,with bloody,H1818,6,Hosea 6:8,Minor Prophets,Old Testament,Hosea,NLT
WORD,[footprints].,,6,Hosea 6:8,Minor Prophets,Old Testament,Hosea,NLT
PHRASE,And as,H2442,6,Hosea 6:9,Minor Prophets,Old Testament,Hosea,NLT
WORD,raiders,H1416,6,Hosea 6:9,Minor Prophets,Old Testament,Hosea,NLT
PHRASE,wait for,H2442,6,Hosea 6:9,Minor Prophets,Old Testament,Hosea,NLT
PHRASE,"a man,",H376,6,Hosea 6:9,Minor Prophets,Old Testament,Hosea,NLT
WORD,[So],,6,Hosea 6:9,Minor Prophets,Old Testament,Hosea,NLT
PHRASE,a band,H2267,6,Hosea 6:9,Minor Prophets,Old Testament,Hosea,NLT
PHRASE,of priests,H3548,6,Hosea 6:9,Minor Prophets,Old Testament,Hosea,NLT
WORD,murder,H7523,6,Hosea 6:9,Minor Prophets,Old Testament,Hosea,NLT
PHRASE,on the way,H1870,6,Hosea 6:9,Minor Prophets,Old Testament,Hosea,NLT
PHRASE,to Shechem;,H7927,6,Hosea 6:9,Minor Prophets,Old Testament,Hosea,NLT
WORD,Surely,H3588,6,Hosea 6:9,Minor Prophets,Old Testament,Hosea,NLT
PHRASE,they have committed,H6213,6,Hosea 6:9,Minor Prophets,Old Testament,Hosea,NLT
WORD,crime.,H2154,6,Hosea 6:9,Minor Prophets,Old Testament,Hosea,NLT
PHRASE,In the house,H1004,6,Hosea 6:10,Minor Prophets,Old Testament,Hosea,NLT
PHRASE,of Israel,H3478,6,Hosea 6:10,Minor Prophets,Old Testament,Hosea,NLT
PHRASE,I have seen,H7200,6,Hosea 6:10,Minor Prophets,Old Testament,Hosea,NLT
PHRASE,a horrible thing;,H8186,6,Hosea 6:10,Minor Prophets,Old Testament,Hosea,NLT
WORD,Ephraim’s,H669,6,Hosea 6:10,Minor Prophets,Old Testament,Hosea,NLT
WORD,harlotry,H2184,6,Hosea 6:10,Minor Prophets,Old Testament,Hosea,NLT
WORD,is,,6,Hosea 6:10,Minor Prophets,Old Testament,Hosea,NLT
WORD,"there,",H8033,6,Hosea 6:10,Minor Prophets,Old Testament,Hosea,NLT
WORD,Israel,H3478,6,Hosea 6:10,Minor Prophets,Old Testament,Hosea,NLT
PHRASE,has defiled itself.,H2930,6,Hosea 6:10,Minor Prophets,Old Testament,Hosea,NLT
WORD,"Also,",H1571,6,Hosea 6:11,Minor Prophets,Old Testament,Hosea,NLT
PHRASE,"O Judah,",H3063,6,Hosea 6:11,Minor Prophets,Old Testament,Hosea,NLT
PHRASE,there is,H7896,6,Hosea 6:11,Minor Prophets,Old Testament,Hosea,NLT
PHRASE,a harvest,H7105,6,Hosea 6:11,Minor Prophets,Old Testament,Hosea,NLT
WORD,appointed,H7896,6,Hosea 6:11,Minor Prophets,Old Testament,Hosea,NLT
PHRASE,"for you,",,6,Hosea 6:11,Minor Prophets,Old Testament,Hosea,NLT
PHRASE,When I restore,H7725,6,Hosea 6:11,Minor Prophets,Old Testament,Hosea,NLT
PHRASE,the fortunes,H7622,6,Hosea 6:11,Minor Prophets,Old Testament,Hosea,NLT
PHRASE,of My people.,H5971,6,Hosea 6:11,Minor Prophets,Old Testament,Hosea,NLT
PHRASE,When I would heal,H7495,7,Hosea 7:1,Minor Prophets,Old Testament,Hosea,NLT
WORD,"Israel,",H3478,7,Hosea 7:1,Minor Prophets,Old Testament,Hosea,NLT
PHRASE,The iniquity,H5771,7,Hosea 7:1,Minor Prophets,Old Testament,Hosea,NLT
PHRASE,of Ephraim,H669,7,Hosea 7:1,Minor Prophets,Old Testament,Hosea,NLT
PHRASE,"is uncovered,",H1540,7,Hosea 7:1,Minor Prophets,Old Testament,Hosea,NLT
PHRASE,And the evil deeds,H7451,7,Hosea 7:1,Minor Prophets,Old Testament,Hosea,NLT
PHRASE,"of Samaria,",H8111,7,Hosea 7:1,Minor Prophets,Old Testament,Hosea,NLT
WORD,For,H3588,7,Hosea 7:1,Minor Prophets,Old Testament,Hosea,NLT
PHRASE,they deal,H6466,7,Hosea 7:1,Minor Prophets,Old Testament,Hosea,NLT
WORD,falsely;,H8267,7,Hosea 7:1,Minor Prophets,Old Testament,Hosea,NLT
PHRASE,The thief,H1590,7,Hosea 7:1,Minor Prophets,Old Testament,Hosea,NLT
PHRASE,"enters in,",H935,7,Hosea 7:1,Minor Prophets,Old Testament,Hosea,NLT
WORD,Bandits,H1416,7,Hosea 7:1,Minor Prophets,Old Testament,Hosea,NLT
WORD,raid,H6584,7,Hosea 7:1,Minor Prophets,Old Testament,Hosea,NLT
WORD,"outside,",H2351,7,Hosea 7:1,Minor Prophets,Old Testament,Hosea,NLT
WORD,And,H1077,7,Hosea 7:2,Minor Prophets,Old Testament,Hosea,NLT
PHRASE,they do,H559,7,Hosea 7:2,Minor Prophets,Old Testament,Hosea,NLT
WORD,not,H1077,7,Hosea 7:2,Minor Prophets,Old Testament,Hosea,NLT
WORD,consider,H559,7,Hosea 7:2,Minor Prophets,Old Testament,Hosea,NLT
PHRASE,in their hearts,H3824,7,Hosea 7:2,Minor Prophets,Old Testament,Hosea,NLT
PHRASE,That I remember,H2142,7,Hosea 7:2,Minor Prophets,Old Testament,Hosea,NLT
WORD,all,H3605,7,Hosea 7:2,Minor Prophets,Old Testament,Hosea,NLT
PHRASE,their wickedness.,H7451,7,Hosea 7:2,Minor Prophets,Old Testament,Hosea,NLT
WORD,Now,H6258,7,Hosea 7:2,Minor Prophets,Old Testament,Hosea,NLT
PHRASE,their deeds,H4611,7,Hosea 7:2,Minor Prophets,Old Testament,Hosea,NLT
PHRASE,are all around them;,H5437,7,Hosea 7:2,Minor Prophets,Old Testament,Hosea,NLT
PHRASE,They are,H1961,7,Hosea 7:2,Minor Prophets,Old Testament,Hosea,NLT
WORD,before,H5048,7,Hosea 7:2,Minor Prophets,Old Testament,Hosea,NLT
PHRASE,My face.,H6440,7,Hosea 7:2,Minor Prophets,Old Testament,Hosea,NLT
PHRASE,With their wickedness,H7451,7,Hosea 7:3,Minor Prophets,Old Testament,Hosea,NLT
PHRASE,they make,H8055,7,Hosea 7:3,Minor Prophets,Old Testament,Hosea,NLT
PHRASE,the king,H4428,7,Hosea 7:3,Minor Prophets,Old Testament,Hosea,NLT
WORD,"glad,",H8055,7,Hosea 7:3,Minor Prophets,Old Testament,Hosea,NLT
WORD,And,H3585,7,Hosea 7:3,Minor Prophets,Old Testament,Hosea,NLT
PHRASE,the princes,H8269,7,Hosea 7:3,Minor Prophets,Old Testament,Hosea,NLT
PHRASE,with their lies.,H3585,7,Hosea 7:3,Minor Prophets,Old Testament,Hosea,NLT
WORD,They,H3605,7,Hosea 7:4,Minor Prophets,Old Testament,Hosea,NLT
WORD,are,,7,Hosea 7:4,Minor Prophets,Old Testament,Hosea,NLT
WORD,all,H3605,7,Hosea 7:4,Minor Prophets,Old Testament,Hosea,NLT
WORD,"adulterers,",H5003,7,Hosea 7:4,Minor Prophets,Old Testament,Hosea,NLT
WORD,Like,H3644,7,Hosea 7:4,Minor Prophets,Old Testament,Hosea,NLT
PHRASE,an oven,H8574,7,Hosea 7:4,Minor Prophets,Old Testament,Hosea,NLT
WORD,heated,H1197,7,Hosea 7:4,Minor Prophets,Old Testament,Hosea,NLT
PHRASE,by the baker,H644,7,Hosea 7:4,Minor Prophets,Old Testament,Hosea,NLT
PHRASE,Who ceases,H7673,7,Hosea 7:4,Minor Prophets,Old Testament,Hosea,NLT
PHRASE,to stir up,H5782,7,Hosea 7:4,Minor Prophets,Old Testament,Hosea,NLT
PHRASE,[the fire],,7,Hosea 7:4,Minor Prophets,Old Testament,Hosea,NLT
PHRASE,From the kneading,H3888,7,Hosea 7:4,Minor Prophets,Old Testament,Hosea,NLT
PHRASE,of the dough,H1217,7,Hosea 7:4,Minor Prophets,Old Testament,Hosea,NLT
WORD,until,H5704,7,Hosea 7:4,Minor Prophets,Old Testament,Hosea,NLT
PHRASE,it is leavened.,H2556,7,Hosea 7:4,Minor Prophets,Old Testament,Hosea,NLT
PHRASE,On the day,H3117,7,Hosea 7:5,Minor Prophets,Old Testament,Hosea,NLT
PHRASE,"of our king,",H4428,7,Hosea 7:5,Minor Prophets,Old Testament,Hosea,NLT
PHRASE,the princes,H8269,7,Hosea 7:5,Minor Prophets,Old Testament,Hosea,NLT
PHRASE,became sick,H2470,7,Hosea 7:5,Minor Prophets,Old Testament,Hosea,NLT
PHRASE,with the heat,H2534,7,Hosea 7:5,Minor Prophets,Old Testament,Hosea,NLT
PHRASE,of wine;,H3196,7,Hosea 7:5,Minor Prophets,Old Testament,Hosea,NLT
PHRASE,He stretched out,H4900,7,Hosea 7:5,Minor Prophets,Old Testament,Hosea,NLT
PHRASE,his hand,H3027,7,Hosea 7:5,Minor Prophets,Old Testament,Hosea,NLT
WORD,with,H854,7,Hosea 7:5,Minor Prophets,Old Testament,Hosea,NLT
WORD,"scoffers,",H3945,7,Hosea 7:5,Minor Prophets,Old Testament,Hosea,NLT
WORD,For,H3588,7,Hosea 7:6,Minor Prophets,Old Testament,Hosea,NLT
PHRASE,their hearts,H3820,7,Hosea 7:6,Minor Prophets,Old Testament,Hosea,NLT
WORD,are,,7,Hosea 7:6,Minor Prophets,Old Testament,Hosea,NLT
PHRASE,like an oven,H8574,7,Hosea 7:6,Minor Prophets,Old Testament,Hosea,NLT
WORD,[As],,7,Hosea 7:6,Minor Prophets,Old Testament,Hosea,NLT
PHRASE,they approach,H7126,7,Hosea 7:6,Minor Prophets,Old Testament,Hosea,NLT
PHRASE,their plotting;,H693,7,Hosea 7:6,Minor Prophets,Old Testament,Hosea,NLT
PHRASE,Their anger,H644,7,Hosea 7:6,Minor Prophets,Old Testament,Hosea,NLT
WORD,smolders,H3463,7,Hosea 7:6,Minor Prophets,Old Testament,Hosea,NLT
WORD,all,H3605,7,Hosea 7:6,Minor Prophets,Old Testament,Hosea,NLT
WORD,"night,",H3915,7,Hosea 7:6,Minor Prophets,Old Testament,Hosea,NLT
PHRASE,In the morning,H1242,7,Hosea 7:6,Minor Prophets,Old Testament,Hosea,NLT
WORD,it,H1931,7,Hosea 7:6,Minor Prophets,Old Testament,Hosea,NLT
WORD,burns,H1197,7,Hosea 7:6,Minor Prophets,Old Testament,Hosea,NLT
PHRASE,like a,H784,7,Hosea 7:6,Minor Prophets,Old Testament,Hosea,NLT
WORD,flaming,H3852,7,Hosea 7:6,Minor Prophets,Old Testament,Hosea,NLT
WORD,fire.,H784,7,Hosea 7:6,Minor Prophets,Old Testament,Hosea,NLT
PHRASE,All of them,H3605,7,Hosea 7:7,Minor Prophets,Old Testament,Hosea,NLT
PHRASE,are hot,H2552,7,Hosea 7:7,Minor Prophets,Old Testament,Hosea,NLT
PHRASE,"like an oven,",H8574,7,Hosea 7:7,Minor Prophets,Old Testament,Hosea,NLT
PHRASE,And they consume,H398,7,Hosea 7:7,Minor Prophets,Old Testament,Hosea,NLT
PHRASE,their rulers;,H8199,7,Hosea 7:7,Minor Prophets,Old Testament,Hosea,NLT
WORD,All,H3605,7,Hosea 7:7,Minor Prophets,Old Testament,Hosea,NLT
PHRASE,their kings,H4428,7,Hosea 7:7,Minor Prophets,Old Testament,Hosea,NLT
PHRASE,have fallen.,H5307,7,Hosea 7:7,Minor Prophets,Old Testament,Hosea,NLT
WORD,None,H369,7,Hosea 7:7,Minor Prophets,Old Testament,Hosea,NLT
PHRASE,of them,,7,Hosea 7:7,Minor Prophets,Old Testament,Hosea,NLT
WORD,calls,H7121,7,Hosea 7:7,Minor Prophets,Old Testament,Hosea,NLT
PHRASE,on Me.,H413,7,Hosea 7:7,Minor Prophets,Old Testament,Hosea,NLT
WORD,Ephraim,H669,7,Hosea 7:8,Minor Prophets,Old Testament,Hosea,NLT
PHRASE,mixes himself,H1101,7,Hosea 7:8,Minor Prophets,Old Testament,Hosea,NLT
PHRASE,with the nations;,H5971,7,Hosea 7:8,Minor Prophets,Old Testament,Hosea,NLT
WORD,Ephraim,H669,7,Hosea 7:8,Minor Prophets,Old Testament,Hosea,NLT
PHRASE,has become,H1961,7,Hosea 7:8,Minor Prophets,Old Testament,Hosea,NLT
PHRASE,a cake,H5692,7,Hosea 7:8,Minor Prophets,Old Testament,Hosea,NLT
WORD,not,H1097,7,Hosea 7:8,Minor Prophets,Old Testament,Hosea,NLT
WORD,turned.,H2015,7,Hosea 7:8,Minor Prophets,Old Testament,Hosea,NLT
WORD,Strangers,H2114,7,Hosea 7:9,Minor Prophets,Old Testament,Hosea,NLT
WORD,devour,H398,7,Hosea 7:9,Minor Prophets,Old Testament,Hosea,NLT
PHRASE,"his strength,",H3581,7,Hosea 7:9,Minor Prophets,Old Testament,Hosea,NLT
PHRASE,Yet he,H1931,7,Hosea 7:9,Minor Prophets,Old Testament,Hosea,NLT
WORD,does,H3045,7,Hosea 7:9,Minor Prophets,Old Testament,Hosea,NLT
WORD,not,H3808,7,Hosea 7:9,Minor Prophets,Old Testament,Hosea,NLT
WORD,know,H3045,7,Hosea 7:9,Minor Prophets,Old Testament,Hosea,NLT
WORD,[it];,,7,Hosea 7:9,Minor Prophets,Old Testament,Hosea,NLT
PHRASE,Gray hairs,H7872,7,Hosea 7:9,Minor Prophets,Old Testament,Hosea,NLT
WORD,also,H1571,7,Hosea 7:9,Minor Prophets,Old Testament,Hosea,NLT
PHRASE,are sprinkled,H2236,7,Hosea 7:9,Minor Prophets,Old Testament,Hosea,NLT
PHRASE,"on him,",,7,Hosea 7:9,Minor Prophets,Old Testament,Hosea,NLT
PHRASE,Yet he,H1931,7,Hosea 7:9,Minor Prophets,Old Testament,Hosea,NLT
WORD,does,H3045,7,Hosea 7:9,Minor Prophets,Old Testament,Hosea,NLT
WORD,not,H3808,7,Hosea 7:9,Minor Prophets,Old Testament,Hosea,NLT
WORD,know,H3045,7,Hosea 7:9,Minor Prophets,Old Testament,Hosea,NLT
WORD,[it].,,7,Hosea 7:9,Minor Prophets,Old Testament,Hosea,NLT
WORD,Though,H6030,7,Hosea 7:10,Minor Prophets,Old Testament,Hosea,NLT
PHRASE,the pride,H1347,7,Hosea 7:10,Minor Prophets,Old Testament,Hosea,NLT
PHRASE,of Israel,H3478,7,Hosea 7:10,Minor Prophets,Old Testament,Hosea,NLT
WORD,testifies,H6030,7,Hosea 7:10,Minor Prophets,Old Testament,Hosea,NLT
PHRASE,"against him,",H6440,7,Hosea 7:10,Minor Prophets,Old Testament,Hosea,NLT
WORD,Yet,H3808,7,Hosea 7:10,Minor Prophets,Old Testament,Hosea,NLT
PHRASE,they have,H7725,7,Hosea 7:10,Minor Prophets,Old Testament,Hosea,NLT
WORD,not,H3808,7,Hosea 7:10,Minor Prophets,Old Testament,Hosea,NLT
WORD,returned,H7725,7,Hosea 7:10,Minor Prophets,Old Testament,Hosea,NLT
WORD,to,H413,7,Hosea 7:10,Minor Prophets,Old Testament,Hosea,NLT
PHRASE,the LORD,H3068,7,Hosea 7:10,Minor Prophets,Old Testament,Hosea,NLT
PHRASE,"their God,",H430,7,Hosea 7:10,Minor Prophets,Old Testament,Hosea,NLT
WORD,Nor,H3808,7,Hosea 7:10,Minor Prophets,Old Testament,Hosea,NLT
PHRASE,"have they sought Him,",H1245,7,Hosea 7:10,Minor Prophets,Old Testament,Hosea,NLT
PHRASE,for all,H3605,7,Hosea 7:10,Minor Prophets,Old Testament,Hosea,NLT
WORD,this.,H2063,7,Hosea 7:10,Minor Prophets,Old Testament,Hosea,NLT
WORD,So,H1961,7,Hosea 7:11,Minor Prophets,Old Testament,Hosea,NLT
WORD,Ephraim,H669,7,Hosea 7:11,Minor Prophets,Old Testament,Hosea,NLT
PHRASE,has become,H1961,7,Hosea 7:11,Minor Prophets,Old Testament,Hosea,NLT
PHRASE,like a,H3123,7,Hosea 7:11,Minor Prophets,Old Testament,Hosea,NLT
WORD,silly,H6601,7,Hosea 7:11,Minor Prophets,Old Testament,Hosea,NLT
WORD,"dove,",H3123,7,Hosea 7:11,Minor Prophets,Old Testament,Hosea,NLT
WORD,without,H369,7,Hosea 7:11,Minor Prophets,Old Testament,Hosea,NLT
WORD,sense;,H3820,7,Hosea 7:11,Minor Prophets,Old Testament,Hosea,NLT
PHRASE,They call,H7121,7,Hosea 7:11,Minor Prophets,Old Testament,Hosea,NLT
PHRASE,"to Egypt,",H4714,7,Hosea 7:11,Minor Prophets,Old Testament,Hosea,NLT
PHRASE,they go,H1980,7,Hosea 7:11,Minor Prophets,Old Testament,Hosea,NLT
PHRASE,to Assyria.,H804,7,Hosea 7:11,Minor Prophets,Old Testament,Hosea,NLT
WORD,When,H834,7,Hosea 7:12,Minor Prophets,Old Testament,Hosea,NLT
PHRASE,"they go,",H3212,7,Hosea 7:12,Minor Prophets,Old Testament,Hosea,NLT
PHRASE,I will spread,H6566,7,Hosea 7:12,Minor Prophets,Old Testament,Hosea,NLT
PHRASE,My net,H7568,7,Hosea 7:12,Minor Prophets,Old Testament,Hosea,NLT
PHRASE,over them;,H5921,7,Hosea 7:12,Minor Prophets,Old Testament,Hosea,NLT
PHRASE,I will bring them down,H3381,7,Hosea 7:12,Minor Prophets,Old Testament,Hosea,NLT
PHRASE,like the birds,H5775,7,Hosea 7:12,Minor Prophets,Old Testament,Hosea,NLT
PHRASE,of the sky.,H8064,7,Hosea 7:12,Minor Prophets,Old Testament,Hosea,NLT
PHRASE,I will chastise them,H3256,7,Hosea 7:12,Minor Prophets,Old Testament,Hosea,NLT
PHRASE,in accordance with the proclamation,H8088,7,Hosea 7:12,Minor Prophets,Old Testament,Hosea,NLT
PHRASE,to their assembly.,H5712,7,Hosea 7:12,Minor Prophets,Old Testament,Hosea,NLT
WORD,Woe,H188,7,Hosea 7:13,Minor Prophets,Old Testament,Hosea,NLT
PHRASE,"to them,",,7,Hosea 7:13,Minor Prophets,Old Testament,Hosea,NLT
WORD,for,H3588,7,Hosea 7:13,Minor Prophets,Old Testament,Hosea,NLT
PHRASE,they have strayed,H5074,7,Hosea 7:13,Minor Prophets,Old Testament,Hosea,NLT
PHRASE,from Me!,H4480,7,Hosea 7:13,Minor Prophets,Old Testament,Hosea,NLT
WORD,Destruction,H7701,7,Hosea 7:13,Minor Prophets,Old Testament,Hosea,NLT
PHRASE,"is theirs,",,7,Hosea 7:13,Minor Prophets,Old Testament,Hosea,NLT
WORD,for,H3588,7,Hosea 7:13,Minor Prophets,Old Testament,Hosea,NLT
PHRASE,they have rebelled,H6586,7,Hosea 7:13,Minor Prophets,Old Testament,Hosea,NLT
PHRASE,against Me!,,7,Hosea 7:13,Minor Prophets,Old Testament,Hosea,NLT
WORD,I,H595,7,Hosea 7:13,Minor Prophets,Old Testament,Hosea,NLT
PHRASE,"would redeem them,",H6299,7,Hosea 7:13,Minor Prophets,Old Testament,Hosea,NLT
PHRASE,but they,H1992,7,Hosea 7:13,Minor Prophets,Old Testament,Hosea,NLT
WORD,speak,H1696,7,Hosea 7:13,Minor Prophets,Old Testament,Hosea,NLT
WORD,lies,H3577,7,Hosea 7:13,Minor Prophets,Old Testament,Hosea,NLT
PHRASE,against Me.,H5921,7,Hosea 7:13,Minor Prophets,Old Testament,Hosea,NLT
WORD,And,H3808,7,Hosea 7:14,Minor Prophets,Old Testament,Hosea,NLT
PHRASE,they do,H2199,7,Hosea 7:14,Minor Prophets,Old Testament,Hosea,NLT
WORD,not,H3808,7,Hosea 7:14,Minor Prophets,Old Testament,Hosea,NLT
WORD,cry,H2199,7,Hosea 7:14,Minor Prophets,Old Testament,Hosea,NLT
PHRASE,to Me,H413,7,Hosea 7:14,Minor Prophets,Old Testament,Hosea,NLT
PHRASE,from their heart,H3820,7,Hosea 7:14,Minor Prophets,Old Testament,Hosea,NLT
WORD,When,H3588,7,Hosea 7:14,Minor Prophets,Old Testament,Hosea,NLT
PHRASE,they wail,H3213,7,Hosea 7:14,Minor Prophets,Old Testament,Hosea,NLT
WORD,on,H5921,7,Hosea 7:14,Minor Prophets,Old Testament,Hosea,NLT
PHRASE,their beds;,H4904,7,Hosea 7:14,Minor Prophets,Old Testament,Hosea,NLT
PHRASE,For the sake,H5921,7,Hosea 7:14,Minor Prophets,Old Testament,Hosea,NLT
PHRASE,of grain,H1715,7,Hosea 7:14,Minor Prophets,Old Testament,Hosea,NLT
PHRASE,and new wine,H8492,7,Hosea 7:14,Minor Prophets,Old Testament,Hosea,NLT
PHRASE,"they assemble themselves,",H1481,7,Hosea 7:14,Minor Prophets,Old Testament,Hosea,NLT
PHRASE,They turn away,H5493,7,Hosea 7:14,Minor Prophets,Old Testament,Hosea,NLT
PHRASE,from Me.,,7,Hosea 7:14,Minor Prophets,Old Testament,Hosea,NLT
PHRASE,Although I,H589,7,Hosea 7:15,Minor Prophets,Old Testament,Hosea,NLT
WORD,trained,H3256,7,Hosea 7:15,Minor Prophets,Old Testament,Hosea,NLT
WORD,[and],,7,Hosea 7:15,Minor Prophets,Old Testament,Hosea,NLT
WORD,strengthened,H2388,7,Hosea 7:15,Minor Prophets,Old Testament,Hosea,NLT
PHRASE,"their arms,",H2220,7,Hosea 7:15,Minor Prophets,Old Testament,Hosea,NLT
WORD,Yet,H413,7,Hosea 7:15,Minor Prophets,Old Testament,Hosea,NLT
PHRASE,they devise,H2803,7,Hosea 7:15,Minor Prophets,Old Testament,Hosea,NLT
WORD,evil,H7451,7,Hosea 7:15,Minor Prophets,Old Testament,Hosea,NLT
PHRASE,against Me.,H413,7,Hosea 7:15,Minor Prophets,Old Testament,Hosea,NLT
PHRASE,"They turn,",H7725,7,Hosea 7:16,Minor Prophets,Old Testament,Hosea,NLT
WORD,[but],,7,Hosea 7:16,Minor Prophets,Old Testament,Hosea,NLT
WORD,not,H3808,7,Hosea 7:16,Minor Prophets,Old Testament,Hosea,NLT
WORD,"upward,",H5920,7,Hosea 7:16,Minor Prophets,Old Testament,Hosea,NLT
PHRASE,They are,H1961,7,Hosea 7:16,Minor Prophets,Old Testament,Hosea,NLT
PHRASE,like a,H7198,7,Hosea 7:16,Minor Prophets,Old Testament,Hosea,NLT
WORD,deceitful,H7423,7,Hosea 7:16,Minor Prophets,Old Testament,Hosea,NLT
WORD,bow;,H7198,7,Hosea 7:16,Minor Prophets,Old Testament,Hosea,NLT
PHRASE,Their princes,H8269,7,Hosea 7:16,Minor Prophets,Old Testament,Hosea,NLT
PHRASE,will fall,H5307,7,Hosea 7:16,Minor Prophets,Old Testament,Hosea,NLT
PHRASE,by the sword,H2719,7,Hosea 7:16,Minor Prophets,Old Testament,Hosea,NLT
PHRASE,Because of the insolence,H2195,7,Hosea 7:16,Minor Prophets,Old Testament,Hosea,NLT
PHRASE,of their tongue.,H3956,7,Hosea 7:16,Minor Prophets,Old Testament,Hosea,NLT
WORD,This,H2097,7,Hosea 7:16,Minor Prophets,Old Testament,Hosea,NLT
PHRASE,[will be],,7,Hosea 7:16,Minor Prophets,Old Testament,Hosea,NLT
PHRASE,their derision,H3933,7,Hosea 7:16,Minor Prophets,Old Testament,Hosea,NLT
PHRASE,in the land,H776,7,Hosea 7:16,Minor Prophets,Old Testament,Hosea,NLT
PHRASE,of Egypt.,H4714,7,Hosea 7:16,Minor Prophets,Old Testament,Hosea,NLT
WORD,[Put],,8,Hosea 8:1,Minor Prophets,Old Testament,Hosea,NLT
PHRASE,the trumpet,H7782,8,Hosea 8:1,Minor Prophets,Old Testament,Hosea,NLT
WORD,to,H413,8,Hosea 8:1,Minor Prophets,Old Testament,Hosea,NLT
PHRASE,your lips!,H2441,8,Hosea 8:1,Minor Prophets,Old Testament,Hosea,NLT
PHRASE,Like an eagle,H5404,8,Hosea 8:1,Minor Prophets,Old Testament,Hosea,NLT
PHRASE,[the enemy comes],,8,Hosea 8:1,Minor Prophets,Old Testament,Hosea,NLT
WORD,against,H5921,8,Hosea 8:1,Minor Prophets,Old Testament,Hosea,NLT
PHRASE,the house,H1004,8,Hosea 8:1,Minor Prophets,Old Testament,Hosea,NLT
PHRASE,"of the LORD,",H3068,8,Hosea 8:1,Minor Prophets,Old Testament,Hosea,NLT
WORD,Because,H3282,8,Hosea 8:1,Minor Prophets,Old Testament,Hosea,NLT
PHRASE,they have transgressed,H5674,8,Hosea 8:1,Minor Prophets,Old Testament,Hosea,NLT
PHRASE,My covenant,H1285,8,Hosea 8:1,Minor Prophets,Old Testament,Hosea,NLT
WORD,And,H5921,8,Hosea 8:1,Minor Prophets,Old Testament,Hosea,NLT
WORD,rebelled,H6586,8,Hosea 8:1,Minor Prophets,Old Testament,Hosea,NLT
WORD,against,H5921,8,Hosea 8:1,Minor Prophets,Old Testament,Hosea,NLT
PHRASE,My law.,H8451,8,Hosea 8:1,Minor Prophets,Old Testament,Hosea,NLT
PHRASE,They cry out,H2199,8,Hosea 8:2,Minor Prophets,Old Testament,Hosea,NLT
PHRASE,"to Me,",H589,8,Hosea 8:2,Minor Prophets,Old Testament,Hosea,NLT
PHRASE,"“My God,",H430,8,Hosea 8:2,Minor Prophets,Old Testament,Hosea,NLT
WORD,we,H3045,8,Hosea 8:2,Minor Prophets,Old Testament,Hosea,NLT
PHRASE,of Israel,H3478,8,Hosea 8:2,Minor Prophets,Old Testament,Hosea,NLT
PHRASE,know You!”,H3045,8,Hosea 8:2,Minor Prophets,Old Testament,Hosea,NLT
WORD,Israel,H3478,8,Hosea 8:3,Minor Prophets,Old Testament,Hosea,NLT
PHRASE,has rejected,H2186,8,Hosea 8:3,Minor Prophets,Old Testament,Hosea,NLT
PHRASE,the good;,H2896,8,Hosea 8:3,Minor Prophets,Old Testament,Hosea,NLT
PHRASE,The enemy,H341,8,Hosea 8:3,Minor Prophets,Old Testament,Hosea,NLT
PHRASE,will pursue him.,H7291,8,Hosea 8:3,Minor Prophets,Old Testament,Hosea,NLT
WORD,They,H1992,8,Hosea 8:4,Minor Prophets,Old Testament,Hosea,NLT
PHRASE,"have set up kings,",H4427,8,Hosea 8:4,Minor Prophets,Old Testament,Hosea,NLT
PHRASE,but not,H3808,8,Hosea 8:4,Minor Prophets,Old Testament,Hosea,NLT
PHRASE,by Me;,H4480,8,Hosea 8:4,Minor Prophets,Old Testament,Hosea,NLT
PHRASE,"They have appointed princes,",H8323,8,Hosea 8:4,Minor Prophets,Old Testament,Hosea,NLT
WORD,but,H3808,8,Hosea 8:4,Minor Prophets,Old Testament,Hosea,NLT
PHRASE,I did,H3045,8,Hosea 8:4,Minor Prophets,Old Testament,Hosea,NLT
WORD,not,H3808,8,Hosea 8:4,Minor Prophets,Old Testament,Hosea,NLT
WORD,know,H3045,8,Hosea 8:4,Minor Prophets,Old Testament,Hosea,NLT
WORD,[it].,,8,Hosea 8:4,Minor Prophets,Old Testament,Hosea,NLT
PHRASE,With their silver,H3701,8,Hosea 8:4,Minor Prophets,Old Testament,Hosea,NLT
PHRASE,and gold,H2091,8,Hosea 8:4,Minor Prophets,Old Testament,Hosea,NLT
PHRASE,they have made,H6213,8,Hosea 8:4,Minor Prophets,Old Testament,Hosea,NLT
WORD,idols,H6091,8,Hosea 8:4,Minor Prophets,Old Testament,Hosea,NLT
PHRASE,"for themselves,",,8,Hosea 8:4,Minor Prophets,Old Testament,Hosea,NLT
WORD,That,H4616,8,Hosea 8:4,Minor Prophets,Old Testament,Hosea,NLT
PHRASE,they might be cut off.,H3772,8,Hosea 8:4,Minor Prophets,Old Testament,Hosea,NLT
PHRASE,He has rejected,H2186,8,Hosea 8:5,Minor Prophets,Old Testament,Hosea,NLT
PHRASE,"your calf,",H5695,8,Hosea 8:5,Minor Prophets,Old Testament,Hosea,NLT
PHRASE,"O Samaria,",H8111,8,Hosea 8:5,Minor Prophets,Old Testament,Hosea,NLT
WORD,"[saying],",,8,Hosea 8:5,Minor Prophets,Old Testament,Hosea,NLT
PHRASE,“My anger,H639,8,Hosea 8:5,Minor Prophets,Old Testament,Hosea,NLT
WORD,burns,H2734,8,Hosea 8:5,Minor Prophets,Old Testament,Hosea,NLT
PHRASE,against them!”,,8,Hosea 8:5,Minor Prophets,Old Testament,Hosea,NLT
WORD,How,H4970,8,Hosea 8:5,Minor Prophets,Old Testament,Hosea,NLT
WORD,long,H5704,8,Hosea 8:5,Minor Prophets,Old Testament,Hosea,NLT
PHRASE,will they be incapable,H3201,8,Hosea 8:5,Minor Prophets,Old Testament,Hosea,NLT
PHRASE,of innocence?,H5356,8,Hosea 8:5,Minor Prophets,Old Testament,Hosea,NLT
WORD,For,H3588,8,Hosea 8:6,Minor Prophets,Old Testament,Hosea,NLT
PHRASE,from Israel,H3478,8,Hosea 8:6,Minor Prophets,Old Testament,Hosea,NLT
WORD,is,,8,Hosea 8:6,Minor Prophets,Old Testament,Hosea,NLT
PHRASE,even this!,H1931,8,Hosea 8:6,Minor Prophets,Old Testament,Hosea,NLT
PHRASE,A craftsman,H2796,8,Hosea 8:6,Minor Prophets,Old Testament,Hosea,NLT
PHRASE,"made it,",H6213,8,Hosea 8:6,Minor Prophets,Old Testament,Hosea,NLT
WORD,so,H3808,8,Hosea 8:6,Minor Prophets,Old Testament,Hosea,NLT
WORD,it,H1931,8,Hosea 8:6,Minor Prophets,Old Testament,Hosea,NLT
WORD,is,,8,Hosea 8:6,Minor Prophets,Old Testament,Hosea,NLT
WORD,not,H3808,8,Hosea 8:6,Minor Prophets,Old Testament,Hosea,NLT
WORD,God;,H430,8,Hosea 8:6,Minor Prophets,Old Testament,Hosea,NLT
WORD,Surely,H3588,8,Hosea 8:6,Minor Prophets,Old Testament,Hosea,NLT
PHRASE,the calf,H5695,8,Hosea 8:6,Minor Prophets,Old Testament,Hosea,NLT
PHRASE,of Samaria,H8111,8,Hosea 8:6,Minor Prophets,Old Testament,Hosea,NLT
PHRASE,will be broken,H1961,8,Hosea 8:6,Minor Prophets,Old Testament,Hosea,NLT
PHRASE,to pieces.,H7616,8,Hosea 8:6,Minor Prophets,Old Testament,Hosea,NLT
WORD,For,H3588,8,Hosea 8:7,Minor Prophets,Old Testament,Hosea,NLT
PHRASE,they sow,H2232,8,Hosea 8:7,Minor Prophets,Old Testament,Hosea,NLT
PHRASE,the wind,H7307,8,Hosea 8:7,Minor Prophets,Old Testament,Hosea,NLT
WORD,And,H5492,8,Hosea 8:7,Minor Prophets,Old Testament,Hosea,NLT
PHRASE,they reap,H7114,8,Hosea 8:7,Minor Prophets,Old Testament,Hosea,NLT
PHRASE,the whirlwind.,H5492,8,Hosea 8:7,Minor Prophets,Old Testament,Hosea,NLT
PHRASE,The standing grain,H7054,8,Hosea 8:7,Minor Prophets,Old Testament,Hosea,NLT
WORD,has,,8,Hosea 8:7,Minor Prophets,Old Testament,Hosea,NLT
WORD,no,H369,8,Hosea 8:7,Minor Prophets,Old Testament,Hosea,NLT
WORD,heads;,H6780,8,Hosea 8:7,Minor Prophets,Old Testament,Hosea,NLT
PHRASE,It yields,H6213,8,Hosea 8:7,Minor Prophets,Old Testament,Hosea,NLT
WORD,no,H1097,8,Hosea 8:7,Minor Prophets,Old Testament,Hosea,NLT
WORD,grain.,H7058,8,Hosea 8:7,Minor Prophets,Old Testament,Hosea,NLT
WORD,Should,H194,8,Hosea 8:7,Minor Prophets,Old Testament,Hosea,NLT
PHRASE,"it yield,",H6213,8,Hosea 8:7,Minor Prophets,Old Testament,Hosea,NLT
WORD,strangers,H2114,8,Hosea 8:7,Minor Prophets,Old Testament,Hosea,NLT
PHRASE,would swallow it up.,H1104,8,Hosea 8:7,Minor Prophets,Old Testament,Hosea,NLT
WORD,Israel,H3478,8,Hosea 8:8,Minor Prophets,Old Testament,Hosea,NLT
PHRASE,is swallowed up;,H1104,8,Hosea 8:8,Minor Prophets,Old Testament,Hosea,NLT
PHRASE,They are,H1961,8,Hosea 8:8,Minor Prophets,Old Testament,Hosea,NLT
WORD,now,H6258,8,Hosea 8:8,Minor Prophets,Old Testament,Hosea,NLT
PHRASE,among the nations,H1471,8,Hosea 8:8,Minor Prophets,Old Testament,Hosea,NLT
PHRASE,Like a vessel,H3627,8,Hosea 8:8,Minor Prophets,Old Testament,Hosea,NLT
PHRASE,in which,,8,Hosea 8:8,Minor Prophets,Old Testament,Hosea,NLT
PHRASE,no one,H369,8,Hosea 8:8,Minor Prophets,Old Testament,Hosea,NLT
WORD,delights.,H2656,8,Hosea 8:8,Minor Prophets,Old Testament,Hosea,NLT
WORD,For,H3588,8,Hosea 8:9,Minor Prophets,Old Testament,Hosea,NLT
WORD,they,H1992,8,Hosea 8:9,Minor Prophets,Old Testament,Hosea,NLT
PHRASE,have gone up,H5927,8,Hosea 8:9,Minor Prophets,Old Testament,Hosea,NLT
PHRASE,"to Assyria,",H804,8,Hosea 8:9,Minor Prophets,Old Testament,Hosea,NLT
WORD,[Like],,8,Hosea 8:9,Minor Prophets,Old Testament,Hosea,NLT
PHRASE,a wild donkey,H6501,8,Hosea 8:9,Minor Prophets,Old Testament,Hosea,NLT
PHRASE,all alone;,H909,8,Hosea 8:9,Minor Prophets,Old Testament,Hosea,NLT
WORD,Ephraim,H669,8,Hosea 8:9,Minor Prophets,Old Testament,Hosea,NLT
PHRASE,has hired,H8566,8,Hosea 8:9,Minor Prophets,Old Testament,Hosea,NLT
WORD,lovers.,H158,8,Hosea 8:9,Minor Prophets,Old Testament,Hosea,NLT
WORD,Even,H1571,8,Hosea 8:10,Minor Prophets,Old Testament,Hosea,NLT
WORD,though,H3588,8,Hosea 8:10,Minor Prophets,Old Testament,Hosea,NLT
PHRASE,they hire,H8566,8,Hosea 8:10,Minor Prophets,Old Testament,Hosea,NLT
WORD,[allies],,8,Hosea 8:10,Minor Prophets,Old Testament,Hosea,NLT
PHRASE,"among the nations,",H1471,8,Hosea 8:10,Minor Prophets,Old Testament,Hosea,NLT
WORD,Now,H6258,8,Hosea 8:10,Minor Prophets,Old Testament,Hosea,NLT
PHRASE,I will gather them up;,H6908,8,Hosea 8:10,Minor Prophets,Old Testament,Hosea,NLT
PHRASE,And they will begin,H2490,8,Hosea 8:10,Minor Prophets,Old Testament,Hosea,NLT
PHRASE,to diminish,H4592,8,Hosea 8:10,Minor Prophets,Old Testament,Hosea,NLT
PHRASE,Because of the burden,H4853,8,Hosea 8:10,Minor Prophets,Old Testament,Hosea,NLT
PHRASE,of the king,H4428,8,Hosea 8:10,Minor Prophets,Old Testament,Hosea,NLT
PHRASE,of princes.,H8269,8,Hosea 8:10,Minor Prophets,Old Testament,Hosea,NLT
WORD,Since,H3588,8,Hosea 8:11,Minor Prophets,Old Testament,Hosea,NLT
WORD,Ephraim,H669,8,Hosea 8:11,Minor Prophets,Old Testament,Hosea,NLT
PHRASE,has multiplied,H7235,8,Hosea 8:11,Minor Prophets,Old Testament,Hosea,NLT
WORD,altars,H4196,8,Hosea 8:11,Minor Prophets,Old Testament,Hosea,NLT
PHRASE,"for sin,",H2398,8,Hosea 8:11,Minor Prophets,Old Testament,Hosea,NLT
PHRASE,They have become,H1961,8,Hosea 8:11,Minor Prophets,Old Testament,Hosea,NLT
WORD,altars,H4196,8,Hosea 8:11,Minor Prophets,Old Testament,Hosea,NLT
PHRASE,of sinning,H2398,8,Hosea 8:11,Minor Prophets,Old Testament,Hosea,NLT
PHRASE,for him.,,8,Hosea 8:11,Minor Prophets,Old Testament,Hosea,NLT
PHRASE,Though I wrote,H3789,8,Hosea 8:12,Minor Prophets,Old Testament,Hosea,NLT
PHRASE,for him,,8,Hosea 8:12,Minor Prophets,Old Testament,Hosea,NLT
PHRASE,ten thousand,H7230,8,Hosea 8:12,Minor Prophets,Old Testament,Hosea,NLT
WORD,[precepts],,8,Hosea 8:12,Minor Prophets,Old Testament,Hosea,NLT
PHRASE,"of My law,",H8451,8,Hosea 8:12,Minor Prophets,Old Testament,Hosea,NLT
PHRASE,They are regarded,H2803,8,Hosea 8:12,Minor Prophets,Old Testament,Hosea,NLT
WORD,as,H3644,8,Hosea 8:12,Minor Prophets,Old Testament,Hosea,NLT
PHRASE,a strange thing.,H2114,8,Hosea 8:12,Minor Prophets,Old Testament,Hosea,NLT
PHRASE,As for,H2077,8,Hosea 8:13,Minor Prophets,Old Testament,Hosea,NLT
WORD,My,H1890,8,Hosea 8:13,Minor Prophets,Old Testament,Hosea,NLT
WORD,sacrificial,H2077,8,Hosea 8:13,Minor Prophets,Old Testament,Hosea,NLT
WORD,"gifts,",H1890,8,Hosea 8:13,Minor Prophets,Old Testament,Hosea,NLT
PHRASE,They sacrifice,H2076,8,Hosea 8:13,Minor Prophets,Old Testament,Hosea,NLT
PHRASE,the flesh,H1320,8,Hosea 8:13,Minor Prophets,Old Testament,Hosea,NLT
PHRASE,and eat,H398,8,Hosea 8:13,Minor Prophets,Old Testament,Hosea,NLT
PHRASE,"[it], [But]",,8,Hosea 8:13,Minor Prophets,Old Testament,Hosea,NLT
PHRASE,the LORD,H3068,8,Hosea 8:13,Minor Prophets,Old Testament,Hosea,NLT
PHRASE,has taken,H7521,8,Hosea 8:13,Minor Prophets,Old Testament,Hosea,NLT
WORD,no,H3808,8,Hosea 8:13,Minor Prophets,Old Testament,Hosea,NLT
PHRASE,delight in them.,H7521,8,Hosea 8:13,Minor Prophets,Old Testament,Hosea,NLT
WORD,Now,H6258,8,Hosea 8:13,Minor Prophets,Old Testament,Hosea,NLT
PHRASE,He will remember,H2142,8,Hosea 8:13,Minor Prophets,Old Testament,Hosea,NLT
PHRASE,"their iniquity,",H5771,8,Hosea 8:13,Minor Prophets,Old Testament,Hosea,NLT
PHRASE,And punish,H6485,8,Hosea 8:13,Minor Prophets,Old Testament,Hosea,NLT
WORD,[them],,8,Hosea 8:13,Minor Prophets,Old Testament,Hosea,NLT
PHRASE,for their sins;,H2403,8,Hosea 8:13,Minor Prophets,Old Testament,Hosea,NLT
WORD,They,H1992,8,Hosea 8:13,Minor Prophets,Old Testament,Hosea,NLT
PHRASE,will return,H7725,8,Hosea 8:13,Minor Prophets,Old Testament,Hosea,NLT
PHRASE,to Egypt.,H4714,8,Hosea 8:13,Minor Prophets,Old Testament,Hosea,NLT
WORD,For,H7911,8,Hosea 8:14,Minor Prophets,Old Testament,Hosea,NLT
WORD,Israel,H3478,8,Hosea 8:14,Minor Prophets,Old Testament,Hosea,NLT
PHRASE,has forgotten,H7911,8,Hosea 8:14,Minor Prophets,Old Testament,Hosea,NLT
PHRASE,his Maker,H6213,8,Hosea 8:14,Minor Prophets,Old Testament,Hosea,NLT
PHRASE,and built,H1129,8,Hosea 8:14,Minor Prophets,Old Testament,Hosea,NLT
WORD,palaces;,H1964,8,Hosea 8:14,Minor Prophets,Old Testament,Hosea,NLT
PHRASE,And Judah,H3063,8,Hosea 8:14,Minor Prophets,Old Testament,Hosea,NLT
PHRASE,has multiplied,H7235,8,Hosea 8:14,Minor Prophets,Old Testament,Hosea,NLT
WORD,fortified,H1219,8,Hosea 8:14,Minor Prophets,Old Testament,Hosea,NLT
WORD,"cities,",H5892,8,Hosea 8:14,Minor Prophets,Old Testament,Hosea,NLT
PHRASE,But I will send,H7971,8,Hosea 8:14,Minor Prophets,Old Testament,Hosea,NLT
PHRASE,a fire,H784,8,Hosea 8:14,Minor Prophets,Old Testament,Hosea,NLT
PHRASE,on its cities,H5892,8,Hosea 8:14,Minor Prophets,Old Testament,Hosea,NLT
PHRASE,that it may consume,H398,8,Hosea 8:14,Minor Prophets,Old Testament,Hosea,NLT
PHRASE,its palatial dwellings.,H759,8,Hosea 8:14,Minor Prophets,Old Testament,Hosea,NLT
WORD,Do,H8055,9,Hosea 9:1,Minor Prophets,Old Testament,Hosea,NLT
WORD,not,H408,9,Hosea 9:1,Minor Prophets,Old Testament,Hosea,NLT
WORD,"rejoice,",H8055,9,Hosea 9:1,Minor Prophets,Old Testament,Hosea,NLT
PHRASE,"O Israel,",H3478,9,Hosea 9:1,Minor Prophets,Old Testament,Hosea,NLT
WORD,with,H413,9,Hosea 9:1,Minor Prophets,Old Testament,Hosea,NLT
WORD,exultation,H1524,9,Hosea 9:1,Minor Prophets,Old Testament,Hosea,NLT
PHRASE,like the nations!,H5971,9,Hosea 9:1,Minor Prophets,Old Testament,Hosea,NLT
WORD,For,H3588,9,Hosea 9:1,Minor Prophets,Old Testament,Hosea,NLT
PHRASE,"you have played the harlot,",H2181,9,Hosea 9:1,Minor Prophets,Old Testament,Hosea,NLT
WORD,forsaking,H5921,9,Hosea 9:1,Minor Prophets,Old Testament,Hosea,NLT
PHRASE,your God.,H430,9,Hosea 9:1,Minor Prophets,Old Testament,Hosea,NLT
PHRASE,You have loved,H157,9,Hosea 9:1,Minor Prophets,Old Testament,Hosea,NLT
WORD,[harlots]’,,9,Hosea 9:1,Minor Prophets,Old Testament,Hosea,NLT
WORD,earnings,H868,9,Hosea 9:1,Minor Prophets,Old Testament,Hosea,NLT
WORD,on,H5921,9,Hosea 9:1,Minor Prophets,Old Testament,Hosea,NLT
WORD,every,H3605,9,Hosea 9:1,Minor Prophets,Old Testament,Hosea,NLT
PHRASE,threshing floor.,H1637,9,Hosea 9:1,Minor Prophets,Old Testament,Hosea,NLT
PHRASE,Threshing floor,H1637,9,Hosea 9:2,Minor Prophets,Old Testament,Hosea,NLT
PHRASE,and wine press,H3342,9,Hosea 9:2,Minor Prophets,Old Testament,Hosea,NLT
WORD,will,H7462,9,Hosea 9:2,Minor Prophets,Old Testament,Hosea,NLT
WORD,not,H3808,9,Hosea 9:2,Minor Prophets,Old Testament,Hosea,NLT
PHRASE,"feed them,",H7462,9,Hosea 9:2,Minor Prophets,Old Testament,Hosea,NLT
PHRASE,And the new wine,H8492,9,Hosea 9:2,Minor Prophets,Old Testament,Hosea,NLT
PHRASE,will fail,H3584,9,Hosea 9:2,Minor Prophets,Old Testament,Hosea,NLT
WORD,them.,,9,Hosea 9:2,Minor Prophets,Old Testament,Hosea,NLT
PHRASE,They will,H3427,9,Hosea 9:3,Minor Prophets,Old Testament,Hosea,NLT
WORD,not,H3808,9,Hosea 9:3,Minor Prophets,Old Testament,Hosea,NLT
WORD,remain,H3427,9,Hosea 9:3,Minor Prophets,Old Testament,Hosea,NLT
PHRASE,in the,H776,9,Hosea 9:3,Minor Prophets,Old Testament,Hosea,NLT
WORD,LORD’S,H3068,9,Hosea 9:3,Minor Prophets,Old Testament,Hosea,NLT
WORD,"land,",H776,9,Hosea 9:3,Minor Prophets,Old Testament,Hosea,NLT
WORD,But,H7725,9,Hosea 9:3,Minor Prophets,Old Testament,Hosea,NLT
WORD,Ephraim,H669,9,Hosea 9:3,Minor Prophets,Old Testament,Hosea,NLT
PHRASE,will return,H7725,9,Hosea 9:3,Minor Prophets,Old Testament,Hosea,NLT
PHRASE,"to Egypt,",H4714,9,Hosea 9:3,Minor Prophets,Old Testament,Hosea,NLT
PHRASE,And in Assyria,H804,9,Hosea 9:3,Minor Prophets,Old Testament,Hosea,NLT
PHRASE,they will eat,H398,9,Hosea 9:3,Minor Prophets,Old Testament,Hosea,NLT
WORD,unclean,H2931,9,Hosea 9:3,Minor Prophets,Old Testament,Hosea,NLT
WORD,[food].,,9,Hosea 9:3,Minor Prophets,Old Testament,Hosea,NLT
PHRASE,They will,H5258,9,Hosea 9:4,Minor Prophets,Old Testament,Hosea,NLT
WORD,not,H3808,9,Hosea 9:4,Minor Prophets,Old Testament,Hosea,NLT
PHRASE,pour out drink offerings,H5258,9,Hosea 9:4,Minor Prophets,Old Testament,Hosea,NLT
PHRASE,of wine,H3196,9,Hosea 9:4,Minor Prophets,Old Testament,Hosea,NLT
PHRASE,"to the LORD,",H3068,9,Hosea 9:4,Minor Prophets,Old Testament,Hosea,NLT
PHRASE,Their sacrifices,H2077,9,Hosea 9:4,Minor Prophets,Old Testament,Hosea,NLT
WORD,will,H6148,9,Hosea 9:4,Minor Prophets,Old Testament,Hosea,NLT
WORD,not,H3808,9,Hosea 9:4,Minor Prophets,Old Testament,Hosea,NLT
WORD,please,H6148,9,Hosea 9:4,Minor Prophets,Old Testament,Hosea,NLT
WORD,Him.,,9,Hosea 9:4,Minor Prophets,Old Testament,Hosea,NLT
PHRASE,[Their bread will] [be],,9,Hosea 9:4,Minor Prophets,Old Testament,Hosea,NLT
WORD,like,H3899,9,Hosea 9:4,Minor Prophets,Old Testament,Hosea,NLT
WORD,mourners’,H205,9,Hosea 9:4,Minor Prophets,Old Testament,Hosea,NLT
WORD,bread;,H3899,9,Hosea 9:4,Minor Prophets,Old Testament,Hosea,NLT
WORD,All,H3605,9,Hosea 9:4,Minor Prophets,Old Testament,Hosea,NLT
PHRASE,who eat of it,H398,9,Hosea 9:4,Minor Prophets,Old Testament,Hosea,NLT
PHRASE,"will be defiled,",H2930,9,Hosea 9:4,Minor Prophets,Old Testament,Hosea,NLT
WORD,For,H3588,9,Hosea 9:4,Minor Prophets,Old Testament,Hosea,NLT
PHRASE,their bread,H3899,9,Hosea 9:4,Minor Prophets,Old Testament,Hosea,NLT
PHRASE,will be for themselves,H5315,9,Hosea 9:4,Minor Prophets,Old Testament,Hosea,NLT
WORD,[alone];,,9,Hosea 9:4,Minor Prophets,Old Testament,Hosea,NLT
PHRASE,It will,H935,9,Hosea 9:4,Minor Prophets,Old Testament,Hosea,NLT
WORD,not,H3808,9,Hosea 9:4,Minor Prophets,Old Testament,Hosea,NLT
WORD,enter,H935,9,Hosea 9:4,Minor Prophets,Old Testament,Hosea,NLT
PHRASE,the house,H1004,9,Hosea 9:4,Minor Prophets,Old Testament,Hosea,NLT
PHRASE,of the LORD.,H3068,9,Hosea 9:4,Minor Prophets,Old Testament,Hosea,NLT
WORD,What,H4100,9,Hosea 9:5,Minor Prophets,Old Testament,Hosea,NLT
PHRASE,will you do,H6213,9,Hosea 9:5,Minor Prophets,Old Testament,Hosea,NLT
PHRASE,on the day,H3117,9,Hosea 9:5,Minor Prophets,Old Testament,Hosea,NLT
PHRASE,of the appointed festival,H4150,9,Hosea 9:5,Minor Prophets,Old Testament,Hosea,NLT
PHRASE,And on the day,H3117,9,Hosea 9:5,Minor Prophets,Old Testament,Hosea,NLT
PHRASE,of the feast,H2282,9,Hosea 9:5,Minor Prophets,Old Testament,Hosea,NLT
PHRASE,of the LORD?,H3068,9,Hosea 9:5,Minor Prophets,Old Testament,Hosea,NLT
WORD,For,H3588,9,Hosea 9:6,Minor Prophets,Old Testament,Hosea,NLT
WORD,"behold,",H2009,9,Hosea 9:6,Minor Prophets,Old Testament,Hosea,NLT
PHRASE,they will go,H1980,9,Hosea 9:6,Minor Prophets,Old Testament,Hosea,NLT
PHRASE,because of destruction;,H7701,9,Hosea 9:6,Minor Prophets,Old Testament,Hosea,NLT
WORD,Egypt,H4714,9,Hosea 9:6,Minor Prophets,Old Testament,Hosea,NLT
PHRASE,"will gather them up,",H6908,9,Hosea 9:6,Minor Prophets,Old Testament,Hosea,NLT
WORD,Memphis,H4644,9,Hosea 9:6,Minor Prophets,Old Testament,Hosea,NLT
PHRASE,will bury them.,H6912,9,Hosea 9:6,Minor Prophets,Old Testament,Hosea,NLT
WORD,Weeds,H7057,9,Hosea 9:6,Minor Prophets,Old Testament,Hosea,NLT
PHRASE,will take over,H3423,9,Hosea 9:6,Minor Prophets,Old Testament,Hosea,NLT
WORD,their,H3701,9,Hosea 9:6,Minor Prophets,Old Testament,Hosea,NLT
WORD,treasures,H4261,9,Hosea 9:6,Minor Prophets,Old Testament,Hosea,NLT
PHRASE,of silver;,H3701,9,Hosea 9:6,Minor Prophets,Old Testament,Hosea,NLT
WORD,Thorns,H2336,9,Hosea 9:6,Minor Prophets,Old Testament,Hosea,NLT
PHRASE,[will be],,9,Hosea 9:6,Minor Prophets,Old Testament,Hosea,NLT
PHRASE,in their tents.,H168,9,Hosea 9:6,Minor Prophets,Old Testament,Hosea,NLT
PHRASE,The days,H3117,9,Hosea 9:7,Minor Prophets,Old Testament,Hosea,NLT
PHRASE,of punishment,H6486,9,Hosea 9:7,Minor Prophets,Old Testament,Hosea,NLT
PHRASE,"have come,",H935,9,Hosea 9:7,Minor Prophets,Old Testament,Hosea,NLT
PHRASE,The days,H3117,9,Hosea 9:7,Minor Prophets,Old Testament,Hosea,NLT
PHRASE,of retribution,H7966,9,Hosea 9:7,Minor Prophets,Old Testament,Hosea,NLT
PHRASE,have come;,H935,9,Hosea 9:7,Minor Prophets,Old Testament,Hosea,NLT
WORD,Let,H3045,9,Hosea 9:7,Minor Prophets,Old Testament,Hosea,NLT
WORD,Israel,H3478,9,Hosea 9:7,Minor Prophets,Old Testament,Hosea,NLT
WORD,know,H3045,9,Hosea 9:7,Minor Prophets,Old Testament,Hosea,NLT
WORD,[this]!,,9,Hosea 9:7,Minor Prophets,Old Testament,Hosea,NLT
PHRASE,The prophet,H5030,9,Hosea 9:7,Minor Prophets,Old Testament,Hosea,NLT
WORD,is,,9,Hosea 9:7,Minor Prophets,Old Testament,Hosea,NLT
PHRASE,"a fool,",H191,9,Hosea 9:7,Minor Prophets,Old Testament,Hosea,NLT
PHRASE,The inspired,H7307,9,Hosea 9:7,Minor Prophets,Old Testament,Hosea,NLT
WORD,man,H376,9,Hosea 9:7,Minor Prophets,Old Testament,Hosea,NLT
PHRASE,"is demented,",H7696,9,Hosea 9:7,Minor Prophets,Old Testament,Hosea,NLT
PHRASE,Because of,H5921,9,Hosea 9:7,Minor Prophets,Old Testament,Hosea,NLT
PHRASE,the grossness,H7230,9,Hosea 9:7,Minor Prophets,Old Testament,Hosea,NLT
PHRASE,"of your iniquity,",H5771,9,Hosea 9:7,Minor Prophets,Old Testament,Hosea,NLT
WORD,And,H7227,9,Hosea 9:7,Minor Prophets,Old Testament,Hosea,NLT
WORD,[because],,9,Hosea 9:7,Minor Prophets,Old Testament,Hosea,NLT
PHRASE,your hostility,H4895,9,Hosea 9:7,Minor Prophets,Old Testament,Hosea,NLT
PHRASE,is [so],,9,Hosea 9:7,Minor Prophets,Old Testament,Hosea,NLT
WORD,great.,H7227,9,Hosea 9:7,Minor Prophets,Old Testament,Hosea,NLT
WORD,Ephraim,H669,9,Hosea 9:8,Minor Prophets,Old Testament,Hosea,NLT
WORD,[was],,9,Hosea 9:8,Minor Prophets,Old Testament,Hosea,NLT
PHRASE,a watchman,H6822,9,Hosea 9:8,Minor Prophets,Old Testament,Hosea,NLT
WORD,with,H5973,9,Hosea 9:8,Minor Prophets,Old Testament,Hosea,NLT
PHRASE,"my God,",H430,9,Hosea 9:8,Minor Prophets,Old Testament,Hosea,NLT
PHRASE,a prophet;,H5030,9,Hosea 9:8,Minor Prophets,Old Testament,Hosea,NLT
WORD,[Yet],,9,Hosea 9:8,Minor Prophets,Old Testament,Hosea,NLT
PHRASE,the snare,H6341,9,Hosea 9:8,Minor Prophets,Old Testament,Hosea,NLT
PHRASE,of a bird catcher,H3352,9,Hosea 9:8,Minor Prophets,Old Testament,Hosea,NLT
WORD,is,,9,Hosea 9:8,Minor Prophets,Old Testament,Hosea,NLT
WORD,in,H5921,9,Hosea 9:8,Minor Prophets,Old Testament,Hosea,NLT
WORD,all,H3605,9,Hosea 9:8,Minor Prophets,Old Testament,Hosea,NLT
PHRASE,"his ways,",H1870,9,Hosea 9:8,Minor Prophets,Old Testament,Hosea,NLT
PHRASE,[And] there is [only],,9,Hosea 9:8,Minor Prophets,Old Testament,Hosea,NLT
WORD,hostility,H4895,9,Hosea 9:8,Minor Prophets,Old Testament,Hosea,NLT
PHRASE,in the house,H1004,9,Hosea 9:8,Minor Prophets,Old Testament,Hosea,NLT
PHRASE,of his God.,H430,9,Hosea 9:8,Minor Prophets,Old Testament,Hosea,NLT
PHRASE,They have gone deep,H6009,9,Hosea 9:9,Minor Prophets,Old Testament,Hosea,NLT
PHRASE,in depravity,H7843,9,Hosea 9:9,Minor Prophets,Old Testament,Hosea,NLT
PHRASE,As in the days,H3117,9,Hosea 9:9,Minor Prophets,Old Testament,Hosea,NLT
PHRASE,of Gibeah;,H1390,9,Hosea 9:9,Minor Prophets,Old Testament,Hosea,NLT
PHRASE,He will remember,H2142,9,Hosea 9:9,Minor Prophets,Old Testament,Hosea,NLT
PHRASE,"their iniquity,",H5771,9,Hosea 9:9,Minor Prophets,Old Testament,Hosea,NLT
PHRASE,He will punish,H6485,9,Hosea 9:9,Minor Prophets,Old Testament,Hosea,NLT
PHRASE,their sins.,H2403,9,Hosea 9:9,Minor Prophets,Old Testament,Hosea,NLT
PHRASE,I found,H4672,9,Hosea 9:10,Minor Prophets,Old Testament,Hosea,NLT
WORD,Israel,H3478,9,Hosea 9:10,Minor Prophets,Old Testament,Hosea,NLT
PHRASE,like grapes,H6025,9,Hosea 9:10,Minor Prophets,Old Testament,Hosea,NLT
PHRASE,in the wilderness;,H4057,9,Hosea 9:10,Minor Prophets,Old Testament,Hosea,NLT
PHRASE,I saw,H7200,9,Hosea 9:10,Minor Prophets,Old Testament,Hosea,NLT
PHRASE,your forefathers,H1,9,Hosea 9:10,Minor Prophets,Old Testament,Hosea,NLT
PHRASE,as the earliest fruit,H1063,9,Hosea 9:10,Minor Prophets,Old Testament,Hosea,NLT
PHRASE,on the fig tree,H8384,9,Hosea 9:10,Minor Prophets,Old Testament,Hosea,NLT
PHRASE,in its first,H7225,9,Hosea 9:10,Minor Prophets,Old Testament,Hosea,NLT
WORD,[season].,,9,Hosea 9:10,Minor Prophets,Old Testament,Hosea,NLT
WORD,[But],,9,Hosea 9:10,Minor Prophets,Old Testament,Hosea,NLT
WORD,they,H1992,9,Hosea 9:10,Minor Prophets,Old Testament,Hosea,NLT
WORD,came,H935,9,Hosea 9:10,Minor Prophets,Old Testament,Hosea,NLT
PHRASE,to Baal-peor,H1187,9,Hosea 9:10,Minor Prophets,Old Testament,Hosea,NLT
PHRASE,and devoted themselves,H5144,9,Hosea 9:10,Minor Prophets,Old Testament,Hosea,NLT
PHRASE,"to shame,",H1322,9,Hosea 9:10,Minor Prophets,Old Testament,Hosea,NLT
PHRASE,And they became,H1961,9,Hosea 9:10,Minor Prophets,Old Testament,Hosea,NLT
PHRASE,as detestable,H8251,9,Hosea 9:10,Minor Prophets,Old Testament,Hosea,NLT
PHRASE,as that which they loved.,H157,9,Hosea 9:10,Minor Prophets,Old Testament,Hosea,NLT
PHRASE,As for,,9,Hosea 9:11,Minor Prophets,Old Testament,Hosea,NLT
WORD,"Ephraim,",H669,9,Hosea 9:11,Minor Prophets,Old Testament,Hosea,NLT
PHRASE,their glory,H3519,9,Hosea 9:11,Minor Prophets,Old Testament,Hosea,NLT
PHRASE,will fly away,H5774,9,Hosea 9:11,Minor Prophets,Old Testament,Hosea,NLT
PHRASE,like a bird,H5775,9,Hosea 9:11,Minor Prophets,Old Testament,Hosea,NLT
PHRASE,"No birth,",H3205,9,Hosea 9:11,Minor Prophets,Old Testament,Hosea,NLT
PHRASE,no pregnancy,H990,9,Hosea 9:11,Minor Prophets,Old Testament,Hosea,NLT
PHRASE,and no conception!,H2032,9,Hosea 9:11,Minor Prophets,Old Testament,Hosea,NLT
WORD,Though,H518,9,Hosea 9:12,Minor Prophets,Old Testament,Hosea,NLT
PHRASE,they bring up,H1431,9,Hosea 9:12,Minor Prophets,Old Testament,Hosea,NLT
PHRASE,"their children,",H1121,9,Hosea 9:12,Minor Prophets,Old Testament,Hosea,NLT
PHRASE,Yet I will bereave them,H7921,9,Hosea 9:12,Minor Prophets,Old Testament,Hosea,NLT
PHRASE,until not a man is left.,H120,9,Hosea 9:12,Minor Prophets,Old Testament,Hosea,NLT
WORD,"Yes,",H3588,9,Hosea 9:12,Minor Prophets,Old Testament,Hosea,NLT
WORD,woe,H188,9,Hosea 9:12,Minor Prophets,Old Testament,Hosea,NLT
PHRASE,to them,,9,Hosea 9:12,Minor Prophets,Old Testament,Hosea,NLT
WORD,indeed,H1571,9,Hosea 9:12,Minor Prophets,Old Testament,Hosea,NLT
PHRASE,when I depart,H5493,9,Hosea 9:12,Minor Prophets,Old Testament,Hosea,NLT
PHRASE,from them!,H1992,9,Hosea 9:12,Minor Prophets,Old Testament,Hosea,NLT
WORD,"Ephraim,",H669,9,Hosea 9:13,Minor Prophets,Old Testament,Hosea,NLT
WORD,as,H834,9,Hosea 9:13,Minor Prophets,Old Testament,Hosea,NLT
PHRASE,"I have seen,",H7200,9,Hosea 9:13,Minor Prophets,Old Testament,Hosea,NLT
PHRASE,Is planted,H8362,9,Hosea 9:13,Minor Prophets,Old Testament,Hosea,NLT
PHRASE,in a pleasant meadow,H5116,9,Hosea 9:13,Minor Prophets,Old Testament,Hosea,NLT
PHRASE,like Tyre;,H6865,9,Hosea 9:13,Minor Prophets,Old Testament,Hosea,NLT
PHRASE,But Ephraim,H669,9,Hosea 9:13,Minor Prophets,Old Testament,Hosea,NLT
PHRASE,will bring out,H3318,9,Hosea 9:13,Minor Prophets,Old Testament,Hosea,NLT
PHRASE,his children,H1121,9,Hosea 9:13,Minor Prophets,Old Testament,Hosea,NLT
WORD,for,H413,9,Hosea 9:13,Minor Prophets,Old Testament,Hosea,NLT
WORD,slaughter.,H2026,9,Hosea 9:13,Minor Prophets,Old Testament,Hosea,NLT
WORD,Give,H5414,9,Hosea 9:14,Minor Prophets,Old Testament,Hosea,NLT
WORD,"them,",,9,Hosea 9:14,Minor Prophets,Old Testament,Hosea,NLT
PHRASE,O LORD,H3068,9,Hosea 9:14,Minor Prophets,Old Testament,Hosea,NLT
WORD,what,H4100,9,Hosea 9:14,Minor Prophets,Old Testament,Hosea,NLT
PHRASE,will You give?,H5414,9,Hosea 9:14,Minor Prophets,Old Testament,Hosea,NLT
WORD,Give,H5414,9,Hosea 9:14,Minor Prophets,Old Testament,Hosea,NLT
WORD,them,,9,Hosea 9:14,Minor Prophets,Old Testament,Hosea,NLT
WORD,a,H7358,9,Hosea 9:14,Minor Prophets,Old Testament,Hosea,NLT
WORD,miscarrying,H7921,9,Hosea 9:14,Minor Prophets,Old Testament,Hosea,NLT
WORD,womb,H7358,9,Hosea 9:14,Minor Prophets,Old Testament,Hosea,NLT
WORD,and,H7699,9,Hosea 9:14,Minor Prophets,Old Testament,Hosea,NLT
WORD,dry,H6784,9,Hosea 9:14,Minor Prophets,Old Testament,Hosea,NLT
WORD,breasts.,H7699,9,Hosea 9:14,Minor Prophets,Old Testament,Hosea,NLT
WORD,All,H3605,9,Hosea 9:15,Minor Prophets,Old Testament,Hosea,NLT
PHRASE,their evil,H7451,9,Hosea 9:15,Minor Prophets,Old Testament,Hosea,NLT
WORD,is,,9,Hosea 9:15,Minor Prophets,Old Testament,Hosea,NLT
PHRASE,at Gilgal;,H1537,9,Hosea 9:15,Minor Prophets,Old Testament,Hosea,NLT
WORD,"Indeed,",H3588,9,Hosea 9:15,Minor Prophets,Old Testament,Hosea,NLT
PHRASE,I came to hate them,H8130,9,Hosea 9:15,Minor Prophets,Old Testament,Hosea,NLT
WORD,there!,H8033,9,Hosea 9:15,Minor Prophets,Old Testament,Hosea,NLT
PHRASE,Because of,H5921,9,Hosea 9:15,Minor Prophets,Old Testament,Hosea,NLT
PHRASE,the wickedness,H7455,9,Hosea 9:15,Minor Prophets,Old Testament,Hosea,NLT
PHRASE,of their deeds,H4611,9,Hosea 9:15,Minor Prophets,Old Testament,Hosea,NLT
PHRASE,I will drive them out,H1644,9,Hosea 9:15,Minor Prophets,Old Testament,Hosea,NLT
PHRASE,of My house!,H1004,9,Hosea 9:15,Minor Prophets,Old Testament,Hosea,NLT
PHRASE,I will love them,H160,9,Hosea 9:15,Minor Prophets,Old Testament,Hosea,NLT
WORD,no,H3808,9,Hosea 9:15,Minor Prophets,Old Testament,Hosea,NLT
WORD,more;,H3254,9,Hosea 9:15,Minor Prophets,Old Testament,Hosea,NLT
WORD,All,H3605,9,Hosea 9:15,Minor Prophets,Old Testament,Hosea,NLT
PHRASE,their princes,H8269,9,Hosea 9:15,Minor Prophets,Old Testament,Hosea,NLT
PHRASE,are rebels.,H5637,9,Hosea 9:15,Minor Prophets,Old Testament,Hosea,NLT
WORD,Ephraim,H669,9,Hosea 9:16,Minor Prophets,Old Testament,Hosea,NLT
PHRASE,"is stricken,",H5221,9,Hosea 9:16,Minor Prophets,Old Testament,Hosea,NLT
PHRASE,their root,H8328,9,Hosea 9:16,Minor Prophets,Old Testament,Hosea,NLT
PHRASE,"is dried up,",H3001,9,Hosea 9:16,Minor Prophets,Old Testament,Hosea,NLT
PHRASE,They will bear,H6213,9,Hosea 9:16,Minor Prophets,Old Testament,Hosea,NLT
WORD,no,H1077,9,Hosea 9:16,Minor Prophets,Old Testament,Hosea,NLT
WORD,fruit.,H6529,9,Hosea 9:16,Minor Prophets,Old Testament,Hosea,NLT
WORD,Even,H1571,9,Hosea 9:16,Minor Prophets,Old Testament,Hosea,NLT
WORD,though,H3588,9,Hosea 9:16,Minor Prophets,Old Testament,Hosea,NLT
PHRASE,"they bear children,",H3205,9,Hosea 9:16,Minor Prophets,Old Testament,Hosea,NLT
PHRASE,I will slay,H4191,9,Hosea 9:16,Minor Prophets,Old Testament,Hosea,NLT
PHRASE,the precious ones,H4261,9,Hosea 9:16,Minor Prophets,Old Testament,Hosea,NLT
PHRASE,of their womb.,H990,9,Hosea 9:16,Minor Prophets,Old Testament,Hosea,NLT
PHRASE,My God,H430,9,Hosea 9:17,Minor Prophets,Old Testament,Hosea,NLT
PHRASE,will cast them away,H3988,9,Hosea 9:17,Minor Prophets,Old Testament,Hosea,NLT
WORD,Because,H3588,9,Hosea 9:17,Minor Prophets,Old Testament,Hosea,NLT
PHRASE,they have,H8085,9,Hosea 9:17,Minor Prophets,Old Testament,Hosea,NLT
WORD,not,H3808,9,Hosea 9:17,Minor Prophets,Old Testament,Hosea,NLT
WORD,listened,H8085,9,Hosea 9:17,Minor Prophets,Old Testament,Hosea,NLT
PHRASE,to Him;,,9,Hosea 9:17,Minor Prophets,Old Testament,Hosea,NLT
PHRASE,And they will be,H1961,9,Hosea 9:17,Minor Prophets,Old Testament,Hosea,NLT
WORD,wanderers,H5074,9,Hosea 9:17,Minor Prophets,Old Testament,Hosea,NLT
PHRASE,among the nations.,H1471,9,Hosea 9:17,Minor Prophets,Old Testament,Hosea,NLT
WORD,Israel,H3478,10,Hosea 10:1,Minor Prophets,Old Testament,Hosea,NLT
WORD,is,,10,Hosea 10:1,Minor Prophets,Old Testament,Hosea,NLT
WORD,a,H1612,10,Hosea 10:1,Minor Prophets,Old Testament,Hosea,NLT
WORD,luxuriant,H1238,10,Hosea 10:1,Minor Prophets,Old Testament,Hosea,NLT
WORD,vine;,H1612,10,Hosea 10:1,Minor Prophets,Old Testament,Hosea,NLT
PHRASE,He produces,H7737,10,Hosea 10:1,Minor Prophets,Old Testament,Hosea,NLT
WORD,fruit,H6529,10,Hosea 10:1,Minor Prophets,Old Testament,Hosea,NLT
PHRASE,for himself.,,10,Hosea 10:1,Minor Prophets,Old Testament,Hosea,NLT
PHRASE,The more,H7230,10,Hosea 10:1,Minor Prophets,Old Testament,Hosea,NLT
PHRASE,"his fruit,",H6529,10,Hosea 10:1,Minor Prophets,Old Testament,Hosea,NLT
PHRASE,The more,H7235,10,Hosea 10:1,Minor Prophets,Old Testament,Hosea,NLT
WORD,altars,H4196,10,Hosea 10:1,Minor Prophets,Old Testament,Hosea,NLT
PHRASE,he made;,H7235,10,Hosea 10:1,Minor Prophets,Old Testament,Hosea,NLT
PHRASE,The richer,H2896,10,Hosea 10:1,Minor Prophets,Old Testament,Hosea,NLT
PHRASE,"his land,",H776,10,Hosea 10:1,Minor Prophets,Old Testament,Hosea,NLT
PHRASE,The better he made,H3190,10,Hosea 10:1,Minor Prophets,Old Testament,Hosea,NLT
WORD,the,H4676,10,Hosea 10:1,Minor Prophets,Old Testament,Hosea,NLT
WORD,[sacred],,10,Hosea 10:1,Minor Prophets,Old Testament,Hosea,NLT
WORD,pillars.,H4676,10,Hosea 10:1,Minor Prophets,Old Testament,Hosea,NLT
PHRASE,Their heart,H3820,10,Hosea 10:2,Minor Prophets,Old Testament,Hosea,NLT
PHRASE,is faithless;,H2505,10,Hosea 10:2,Minor Prophets,Old Testament,Hosea,NLT
WORD,Now,H6258,10,Hosea 10:2,Minor Prophets,Old Testament,Hosea,NLT
PHRASE,they must bear their guilt.,H816,10,Hosea 10:2,Minor Prophets,Old Testament,Hosea,NLT
PHRASE,The LORD,H1931,10,Hosea 10:2,Minor Prophets,Old Testament,Hosea,NLT
PHRASE,will break down,H6202,10,Hosea 10:2,Minor Prophets,Old Testament,Hosea,NLT
PHRASE,their altars,H4196,10,Hosea 10:2,Minor Prophets,Old Testament,Hosea,NLT
WORD,[And],,10,Hosea 10:2,Minor Prophets,Old Testament,Hosea,NLT
WORD,destroy,H7703,10,Hosea 10:2,Minor Prophets,Old Testament,Hosea,NLT
WORD,their,H4676,10,Hosea 10:2,Minor Prophets,Old Testament,Hosea,NLT
WORD,[sacred],,10,Hosea 10:2,Minor Prophets,Old Testament,Hosea,NLT
WORD,pillars.,H4676,10,Hosea 10:2,Minor Prophets,Old Testament,Hosea,NLT
WORD,Surely,H3588,10,Hosea 10:3,Minor Prophets,Old Testament,Hosea,NLT
WORD,now,H6258,10,Hosea 10:3,Minor Prophets,Old Testament,Hosea,NLT
PHRASE,"they will say,",H559,10,Hosea 10:3,Minor Prophets,Old Testament,Hosea,NLT
PHRASE,“We have,,10,Hosea 10:3,Minor Prophets,Old Testament,Hosea,NLT
WORD,no,H369,10,Hosea 10:3,Minor Prophets,Old Testament,Hosea,NLT
WORD,"king,",H4428,10,Hosea 10:3,Minor Prophets,Old Testament,Hosea,NLT
WORD,For,H3588,10,Hosea 10:3,Minor Prophets,Old Testament,Hosea,NLT
PHRASE,we do,H3372,10,Hosea 10:3,Minor Prophets,Old Testament,Hosea,NLT
WORD,not,H3808,10,Hosea 10:3,Minor Prophets,Old Testament,Hosea,NLT
WORD,revere,H3372,10,Hosea 10:3,Minor Prophets,Old Testament,Hosea,NLT
PHRASE,the LORD.,H3068,10,Hosea 10:3,Minor Prophets,Old Testament,Hosea,NLT
PHRASE,"As for the king,",H4428,10,Hosea 10:3,Minor Prophets,Old Testament,Hosea,NLT
WORD,what,H4100,10,Hosea 10:3,Minor Prophets,Old Testament,Hosea,NLT
PHRASE,can he do,H6213,10,Hosea 10:3,Minor Prophets,Old Testament,Hosea,NLT
PHRASE,for us?”,,10,Hosea 10:3,Minor Prophets,Old Testament,Hosea,NLT
PHRASE,They speak,H1696,10,Hosea 10:4,Minor Prophets,Old Testament,Hosea,NLT
WORD,[mere],,10,Hosea 10:4,Minor Prophets,Old Testament,Hosea,NLT
WORD,"words,",H1697,10,Hosea 10:4,Minor Prophets,Old Testament,Hosea,NLT
WORD,With,H422,10,Hosea 10:4,Minor Prophets,Old Testament,Hosea,NLT
WORD,worthless,H7723,10,Hosea 10:4,Minor Prophets,Old Testament,Hosea,NLT
WORD,oaths,H422,10,Hosea 10:4,Minor Prophets,Old Testament,Hosea,NLT
PHRASE,they make,H3772,10,Hosea 10:4,Minor Prophets,Old Testament,Hosea,NLT
WORD,covenants;,H1285,10,Hosea 10:4,Minor Prophets,Old Testament,Hosea,NLT
WORD,And,H6524,10,Hosea 10:4,Minor Prophets,Old Testament,Hosea,NLT
WORD,judgment,H4941,10,Hosea 10:4,Minor Prophets,Old Testament,Hosea,NLT
WORD,sprouts,H6524,10,Hosea 10:4,Minor Prophets,Old Testament,Hosea,NLT
PHRASE,like poisonous weeds,H7219,10,Hosea 10:4,Minor Prophets,Old Testament,Hosea,NLT
WORD,in,H5921,10,Hosea 10:4,Minor Prophets,Old Testament,Hosea,NLT
PHRASE,the furrows,H8525,10,Hosea 10:4,Minor Prophets,Old Testament,Hosea,NLT
PHRASE,of the field.,H7704,10,Hosea 10:4,Minor Prophets,Old Testament,Hosea,NLT
PHRASE,The inhabitants,H7934,10,Hosea 10:5,Minor Prophets,Old Testament,Hosea,NLT
PHRASE,of Samaria,H8111,10,Hosea 10:5,Minor Prophets,Old Testament,Hosea,NLT
PHRASE,will fear,H1481,10,Hosea 10:5,Minor Prophets,Old Testament,Hosea,NLT
PHRASE,For the calf,H5697,10,Hosea 10:5,Minor Prophets,Old Testament,Hosea,NLT
PHRASE,of Beth-aven.,H1007,10,Hosea 10:5,Minor Prophets,Old Testament,Hosea,NLT
WORD,"Indeed,",H3588,10,Hosea 10:5,Minor Prophets,Old Testament,Hosea,NLT
PHRASE,its people,H5971,10,Hosea 10:5,Minor Prophets,Old Testament,Hosea,NLT
PHRASE,will mourn,H56,10,Hosea 10:5,Minor Prophets,Old Testament,Hosea,NLT
PHRASE,"for it,",H5921,10,Hosea 10:5,Minor Prophets,Old Testament,Hosea,NLT
PHRASE,And its idolatrous priests,H3649,10,Hosea 10:5,Minor Prophets,Old Testament,Hosea,NLT
PHRASE,will cry out,H1523,10,Hosea 10:5,Minor Prophets,Old Testament,Hosea,NLT
PHRASE,"over it,",H5921,10,Hosea 10:5,Minor Prophets,Old Testament,Hosea,NLT
WORD,Over,H5921,10,Hosea 10:5,Minor Prophets,Old Testament,Hosea,NLT
PHRASE,"its glory,",H3519,10,Hosea 10:5,Minor Prophets,Old Testament,Hosea,NLT
WORD,since,H3588,10,Hosea 10:5,Minor Prophets,Old Testament,Hosea,NLT
PHRASE,it has departed,H1540,10,Hosea 10:5,Minor Prophets,Old Testament,Hosea,NLT
PHRASE,from it.,H4480,10,Hosea 10:5,Minor Prophets,Old Testament,Hosea,NLT
PHRASE,The thing itself,H853,10,Hosea 10:6,Minor Prophets,Old Testament,Hosea,NLT
PHRASE,will be carried,H2986,10,Hosea 10:6,Minor Prophets,Old Testament,Hosea,NLT
PHRASE,to Assyria,H804,10,Hosea 10:6,Minor Prophets,Old Testament,Hosea,NLT
PHRASE,As tribute,H4503,10,Hosea 10:6,Minor Prophets,Old Testament,Hosea,NLT
PHRASE,to King,H4428,10,Hosea 10:6,Minor Prophets,Old Testament,Hosea,NLT
WORD,Jareb;,H3377,10,Hosea 10:6,Minor Prophets,Old Testament,Hosea,NLT
WORD,Ephraim,H669,10,Hosea 10:6,Minor Prophets,Old Testament,Hosea,NLT
PHRASE,will be seized,H3947,10,Hosea 10:6,Minor Prophets,Old Testament,Hosea,NLT
PHRASE,with shame,H1317,10,Hosea 10:6,Minor Prophets,Old Testament,Hosea,NLT
WORD,And,H954,10,Hosea 10:6,Minor Prophets,Old Testament,Hosea,NLT
WORD,Israel,H3478,10,Hosea 10:6,Minor Prophets,Old Testament,Hosea,NLT
PHRASE,will be ashamed,H954,10,Hosea 10:6,Minor Prophets,Old Testament,Hosea,NLT
PHRASE,of its own counsel.,H6098,10,Hosea 10:6,Minor Prophets,Old Testament,Hosea,NLT
WORD,Samaria,H8111,10,Hosea 10:7,Minor Prophets,Old Testament,Hosea,NLT
PHRASE,will be cut off,H1820,10,Hosea 10:7,Minor Prophets,Old Testament,Hosea,NLT
WORD,[with],,10,Hosea 10:7,Minor Prophets,Old Testament,Hosea,NLT
PHRASE,her king,H4428,10,Hosea 10:7,Minor Prophets,Old Testament,Hosea,NLT
PHRASE,Like a stick,H7110,10,Hosea 10:7,Minor Prophets,Old Testament,Hosea,NLT
WORD,on,H5921,10,Hosea 10:7,Minor Prophets,Old Testament,Hosea,NLT
PHRASE,the surface,H6440,10,Hosea 10:7,Minor Prophets,Old Testament,Hosea,NLT
PHRASE,of the water.,H4325,10,Hosea 10:7,Minor Prophets,Old Testament,Hosea,NLT
WORD,Also,H8045,10,Hosea 10:8,Minor Prophets,Old Testament,Hosea,NLT
PHRASE,the high places,H1116,10,Hosea 10:8,Minor Prophets,Old Testament,Hosea,NLT
PHRASE,"of Aven,",H205,10,Hosea 10:8,Minor Prophets,Old Testament,Hosea,NLT
PHRASE,the sin,H2403,10,Hosea 10:8,Minor Prophets,Old Testament,Hosea,NLT
PHRASE,"of Israel,",H3478,10,Hosea 10:8,Minor Prophets,Old Testament,Hosea,NLT
PHRASE,will be destroyed;,H8045,10,Hosea 10:8,Minor Prophets,Old Testament,Hosea,NLT
WORD,Thorn,H6975,10,Hosea 10:8,Minor Prophets,Old Testament,Hosea,NLT
PHRASE,and thistle,H1863,10,Hosea 10:8,Minor Prophets,Old Testament,Hosea,NLT
PHRASE,will grow,H5927,10,Hosea 10:8,Minor Prophets,Old Testament,Hosea,NLT
WORD,on,H5921,10,Hosea 10:8,Minor Prophets,Old Testament,Hosea,NLT
PHRASE,their altars;,H4196,10,Hosea 10:8,Minor Prophets,Old Testament,Hosea,NLT
PHRASE,Then they will say,H559,10,Hosea 10:8,Minor Prophets,Old Testament,Hosea,NLT
PHRASE,"to the mountains,",H2022,10,Hosea 10:8,Minor Prophets,Old Testament,Hosea,NLT
PHRASE,“Cover us!”,H3680,10,Hosea 10:8,Minor Prophets,Old Testament,Hosea,NLT
PHRASE,"And to the hills,",H1389,10,Hosea 10:8,Minor Prophets,Old Testament,Hosea,NLT
WORD,“Fall,H5307,10,Hosea 10:8,Minor Prophets,Old Testament,Hosea,NLT
PHRASE,on us!”,H5921,10,Hosea 10:8,Minor Prophets,Old Testament,Hosea,NLT
PHRASE,From the days,H3117,10,Hosea 10:9,Minor Prophets,Old Testament,Hosea,NLT
PHRASE,of Gibeah,H1390,10,Hosea 10:9,Minor Prophets,Old Testament,Hosea,NLT
PHRASE,"you have sinned,",H2398,10,Hosea 10:9,Minor Prophets,Old Testament,Hosea,NLT
PHRASE,O Israel;,H3478,10,Hosea 10:9,Minor Prophets,Old Testament,Hosea,NLT
WORD,There,H8033,10,Hosea 10:9,Minor Prophets,Old Testament,Hosea,NLT
PHRASE,they stand!,H5975,10,Hosea 10:9,Minor Prophets,Old Testament,Hosea,NLT
WORD,Will,H5381,10,Hosea 10:9,Minor Prophets,Old Testament,Hosea,NLT
WORD,not,H3808,10,Hosea 10:9,Minor Prophets,Old Testament,Hosea,NLT
PHRASE,the battle,H4421,10,Hosea 10:9,Minor Prophets,Old Testament,Hosea,NLT
WORD,against,H5921,10,Hosea 10:9,Minor Prophets,Old Testament,Hosea,NLT
PHRASE,the sons,H1121,10,Hosea 10:9,Minor Prophets,Old Testament,Hosea,NLT
PHRASE,of iniquity,H5932,10,Hosea 10:9,Minor Prophets,Old Testament,Hosea,NLT
PHRASE,overtake them,H5381,10,Hosea 10:9,Minor Prophets,Old Testament,Hosea,NLT
PHRASE,in Gibeah?,H1390,10,Hosea 10:9,Minor Prophets,Old Testament,Hosea,NLT
WORD,When,H185,10,Hosea 10:10,Minor Prophets,Old Testament,Hosea,NLT
PHRASE,it is,,10,Hosea 10:10,Minor Prophets,Old Testament,Hosea,NLT
PHRASE,"My desire,",H185,10,Hosea 10:10,Minor Prophets,Old Testament,Hosea,NLT
PHRASE,I will chastise them;,H3256,10,Hosea 10:10,Minor Prophets,Old Testament,Hosea,NLT
WORD,And,H622,10,Hosea 10:10,Minor Prophets,Old Testament,Hosea,NLT
PHRASE,the peoples,H5971,10,Hosea 10:10,Minor Prophets,Old Testament,Hosea,NLT
PHRASE,will be gathered,H622,10,Hosea 10:10,Minor Prophets,Old Testament,Hosea,NLT
PHRASE,against them,H5921,10,Hosea 10:10,Minor Prophets,Old Testament,Hosea,NLT
PHRASE,When they are bound,H631,10,Hosea 10:10,Minor Prophets,Old Testament,Hosea,NLT
WORD,for,H8147,10,Hosea 10:10,Minor Prophets,Old Testament,Hosea,NLT
WORD,their,H5868,10,Hosea 10:10,Minor Prophets,Old Testament,Hosea,NLT
WORD,double,H8147,10,Hosea 10:10,Minor Prophets,Old Testament,Hosea,NLT
WORD,guilt.,H5868,10,Hosea 10:10,Minor Prophets,Old Testament,Hosea,NLT
WORD,Ephraim,H669,10,Hosea 10:11,Minor Prophets,Old Testament,Hosea,NLT
WORD,is,,10,Hosea 10:11,Minor Prophets,Old Testament,Hosea,NLT
WORD,a,H5697,10,Hosea 10:11,Minor Prophets,Old Testament,Hosea,NLT
WORD,trained,H3925,10,Hosea 10:11,Minor Prophets,Old Testament,Hosea,NLT
WORD,heifer,H5697,10,Hosea 10:11,Minor Prophets,Old Testament,Hosea,NLT
PHRASE,that loves,H157,10,Hosea 10:11,Minor Prophets,Old Testament,Hosea,NLT
PHRASE,"to thresh,",H1758,10,Hosea 10:11,Minor Prophets,Old Testament,Hosea,NLT
PHRASE,But I,H589,10,Hosea 10:11,Minor Prophets,Old Testament,Hosea,NLT
PHRASE,will come,H5674,10,Hosea 10:11,Minor Prophets,Old Testament,Hosea,NLT
WORD,over,H5921,10,Hosea 10:11,Minor Prophets,Old Testament,Hosea,NLT
WORD,her,H6676,10,Hosea 10:11,Minor Prophets,Old Testament,Hosea,NLT
WORD,fair,H2898,10,Hosea 10:11,Minor Prophets,Old Testament,Hosea,NLT
WORD,neck,H6676,10,Hosea 10:11,Minor Prophets,Old Testament,Hosea,NLT
PHRASE,[with a yoke];,,10,Hosea 10:11,Minor Prophets,Old Testament,Hosea,NLT
PHRASE,I will harness,H7392,10,Hosea 10:11,Minor Prophets,Old Testament,Hosea,NLT
WORD,"Ephraim,",H669,10,Hosea 10:11,Minor Prophets,Old Testament,Hosea,NLT
WORD,Judah,H3063,10,Hosea 10:11,Minor Prophets,Old Testament,Hosea,NLT
PHRASE,"will plow,",H2790,10,Hosea 10:11,Minor Prophets,Old Testament,Hosea,NLT
WORD,Jacob,H3290,10,Hosea 10:11,Minor Prophets,Old Testament,Hosea,NLT
PHRASE,will harrow,H7702,10,Hosea 10:11,Minor Prophets,Old Testament,Hosea,NLT
PHRASE,for himself.,,10,Hosea 10:11,Minor Prophets,Old Testament,Hosea,NLT
WORD,Sow,H2232,10,Hosea 10:12,Minor Prophets,Old Testament,Hosea,NLT
PHRASE,"with a view to righteousness,",H6666,10,Hosea 10:12,Minor Prophets,Old Testament,Hosea,NLT
WORD,Reap,H7114,10,Hosea 10:12,Minor Prophets,Old Testament,Hosea,NLT
PHRASE,in accordance with,H6310,10,Hosea 10:12,Minor Prophets,Old Testament,Hosea,NLT
WORD,kindness;,H2617,10,Hosea 10:12,Minor Prophets,Old Testament,Hosea,NLT
PHRASE,Break up,H5214,10,Hosea 10:12,Minor Prophets,Old Testament,Hosea,NLT
WORD,your,,10,Hosea 10:12,Minor Prophets,Old Testament,Hosea,NLT
PHRASE,"fallow ground,",H5215,10,Hosea 10:12,Minor Prophets,Old Testament,Hosea,NLT
PHRASE,For it is time,H6256,10,Hosea 10:12,Minor Prophets,Old Testament,Hosea,NLT
PHRASE,to seek,H1875,10,Hosea 10:12,Minor Prophets,Old Testament,Hosea,NLT
PHRASE,the LORD,H3068,10,Hosea 10:12,Minor Prophets,Old Testament,Hosea,NLT
WORD,Until,H5704,10,Hosea 10:12,Minor Prophets,Old Testament,Hosea,NLT
PHRASE,He comes,H935,10,Hosea 10:12,Minor Prophets,Old Testament,Hosea,NLT
PHRASE,to rain,H3384,10,Hosea 10:12,Minor Prophets,Old Testament,Hosea,NLT
WORD,righteousness,H6664,10,Hosea 10:12,Minor Prophets,Old Testament,Hosea,NLT
PHRASE,on you.,,10,Hosea 10:12,Minor Prophets,Old Testament,Hosea,NLT
PHRASE,You have plowed,H2790,10,Hosea 10:13,Minor Prophets,Old Testament,Hosea,NLT
WORD,"wickedness,",H7562,10,Hosea 10:13,Minor Prophets,Old Testament,Hosea,NLT
PHRASE,you have reaped,H7114,10,Hosea 10:13,Minor Prophets,Old Testament,Hosea,NLT
WORD,"injustice,",H5766,10,Hosea 10:13,Minor Prophets,Old Testament,Hosea,NLT
PHRASE,You have eaten,H398,10,Hosea 10:13,Minor Prophets,Old Testament,Hosea,NLT
PHRASE,the fruit,H6529,10,Hosea 10:13,Minor Prophets,Old Testament,Hosea,NLT
PHRASE,of lies.,H3585,10,Hosea 10:13,Minor Prophets,Old Testament,Hosea,NLT
WORD,Because,H3588,10,Hosea 10:13,Minor Prophets,Old Testament,Hosea,NLT
PHRASE,you have trusted,H982,10,Hosea 10:13,Minor Prophets,Old Testament,Hosea,NLT
PHRASE,"in your way,",H1870,10,Hosea 10:13,Minor Prophets,Old Testament,Hosea,NLT
WORD,in,H7230,10,Hosea 10:13,Minor Prophets,Old Testament,Hosea,NLT
WORD,your,H1368,10,Hosea 10:13,Minor Prophets,Old Testament,Hosea,NLT
WORD,numerous,H7230,10,Hosea 10:13,Minor Prophets,Old Testament,Hosea,NLT
WORD,"warriors,",H1368,10,Hosea 10:13,Minor Prophets,Old Testament,Hosea,NLT
WORD,Therefore,H6965,10,Hosea 10:14,Minor Prophets,Old Testament,Hosea,NLT
PHRASE,a tumult,H7588,10,Hosea 10:14,Minor Prophets,Old Testament,Hosea,NLT
PHRASE,will arise,H6965,10,Hosea 10:14,Minor Prophets,Old Testament,Hosea,NLT
PHRASE,"among your people,",H5971,10,Hosea 10:14,Minor Prophets,Old Testament,Hosea,NLT
PHRASE,And all,H3605,10,Hosea 10:14,Minor Prophets,Old Testament,Hosea,NLT
PHRASE,your fortresses,H4013,10,Hosea 10:14,Minor Prophets,Old Testament,Hosea,NLT
PHRASE,"will be destroyed,",H7703,10,Hosea 10:14,Minor Prophets,Old Testament,Hosea,NLT
WORD,As,H7701,10,Hosea 10:14,Minor Prophets,Old Testament,Hosea,NLT
WORD,Shalman,H8020,10,Hosea 10:14,Minor Prophets,Old Testament,Hosea,NLT
WORD,destroyed,H7701,10,Hosea 10:14,Minor Prophets,Old Testament,Hosea,NLT
WORD,Beth-arbel,H1009,10,Hosea 10:14,Minor Prophets,Old Testament,Hosea,NLT
PHRASE,on the day,H3117,10,Hosea 10:14,Minor Prophets,Old Testament,Hosea,NLT
PHRASE,"of battle,",H4421,10,Hosea 10:14,Minor Prophets,Old Testament,Hosea,NLT
WORD,[When],,10,Hosea 10:14,Minor Prophets,Old Testament,Hosea,NLT
WORD,mothers,H517,10,Hosea 10:14,Minor Prophets,Old Testament,Hosea,NLT
PHRASE,were dashed in pieces,H7376,10,Hosea 10:14,Minor Prophets,Old Testament,Hosea,NLT
WORD,with,H5921,10,Hosea 10:14,Minor Prophets,Old Testament,Hosea,NLT
WORD,[their],,10,Hosea 10:14,Minor Prophets,Old Testament,Hosea,NLT
WORD,children.,H1121,10,Hosea 10:14,Minor Prophets,Old Testament,Hosea,NLT
WORD,Thus,H3602,10,Hosea 10:15,Minor Prophets,Old Testament,Hosea,NLT
PHRASE,it will be done,H6213,10,Hosea 10:15,Minor Prophets,Old Testament,Hosea,NLT
PHRASE,to you,,10,Hosea 10:15,Minor Prophets,Old Testament,Hosea,NLT
PHRASE,at Bethel,H1008,10,Hosea 10:15,Minor Prophets,Old Testament,Hosea,NLT
PHRASE,because of,H6440,10,Hosea 10:15,Minor Prophets,Old Testament,Hosea,NLT
PHRASE,your great wickedness.,H7451,10,Hosea 10:15,Minor Prophets,Old Testament,Hosea,NLT
PHRASE,At dawn,H7837,10,Hosea 10:15,Minor Prophets,Old Testament,Hosea,NLT
PHRASE,the king,H4428,10,Hosea 10:15,Minor Prophets,Old Testament,Hosea,NLT
PHRASE,of Israel,H3478,10,Hosea 10:15,Minor Prophets,Old Testament,Hosea,NLT
PHRASE,will be,H1820,10,Hosea 10:15,Minor Prophets,Old Testament,Hosea,NLT
WORD,completely,H1820,10,Hosea 10:15,Minor Prophets,Old Testament,Hosea,NLT
PHRASE,cut off.,H1820,10,Hosea 10:15,Minor Prophets,Old Testament,Hosea,NLT
WORD,When,H3588,11,Hosea 11:1,Minor Prophets,Old Testament,Hosea,NLT
WORD,Israel,H3478,11,Hosea 11:1,Minor Prophets,Old Testament,Hosea,NLT
WORD,[was],,11,Hosea 11:1,Minor Prophets,Old Testament,Hosea,NLT
PHRASE,a youth,H5288,11,Hosea 11:1,Minor Prophets,Old Testament,Hosea,NLT
PHRASE,"I loved him,",H157,11,Hosea 11:1,Minor Prophets,Old Testament,Hosea,NLT
PHRASE,And out of Egypt,H4714,11,Hosea 11:1,Minor Prophets,Old Testament,Hosea,NLT
PHRASE,I called,H7121,11,Hosea 11:1,Minor Prophets,Old Testament,Hosea,NLT
PHRASE,My son.,H1121,11,Hosea 11:1,Minor Prophets,Old Testament,Hosea,NLT
PHRASE,The more they called,H7121,11,Hosea 11:2,Minor Prophets,Old Testament,Hosea,NLT
WORD,"them,",,11,Hosea 11:2,Minor Prophets,Old Testament,Hosea,NLT
PHRASE,The more,H3651,11,Hosea 11:2,Minor Prophets,Old Testament,Hosea,NLT
PHRASE,they went,H1980,11,Hosea 11:2,Minor Prophets,Old Testament,Hosea,NLT
PHRASE,from them;,H6440,11,Hosea 11:2,Minor Prophets,Old Testament,Hosea,NLT
PHRASE,They kept sacrificing,H2076,11,Hosea 11:2,Minor Prophets,Old Testament,Hosea,NLT
PHRASE,to the Baals,H1168,11,Hosea 11:2,Minor Prophets,Old Testament,Hosea,NLT
WORD,And,H6456,11,Hosea 11:2,Minor Prophets,Old Testament,Hosea,NLT
PHRASE,burning incense,H6999,11,Hosea 11:2,Minor Prophets,Old Testament,Hosea,NLT
PHRASE,to idols.,H6456,11,Hosea 11:2,Minor Prophets,Old Testament,Hosea,NLT
WORD,Yet,H595,11,Hosea 11:3,Minor Prophets,Old Testament,Hosea,NLT
PHRASE,it is,,11,Hosea 11:3,Minor Prophets,Old Testament,Hosea,NLT
WORD,I,H595,11,Hosea 11:3,Minor Prophets,Old Testament,Hosea,NLT
PHRASE,who taught,H8637,11,Hosea 11:3,Minor Prophets,Old Testament,Hosea,NLT
WORD,Ephraim,H669,11,Hosea 11:3,Minor Prophets,Old Testament,Hosea,NLT
PHRASE,"to walk,",H8637,11,Hosea 11:3,Minor Prophets,Old Testament,Hosea,NLT
PHRASE,I took them,H3947,11,Hosea 11:3,Minor Prophets,Old Testament,Hosea,NLT
WORD,in,H5921,11,Hosea 11:3,Minor Prophets,Old Testament,Hosea,NLT
PHRASE,My arms;,H2220,11,Hosea 11:3,Minor Prophets,Old Testament,Hosea,NLT
WORD,But,H3808,11,Hosea 11:3,Minor Prophets,Old Testament,Hosea,NLT
PHRASE,they did,H3045,11,Hosea 11:3,Minor Prophets,Old Testament,Hosea,NLT
WORD,not,H3808,11,Hosea 11:3,Minor Prophets,Old Testament,Hosea,NLT
WORD,know,H3045,11,Hosea 11:3,Minor Prophets,Old Testament,Hosea,NLT
WORD,that,H3588,11,Hosea 11:3,Minor Prophets,Old Testament,Hosea,NLT
PHRASE,I healed them.,H7495,11,Hosea 11:3,Minor Prophets,Old Testament,Hosea,NLT
PHRASE,I led them,H4900,11,Hosea 11:4,Minor Prophets,Old Testament,Hosea,NLT
PHRASE,with cords,H2256,11,Hosea 11:4,Minor Prophets,Old Testament,Hosea,NLT
PHRASE,"of a man,",H120,11,Hosea 11:4,Minor Prophets,Old Testament,Hosea,NLT
PHRASE,with bonds,H5688,11,Hosea 11:4,Minor Prophets,Old Testament,Hosea,NLT
PHRASE,"of love,",H160,11,Hosea 11:4,Minor Prophets,Old Testament,Hosea,NLT
PHRASE,And I became,H1961,11,Hosea 11:4,Minor Prophets,Old Testament,Hosea,NLT
PHRASE,to them,,11,Hosea 11:4,Minor Prophets,Old Testament,Hosea,NLT
PHRASE,as one who lifts,H7311,11,Hosea 11:4,Minor Prophets,Old Testament,Hosea,NLT
PHRASE,the yoke,H5923,11,Hosea 11:4,Minor Prophets,Old Testament,Hosea,NLT
WORD,from,H5921,11,Hosea 11:4,Minor Prophets,Old Testament,Hosea,NLT
PHRASE,their jaws;,H3895,11,Hosea 11:4,Minor Prophets,Old Testament,Hosea,NLT
PHRASE,And I bent down,H5186,11,Hosea 11:4,Minor Prophets,Old Testament,Hosea,NLT
WORD,[and],,11,Hosea 11:4,Minor Prophets,Old Testament,Hosea,NLT
WORD,fed,H398,11,Hosea 11:4,Minor Prophets,Old Testament,Hosea,NLT
WORD,them.,H413,11,Hosea 11:4,Minor Prophets,Old Testament,Hosea,NLT
PHRASE,They will,H7725,11,Hosea 11:5,Minor Prophets,Old Testament,Hosea,NLT
WORD,not,H3808,11,Hosea 11:5,Minor Prophets,Old Testament,Hosea,NLT
WORD,return,H7725,11,Hosea 11:5,Minor Prophets,Old Testament,Hosea,NLT
WORD,to,H413,11,Hosea 11:5,Minor Prophets,Old Testament,Hosea,NLT
PHRASE,the land,H776,11,Hosea 11:5,Minor Prophets,Old Testament,Hosea,NLT
PHRASE,of Egypt;,H4714,11,Hosea 11:5,Minor Prophets,Old Testament,Hosea,NLT
PHRASE,But Assyria,H804,11,Hosea 11:5,Minor Prophets,Old Testament,Hosea,NLT
WORD,he,H1931,11,Hosea 11:5,Minor Prophets,Old Testament,Hosea,NLT
PHRASE,will be,,11,Hosea 11:5,Minor Prophets,Old Testament,Hosea,NLT
PHRASE,their king,H4428,11,Hosea 11:5,Minor Prophets,Old Testament,Hosea,NLT
WORD,Because,H3588,11,Hosea 11:5,Minor Prophets,Old Testament,Hosea,NLT
PHRASE,they refused,H3985,11,Hosea 11:5,Minor Prophets,Old Testament,Hosea,NLT
PHRASE,to return,H7725,11,Hosea 11:5,Minor Prophets,Old Testament,Hosea,NLT
PHRASE,[to Me].,,11,Hosea 11:5,Minor Prophets,Old Testament,Hosea,NLT
PHRASE,The sword,H2719,11,Hosea 11:6,Minor Prophets,Old Testament,Hosea,NLT
PHRASE,will whirl,H2342,11,Hosea 11:6,Minor Prophets,Old Testament,Hosea,NLT
PHRASE,"against their cities,",H5892,11,Hosea 11:6,Minor Prophets,Old Testament,Hosea,NLT
PHRASE,And will demolish,H3615,11,Hosea 11:6,Minor Prophets,Old Testament,Hosea,NLT
PHRASE,their gate bars,H905,11,Hosea 11:6,Minor Prophets,Old Testament,Hosea,NLT
PHRASE,And consume,H398,11,Hosea 11:6,Minor Prophets,Old Testament,Hosea,NLT
WORD,[them],,11,Hosea 11:6,Minor Prophets,Old Testament,Hosea,NLT
PHRASE,because of their counsels.,H4156,11,Hosea 11:6,Minor Prophets,Old Testament,Hosea,NLT
PHRASE,So My people,H5971,11,Hosea 11:7,Minor Prophets,Old Testament,Hosea,NLT
PHRASE,are bent,H8511,11,Hosea 11:7,Minor Prophets,Old Testament,Hosea,NLT
PHRASE,on turning from Me.,H4878,11,Hosea 11:7,Minor Prophets,Old Testament,Hosea,NLT
WORD,Though,H413,11,Hosea 11:7,Minor Prophets,Old Testament,Hosea,NLT
PHRASE,they call them,H7121,11,Hosea 11:7,Minor Prophets,Old Testament,Hosea,NLT
WORD,to,H413,11,Hosea 11:7,Minor Prophets,Old Testament,Hosea,NLT
PHRASE,[the One],,11,Hosea 11:7,Minor Prophets,Old Testament,Hosea,NLT
PHRASE,"on high,",H5920,11,Hosea 11:7,Minor Prophets,Old Testament,Hosea,NLT
WORD,None,H3808,11,Hosea 11:7,Minor Prophets,Old Testament,Hosea,NLT
PHRASE,at all,H3162,11,Hosea 11:7,Minor Prophets,Old Testament,Hosea,NLT
WORD,exalts,H7311,11,Hosea 11:7,Minor Prophets,Old Testament,Hosea,NLT
WORD,[Him].,,11,Hosea 11:7,Minor Prophets,Old Testament,Hosea,NLT
WORD,How,H349,11,Hosea 11:8,Minor Prophets,Old Testament,Hosea,NLT
PHRASE,"can I give you up,",H5414,11,Hosea 11:8,Minor Prophets,Old Testament,Hosea,NLT
PHRASE,O Ephraim?,H669,11,Hosea 11:8,Minor Prophets,Old Testament,Hosea,NLT
PHRASE,"How can I surrender you,",H4042,11,Hosea 11:8,Minor Prophets,Old Testament,Hosea,NLT
PHRASE,O Israel?,H3478,11,Hosea 11:8,Minor Prophets,Old Testament,Hosea,NLT
WORD,How,H349,11,Hosea 11:8,Minor Prophets,Old Testament,Hosea,NLT
PHRASE,can I make you,H5414,11,Hosea 11:8,Minor Prophets,Old Testament,Hosea,NLT
PHRASE,like Admah?,H126,11,Hosea 11:8,Minor Prophets,Old Testament,Hosea,NLT
PHRASE,How can I treat you,H7760,11,Hosea 11:8,Minor Prophets,Old Testament,Hosea,NLT
PHRASE,like Zeboiim?,H6636,11,Hosea 11:8,Minor Prophets,Old Testament,Hosea,NLT
PHRASE,My heart,H3820,11,Hosea 11:8,Minor Prophets,Old Testament,Hosea,NLT
PHRASE,is turned over,H2015,11,Hosea 11:8,Minor Prophets,Old Testament,Hosea,NLT
PHRASE,"within Me,",H5921,11,Hosea 11:8,Minor Prophets,Old Testament,Hosea,NLT
WORD,All,H3162,11,Hosea 11:8,Minor Prophets,Old Testament,Hosea,NLT
PHRASE,My compassions,H5150,11,Hosea 11:8,Minor Prophets,Old Testament,Hosea,NLT
PHRASE,are kindled.,H3648,11,Hosea 11:8,Minor Prophets,Old Testament,Hosea,NLT
PHRASE,I will,H6213,11,Hosea 11:9,Minor Prophets,Old Testament,Hosea,NLT
WORD,not,H3808,11,Hosea 11:9,Minor Prophets,Old Testament,Hosea,NLT
WORD,execute,H6213,11,Hosea 11:9,Minor Prophets,Old Testament,Hosea,NLT
WORD,My,H639,11,Hosea 11:9,Minor Prophets,Old Testament,Hosea,NLT
WORD,fierce,H2740,11,Hosea 11:9,Minor Prophets,Old Testament,Hosea,NLT
WORD,anger;,H639,11,Hosea 11:9,Minor Prophets,Old Testament,Hosea,NLT
PHRASE,I will,H7725,11,Hosea 11:9,Minor Prophets,Old Testament,Hosea,NLT
WORD,not,H3808,11,Hosea 11:9,Minor Prophets,Old Testament,Hosea,NLT
WORD,destroy,H7843,11,Hosea 11:9,Minor Prophets,Old Testament,Hosea,NLT
WORD,Ephraim,H669,11,Hosea 11:9,Minor Prophets,Old Testament,Hosea,NLT
WORD,again.,H7725,11,Hosea 11:9,Minor Prophets,Old Testament,Hosea,NLT
WORD,For,H3588,11,Hosea 11:9,Minor Prophets,Old Testament,Hosea,NLT
WORD,I,H595,11,Hosea 11:9,Minor Prophets,Old Testament,Hosea,NLT
WORD,am,,11,Hosea 11:9,Minor Prophets,Old Testament,Hosea,NLT
WORD,God,H410,11,Hosea 11:9,Minor Prophets,Old Testament,Hosea,NLT
PHRASE,and not,H3808,11,Hosea 11:9,Minor Prophets,Old Testament,Hosea,NLT
WORD,"man,",H376,11,Hosea 11:9,Minor Prophets,Old Testament,Hosea,NLT
PHRASE,the Holy One,H6918,11,Hosea 11:9,Minor Prophets,Old Testament,Hosea,NLT
PHRASE,"in your midst,",H7130,11,Hosea 11:9,Minor Prophets,Old Testament,Hosea,NLT
WORD,And,H3808,11,Hosea 11:9,Minor Prophets,Old Testament,Hosea,NLT
PHRASE,I will,H935,11,Hosea 11:9,Minor Prophets,Old Testament,Hosea,NLT
WORD,not,H3808,11,Hosea 11:9,Minor Prophets,Old Testament,Hosea,NLT
WORD,come,H935,11,Hosea 11:9,Minor Prophets,Old Testament,Hosea,NLT
PHRASE,in wrath.,H5892,11,Hosea 11:9,Minor Prophets,Old Testament,Hosea,NLT
PHRASE,They will walk,H3212,11,Hosea 11:10,Minor Prophets,Old Testament,Hosea,NLT
WORD,after,H310,11,Hosea 11:10,Minor Prophets,Old Testament,Hosea,NLT
PHRASE,"the LORD,",H3068,11,Hosea 11:10,Minor Prophets,Old Testament,Hosea,NLT
PHRASE,He will roar,H7580,11,Hosea 11:10,Minor Prophets,Old Testament,Hosea,NLT
PHRASE,like a lion;,H738,11,Hosea 11:10,Minor Prophets,Old Testament,Hosea,NLT
WORD,Indeed,H3588,11,Hosea 11:10,Minor Prophets,Old Testament,Hosea,NLT
WORD,He,H1931,11,Hosea 11:10,Minor Prophets,Old Testament,Hosea,NLT
PHRASE,will roar,H7580,11,Hosea 11:10,Minor Prophets,Old Testament,Hosea,NLT
WORD,And,H2729,11,Hosea 11:10,Minor Prophets,Old Testament,Hosea,NLT
WORD,[His],,11,Hosea 11:10,Minor Prophets,Old Testament,Hosea,NLT
WORD,sons,H1121,11,Hosea 11:10,Minor Prophets,Old Testament,Hosea,NLT
PHRASE,will come trembling,H2729,11,Hosea 11:10,Minor Prophets,Old Testament,Hosea,NLT
PHRASE,from the west.,H3220,11,Hosea 11:10,Minor Prophets,Old Testament,Hosea,NLT
PHRASE,They will come trembling,H2729,11,Hosea 11:11,Minor Prophets,Old Testament,Hosea,NLT
PHRASE,like birds,H6833,11,Hosea 11:11,Minor Prophets,Old Testament,Hosea,NLT
PHRASE,from Egypt,H4714,11,Hosea 11:11,Minor Prophets,Old Testament,Hosea,NLT
PHRASE,And like doves,H3123,11,Hosea 11:11,Minor Prophets,Old Testament,Hosea,NLT
PHRASE,from the land,H776,11,Hosea 11:11,Minor Prophets,Old Testament,Hosea,NLT
PHRASE,of Assyria;,H804,11,Hosea 11:11,Minor Prophets,Old Testament,Hosea,NLT
PHRASE,And I will settle them,H3427,11,Hosea 11:11,Minor Prophets,Old Testament,Hosea,NLT
WORD,in,H5921,11,Hosea 11:11,Minor Prophets,Old Testament,Hosea,NLT
PHRASE,"their houses,",H1004,11,Hosea 11:11,Minor Prophets,Old Testament,Hosea,NLT
WORD,declares,H5002,11,Hosea 11:11,Minor Prophets,Old Testament,Hosea,NLT
PHRASE,the LORD.,H3068,11,Hosea 11:11,Minor Prophets,Old Testament,Hosea,NLT
WORD,Ephraim,H669,11,Hosea 11:12,Minor Prophets,Old Testament,Hosea,NLT
PHRASE,surrounds Me,H5437,11,Hosea 11:12,Minor Prophets,Old Testament,Hosea,NLT
PHRASE,with lies,H3585,11,Hosea 11:12,Minor Prophets,Old Testament,Hosea,NLT
WORD,And,H4820,11,Hosea 11:12,Minor Prophets,Old Testament,Hosea,NLT
PHRASE,the house,H1004,11,Hosea 11:12,Minor Prophets,Old Testament,Hosea,NLT
PHRASE,of Israel,H3478,11,Hosea 11:12,Minor Prophets,Old Testament,Hosea,NLT
PHRASE,with deceit;,H4820,11,Hosea 11:12,Minor Prophets,Old Testament,Hosea,NLT
WORD,Judah,H3063,11,Hosea 11:12,Minor Prophets,Old Testament,Hosea,NLT
WORD,is,H7300,11,Hosea 11:12,Minor Prophets,Old Testament,Hosea,NLT
WORD,also,H5750,11,Hosea 11:12,Minor Prophets,Old Testament,Hosea,NLT
WORD,unruly,H7300,11,Hosea 11:12,Minor Prophets,Old Testament,Hosea,NLT
WORD,against,H5973,11,Hosea 11:12,Minor Prophets,Old Testament,Hosea,NLT
WORD,"God,",H410,11,Hosea 11:12,Minor Prophets,Old Testament,Hosea,NLT
PHRASE,Even against,H5973,11,Hosea 11:12,Minor Prophets,Old Testament,Hosea,NLT
PHRASE,the Holy One,H6918,11,Hosea 11:12,Minor Prophets,Old Testament,Hosea,NLT
PHRASE,who is faithful.,H539,11,Hosea 11:12,Minor Prophets,Old Testament,Hosea,NLT
WORD,Ephraim,H669,12,Hosea 12:1,Minor Prophets,Old Testament,Hosea,NLT
WORD,feeds,H7462,12,Hosea 12:1,Minor Prophets,Old Testament,Hosea,NLT
PHRASE,"on wind,",H7307,12,Hosea 12:1,Minor Prophets,Old Testament,Hosea,NLT
PHRASE,And pursues,H7291,12,Hosea 12:1,Minor Prophets,Old Testament,Hosea,NLT
PHRASE,the east wind,H6921,12,Hosea 12:1,Minor Prophets,Old Testament,Hosea,NLT
WORD,continually;,H3117,12,Hosea 12:1,Minor Prophets,Old Testament,Hosea,NLT
PHRASE,He multiplies,H7235,12,Hosea 12:1,Minor Prophets,Old Testament,Hosea,NLT
WORD,lies,H3577,12,Hosea 12:1,Minor Prophets,Old Testament,Hosea,NLT
PHRASE,and violence.,H7701,12,Hosea 12:1,Minor Prophets,Old Testament,Hosea,NLT
WORD,"Moreover,",H1285,12,Hosea 12:1,Minor Prophets,Old Testament,Hosea,NLT
PHRASE,he makes,H3772,12,Hosea 12:1,Minor Prophets,Old Testament,Hosea,NLT
PHRASE,a covenant,H1285,12,Hosea 12:1,Minor Prophets,Old Testament,Hosea,NLT
WORD,with,H5973,12,Hosea 12:1,Minor Prophets,Old Testament,Hosea,NLT
WORD,"Assyria,",H804,12,Hosea 12:1,Minor Prophets,Old Testament,Hosea,NLT
PHRASE,And oil,H8081,12,Hosea 12:1,Minor Prophets,Old Testament,Hosea,NLT
PHRASE,is carried,H2986,12,Hosea 12:1,Minor Prophets,Old Testament,Hosea,NLT
PHRASE,to Egypt.,H4714,12,Hosea 12:1,Minor Prophets,Old Testament,Hosea,NLT
PHRASE,The LORD,H3068,12,Hosea 12:2,Minor Prophets,Old Testament,Hosea,NLT
WORD,also,H7379,12,Hosea 12:2,Minor Prophets,Old Testament,Hosea,NLT
WORD,has,H3068,12,Hosea 12:2,Minor Prophets,Old Testament,Hosea,NLT
PHRASE,a dispute,H7379,12,Hosea 12:2,Minor Prophets,Old Testament,Hosea,NLT
WORD,with,H5973,12,Hosea 12:2,Minor Prophets,Old Testament,Hosea,NLT
WORD,"Judah,",H3063,12,Hosea 12:2,Minor Prophets,Old Testament,Hosea,NLT
PHRASE,And will punish,H6485,12,Hosea 12:2,Minor Prophets,Old Testament,Hosea,NLT
WORD,Jacob,H3290,12,Hosea 12:2,Minor Prophets,Old Testament,Hosea,NLT
PHRASE,according to his ways;,H1870,12,Hosea 12:2,Minor Prophets,Old Testament,Hosea,NLT
PHRASE,He will repay,H7725,12,Hosea 12:2,Minor Prophets,Old Testament,Hosea,NLT
WORD,him,,12,Hosea 12:2,Minor Prophets,Old Testament,Hosea,NLT
PHRASE,according to his deeds.,H4611,12,Hosea 12:2,Minor Prophets,Old Testament,Hosea,NLT
PHRASE,In the womb,H990,12,Hosea 12:3,Minor Prophets,Old Testament,Hosea,NLT
PHRASE,he took,H6117,12,Hosea 12:3,Minor Prophets,Old Testament,Hosea,NLT
PHRASE,his brother,H251,12,Hosea 12:3,Minor Prophets,Old Testament,Hosea,NLT
PHRASE,"by the heel,",H6117,12,Hosea 12:3,Minor Prophets,Old Testament,Hosea,NLT
PHRASE,And in his maturity,H202,12,Hosea 12:3,Minor Prophets,Old Testament,Hosea,NLT
PHRASE,he contended,H8280,12,Hosea 12:3,Minor Prophets,Old Testament,Hosea,NLT
WORD,with,H854,12,Hosea 12:3,Minor Prophets,Old Testament,Hosea,NLT
WORD,God.,H430,12,Hosea 12:3,Minor Prophets,Old Testament,Hosea,NLT
PHRASE,"Yes, he wrestled",H7786,12,Hosea 12:4,Minor Prophets,Old Testament,Hosea,NLT
WORD,with,H413,12,Hosea 12:4,Minor Prophets,Old Testament,Hosea,NLT
PHRASE,the angel,H4397,12,Hosea 12:4,Minor Prophets,Old Testament,Hosea,NLT
PHRASE,and prevailed;,H3201,12,Hosea 12:4,Minor Prophets,Old Testament,Hosea,NLT
PHRASE,He wept,H1058,12,Hosea 12:4,Minor Prophets,Old Testament,Hosea,NLT
PHRASE,and sought,H2603,12,Hosea 12:4,Minor Prophets,Old Testament,Hosea,NLT
WORD,His,,12,Hosea 12:4,Minor Prophets,Old Testament,Hosea,NLT
WORD,favor.,H2603,12,Hosea 12:4,Minor Prophets,Old Testament,Hosea,NLT
PHRASE,He found Him,H4672,12,Hosea 12:4,Minor Prophets,Old Testament,Hosea,NLT
PHRASE,at Bethel,H1008,12,Hosea 12:4,Minor Prophets,Old Testament,Hosea,NLT
PHRASE,And there,H8033,12,Hosea 12:4,Minor Prophets,Old Testament,Hosea,NLT
PHRASE,He spoke,H1696,12,Hosea 12:4,Minor Prophets,Old Testament,Hosea,NLT
PHRASE,"with us,",H5973,12,Hosea 12:4,Minor Prophets,Old Testament,Hosea,NLT
PHRASE,"Even the LORD,",H3068,12,Hosea 12:5,Minor Prophets,Old Testament,Hosea,NLT
PHRASE,the God,H430,12,Hosea 12:5,Minor Prophets,Old Testament,Hosea,NLT
PHRASE,"of hosts,",H6635,12,Hosea 12:5,Minor Prophets,Old Testament,Hosea,NLT
PHRASE,The LORD,H3068,12,Hosea 12:5,Minor Prophets,Old Testament,Hosea,NLT
WORD,is,,12,Hosea 12:5,Minor Prophets,Old Testament,Hosea,NLT
PHRASE,His name.,H2143,12,Hosea 12:5,Minor Prophets,Old Testament,Hosea,NLT
WORD,"Therefore,",H859,12,Hosea 12:6,Minor Prophets,Old Testament,Hosea,NLT
WORD,return,H7725,12,Hosea 12:6,Minor Prophets,Old Testament,Hosea,NLT
PHRASE,"to your God,",H430,12,Hosea 12:6,Minor Prophets,Old Testament,Hosea,NLT
WORD,Observe,H8104,12,Hosea 12:6,Minor Prophets,Old Testament,Hosea,NLT
WORD,kindness,H2617,12,Hosea 12:6,Minor Prophets,Old Testament,Hosea,NLT
PHRASE,"and justice,",H4941,12,Hosea 12:6,Minor Prophets,Old Testament,Hosea,NLT
PHRASE,And wait,H6960,12,Hosea 12:6,Minor Prophets,Old Testament,Hosea,NLT
WORD,for,H413,12,Hosea 12:6,Minor Prophets,Old Testament,Hosea,NLT
PHRASE,your God,H430,12,Hosea 12:6,Minor Prophets,Old Testament,Hosea,NLT
WORD,continually.,H8548,12,Hosea 12:6,Minor Prophets,Old Testament,Hosea,NLT
PHRASE,"A merchant,",H3667,12,Hosea 12:7,Minor Prophets,Old Testament,Hosea,NLT
PHRASE,in whose hands,H3027,12,Hosea 12:7,Minor Prophets,Old Testament,Hosea,NLT
WORD,are,,12,Hosea 12:7,Minor Prophets,Old Testament,Hosea,NLT
WORD,false,H4820,12,Hosea 12:7,Minor Prophets,Old Testament,Hosea,NLT
WORD,"balances,",H3976,12,Hosea 12:7,Minor Prophets,Old Testament,Hosea,NLT
PHRASE,He loves,H157,12,Hosea 12:7,Minor Prophets,Old Testament,Hosea,NLT
PHRASE,to oppress.,H6231,12,Hosea 12:7,Minor Prophets,Old Testament,Hosea,NLT
WORD,And,H559,12,Hosea 12:8,Minor Prophets,Old Testament,Hosea,NLT
WORD,Ephraim,H669,12,Hosea 12:8,Minor Prophets,Old Testament,Hosea,NLT
WORD,"said,",H559,12,Hosea 12:8,Minor Prophets,Old Testament,Hosea,NLT
WORD,“Surely,H389,12,Hosea 12:8,Minor Prophets,Old Testament,Hosea,NLT
PHRASE,"I have become rich,",H6238,12,Hosea 12:8,Minor Prophets,Old Testament,Hosea,NLT
PHRASE,I have found,H4672,12,Hosea 12:8,Minor Prophets,Old Testament,Hosea,NLT
WORD,wealth,H202,12,Hosea 12:8,Minor Prophets,Old Testament,Hosea,NLT
PHRASE,for myself;,H589,12,Hosea 12:8,Minor Prophets,Old Testament,Hosea,NLT
WORD,In,,12,Hosea 12:8,Minor Prophets,Old Testament,Hosea,NLT
WORD,all,H3605,12,Hosea 12:8,Minor Prophets,Old Testament,Hosea,NLT
PHRASE,my labors,H3018,12,Hosea 12:8,Minor Prophets,Old Testament,Hosea,NLT
PHRASE,they will find,H4672,12,Hosea 12:8,Minor Prophets,Old Testament,Hosea,NLT
PHRASE,in me,H589,12,Hosea 12:8,Minor Prophets,Old Testament,Hosea,NLT
WORD,No,H3808,12,Hosea 12:8,Minor Prophets,Old Testament,Hosea,NLT
WORD,"iniquity,",H5771,12,Hosea 12:8,Minor Prophets,Old Testament,Hosea,NLT
WORD,which,H834,12,Hosea 12:8,Minor Prophets,Old Testament,Hosea,NLT
PHRASE,[would be],,12,Hosea 12:8,Minor Prophets,Old Testament,Hosea,NLT
WORD,sin.”,H2399,12,Hosea 12:8,Minor Prophets,Old Testament,Hosea,NLT
PHRASE,But I,H595,12,Hosea 12:9,Minor Prophets,Old Testament,Hosea,NLT
PHRASE,[have been],,12,Hosea 12:9,Minor Prophets,Old Testament,Hosea,NLT
PHRASE,the LORD,H3068,12,Hosea 12:9,Minor Prophets,Old Testament,Hosea,NLT
PHRASE,your God,H430,12,Hosea 12:9,Minor Prophets,Old Testament,Hosea,NLT
PHRASE,since the land,H776,12,Hosea 12:9,Minor Prophets,Old Testament,Hosea,NLT
PHRASE,of Egypt;,H4714,12,Hosea 12:9,Minor Prophets,Old Testament,Hosea,NLT
PHRASE,I will make you live,H3427,12,Hosea 12:9,Minor Prophets,Old Testament,Hosea,NLT
PHRASE,in tents,H168,12,Hosea 12:9,Minor Prophets,Old Testament,Hosea,NLT
WORD,"again,",H5750,12,Hosea 12:9,Minor Prophets,Old Testament,Hosea,NLT
PHRASE,As in the days,H3117,12,Hosea 12:9,Minor Prophets,Old Testament,Hosea,NLT
PHRASE,of the appointed festival.,H4150,12,Hosea 12:9,Minor Prophets,Old Testament,Hosea,NLT
PHRASE,I have also spoken,H1696,12,Hosea 12:10,Minor Prophets,Old Testament,Hosea,NLT
WORD,to,H5921,12,Hosea 12:10,Minor Prophets,Old Testament,Hosea,NLT
PHRASE,"the prophets,",H5030,12,Hosea 12:10,Minor Prophets,Old Testament,Hosea,NLT
PHRASE,And I,H595,12,Hosea 12:10,Minor Prophets,Old Testament,Hosea,NLT
PHRASE,gave numerous,H7235,12,Hosea 12:10,Minor Prophets,Old Testament,Hosea,NLT
WORD,"visions,",H2377,12,Hosea 12:10,Minor Prophets,Old Testament,Hosea,NLT
PHRASE,And through,H3027,12,Hosea 12:10,Minor Prophets,Old Testament,Hosea,NLT
PHRASE,the prophets,H5030,12,Hosea 12:10,Minor Prophets,Old Testament,Hosea,NLT
PHRASE,I gave parables.,H1819,12,Hosea 12:10,Minor Prophets,Old Testament,Hosea,NLT
PHRASE,Is there,,12,Hosea 12:11,Minor Prophets,Old Testament,Hosea,NLT
WORD,iniquity,H205,12,Hosea 12:11,Minor Prophets,Old Testament,Hosea,NLT
WORD,[in],,12,Hosea 12:11,Minor Prophets,Old Testament,Hosea,NLT
WORD,Gilead?,H1568,12,Hosea 12:11,Minor Prophets,Old Testament,Hosea,NLT
WORD,Surely,H389,12,Hosea 12:11,Minor Prophets,Old Testament,Hosea,NLT
PHRASE,they are,H1961,12,Hosea 12:11,Minor Prophets,Old Testament,Hosea,NLT
WORD,worthless.,H7723,12,Hosea 12:11,Minor Prophets,Old Testament,Hosea,NLT
PHRASE,In Gilgal,H1537,12,Hosea 12:11,Minor Prophets,Old Testament,Hosea,NLT
PHRASE,they sacrifice,H2076,12,Hosea 12:11,Minor Prophets,Old Testament,Hosea,NLT
WORD,"bulls,",H7794,12,Hosea 12:11,Minor Prophets,Old Testament,Hosea,NLT
WORD,"Yes,",H1571,12,Hosea 12:11,Minor Prophets,Old Testament,Hosea,NLT
PHRASE,their altars,H4196,12,Hosea 12:11,Minor Prophets,Old Testament,Hosea,NLT
WORD,are,,12,Hosea 12:11,Minor Prophets,Old Testament,Hosea,NLT
PHRASE,like the stone heaps,H1530,12,Hosea 12:11,Minor Prophets,Old Testament,Hosea,NLT
WORD,Beside,H5921,12,Hosea 12:11,Minor Prophets,Old Testament,Hosea,NLT
PHRASE,the furrows,H8525,12,Hosea 12:11,Minor Prophets,Old Testament,Hosea,NLT
PHRASE,of the field.,H7704,12,Hosea 12:11,Minor Prophets,Old Testament,Hosea,NLT
WORD,Now,H1272,12,Hosea 12:12,Minor Prophets,Old Testament,Hosea,NLT
WORD,Jacob,H3290,12,Hosea 12:12,Minor Prophets,Old Testament,Hosea,NLT
WORD,fled,H1272,12,Hosea 12:12,Minor Prophets,Old Testament,Hosea,NLT
PHRASE,to the land,H7704,12,Hosea 12:12,Minor Prophets,Old Testament,Hosea,NLT
PHRASE,"of Aram,",H758,12,Hosea 12:12,Minor Prophets,Old Testament,Hosea,NLT
WORD,And,H5647,12,Hosea 12:12,Minor Prophets,Old Testament,Hosea,NLT
WORD,Israel,H3478,12,Hosea 12:12,Minor Prophets,Old Testament,Hosea,NLT
WORD,worked,H5647,12,Hosea 12:12,Minor Prophets,Old Testament,Hosea,NLT
PHRASE,"for a wife,",H802,12,Hosea 12:12,Minor Prophets,Old Testament,Hosea,NLT
PHRASE,And for a wife,H802,12,Hosea 12:12,Minor Prophets,Old Testament,Hosea,NLT
PHRASE,he kept,H8104,12,Hosea 12:12,Minor Prophets,Old Testament,Hosea,NLT
WORD,[sheep].,,12,Hosea 12:12,Minor Prophets,Old Testament,Hosea,NLT
PHRASE,But by a prophet,H5030,12,Hosea 12:13,Minor Prophets,Old Testament,Hosea,NLT
PHRASE,the LORD,H3068,12,Hosea 12:13,Minor Prophets,Old Testament,Hosea,NLT
WORD,brought,H5927,12,Hosea 12:13,Minor Prophets,Old Testament,Hosea,NLT
WORD,Israel,H3478,12,Hosea 12:13,Minor Prophets,Old Testament,Hosea,NLT
PHRASE,"from Egypt,",H4714,12,Hosea 12:13,Minor Prophets,Old Testament,Hosea,NLT
PHRASE,And by a prophet,H5030,12,Hosea 12:13,Minor Prophets,Old Testament,Hosea,NLT
PHRASE,he was kept.,H8104,12,Hosea 12:13,Minor Prophets,Old Testament,Hosea,NLT
WORD,Ephraim,H669,12,Hosea 12:14,Minor Prophets,Old Testament,Hosea,NLT
PHRASE,has provoked to,H3707,12,Hosea 12:14,Minor Prophets,Old Testament,Hosea,NLT
WORD,bitter,H8563,12,Hosea 12:14,Minor Prophets,Old Testament,Hosea,NLT
WORD,anger;,H3707,12,Hosea 12:14,Minor Prophets,Old Testament,Hosea,NLT
WORD,So,H1818,12,Hosea 12:14,Minor Prophets,Old Testament,Hosea,NLT
PHRASE,his Lord,H136,12,Hosea 12:14,Minor Prophets,Old Testament,Hosea,NLT
PHRASE,will leave,H5203,12,Hosea 12:14,Minor Prophets,Old Testament,Hosea,NLT
PHRASE,his bloodguilt,H1818,12,Hosea 12:14,Minor Prophets,Old Testament,Hosea,NLT
PHRASE,on him,H5921,12,Hosea 12:14,Minor Prophets,Old Testament,Hosea,NLT
WORD,And,H2781,12,Hosea 12:14,Minor Prophets,Old Testament,Hosea,NLT
PHRASE,bring back,H7725,12,Hosea 12:14,Minor Prophets,Old Testament,Hosea,NLT
PHRASE,his reproach,H2781,12,Hosea 12:14,Minor Prophets,Old Testament,Hosea,NLT
PHRASE,to him.,,12,Hosea 12:14,Minor Prophets,Old Testament,Hosea,NLT
WORD,When,H1696,13,Hosea 13:1,Minor Prophets,Old Testament,Hosea,NLT
WORD,Ephraim,H669,13,Hosea 13:1,Minor Prophets,Old Testament,Hosea,NLT
WORD,"spoke,",H1696,13,Hosea 13:1,Minor Prophets,Old Testament,Hosea,NLT
PHRASE,[there was],,13,Hosea 13:1,Minor Prophets,Old Testament,Hosea,NLT
WORD,trembling.,H7578,13,Hosea 13:1,Minor Prophets,Old Testament,Hosea,NLT
PHRASE,He exalted,H5375,13,Hosea 13:1,Minor Prophets,Old Testament,Hosea,NLT
WORD,himself,H1931,13,Hosea 13:1,Minor Prophets,Old Testament,Hosea,NLT
PHRASE,"in Israel,",H3478,13,Hosea 13:1,Minor Prophets,Old Testament,Hosea,NLT
WORD,But,H816,13,Hosea 13:1,Minor Prophets,Old Testament,Hosea,NLT
PHRASE,through Baal,H1168,13,Hosea 13:1,Minor Prophets,Old Testament,Hosea,NLT
PHRASE,he did wrong,H816,13,Hosea 13:1,Minor Prophets,Old Testament,Hosea,NLT
PHRASE,and died.,H4191,13,Hosea 13:1,Minor Prophets,Old Testament,Hosea,NLT
PHRASE,And now,H6258,13,Hosea 13:2,Minor Prophets,Old Testament,Hosea,NLT
WORD,they,H3254,13,Hosea 13:2,Minor Prophets,Old Testament,Hosea,NLT
WORD,sin,H2398,13,Hosea 13:2,Minor Prophets,Old Testament,Hosea,NLT
PHRASE,"more and more,",H3254,13,Hosea 13:2,Minor Prophets,Old Testament,Hosea,NLT
PHRASE,And make,H6213,13,Hosea 13:2,Minor Prophets,Old Testament,Hosea,NLT
PHRASE,for themselves,,13,Hosea 13:2,Minor Prophets,Old Testament,Hosea,NLT
PHRASE,"molten images,",H4541,13,Hosea 13:2,Minor Prophets,Old Testament,Hosea,NLT
WORD,Idols,H6091,13,Hosea 13:2,Minor Prophets,Old Testament,Hosea,NLT
PHRASE,skillfully made,H8394,13,Hosea 13:2,Minor Prophets,Old Testament,Hosea,NLT
PHRASE,"from their silver,",H3701,13,Hosea 13:2,Minor Prophets,Old Testament,Hosea,NLT
PHRASE,All of them,H3605,13,Hosea 13:2,Minor Prophets,Old Testament,Hosea,NLT
PHRASE,the work,H4639,13,Hosea 13:2,Minor Prophets,Old Testament,Hosea,NLT
PHRASE,of craftsmen.,H2796,13,Hosea 13:2,Minor Prophets,Old Testament,Hosea,NLT
WORD,They,H1992,13,Hosea 13:2,Minor Prophets,Old Testament,Hosea,NLT
WORD,say,H559,13,Hosea 13:2,Minor Prophets,Old Testament,Hosea,NLT
PHRASE,"of them,",,13,Hosea 13:2,Minor Prophets,Old Testament,Hosea,NLT
WORD,“Let,H5401,13,Hosea 13:2,Minor Prophets,Old Testament,Hosea,NLT
PHRASE,the men,H120,13,Hosea 13:2,Minor Prophets,Old Testament,Hosea,NLT
PHRASE,who sacrifice,H2076,13,Hosea 13:2,Minor Prophets,Old Testament,Hosea,NLT
WORD,kiss,H5401,13,Hosea 13:2,Minor Prophets,Old Testament,Hosea,NLT
PHRASE,the calves!”,H5695,13,Hosea 13:2,Minor Prophets,Old Testament,Hosea,NLT
WORD,Therefore,H3651,13,Hosea 13:3,Minor Prophets,Old Testament,Hosea,NLT
PHRASE,they will be,H1961,13,Hosea 13:3,Minor Prophets,Old Testament,Hosea,NLT
PHRASE,like the,H6051,13,Hosea 13:3,Minor Prophets,Old Testament,Hosea,NLT
WORD,morning,H1242,13,Hosea 13:3,Minor Prophets,Old Testament,Hosea,NLT
WORD,cloud,H6051,13,Hosea 13:3,Minor Prophets,Old Testament,Hosea,NLT
PHRASE,And like dew,H2919,13,Hosea 13:3,Minor Prophets,Old Testament,Hosea,NLT
PHRASE,which soon,H7925,13,Hosea 13:3,Minor Prophets,Old Testament,Hosea,NLT
WORD,"disappears,",H1980,13,Hosea 13:3,Minor Prophets,Old Testament,Hosea,NLT
PHRASE,Like chaff,H4671,13,Hosea 13:3,Minor Prophets,Old Testament,Hosea,NLT
PHRASE,which is blown away,H5590,13,Hosea 13:3,Minor Prophets,Old Testament,Hosea,NLT
PHRASE,from the threshing floor,H1637,13,Hosea 13:3,Minor Prophets,Old Testament,Hosea,NLT
PHRASE,And like smoke,H6227,13,Hosea 13:3,Minor Prophets,Old Testament,Hosea,NLT
PHRASE,from a chimney.,H699,13,Hosea 13:3,Minor Prophets,Old Testament,Hosea,NLT
PHRASE,Yet I,H595,13,Hosea 13:4,Minor Prophets,Old Testament,Hosea,NLT
PHRASE,[have been],,13,Hosea 13:4,Minor Prophets,Old Testament,Hosea,NLT
PHRASE,the LORD,H3068,13,Hosea 13:4,Minor Prophets,Old Testament,Hosea,NLT
PHRASE,your God,H430,13,Hosea 13:4,Minor Prophets,Old Testament,Hosea,NLT
PHRASE,Since the land,H776,13,Hosea 13:4,Minor Prophets,Old Testament,Hosea,NLT
PHRASE,of Egypt;,H4714,13,Hosea 13:4,Minor Prophets,Old Testament,Hosea,NLT
WORD,And,H430,13,Hosea 13:4,Minor Prophets,Old Testament,Hosea,NLT
PHRASE,you were,H3045,13,Hosea 13:4,Minor Prophets,Old Testament,Hosea,NLT
WORD,not,H3808,13,Hosea 13:4,Minor Prophets,Old Testament,Hosea,NLT
PHRASE,to know,H3045,13,Hosea 13:4,Minor Prophets,Old Testament,Hosea,NLT
PHRASE,any god,H430,13,Hosea 13:4,Minor Prophets,Old Testament,Hosea,NLT
PHRASE,"except Me,",H2108,13,Hosea 13:4,Minor Prophets,Old Testament,Hosea,NLT
WORD,For,H3467,13,Hosea 13:4,Minor Prophets,Old Testament,Hosea,NLT
PHRASE,there is,,13,Hosea 13:4,Minor Prophets,Old Testament,Hosea,NLT
WORD,no,H369,13,Hosea 13:4,Minor Prophets,Old Testament,Hosea,NLT
WORD,savior,H3467,13,Hosea 13:4,Minor Prophets,Old Testament,Hosea,NLT
PHRASE,besides Me.,H1115,13,Hosea 13:4,Minor Prophets,Old Testament,Hosea,NLT
WORD,I,H589,13,Hosea 13:5,Minor Prophets,Old Testament,Hosea,NLT
PHRASE,cared for you,H3045,13,Hosea 13:5,Minor Prophets,Old Testament,Hosea,NLT
PHRASE,"in the wilderness,",H4057,13,Hosea 13:5,Minor Prophets,Old Testament,Hosea,NLT
PHRASE,In the land,H776,13,Hosea 13:5,Minor Prophets,Old Testament,Hosea,NLT
PHRASE,of drought.,H8514,13,Hosea 13:5,Minor Prophets,Old Testament,Hosea,NLT
WORD,As,H4830,13,Hosea 13:6,Minor Prophets,Old Testament,Hosea,NLT
PHRASE,[they had],,13,Hosea 13:6,Minor Prophets,Old Testament,Hosea,NLT
PHRASE,"their pasture,",H4830,13,Hosea 13:6,Minor Prophets,Old Testament,Hosea,NLT
PHRASE,"they became satisfied,",H7646,13,Hosea 13:6,Minor Prophets,Old Testament,Hosea,NLT
WORD,And,H7311,13,Hosea 13:6,Minor Prophets,Old Testament,Hosea,NLT
PHRASE,"being satisfied,",H7646,13,Hosea 13:6,Minor Prophets,Old Testament,Hosea,NLT
PHRASE,their heart,H3820,13,Hosea 13:6,Minor Prophets,Old Testament,Hosea,NLT
PHRASE,became proud;,H7311,13,Hosea 13:6,Minor Prophets,Old Testament,Hosea,NLT
WORD,Therefore,H5921,13,Hosea 13:6,Minor Prophets,Old Testament,Hosea,NLT
PHRASE,they forgot Me.,H7911,13,Hosea 13:6,Minor Prophets,Old Testament,Hosea,NLT
PHRASE,So I will be,H1961,13,Hosea 13:7,Minor Prophets,Old Testament,Hosea,NLT
WORD,like,H3644,13,Hosea 13:7,Minor Prophets,Old Testament,Hosea,NLT
PHRASE,a lion,H7826,13,Hosea 13:7,Minor Prophets,Old Testament,Hosea,NLT
PHRASE,to them;,,13,Hosea 13:7,Minor Prophets,Old Testament,Hosea,NLT
PHRASE,Like a leopard,H5246,13,Hosea 13:7,Minor Prophets,Old Testament,Hosea,NLT
PHRASE,I will lie in wait,H7789,13,Hosea 13:7,Minor Prophets,Old Testament,Hosea,NLT
WORD,by,H5921,13,Hosea 13:7,Minor Prophets,Old Testament,Hosea,NLT
PHRASE,the wayside.,H1870,13,Hosea 13:7,Minor Prophets,Old Testament,Hosea,NLT
PHRASE,I will encounter them,H6298,13,Hosea 13:8,Minor Prophets,Old Testament,Hosea,NLT
PHRASE,like a bear,H1677,13,Hosea 13:8,Minor Prophets,Old Testament,Hosea,NLT
PHRASE,"robbed of her cubs,",H7909,13,Hosea 13:8,Minor Prophets,Old Testament,Hosea,NLT
PHRASE,And I will tear open,H7167,13,Hosea 13:8,Minor Prophets,Old Testament,Hosea,NLT
PHRASE,their chests;,H5458,13,Hosea 13:8,Minor Prophets,Old Testament,Hosea,NLT
WORD,There,H8033,13,Hosea 13:8,Minor Prophets,Old Testament,Hosea,NLT
PHRASE,I will also devour them,H398,13,Hosea 13:8,Minor Prophets,Old Testament,Hosea,NLT
PHRASE,"like a lioness,",H3833,13,Hosea 13:8,Minor Prophets,Old Testament,Hosea,NLT
WORD,[As],,13,Hosea 13:8,Minor Prophets,Old Testament,Hosea,NLT
PHRASE,a wild,H7704,13,Hosea 13:8,Minor Prophets,Old Testament,Hosea,NLT
WORD,beast,H2416,13,Hosea 13:8,Minor Prophets,Old Testament,Hosea,NLT
PHRASE,would tear them.,H1234,13,Hosea 13:8,Minor Prophets,Old Testament,Hosea,NLT
PHRASE,[It is],,13,Hosea 13:9,Minor Prophets,Old Testament,Hosea,NLT
PHRASE,"your destruction,",H7843,13,Hosea 13:9,Minor Prophets,Old Testament,Hosea,NLT
PHRASE,"O Israel,",H3478,13,Hosea 13:9,Minor Prophets,Old Testament,Hosea,NLT
WORD,That,H3588,13,Hosea 13:9,Minor Prophets,Old Testament,Hosea,NLT
PHRASE,[you are],,13,Hosea 13:9,Minor Prophets,Old Testament,Hosea,NLT
PHRASE,"against Me,",,13,Hosea 13:9,Minor Prophets,Old Testament,Hosea,NLT
PHRASE,against your help.,H5828,13,Hosea 13:9,Minor Prophets,Old Testament,Hosea,NLT
WORD,Where,H165,13,Hosea 13:10,Minor Prophets,Old Testament,Hosea,NLT
WORD,now,H645,13,Hosea 13:10,Minor Prophets,Old Testament,Hosea,NLT
WORD,is,,13,Hosea 13:10,Minor Prophets,Old Testament,Hosea,NLT
PHRASE,your king,H4428,13,Hosea 13:10,Minor Prophets,Old Testament,Hosea,NLT
PHRASE,That he may save you,H3467,13,Hosea 13:10,Minor Prophets,Old Testament,Hosea,NLT
PHRASE,in all,H3605,13,Hosea 13:10,Minor Prophets,Old Testament,Hosea,NLT
PHRASE,"your cities,",H5892,13,Hosea 13:10,Minor Prophets,Old Testament,Hosea,NLT
PHRASE,And your judges,H8199,13,Hosea 13:10,Minor Prophets,Old Testament,Hosea,NLT
PHRASE,of whom,H834,13,Hosea 13:10,Minor Prophets,Old Testament,Hosea,NLT
PHRASE,"you requested,",H559,13,Hosea 13:10,Minor Prophets,Old Testament,Hosea,NLT
WORD,“Give,H5414,13,Hosea 13:10,Minor Prophets,Old Testament,Hosea,NLT
WORD,me,,13,Hosea 13:10,Minor Prophets,Old Testament,Hosea,NLT
PHRASE,a king,H4428,13,Hosea 13:10,Minor Prophets,Old Testament,Hosea,NLT
PHRASE,and princes”?,H8269,13,Hosea 13:10,Minor Prophets,Old Testament,Hosea,NLT
PHRASE,I gave,H5414,13,Hosea 13:11,Minor Prophets,Old Testament,Hosea,NLT
WORD,you,,13,Hosea 13:11,Minor Prophets,Old Testament,Hosea,NLT
PHRASE,a king,H4428,13,Hosea 13:11,Minor Prophets,Old Testament,Hosea,NLT
PHRASE,in My anger,H639,13,Hosea 13:11,Minor Prophets,Old Testament,Hosea,NLT
PHRASE,And took him away,H3947,13,Hosea 13:11,Minor Prophets,Old Testament,Hosea,NLT
PHRASE,in My wrath.,H5678,13,Hosea 13:11,Minor Prophets,Old Testament,Hosea,NLT
PHRASE,The iniquity,H5771,13,Hosea 13:12,Minor Prophets,Old Testament,Hosea,NLT
PHRASE,of Ephraim,H669,13,Hosea 13:12,Minor Prophets,Old Testament,Hosea,NLT
PHRASE,is bound up;,H6887,13,Hosea 13:12,Minor Prophets,Old Testament,Hosea,NLT
PHRASE,His sin,H2403,13,Hosea 13:12,Minor Prophets,Old Testament,Hosea,NLT
PHRASE,is stored up.,H6845,13,Hosea 13:12,Minor Prophets,Old Testament,Hosea,NLT
PHRASE,The pains,H2256,13,Hosea 13:13,Minor Prophets,Old Testament,Hosea,NLT
PHRASE,of childbirth,H3205,13,Hosea 13:13,Minor Prophets,Old Testament,Hosea,NLT
WORD,come,H935,13,Hosea 13:13,Minor Prophets,Old Testament,Hosea,NLT
PHRASE,upon him;,,13,Hosea 13:13,Minor Prophets,Old Testament,Hosea,NLT
WORD,He,H1931,13,Hosea 13:13,Minor Prophets,Old Testament,Hosea,NLT
WORD,is,,13,Hosea 13:13,Minor Prophets,Old Testament,Hosea,NLT
WORD,not,H3808,13,Hosea 13:13,Minor Prophets,Old Testament,Hosea,NLT
WORD,a,H1121,13,Hosea 13:13,Minor Prophets,Old Testament,Hosea,NLT
WORD,wise,H2450,13,Hosea 13:13,Minor Prophets,Old Testament,Hosea,NLT
WORD,"son,",H1121,13,Hosea 13:13,Minor Prophets,Old Testament,Hosea,NLT
WORD,For,H3588,13,Hosea 13:13,Minor Prophets,Old Testament,Hosea,NLT
PHRASE,it is,,13,Hosea 13:13,Minor Prophets,Old Testament,Hosea,NLT
WORD,not,H3808,13,Hosea 13:13,Minor Prophets,Old Testament,Hosea,NLT
PHRASE,the time,H6256,13,Hosea 13:13,Minor Prophets,Old Testament,Hosea,NLT
PHRASE,that he should delay,H5975,13,Hosea 13:13,Minor Prophets,Old Testament,Hosea,NLT
PHRASE,at the opening,H4866,13,Hosea 13:13,Minor Prophets,Old Testament,Hosea,NLT
PHRASE,of the womb.,H4866,13,Hosea 13:13,Minor Prophets,Old Testament,Hosea,NLT
PHRASE,Shall I ransom them,H6299,13,Hosea 13:14,Minor Prophets,Old Testament,Hosea,NLT
PHRASE,from the power,H3027,13,Hosea 13:14,Minor Prophets,Old Testament,Hosea,NLT
PHRASE,of Sheol?,H7585,13,Hosea 13:14,Minor Prophets,Old Testament,Hosea,NLT
PHRASE,Shall I redeem them,H1350,13,Hosea 13:14,Minor Prophets,Old Testament,Hosea,NLT
PHRASE,from death?,H4194,13,Hosea 13:14,Minor Prophets,Old Testament,Hosea,NLT
PHRASE,"O Death,",H4194,13,Hosea 13:14,Minor Prophets,Old Testament,Hosea,NLT
WORD,where,H165,13,Hosea 13:14,Minor Prophets,Old Testament,Hosea,NLT
WORD,are,,13,Hosea 13:14,Minor Prophets,Old Testament,Hosea,NLT
PHRASE,your thorns?,H1698,13,Hosea 13:14,Minor Prophets,Old Testament,Hosea,NLT
PHRASE,"O Sheol,",H7585,13,Hosea 13:14,Minor Prophets,Old Testament,Hosea,NLT
WORD,where,H165,13,Hosea 13:14,Minor Prophets,Old Testament,Hosea,NLT
WORD,is,,13,Hosea 13:14,Minor Prophets,Old Testament,Hosea,NLT
PHRASE,your sting?,H6987,13,Hosea 13:14,Minor Prophets,Old Testament,Hosea,NLT
WORD,Compassion,H5164,13,Hosea 13:14,Minor Prophets,Old Testament,Hosea,NLT
PHRASE,will be hidden,H5641,13,Hosea 13:14,Minor Prophets,Old Testament,Hosea,NLT
PHRASE,from My sight.,H5869,13,Hosea 13:14,Minor Prophets,Old Testament,Hosea,NLT
WORD,Though,H3588,13,Hosea 13:15,Minor Prophets,Old Testament,Hosea,NLT
WORD,he,H1931,13,Hosea 13:15,Minor Prophets,Old Testament,Hosea,NLT
WORD,flourishes,H6500,13,Hosea 13:15,Minor Prophets,Old Testament,Hosea,NLT
WORD,among,H996,13,Hosea 13:15,Minor Prophets,Old Testament,Hosea,NLT
PHRASE,"the reeds,",H251,13,Hosea 13:15,Minor Prophets,Old Testament,Hosea,NLT
PHRASE,An east wind,H6921,13,Hosea 13:15,Minor Prophets,Old Testament,Hosea,NLT
PHRASE,"will come,",H935,13,Hosea 13:15,Minor Prophets,Old Testament,Hosea,NLT
PHRASE,The wind,H7307,13,Hosea 13:15,Minor Prophets,Old Testament,Hosea,NLT
PHRASE,of the LORD,H3068,13,Hosea 13:15,Minor Prophets,Old Testament,Hosea,NLT
PHRASE,coming up,H5927,13,Hosea 13:15,Minor Prophets,Old Testament,Hosea,NLT
PHRASE,from the wilderness;,H4057,13,Hosea 13:15,Minor Prophets,Old Testament,Hosea,NLT
WORD,And,H954,13,Hosea 13:15,Minor Prophets,Old Testament,Hosea,NLT
PHRASE,his fountain,H4726,13,Hosea 13:15,Minor Prophets,Old Testament,Hosea,NLT
PHRASE,will become dry,H954,13,Hosea 13:15,Minor Prophets,Old Testament,Hosea,NLT
WORD,And,H2717,13,Hosea 13:15,Minor Prophets,Old Testament,Hosea,NLT
PHRASE,his spring,H4599,13,Hosea 13:15,Minor Prophets,Old Testament,Hosea,NLT
PHRASE,will be dried up;,H2717,13,Hosea 13:15,Minor Prophets,Old Testament,Hosea,NLT
WORD,It,H1931,13,Hosea 13:15,Minor Prophets,Old Testament,Hosea,NLT
PHRASE,will plunder,H8154,13,Hosea 13:15,Minor Prophets,Old Testament,Hosea,NLT
WORD,[his],,13,Hosea 13:15,Minor Prophets,Old Testament,Hosea,NLT
WORD,treasury,H214,13,Hosea 13:15,Minor Prophets,Old Testament,Hosea,NLT
PHRASE,of every,H3605,13,Hosea 13:15,Minor Prophets,Old Testament,Hosea,NLT
WORD,precious,H2532,13,Hosea 13:15,Minor Prophets,Old Testament,Hosea,NLT
WORD,article.,H3627,13,Hosea 13:15,Minor Prophets,Old Testament,Hosea,NLT
WORD,Samaria,H8111,13,Hosea 13:16,Minor Prophets,Old Testament,Hosea,NLT
PHRASE,"will be held guilty,",H816,13,Hosea 13:16,Minor Prophets,Old Testament,Hosea,NLT
WORD,For,H3588,13,Hosea 13:16,Minor Prophets,Old Testament,Hosea,NLT
PHRASE,she has rebelled,H4784,13,Hosea 13:16,Minor Prophets,Old Testament,Hosea,NLT
PHRASE,against her God.,H430,13,Hosea 13:16,Minor Prophets,Old Testament,Hosea,NLT
PHRASE,They will fall,H5307,13,Hosea 13:16,Minor Prophets,Old Testament,Hosea,NLT
PHRASE,"by the sword,",H2719,13,Hosea 13:16,Minor Prophets,Old Testament,Hosea,NLT
PHRASE,Their little ones,H5768,13,Hosea 13:16,Minor Prophets,Old Testament,Hosea,NLT
PHRASE,"will be dashed in pieces,",H7376,13,Hosea 13:16,Minor Prophets,Old Testament,Hosea,NLT
PHRASE,And their pregnant women,H2030,13,Hosea 13:16,Minor Prophets,Old Testament,Hosea,NLT
PHRASE,will be ripped open.,H1234,13,Hosea 13:16,Minor Prophets,Old Testament,Hosea,NLT
WORD,"Return,",H7725,14,Hosea 14:1,Minor Prophets,Old Testament,Hosea,NLT
PHRASE,"O Israel,",H3478,14,Hosea 14:1,Minor Prophets,Old Testament,Hosea,NLT
WORD,to,H5704,14,Hosea 14:1,Minor Prophets,Old Testament,Hosea,NLT
PHRASE,the LORD,H3068,14,Hosea 14:1,Minor Prophets,Old Testament,Hosea,NLT
PHRASE,"your God,",H430,14,Hosea 14:1,Minor Prophets,Old Testament,Hosea,NLT
WORD,For,H3588,14,Hosea 14:1,Minor Prophets,Old Testament,Hosea,NLT
PHRASE,you have stumbled,H3782,14,Hosea 14:1,Minor Prophets,Old Testament,Hosea,NLT
PHRASE,because of your iniquity.,H5771,14,Hosea 14:1,Minor Prophets,Old Testament,Hosea,NLT
WORD,Take,H3947,14,Hosea 14:2,Minor Prophets,Old Testament,Hosea,NLT
WORD,words,H1697,14,Hosea 14:2,Minor Prophets,Old Testament,Hosea,NLT
PHRASE,with you,H5973,14,Hosea 14:2,Minor Prophets,Old Testament,Hosea,NLT
PHRASE,and return,H7725,14,Hosea 14:2,Minor Prophets,Old Testament,Hosea,NLT
WORD,to,H413,14,Hosea 14:2,Minor Prophets,Old Testament,Hosea,NLT
PHRASE,the LORD.,H3068,14,Hosea 14:2,Minor Prophets,Old Testament,Hosea,NLT
WORD,Say,H559,14,Hosea 14:2,Minor Prophets,Old Testament,Hosea,NLT
PHRASE,"to Him,",H413,14,Hosea 14:2,Minor Prophets,Old Testament,Hosea,NLT
PHRASE,“Take away,H5375,14,Hosea 14:2,Minor Prophets,Old Testament,Hosea,NLT
WORD,all,H3605,14,Hosea 14:2,Minor Prophets,Old Testament,Hosea,NLT
WORD,iniquity,H5771,14,Hosea 14:2,Minor Prophets,Old Testament,Hosea,NLT
PHRASE,And receive,H3947,14,Hosea 14:2,Minor Prophets,Old Testament,Hosea,NLT
WORD,[us],,14,Hosea 14:2,Minor Prophets,Old Testament,Hosea,NLT
WORD,"graciously,",H2896,14,Hosea 14:2,Minor Prophets,Old Testament,Hosea,NLT
PHRASE,That we may present,H7999,14,Hosea 14:2,Minor Prophets,Old Testament,Hosea,NLT
PHRASE,the fruit,H6499,14,Hosea 14:2,Minor Prophets,Old Testament,Hosea,NLT
PHRASE,of our lips.,H8193,14,Hosea 14:2,Minor Prophets,Old Testament,Hosea,NLT
WORD,“Assyria,H804,14,Hosea 14:3,Minor Prophets,Old Testament,Hosea,NLT
WORD,will,H3467,14,Hosea 14:3,Minor Prophets,Old Testament,Hosea,NLT
WORD,not,H3808,14,Hosea 14:3,Minor Prophets,Old Testament,Hosea,NLT
PHRASE,"save us,",H3467,14,Hosea 14:3,Minor Prophets,Old Testament,Hosea,NLT
PHRASE,We will,H7392,14,Hosea 14:3,Minor Prophets,Old Testament,Hosea,NLT
WORD,not,H3808,14,Hosea 14:3,Minor Prophets,Old Testament,Hosea,NLT
WORD,ride,H7392,14,Hosea 14:3,Minor Prophets,Old Testament,Hosea,NLT
WORD,on,H5921,14,Hosea 14:3,Minor Prophets,Old Testament,Hosea,NLT
WORD,horses;,H5483,14,Hosea 14:3,Minor Prophets,Old Testament,Hosea,NLT
WORD,Nor,H3808,14,Hosea 14:3,Minor Prophets,Old Testament,Hosea,NLT
PHRASE,will we say,H559,14,Hosea 14:3,Minor Prophets,Old Testament,Hosea,NLT
WORD,"again,",H5750,14,Hosea 14:3,Minor Prophets,Old Testament,Hosea,NLT
PHRASE,"‘Our god,’",H430,14,Hosea 14:3,Minor Prophets,Old Testament,Hosea,NLT
PHRASE,To the work,H4639,14,Hosea 14:3,Minor Prophets,Old Testament,Hosea,NLT
PHRASE,of our hands;,H3027,14,Hosea 14:3,Minor Prophets,Old Testament,Hosea,NLT
WORD,For,H834,14,Hosea 14:3,Minor Prophets,Old Testament,Hosea,NLT
PHRASE,in You,,14,Hosea 14:3,Minor Prophets,Old Testament,Hosea,NLT
PHRASE,the orphan,H3490,14,Hosea 14:3,Minor Prophets,Old Testament,Hosea,NLT
PHRASE,finds mercy.”,H7355,14,Hosea 14:3,Minor Prophets,Old Testament,Hosea,NLT
PHRASE,I will heal,H7495,14,Hosea 14:4,Minor Prophets,Old Testament,Hosea,NLT
PHRASE,"their apostasy,",H4878,14,Hosea 14:4,Minor Prophets,Old Testament,Hosea,NLT
PHRASE,I will love them,H157,14,Hosea 14:4,Minor Prophets,Old Testament,Hosea,NLT
WORD,"freely,",H5071,14,Hosea 14:4,Minor Prophets,Old Testament,Hosea,NLT
WORD,For,H3588,14,Hosea 14:4,Minor Prophets,Old Testament,Hosea,NLT
PHRASE,My anger,H639,14,Hosea 14:4,Minor Prophets,Old Testament,Hosea,NLT
PHRASE,has turned away,H7725,14,Hosea 14:4,Minor Prophets,Old Testament,Hosea,NLT
PHRASE,from them.,H4480,14,Hosea 14:4,Minor Prophets,Old Testament,Hosea,NLT
PHRASE,I will be,H1961,14,Hosea 14:5,Minor Prophets,Old Testament,Hosea,NLT
PHRASE,like the dew,H2919,14,Hosea 14:5,Minor Prophets,Old Testament,Hosea,NLT
PHRASE,to Israel;,H3478,14,Hosea 14:5,Minor Prophets,Old Testament,Hosea,NLT
PHRASE,He will blossom,H6524,14,Hosea 14:5,Minor Prophets,Old Testament,Hosea,NLT
PHRASE,"like the lily,",H7799,14,Hosea 14:5,Minor Prophets,Old Testament,Hosea,NLT
PHRASE,And he will take,H5221,14,Hosea 14:5,Minor Prophets,Old Testament,Hosea,NLT
WORD,root,H8328,14,Hosea 14:5,Minor Prophets,Old Testament,Hosea,NLT
WORD,like,H3844,14,Hosea 14:5,Minor Prophets,Old Testament,Hosea,NLT
PHRASE,[the cedars of],,14,Hosea 14:5,Minor Prophets,Old Testament,Hosea,NLT
WORD,Lebanon.,H3844,14,Hosea 14:5,Minor Prophets,Old Testament,Hosea,NLT
PHRASE,His shoots,H3127,14,Hosea 14:6,Minor Prophets,Old Testament,Hosea,NLT
PHRASE,"will sprout,",H3212,14,Hosea 14:6,Minor Prophets,Old Testament,Hosea,NLT
WORD,And,H1961,14,Hosea 14:6,Minor Prophets,Old Testament,Hosea,NLT
PHRASE,his beauty,H1935,14,Hosea 14:6,Minor Prophets,Old Testament,Hosea,NLT
PHRASE,will be,H1961,14,Hosea 14:6,Minor Prophets,Old Testament,Hosea,NLT
PHRASE,like the olive tree,H2132,14,Hosea 14:6,Minor Prophets,Old Testament,Hosea,NLT
WORD,And,H7381,14,Hosea 14:6,Minor Prophets,Old Testament,Hosea,NLT
WORD,his,,14,Hosea 14:6,Minor Prophets,Old Testament,Hosea,NLT
WORD,fragrance,H7381,14,Hosea 14:6,Minor Prophets,Old Testament,Hosea,NLT
WORD,like,H3844,14,Hosea 14:6,Minor Prophets,Old Testament,Hosea,NLT
PHRASE,[the cedars of],,14,Hosea 14:6,Minor Prophets,Old Testament,Hosea,NLT
WORD,Lebanon.,H3844,14,Hosea 14:6,Minor Prophets,Old Testament,Hosea,NLT
PHRASE,Those who live,H3427,14,Hosea 14:7,Minor Prophets,Old Testament,Hosea,NLT
PHRASE,in his shadow,H6738,14,Hosea 14:7,Minor Prophets,Old Testament,Hosea,NLT
PHRASE,Will again,H7725,14,Hosea 14:7,Minor Prophets,Old Testament,Hosea,NLT
WORD,raise,H2421,14,Hosea 14:7,Minor Prophets,Old Testament,Hosea,NLT
WORD,"grain,",H1715,14,Hosea 14:7,Minor Prophets,Old Testament,Hosea,NLT
PHRASE,And they will blossom,H6524,14,Hosea 14:7,Minor Prophets,Old Testament,Hosea,NLT
PHRASE,like the vine.,H1612,14,Hosea 14:7,Minor Prophets,Old Testament,Hosea,NLT
PHRASE,His renown,H2143,14,Hosea 14:7,Minor Prophets,Old Testament,Hosea,NLT
PHRASE,[will be],,14,Hosea 14:7,Minor Prophets,Old Testament,Hosea,NLT
PHRASE,like the wine,H3196,14,Hosea 14:7,Minor Prophets,Old Testament,Hosea,NLT
PHRASE,of Lebanon.,H3844,14,Hosea 14:7,Minor Prophets,Old Testament,Hosea,NLT
PHRASE,"O Ephraim,",H669,14,Hosea 14:8,Minor Prophets,Old Testament,Hosea,NLT
WORD,what,H4100,14,Hosea 14:8,Minor Prophets,Old Testament,Hosea,NLT
WORD,more,H5750,14,Hosea 14:8,Minor Prophets,Old Testament,Hosea,NLT
PHRASE,have I to do,,14,Hosea 14:8,Minor Prophets,Old Testament,Hosea,NLT
PHRASE,with idols?,H6091,14,Hosea 14:8,Minor Prophets,Old Testament,Hosea,NLT
PHRASE,It is,H6030,14,Hosea 14:8,Minor Prophets,Old Testament,Hosea,NLT
WORD,I,H589,14,Hosea 14:8,Minor Prophets,Old Testament,Hosea,NLT
PHRASE,who answer,H6030,14,Hosea 14:8,Minor Prophets,Old Testament,Hosea,NLT
PHRASE,and look after you.,H7789,14,Hosea 14:8,Minor Prophets,Old Testament,Hosea,NLT
WORD,I,H589,14,Hosea 14:8,Minor Prophets,Old Testament,Hosea,NLT
WORD,am,,14,Hosea 14:8,Minor Prophets,Old Testament,Hosea,NLT
PHRASE,like a,H1265,14,Hosea 14:8,Minor Prophets,Old Testament,Hosea,NLT
WORD,luxuriant,H7488,14,Hosea 14:8,Minor Prophets,Old Testament,Hosea,NLT
WORD,cypress;,H1265,14,Hosea 14:8,Minor Prophets,Old Testament,Hosea,NLT
PHRASE,From Me,H4480,14,Hosea 14:8,Minor Prophets,Old Testament,Hosea,NLT
WORD,comes,H4672,14,Hosea 14:8,Minor Prophets,Old Testament,Hosea,NLT
PHRASE,your fruit.,H6529,14,Hosea 14:8,Minor Prophets,Old Testament,Hosea,NLT
WORD,Whoever,H4310,14,Hosea 14:9,Minor Prophets,Old Testament,Hosea,NLT
WORD,is,,14,Hosea 14:9,Minor Prophets,Old Testament,Hosea,NLT
WORD,"wise,",H2450,14,Hosea 14:9,Minor Prophets,Old Testament,Hosea,NLT
PHRASE,let him understand,H995,14,Hosea 14:9,Minor Prophets,Old Testament,Hosea,NLT
PHRASE,these things;,H428,14,Hosea 14:9,Minor Prophets,Old Testament,Hosea,NLT
WORD,[Whoever],,14,Hosea 14:9,Minor Prophets,Old Testament,Hosea,NLT
PHRASE,"is discerning,",H995,14,Hosea 14:9,Minor Prophets,Old Testament,Hosea,NLT
PHRASE,let him know them.,H3045,14,Hosea 14:9,Minor Prophets,Old Testament,Hosea,NLT
WORD,For,H3588,14,Hosea 14:9,Minor Prophets,Old Testament,Hosea,NLT
PHRASE,the ways,H1870,14,Hosea 14:9,Minor Prophets,Old Testament,Hosea,NLT
PHRASE,of the LORD,H3068,14,Hosea 14:9,Minor Prophets,Old Testament,Hosea,NLT
WORD,are,,14,Hosea 14:9,Minor Prophets,Old Testament,Hosea,NLT
WORD,"right,",H3477,14,Hosea 14:9,Minor Prophets,Old Testament,Hosea,NLT
PHRASE,And the righteous,H6662,14,Hosea 14:9,Minor Prophets,Old Testament,Hosea,NLT
PHRASE,will walk,H3212,14,Hosea 14:9,Minor Prophets,Old Testament,Hosea,NLT
PHRASE,"in them,",,14,Hosea 14:9,Minor Prophets,Old Testament,Hosea,NLT
PHRASE,But transgressors,H6586,14,Hosea 14:9,Minor Prophets,Old Testament,Hosea,NLT
PHRASE,will stumble,H3782,14,Hosea 14:9,Minor Prophets,Old Testament,Hosea,NLT
PHRASE,in them.,,14,Hosea 14:9,Minor Prophets,Old Testament,Hosea,NLT
