verse_part_type,verse_part,hebrew_id,bible_chapter,bible_verse,lit_type,testament_type,bible_book,version
WORD,,G3056,1,Hosea 1:1,Minor Prophets,Old Testament,Hosea,LXX
WORD,,G2962,1,Hosea 1:1,Minor Prophets,Old Testament,Hosea,LXX
WORD,,G3739,1,Hosea 1:1,Minor Prophets,Old Testament,Hosea,LXX
WORD,,G1096,1,Hosea 1:1,Minor Prophets,Old Testament,Hosea,LXX
WORD,,G4314,1,Hosea 1:1,Minor Prophets,Old Testament,Hosea,LXX
WORD,,G5617,1,Hosea 1:1,Minor Prophets,Old Testament,Hosea,LXX
WORD,,G3588,1,Hosea 1:1,Minor Prophets,Old Testament,Hosea,LXX
WORD,,G3588,1,Hosea 1:1,Minor Prophets,Old Testament,Hosea,LXX
WORD,,,1,Hosea 1:1,Minor Prophets,Old Testament,Hosea,LXX
WORD,,G1722,1,Hosea 1:1,Minor Prophets,Old Testament,Hosea,LXX
WORD,,G2250,1,Hosea 1:1,Minor Prophets,Old Testament,Hosea,LXX
WORD,,G3604,1,Hosea 1:1,Minor Prophets,Old Testament,Hosea,LXX
WORD,,G2532,1,Hosea 1:1,Minor Prophets,Old Testament,Hosea,LXX
WORD,,G2488,1,Hosea 1:1,Minor Prophets,Old Testament,Hosea,LXX
WORD,,G2532,1,Hosea 1:1,Minor Prophets,Old Testament,Hosea,LXX
WORD,,G881,1,Hosea 1:1,Minor Prophets,Old Testament,Hosea,LXX
WORD,,G2532,1,Hosea 1:1,Minor Prophets,Old Testament,Hosea,LXX
WORD,,G1478,1,Hosea 1:1,Minor Prophets,Old Testament,Hosea,LXX
WORD,,G935,1,Hosea 1:1,Minor Prophets,Old Testament,Hosea,LXX
WORD,,G2448,1,Hosea 1:1,Minor Prophets,Old Testament,Hosea,LXX
WORD,,G2532,1,Hosea 1:1,Minor Prophets,Old Testament,Hosea,LXX
WORD,,G1722,1,Hosea 1:1,Minor Prophets,Old Testament,Hosea,LXX
WORD,,G2250,1,Hosea 1:1,Minor Prophets,Old Testament,Hosea,LXX
WORD,,,1,Hosea 1:1,Minor Prophets,Old Testament,Hosea,LXX
WORD,,G5207,1,Hosea 1:1,Minor Prophets,Old Testament,Hosea,LXX
WORD,,,1,Hosea 1:1,Minor Prophets,Old Testament,Hosea,LXX
WORD,,G935,1,Hosea 1:1,Minor Prophets,Old Testament,Hosea,LXX
WORD,,G2474,1,Hosea 1:1,Minor Prophets,Old Testament,Hosea,LXX
WORD,,G746,1,Hosea 1:2,Minor Prophets,Old Testament,Hosea,LXX
WORD,,G3056,1,Hosea 1:2,Minor Prophets,Old Testament,Hosea,LXX
WORD,,G2962,1,Hosea 1:2,Minor Prophets,Old Testament,Hosea,LXX
WORD,,G4314,1,Hosea 1:2,Minor Prophets,Old Testament,Hosea,LXX
WORD,,G5617,1,Hosea 1:2,Minor Prophets,Old Testament,Hosea,LXX
WORD,,G2532,1,Hosea 1:2,Minor Prophets,Old Testament,Hosea,LXX
WORD,,G2036,1,Hosea 1:2,Minor Prophets,Old Testament,Hosea,LXX
WORD,,G2962,1,Hosea 1:2,Minor Prophets,Old Testament,Hosea,LXX
WORD,,G4314,1,Hosea 1:2,Minor Prophets,Old Testament,Hosea,LXX
WORD,,G5617,1,Hosea 1:2,Minor Prophets,Old Testament,Hosea,LXX
WORD,,,1,Hosea 1:2,Minor Prophets,Old Testament,Hosea,LXX
WORD,,G2983,1,Hosea 1:2,Minor Prophets,Old Testament,Hosea,LXX
WORD,,G4572,1,Hosea 1:2,Minor Prophets,Old Testament,Hosea,LXX
WORD,,G1135,1,Hosea 1:2,Minor Prophets,Old Testament,Hosea,LXX
WORD,,G4202,1,Hosea 1:2,Minor Prophets,Old Testament,Hosea,LXX
WORD,,G2532,1,Hosea 1:2,Minor Prophets,Old Testament,Hosea,LXX
WORD,,G5043,1,Hosea 1:2,Minor Prophets,Old Testament,Hosea,LXX
WORD,,G4202,1,Hosea 1:2,Minor Prophets,Old Testament,Hosea,LXX
WORD,,G1360,1,Hosea 1:2,Minor Prophets,Old Testament,Hosea,LXX
WORD,,G1608,1,Hosea 1:2,Minor Prophets,Old Testament,Hosea,LXX
WORD,,G1608,1,Hosea 1:2,Minor Prophets,Old Testament,Hosea,LXX
WORD,,G3588,1,Hosea 1:2,Minor Prophets,Old Testament,Hosea,LXX
WORD,,G1093,1,Hosea 1:2,Minor Prophets,Old Testament,Hosea,LXX
WORD,,G575,1,Hosea 1:2,Minor Prophets,Old Testament,Hosea,LXX
WORD,,G3693,1,Hosea 1:2,Minor Prophets,Old Testament,Hosea,LXX
WORD,,G3588,1,Hosea 1:2,Minor Prophets,Old Testament,Hosea,LXX
WORD,,G2962,1,Hosea 1:2,Minor Prophets,Old Testament,Hosea,LXX
WORD,,G2532,1,Hosea 1:3,Minor Prophets,Old Testament,Hosea,LXX
WORD,,G4198,1,Hosea 1:3,Minor Prophets,Old Testament,Hosea,LXX
WORD,,G2532,1,Hosea 1:3,Minor Prophets,Old Testament,Hosea,LXX
WORD,,G2983,1,Hosea 1:3,Minor Prophets,Old Testament,Hosea,LXX
WORD,,G3588,1,Hosea 1:3,Minor Prophets,Old Testament,Hosea,LXX
WORD,,,1,Hosea 1:3,Minor Prophets,Old Testament,Hosea,LXX
WORD,,G2364,1,Hosea 1:3,Minor Prophets,Old Testament,Hosea,LXX
WORD,,,1,Hosea 1:3,Minor Prophets,Old Testament,Hosea,LXX
WORD,,G2532,1,Hosea 1:3,Minor Prophets,Old Testament,Hosea,LXX
WORD,,G4815,1,Hosea 1:3,Minor Prophets,Old Testament,Hosea,LXX
WORD,,G2532,1,Hosea 1:3,Minor Prophets,Old Testament,Hosea,LXX
WORD,,G5088,1,Hosea 1:3,Minor Prophets,Old Testament,Hosea,LXX
WORD,,G846,1,Hosea 1:3,Minor Prophets,Old Testament,Hosea,LXX
WORD,,G5207,1,Hosea 1:3,Minor Prophets,Old Testament,Hosea,LXX
WORD,,G2532,1,Hosea 1:4,Minor Prophets,Old Testament,Hosea,LXX
WORD,,G2036,1,Hosea 1:4,Minor Prophets,Old Testament,Hosea,LXX
WORD,,G2962,1,Hosea 1:4,Minor Prophets,Old Testament,Hosea,LXX
WORD,,G4314,1,Hosea 1:4,Minor Prophets,Old Testament,Hosea,LXX
WORD,,G846,1,Hosea 1:4,Minor Prophets,Old Testament,Hosea,LXX
WORD,,G2564,1,Hosea 1:4,Minor Prophets,Old Testament,Hosea,LXX
WORD,,G3588,1,Hosea 1:4,Minor Prophets,Old Testament,Hosea,LXX
WORD,,G3686,1,Hosea 1:4,Minor Prophets,Old Testament,Hosea,LXX
WORD,,G846,1,Hosea 1:4,Minor Prophets,Old Testament,Hosea,LXX
WORD,,,1,Hosea 1:4,Minor Prophets,Old Testament,Hosea,LXX
WORD,,G1360,1,Hosea 1:4,Minor Prophets,Old Testament,Hosea,LXX
WORD,,G2089,1,Hosea 1:4,Minor Prophets,Old Testament,Hosea,LXX
WORD,,G3398,1,Hosea 1:4,Minor Prophets,Old Testament,Hosea,LXX
WORD,,G2532,1,Hosea 1:4,Minor Prophets,Old Testament,Hosea,LXX
WORD,,G1556,1,Hosea 1:4,Minor Prophets,Old Testament,Hosea,LXX
WORD,,G3588,1,Hosea 1:4,Minor Prophets,Old Testament,Hosea,LXX
WORD,,G129,1,Hosea 1:4,Minor Prophets,Old Testament,Hosea,LXX
WORD,,G3588,1,Hosea 1:4,Minor Prophets,Old Testament,Hosea,LXX
WORD,,,1,Hosea 1:4,Minor Prophets,Old Testament,Hosea,LXX
WORD,,G1909,1,Hosea 1:4,Minor Prophets,Old Testament,Hosea,LXX
WORD,,G3588,1,Hosea 1:4,Minor Prophets,Old Testament,Hosea,LXX
WORD,,G3624,1,Hosea 1:4,Minor Prophets,Old Testament,Hosea,LXX
WORD,,G2447,1,Hosea 1:4,Minor Prophets,Old Testament,Hosea,LXX
WORD,,G2532,1,Hosea 1:4,Minor Prophets,Old Testament,Hosea,LXX
WORD,,G2664,1,Hosea 1:4,Minor Prophets,Old Testament,Hosea,LXX
WORD,,G932,1,Hosea 1:4,Minor Prophets,Old Testament,Hosea,LXX
WORD,,G3624,1,Hosea 1:4,Minor Prophets,Old Testament,Hosea,LXX
WORD,,G2474,1,Hosea 1:4,Minor Prophets,Old Testament,Hosea,LXX
WORD,,G2532,1,Hosea 1:5,Minor Prophets,Old Testament,Hosea,LXX
WORD,,G1510,1,Hosea 1:5,Minor Prophets,Old Testament,Hosea,LXX
WORD,,G1722,1,Hosea 1:5,Minor Prophets,Old Testament,Hosea,LXX
WORD,,G3588,1,Hosea 1:5,Minor Prophets,Old Testament,Hosea,LXX
WORD,,G2250,1,Hosea 1:5,Minor Prophets,Old Testament,Hosea,LXX
WORD,,G1565,1,Hosea 1:5,Minor Prophets,Old Testament,Hosea,LXX
WORD,,G4937,1,Hosea 1:5,Minor Prophets,Old Testament,Hosea,LXX
WORD,,G3588,1,Hosea 1:5,Minor Prophets,Old Testament,Hosea,LXX
WORD,,G5115,1,Hosea 1:5,Minor Prophets,Old Testament,Hosea,LXX
WORD,,G3588,1,Hosea 1:5,Minor Prophets,Old Testament,Hosea,LXX
WORD,,G2474,1,Hosea 1:5,Minor Prophets,Old Testament,Hosea,LXX
WORD,,G1722,1,Hosea 1:5,Minor Prophets,Old Testament,Hosea,LXX
WORD,,G3588,1,Hosea 1:5,Minor Prophets,Old Testament,Hosea,LXX
WORD,,,1,Hosea 1:5,Minor Prophets,Old Testament,Hosea,LXX
WORD,,G3588,1,Hosea 1:5,Minor Prophets,Old Testament,Hosea,LXX
WORD,,,1,Hosea 1:5,Minor Prophets,Old Testament,Hosea,LXX
WORD,,G2532,1,Hosea 1:6,Minor Prophets,Old Testament,Hosea,LXX
WORD,,G4815,1,Hosea 1:6,Minor Prophets,Old Testament,Hosea,LXX
WORD,,G2089,1,Hosea 1:6,Minor Prophets,Old Testament,Hosea,LXX
WORD,,G2532,1,Hosea 1:6,Minor Prophets,Old Testament,Hosea,LXX
WORD,,G5088,1,Hosea 1:6,Minor Prophets,Old Testament,Hosea,LXX
WORD,,G2364,1,Hosea 1:6,Minor Prophets,Old Testament,Hosea,LXX
WORD,,G2532,1,Hosea 1:6,Minor Prophets,Old Testament,Hosea,LXX
WORD,,G2036,1,Hosea 1:6,Minor Prophets,Old Testament,Hosea,LXX
WORD,,G846,1,Hosea 1:6,Minor Prophets,Old Testament,Hosea,LXX
WORD,,G2564,1,Hosea 1:6,Minor Prophets,Old Testament,Hosea,LXX
WORD,,G3588,1,Hosea 1:6,Minor Prophets,Old Testament,Hosea,LXX
WORD,,G3686,1,Hosea 1:6,Minor Prophets,Old Testament,Hosea,LXX
WORD,,G846,1,Hosea 1:6,Minor Prophets,Old Testament,Hosea,LXX
WORD,,,1,Hosea 1:6,Minor Prophets,Old Testament,Hosea,LXX
WORD,,G1360,1,Hosea 1:6,Minor Prophets,Old Testament,Hosea,LXX
WORD,,G3756,1,Hosea 1:6,Minor Prophets,Old Testament,Hosea,LXX
WORD,,G3361,1,Hosea 1:6,Minor Prophets,Old Testament,Hosea,LXX
WORD,,G4369,1,Hosea 1:6,Minor Prophets,Old Testament,Hosea,LXX
WORD,,G2089,1,Hosea 1:6,Minor Prophets,Old Testament,Hosea,LXX
WORD,,G1653,1,Hosea 1:6,Minor Prophets,Old Testament,Hosea,LXX
WORD,,G3588,1,Hosea 1:6,Minor Prophets,Old Testament,Hosea,LXX
WORD,,G3624,1,Hosea 1:6,Minor Prophets,Old Testament,Hosea,LXX
WORD,,G3588,1,Hosea 1:6,Minor Prophets,Old Testament,Hosea,LXX
WORD,,G2474,1,Hosea 1:6,Minor Prophets,Old Testament,Hosea,LXX
WORD,,G235,1,Hosea 1:6,Minor Prophets,Old Testament,Hosea,LXX
WORD,,G2228,1,Hosea 1:6,Minor Prophets,Old Testament,Hosea,LXX
WORD,,G498,1,Hosea 1:6,Minor Prophets,Old Testament,Hosea,LXX
WORD,,G498,1,Hosea 1:6,Minor Prophets,Old Testament,Hosea,LXX
WORD,,G846,1,Hosea 1:6,Minor Prophets,Old Testament,Hosea,LXX
WORD,,G3588,1,Hosea 1:7,Minor Prophets,Old Testament,Hosea,LXX
WORD,,G1161,1,Hosea 1:7,Minor Prophets,Old Testament,Hosea,LXX
WORD,,G5207,1,Hosea 1:7,Minor Prophets,Old Testament,Hosea,LXX
WORD,,G2448,1,Hosea 1:7,Minor Prophets,Old Testament,Hosea,LXX
WORD,,G1653,1,Hosea 1:7,Minor Prophets,Old Testament,Hosea,LXX
WORD,,G2532,1,Hosea 1:7,Minor Prophets,Old Testament,Hosea,LXX
WORD,,G4982,1,Hosea 1:7,Minor Prophets,Old Testament,Hosea,LXX
WORD,,G846,1,Hosea 1:7,Minor Prophets,Old Testament,Hosea,LXX
WORD,,G1722,1,Hosea 1:7,Minor Prophets,Old Testament,Hosea,LXX
WORD,,G2962,1,Hosea 1:7,Minor Prophets,Old Testament,Hosea,LXX
WORD,,G2316,1,Hosea 1:7,Minor Prophets,Old Testament,Hosea,LXX
WORD,,G846,1,Hosea 1:7,Minor Prophets,Old Testament,Hosea,LXX
WORD,,G2532,1,Hosea 1:7,Minor Prophets,Old Testament,Hosea,LXX
WORD,,G3756,1,Hosea 1:7,Minor Prophets,Old Testament,Hosea,LXX
WORD,,G4982,1,Hosea 1:7,Minor Prophets,Old Testament,Hosea,LXX
WORD,,G846,1,Hosea 1:7,Minor Prophets,Old Testament,Hosea,LXX
WORD,,G1722,1,Hosea 1:7,Minor Prophets,Old Testament,Hosea,LXX
WORD,,G5115,1,Hosea 1:7,Minor Prophets,Old Testament,Hosea,LXX
WORD,,G3761,1,Hosea 1:7,Minor Prophets,Old Testament,Hosea,LXX
WORD,,G1722,1,Hosea 1:7,Minor Prophets,Old Testament,Hosea,LXX
WORD,,G4501,1,Hosea 1:7,Minor Prophets,Old Testament,Hosea,LXX
WORD,,G3761,1,Hosea 1:7,Minor Prophets,Old Testament,Hosea,LXX
WORD,,G1722,1,Hosea 1:7,Minor Prophets,Old Testament,Hosea,LXX
WORD,,G4171,1,Hosea 1:7,Minor Prophets,Old Testament,Hosea,LXX
WORD,,G3761,1,Hosea 1:7,Minor Prophets,Old Testament,Hosea,LXX
WORD,,G1722,1,Hosea 1:7,Minor Prophets,Old Testament,Hosea,LXX
WORD,,G716,1,Hosea 1:7,Minor Prophets,Old Testament,Hosea,LXX
WORD,,G3761,1,Hosea 1:7,Minor Prophets,Old Testament,Hosea,LXX
WORD,,G1722,1,Hosea 1:7,Minor Prophets,Old Testament,Hosea,LXX
WORD,,G2462,1,Hosea 1:7,Minor Prophets,Old Testament,Hosea,LXX
WORD,,G3761,1,Hosea 1:7,Minor Prophets,Old Testament,Hosea,LXX
WORD,,G1722,1,Hosea 1:7,Minor Prophets,Old Testament,Hosea,LXX
WORD,,G2460,1,Hosea 1:7,Minor Prophets,Old Testament,Hosea,LXX
WORD,,G2532,1,Hosea 1:8,Minor Prophets,Old Testament,Hosea,LXX
WORD,,,1,Hosea 1:8,Minor Prophets,Old Testament,Hosea,LXX
WORD,,G3588,1,Hosea 1:8,Minor Prophets,Old Testament,Hosea,LXX
WORD,,,1,Hosea 1:8,Minor Prophets,Old Testament,Hosea,LXX
WORD,,G2532,1,Hosea 1:8,Minor Prophets,Old Testament,Hosea,LXX
WORD,,G4815,1,Hosea 1:8,Minor Prophets,Old Testament,Hosea,LXX
WORD,,G2089,1,Hosea 1:8,Minor Prophets,Old Testament,Hosea,LXX
WORD,,G2532,1,Hosea 1:8,Minor Prophets,Old Testament,Hosea,LXX
WORD,,G5088,1,Hosea 1:8,Minor Prophets,Old Testament,Hosea,LXX
WORD,,G5207,1,Hosea 1:8,Minor Prophets,Old Testament,Hosea,LXX
WORD,,G2532,1,Hosea 1:9,Minor Prophets,Old Testament,Hosea,LXX
WORD,,G2036,1,Hosea 1:9,Minor Prophets,Old Testament,Hosea,LXX
WORD,,G2564,1,Hosea 1:9,Minor Prophets,Old Testament,Hosea,LXX
WORD,,G3588,1,Hosea 1:9,Minor Prophets,Old Testament,Hosea,LXX
WORD,,G3686,1,Hosea 1:9,Minor Prophets,Old Testament,Hosea,LXX
WORD,,G846,1,Hosea 1:9,Minor Prophets,Old Testament,Hosea,LXX
WORD,,,1,Hosea 1:9,Minor Prophets,Old Testament,Hosea,LXX
WORD,,G1360,1,Hosea 1:9,Minor Prophets,Old Testament,Hosea,LXX
WORD,,G4771,1,Hosea 1:9,Minor Prophets,Old Testament,Hosea,LXX
WORD,,G3756,1,Hosea 1:9,Minor Prophets,Old Testament,Hosea,LXX
WORD,,G2992,1,Hosea 1:9,Minor Prophets,Old Testament,Hosea,LXX
WORD,,G1473,1,Hosea 1:9,Minor Prophets,Old Testament,Hosea,LXX
WORD,,G2532,1,Hosea 1:9,Minor Prophets,Old Testament,Hosea,LXX
WORD,,G1473,1,Hosea 1:9,Minor Prophets,Old Testament,Hosea,LXX
WORD,,G3756,1,Hosea 1:9,Minor Prophets,Old Testament,Hosea,LXX
WORD,,G1510,1,Hosea 1:9,Minor Prophets,Old Testament,Hosea,LXX
WORD,,G4771,1,Hosea 1:9,Minor Prophets,Old Testament,Hosea,LXX
WORD,,G2532,1,Hosea 1:10,Minor Prophets,Old Testament,Hosea,LXX
WORD,,G1510,1,Hosea 1:10,Minor Prophets,Old Testament,Hosea,LXX
WORD,,G3588,1,Hosea 1:10,Minor Prophets,Old Testament,Hosea,LXX
WORD,,G706,1,Hosea 1:10,Minor Prophets,Old Testament,Hosea,LXX
WORD,,G3588,1,Hosea 1:10,Minor Prophets,Old Testament,Hosea,LXX
WORD,,G5207,1,Hosea 1:10,Minor Prophets,Old Testament,Hosea,LXX
WORD,,G2474,1,Hosea 1:10,Minor Prophets,Old Testament,Hosea,LXX
WORD,,G5613,1,Hosea 1:10,Minor Prophets,Old Testament,Hosea,LXX
WORD,,G3588,1,Hosea 1:10,Minor Prophets,Old Testament,Hosea,LXX
WORD,,G285,1,Hosea 1:10,Minor Prophets,Old Testament,Hosea,LXX
WORD,,G3588,1,Hosea 1:10,Minor Prophets,Old Testament,Hosea,LXX
WORD,,G2281,1,Hosea 1:10,Minor Prophets,Old Testament,Hosea,LXX
WORD,,G3739,1,Hosea 1:10,Minor Prophets,Old Testament,Hosea,LXX
WORD,,G3756,1,Hosea 1:10,Minor Prophets,Old Testament,Hosea,LXX
WORD,,,1,Hosea 1:10,Minor Prophets,Old Testament,Hosea,LXX
WORD,,G3761,1,Hosea 1:10,Minor Prophets,Old Testament,Hosea,LXX
WORD,,,1,Hosea 1:10,Minor Prophets,Old Testament,Hosea,LXX
WORD,,G2532,1,Hosea 1:10,Minor Prophets,Old Testament,Hosea,LXX
WORD,,G1510,1,Hosea 1:10,Minor Prophets,Old Testament,Hosea,LXX
WORD,,G1722,1,Hosea 1:10,Minor Prophets,Old Testament,Hosea,LXX
WORD,,G3588,1,Hosea 1:10,Minor Prophets,Old Testament,Hosea,LXX
WORD,,G5117,1,Hosea 1:10,Minor Prophets,Old Testament,Hosea,LXX
WORD,,G3757,1,Hosea 1:10,Minor Prophets,Old Testament,Hosea,LXX
WORD,,G2036,1,Hosea 1:10,Minor Prophets,Old Testament,Hosea,LXX
WORD,,G846,1,Hosea 1:10,Minor Prophets,Old Testament,Hosea,LXX
WORD,,G3756,1,Hosea 1:10,Minor Prophets,Old Testament,Hosea,LXX
WORD,,G2992,1,Hosea 1:10,Minor Prophets,Old Testament,Hosea,LXX
WORD,,G1473,1,Hosea 1:10,Minor Prophets,Old Testament,Hosea,LXX
WORD,,G4771,1,Hosea 1:10,Minor Prophets,Old Testament,Hosea,LXX
WORD,,G1563,1,Hosea 1:10,Minor Prophets,Old Testament,Hosea,LXX
WORD,,G2564,1,Hosea 1:10,Minor Prophets,Old Testament,Hosea,LXX
WORD,,G5207,1,Hosea 1:10,Minor Prophets,Old Testament,Hosea,LXX
WORD,,G2316,1,Hosea 1:10,Minor Prophets,Old Testament,Hosea,LXX
WORD,,G2198,1,Hosea 1:10,Minor Prophets,Old Testament,Hosea,LXX
WORD,,G2532,1,Hosea 1:11,Minor Prophets,Old Testament,Hosea,LXX
WORD,,G4863,1,Hosea 1:11,Minor Prophets,Old Testament,Hosea,LXX
WORD,,G3588,1,Hosea 1:11,Minor Prophets,Old Testament,Hosea,LXX
WORD,,G5207,1,Hosea 1:11,Minor Prophets,Old Testament,Hosea,LXX
WORD,,G2448,1,Hosea 1:11,Minor Prophets,Old Testament,Hosea,LXX
WORD,,G2532,1,Hosea 1:11,Minor Prophets,Old Testament,Hosea,LXX
WORD,,G3588,1,Hosea 1:11,Minor Prophets,Old Testament,Hosea,LXX
WORD,,G5207,1,Hosea 1:11,Minor Prophets,Old Testament,Hosea,LXX
WORD,,G2474,1,Hosea 1:11,Minor Prophets,Old Testament,Hosea,LXX
WORD,,G1909,1,Hosea 1:11,Minor Prophets,Old Testament,Hosea,LXX
WORD,,G3588,1,Hosea 1:11,Minor Prophets,Old Testament,Hosea,LXX
WORD,,G846,1,Hosea 1:11,Minor Prophets,Old Testament,Hosea,LXX
WORD,,G2532,1,Hosea 1:11,Minor Prophets,Old Testament,Hosea,LXX
WORD,,G5087,1,Hosea 1:11,Minor Prophets,Old Testament,Hosea,LXX
WORD,,G1438,1,Hosea 1:11,Minor Prophets,Old Testament,Hosea,LXX
WORD,,G746,1,Hosea 1:11,Minor Prophets,Old Testament,Hosea,LXX
WORD,,G1520,1,Hosea 1:11,Minor Prophets,Old Testament,Hosea,LXX
WORD,,G2532,1,Hosea 1:11,Minor Prophets,Old Testament,Hosea,LXX
WORD,,G305,1,Hosea 1:11,Minor Prophets,Old Testament,Hosea,LXX
WORD,,G1537,1,Hosea 1:11,Minor Prophets,Old Testament,Hosea,LXX
WORD,,G3588,1,Hosea 1:11,Minor Prophets,Old Testament,Hosea,LXX
WORD,,G1093,1,Hosea 1:11,Minor Prophets,Old Testament,Hosea,LXX
WORD,,G3754,1,Hosea 1:11,Minor Prophets,Old Testament,Hosea,LXX
WORD,,G3173,1,Hosea 1:11,Minor Prophets,Old Testament,Hosea,LXX
WORD,,G3588,1,Hosea 1:11,Minor Prophets,Old Testament,Hosea,LXX
WORD,,G2250,1,Hosea 1:11,Minor Prophets,Old Testament,Hosea,LXX
WORD,,G3588,1,Hosea 1:11,Minor Prophets,Old Testament,Hosea,LXX
WORD,,,1,Hosea 1:11,Minor Prophets,Old Testament,Hosea,LXX
WORD,,G2036,2,Hosea 2:1,Minor Prophets,Old Testament,Hosea,LXX
WORD,,G3588,2,Hosea 2:1,Minor Prophets,Old Testament,Hosea,LXX
WORD,,G80,2,Hosea 2:1,Minor Prophets,Old Testament,Hosea,LXX
WORD,,G4771,2,Hosea 2:1,Minor Prophets,Old Testament,Hosea,LXX
WORD,,,2,Hosea 2:1,Minor Prophets,Old Testament,Hosea,LXX
WORD,,G2532,2,Hosea 2:1,Minor Prophets,Old Testament,Hosea,LXX
WORD,,G3588,2,Hosea 2:1,Minor Prophets,Old Testament,Hosea,LXX
WORD,,G79,2,Hosea 2:1,Minor Prophets,Old Testament,Hosea,LXX
WORD,,G4771,2,Hosea 2:1,Minor Prophets,Old Testament,Hosea,LXX
WORD,,G1653,2,Hosea 2:1,Minor Prophets,Old Testament,Hosea,LXX
WORD,,G2919,2,Hosea 2:2,Minor Prophets,Old Testament,Hosea,LXX
WORD,,G4314,2,Hosea 2:2,Minor Prophets,Old Testament,Hosea,LXX
WORD,,G3588,2,Hosea 2:2,Minor Prophets,Old Testament,Hosea,LXX
WORD,,G3384,2,Hosea 2:2,Minor Prophets,Old Testament,Hosea,LXX
WORD,,G4771,2,Hosea 2:2,Minor Prophets,Old Testament,Hosea,LXX
WORD,,G2919,2,Hosea 2:2,Minor Prophets,Old Testament,Hosea,LXX
WORD,,G3754,2,Hosea 2:2,Minor Prophets,Old Testament,Hosea,LXX
WORD,,G846,2,Hosea 2:2,Minor Prophets,Old Testament,Hosea,LXX
WORD,,G3756,2,Hosea 2:2,Minor Prophets,Old Testament,Hosea,LXX
WORD,,G1135,2,Hosea 2:2,Minor Prophets,Old Testament,Hosea,LXX
WORD,,G1473,2,Hosea 2:2,Minor Prophets,Old Testament,Hosea,LXX
WORD,,G2532,2,Hosea 2:2,Minor Prophets,Old Testament,Hosea,LXX
WORD,,G1473,2,Hosea 2:2,Minor Prophets,Old Testament,Hosea,LXX
WORD,,G3756,2,Hosea 2:2,Minor Prophets,Old Testament,Hosea,LXX
WORD,,G435,2,Hosea 2:2,Minor Prophets,Old Testament,Hosea,LXX
WORD,,G846,2,Hosea 2:2,Minor Prophets,Old Testament,Hosea,LXX
WORD,,G2532,2,Hosea 2:2,Minor Prophets,Old Testament,Hosea,LXX
WORD,,G1808,2,Hosea 2:2,Minor Prophets,Old Testament,Hosea,LXX
WORD,,G3588,2,Hosea 2:2,Minor Prophets,Old Testament,Hosea,LXX
WORD,,G4202,2,Hosea 2:2,Minor Prophets,Old Testament,Hosea,LXX
WORD,,G846,2,Hosea 2:2,Minor Prophets,Old Testament,Hosea,LXX
WORD,,G1537,2,Hosea 2:2,Minor Prophets,Old Testament,Hosea,LXX
WORD,,G4383,2,Hosea 2:2,Minor Prophets,Old Testament,Hosea,LXX
WORD,,G1473,2,Hosea 2:2,Minor Prophets,Old Testament,Hosea,LXX
WORD,,G2532,2,Hosea 2:2,Minor Prophets,Old Testament,Hosea,LXX
WORD,,G3588,2,Hosea 2:2,Minor Prophets,Old Testament,Hosea,LXX
WORD,,G3430,2,Hosea 2:2,Minor Prophets,Old Testament,Hosea,LXX
WORD,,G846,2,Hosea 2:2,Minor Prophets,Old Testament,Hosea,LXX
WORD,,G1537,2,Hosea 2:2,Minor Prophets,Old Testament,Hosea,LXX
WORD,,G3319,2,Hosea 2:2,Minor Prophets,Old Testament,Hosea,LXX
WORD,,G3149,2,Hosea 2:2,Minor Prophets,Old Testament,Hosea,LXX
WORD,,G846,2,Hosea 2:2,Minor Prophets,Old Testament,Hosea,LXX
WORD,,G3704,2,Hosea 2:3,Minor Prophets,Old Testament,Hosea,LXX
WORD,,G302,2,Hosea 2:3,Minor Prophets,Old Testament,Hosea,LXX
WORD,,G1562,2,Hosea 2:3,Minor Prophets,Old Testament,Hosea,LXX
WORD,,G846,2,Hosea 2:3,Minor Prophets,Old Testament,Hosea,LXX
WORD,,G1131,2,Hosea 2:3,Minor Prophets,Old Testament,Hosea,LXX
WORD,,G2532,2,Hosea 2:3,Minor Prophets,Old Testament,Hosea,LXX
WORD,,G600,2,Hosea 2:3,Minor Prophets,Old Testament,Hosea,LXX
WORD,,G846,2,Hosea 2:3,Minor Prophets,Old Testament,Hosea,LXX
WORD,,G2531,2,Hosea 2:3,Minor Prophets,Old Testament,Hosea,LXX
WORD,,G2250,2,Hosea 2:3,Minor Prophets,Old Testament,Hosea,LXX
WORD,,G1078,2,Hosea 2:3,Minor Prophets,Old Testament,Hosea,LXX
WORD,,G846,2,Hosea 2:3,Minor Prophets,Old Testament,Hosea,LXX
WORD,,G2532,2,Hosea 2:3,Minor Prophets,Old Testament,Hosea,LXX
WORD,,G5087,2,Hosea 2:3,Minor Prophets,Old Testament,Hosea,LXX
WORD,,G846,2,Hosea 2:3,Minor Prophets,Old Testament,Hosea,LXX
WORD,,G5613,2,Hosea 2:3,Minor Prophets,Old Testament,Hosea,LXX
WORD,,G2048,2,Hosea 2:3,Minor Prophets,Old Testament,Hosea,LXX
WORD,,G2532,2,Hosea 2:3,Minor Prophets,Old Testament,Hosea,LXX
WORD,,G5021,2,Hosea 2:3,Minor Prophets,Old Testament,Hosea,LXX
WORD,,G846,2,Hosea 2:3,Minor Prophets,Old Testament,Hosea,LXX
WORD,,G5613,2,Hosea 2:3,Minor Prophets,Old Testament,Hosea,LXX
WORD,,G1093,2,Hosea 2:3,Minor Prophets,Old Testament,Hosea,LXX
WORD,,G504,2,Hosea 2:3,Minor Prophets,Old Testament,Hosea,LXX
WORD,,G2532,2,Hosea 2:3,Minor Prophets,Old Testament,Hosea,LXX
WORD,,G615,2,Hosea 2:3,Minor Prophets,Old Testament,Hosea,LXX
WORD,,G846,2,Hosea 2:3,Minor Prophets,Old Testament,Hosea,LXX
WORD,,G1722,2,Hosea 2:3,Minor Prophets,Old Testament,Hosea,LXX
WORD,,G1373,2,Hosea 2:3,Minor Prophets,Old Testament,Hosea,LXX
WORD,,G2532,2,Hosea 2:4,Minor Prophets,Old Testament,Hosea,LXX
WORD,,G3588,2,Hosea 2:4,Minor Prophets,Old Testament,Hosea,LXX
WORD,,G5043,2,Hosea 2:4,Minor Prophets,Old Testament,Hosea,LXX
WORD,,G846,2,Hosea 2:4,Minor Prophets,Old Testament,Hosea,LXX
WORD,,G3756,2,Hosea 2:4,Minor Prophets,Old Testament,Hosea,LXX
WORD,,G3361,2,Hosea 2:4,Minor Prophets,Old Testament,Hosea,LXX
WORD,,G1653,2,Hosea 2:4,Minor Prophets,Old Testament,Hosea,LXX
WORD,,G3754,2,Hosea 2:4,Minor Prophets,Old Testament,Hosea,LXX
WORD,,G5043,2,Hosea 2:4,Minor Prophets,Old Testament,Hosea,LXX
WORD,,G4202,2,Hosea 2:4,Minor Prophets,Old Testament,Hosea,LXX
WORD,,G1510,2,Hosea 2:4,Minor Prophets,Old Testament,Hosea,LXX
WORD,,G3754,2,Hosea 2:5,Minor Prophets,Old Testament,Hosea,LXX
WORD,,G1608,2,Hosea 2:5,Minor Prophets,Old Testament,Hosea,LXX
WORD,,G3588,2,Hosea 2:5,Minor Prophets,Old Testament,Hosea,LXX
WORD,,G3384,2,Hosea 2:5,Minor Prophets,Old Testament,Hosea,LXX
WORD,,G846,2,Hosea 2:5,Minor Prophets,Old Testament,Hosea,LXX
WORD,,G2617,2,Hosea 2:5,Minor Prophets,Old Testament,Hosea,LXX
WORD,,G3588,2,Hosea 2:5,Minor Prophets,Old Testament,Hosea,LXX
WORD,,G5088,2,Hosea 2:5,Minor Prophets,Old Testament,Hosea,LXX
WORD,,G846,2,Hosea 2:5,Minor Prophets,Old Testament,Hosea,LXX
WORD,,G2036,2,Hosea 2:5,Minor Prophets,Old Testament,Hosea,LXX
WORD,,G1063,2,Hosea 2:5,Minor Prophets,Old Testament,Hosea,LXX
WORD,,G190,2,Hosea 2:5,Minor Prophets,Old Testament,Hosea,LXX
WORD,,G3694,2,Hosea 2:5,Minor Prophets,Old Testament,Hosea,LXX
WORD,,G3588,2,Hosea 2:5,Minor Prophets,Old Testament,Hosea,LXX
WORD,,,2,Hosea 2:5,Minor Prophets,Old Testament,Hosea,LXX
WORD,,G1473,2,Hosea 2:5,Minor Prophets,Old Testament,Hosea,LXX
WORD,,G3588,2,Hosea 2:5,Minor Prophets,Old Testament,Hosea,LXX
WORD,,G1325,2,Hosea 2:5,Minor Prophets,Old Testament,Hosea,LXX
WORD,,G1473,2,Hosea 2:5,Minor Prophets,Old Testament,Hosea,LXX
WORD,,G3588,2,Hosea 2:5,Minor Prophets,Old Testament,Hosea,LXX
WORD,,G740,2,Hosea 2:5,Minor Prophets,Old Testament,Hosea,LXX
WORD,,G1473,2,Hosea 2:5,Minor Prophets,Old Testament,Hosea,LXX
WORD,,G2532,2,Hosea 2:5,Minor Prophets,Old Testament,Hosea,LXX
WORD,,G3588,2,Hosea 2:5,Minor Prophets,Old Testament,Hosea,LXX
WORD,,G5204,2,Hosea 2:5,Minor Prophets,Old Testament,Hosea,LXX
WORD,,G1473,2,Hosea 2:5,Minor Prophets,Old Testament,Hosea,LXX
WORD,,G2532,2,Hosea 2:5,Minor Prophets,Old Testament,Hosea,LXX
WORD,,G3588,2,Hosea 2:5,Minor Prophets,Old Testament,Hosea,LXX
WORD,,G2440,2,Hosea 2:5,Minor Prophets,Old Testament,Hosea,LXX
WORD,,G1473,2,Hosea 2:5,Minor Prophets,Old Testament,Hosea,LXX
WORD,,G2532,2,Hosea 2:5,Minor Prophets,Old Testament,Hosea,LXX
WORD,,G3588,2,Hosea 2:5,Minor Prophets,Old Testament,Hosea,LXX
WORD,,G3608,2,Hosea 2:5,Minor Prophets,Old Testament,Hosea,LXX
WORD,,G1473,2,Hosea 2:5,Minor Prophets,Old Testament,Hosea,LXX
WORD,,G2532,2,Hosea 2:5,Minor Prophets,Old Testament,Hosea,LXX
WORD,,G3588,2,Hosea 2:5,Minor Prophets,Old Testament,Hosea,LXX
WORD,,G1637,2,Hosea 2:5,Minor Prophets,Old Testament,Hosea,LXX
WORD,,G1473,2,Hosea 2:5,Minor Prophets,Old Testament,Hosea,LXX
WORD,,G2532,2,Hosea 2:5,Minor Prophets,Old Testament,Hosea,LXX
WORD,,G3956,2,Hosea 2:5,Minor Prophets,Old Testament,Hosea,LXX
WORD,,G3745,2,Hosea 2:5,Minor Prophets,Old Testament,Hosea,LXX
WORD,,G1473,2,Hosea 2:5,Minor Prophets,Old Testament,Hosea,LXX
WORD,,G2520,2,Hosea 2:5,Minor Prophets,Old Testament,Hosea,LXX
WORD,,G1223,2,Hosea 2:6,Minor Prophets,Old Testament,Hosea,LXX
WORD,,G3778,2,Hosea 2:6,Minor Prophets,Old Testament,Hosea,LXX
WORD,,G2400,2,Hosea 2:6,Minor Prophets,Old Testament,Hosea,LXX
WORD,,G1473,2,Hosea 2:6,Minor Prophets,Old Testament,Hosea,LXX
WORD,,G5420,2,Hosea 2:6,Minor Prophets,Old Testament,Hosea,LXX
WORD,,G3588,2,Hosea 2:6,Minor Prophets,Old Testament,Hosea,LXX
WORD,,G3598,2,Hosea 2:6,Minor Prophets,Old Testament,Hosea,LXX
WORD,,G846,2,Hosea 2:6,Minor Prophets,Old Testament,Hosea,LXX
WORD,,G1722,2,Hosea 2:6,Minor Prophets,Old Testament,Hosea,LXX
WORD,,G4647,2,Hosea 2:6,Minor Prophets,Old Testament,Hosea,LXX
WORD,,G2532,2,Hosea 2:6,Minor Prophets,Old Testament,Hosea,LXX
WORD,,G456,2,Hosea 2:6,Minor Prophets,Old Testament,Hosea,LXX
WORD,,G3588,2,Hosea 2:6,Minor Prophets,Old Testament,Hosea,LXX
WORD,,G3598,2,Hosea 2:6,Minor Prophets,Old Testament,Hosea,LXX
WORD,,G846,2,Hosea 2:6,Minor Prophets,Old Testament,Hosea,LXX
WORD,,G2532,2,Hosea 2:6,Minor Prophets,Old Testament,Hosea,LXX
WORD,,G3588,2,Hosea 2:6,Minor Prophets,Old Testament,Hosea,LXX
WORD,,G5147,2,Hosea 2:6,Minor Prophets,Old Testament,Hosea,LXX
WORD,,G846,2,Hosea 2:6,Minor Prophets,Old Testament,Hosea,LXX
WORD,,G3756,2,Hosea 2:6,Minor Prophets,Old Testament,Hosea,LXX
WORD,,G3361,2,Hosea 2:6,Minor Prophets,Old Testament,Hosea,LXX
WORD,,G2147,2,Hosea 2:6,Minor Prophets,Old Testament,Hosea,LXX
WORD,,G2532,2,Hosea 2:7,Minor Prophets,Old Testament,Hosea,LXX
WORD,,G2614,2,Hosea 2:7,Minor Prophets,Old Testament,Hosea,LXX
WORD,,G3588,2,Hosea 2:7,Minor Prophets,Old Testament,Hosea,LXX
WORD,,,2,Hosea 2:7,Minor Prophets,Old Testament,Hosea,LXX
WORD,,G846,2,Hosea 2:7,Minor Prophets,Old Testament,Hosea,LXX
WORD,,G2532,2,Hosea 2:7,Minor Prophets,Old Testament,Hosea,LXX
WORD,,G3756,2,Hosea 2:7,Minor Prophets,Old Testament,Hosea,LXX
WORD,,G3361,2,Hosea 2:7,Minor Prophets,Old Testament,Hosea,LXX
WORD,,G2638,2,Hosea 2:7,Minor Prophets,Old Testament,Hosea,LXX
WORD,,G846,2,Hosea 2:7,Minor Prophets,Old Testament,Hosea,LXX
WORD,,G2532,2,Hosea 2:7,Minor Prophets,Old Testament,Hosea,LXX
WORD,,G2212,2,Hosea 2:7,Minor Prophets,Old Testament,Hosea,LXX
WORD,,G846,2,Hosea 2:7,Minor Prophets,Old Testament,Hosea,LXX
WORD,,G2532,2,Hosea 2:7,Minor Prophets,Old Testament,Hosea,LXX
WORD,,G3756,2,Hosea 2:7,Minor Prophets,Old Testament,Hosea,LXX
WORD,,G3361,2,Hosea 2:7,Minor Prophets,Old Testament,Hosea,LXX
WORD,,G2147,2,Hosea 2:7,Minor Prophets,Old Testament,Hosea,LXX
WORD,,G846,2,Hosea 2:7,Minor Prophets,Old Testament,Hosea,LXX
WORD,,G2532,2,Hosea 2:7,Minor Prophets,Old Testament,Hosea,LXX
WORD,,G2046,2,Hosea 2:7,Minor Prophets,Old Testament,Hosea,LXX
WORD,,G4198,2,Hosea 2:7,Minor Prophets,Old Testament,Hosea,LXX
WORD,,G2532,2,Hosea 2:7,Minor Prophets,Old Testament,Hosea,LXX
WORD,,G1994,2,Hosea 2:7,Minor Prophets,Old Testament,Hosea,LXX
WORD,,G4314,2,Hosea 2:7,Minor Prophets,Old Testament,Hosea,LXX
WORD,,G3588,2,Hosea 2:7,Minor Prophets,Old Testament,Hosea,LXX
WORD,,G435,2,Hosea 2:7,Minor Prophets,Old Testament,Hosea,LXX
WORD,,G1473,2,Hosea 2:7,Minor Prophets,Old Testament,Hosea,LXX
WORD,,G3588,2,Hosea 2:7,Minor Prophets,Old Testament,Hosea,LXX
WORD,,G4386,2,Hosea 2:7,Minor Prophets,Old Testament,Hosea,LXX
WORD,,G3754,2,Hosea 2:7,Minor Prophets,Old Testament,Hosea,LXX
WORD,,G2573,2,Hosea 2:7,Minor Prophets,Old Testament,Hosea,LXX
WORD,,G1473,2,Hosea 2:7,Minor Prophets,Old Testament,Hosea,LXX
WORD,,G1510,2,Hosea 2:7,Minor Prophets,Old Testament,Hosea,LXX
WORD,,G5119,2,Hosea 2:7,Minor Prophets,Old Testament,Hosea,LXX
WORD,,G2228,2,Hosea 2:7,Minor Prophets,Old Testament,Hosea,LXX
WORD,,G3568,2,Hosea 2:7,Minor Prophets,Old Testament,Hosea,LXX
WORD,,G2532,2,Hosea 2:8,Minor Prophets,Old Testament,Hosea,LXX
WORD,,G846,2,Hosea 2:8,Minor Prophets,Old Testament,Hosea,LXX
WORD,,G3756,2,Hosea 2:8,Minor Prophets,Old Testament,Hosea,LXX
WORD,,G1097,2,Hosea 2:8,Minor Prophets,Old Testament,Hosea,LXX
WORD,,G3754,2,Hosea 2:8,Minor Prophets,Old Testament,Hosea,LXX
WORD,,G1473,2,Hosea 2:8,Minor Prophets,Old Testament,Hosea,LXX
WORD,,G1325,2,Hosea 2:8,Minor Prophets,Old Testament,Hosea,LXX
WORD,,G846,2,Hosea 2:8,Minor Prophets,Old Testament,Hosea,LXX
WORD,,G3588,2,Hosea 2:8,Minor Prophets,Old Testament,Hosea,LXX
WORD,,G4621,2,Hosea 2:8,Minor Prophets,Old Testament,Hosea,LXX
WORD,,G2532,2,Hosea 2:8,Minor Prophets,Old Testament,Hosea,LXX
WORD,,G3588,2,Hosea 2:8,Minor Prophets,Old Testament,Hosea,LXX
WORD,,G3631,2,Hosea 2:8,Minor Prophets,Old Testament,Hosea,LXX
WORD,,G2532,2,Hosea 2:8,Minor Prophets,Old Testament,Hosea,LXX
WORD,,G3588,2,Hosea 2:8,Minor Prophets,Old Testament,Hosea,LXX
WORD,,G1637,2,Hosea 2:8,Minor Prophets,Old Testament,Hosea,LXX
WORD,,G2532,2,Hosea 2:8,Minor Prophets,Old Testament,Hosea,LXX
WORD,,G694,2,Hosea 2:8,Minor Prophets,Old Testament,Hosea,LXX
WORD,,G4129,2,Hosea 2:8,Minor Prophets,Old Testament,Hosea,LXX
WORD,,G846,2,Hosea 2:8,Minor Prophets,Old Testament,Hosea,LXX
WORD,,G846,2,Hosea 2:8,Minor Prophets,Old Testament,Hosea,LXX
WORD,,G1161,2,Hosea 2:8,Minor Prophets,Old Testament,Hosea,LXX
WORD,,G693,2,Hosea 2:8,Minor Prophets,Old Testament,Hosea,LXX
WORD,,G2532,2,Hosea 2:8,Minor Prophets,Old Testament,Hosea,LXX
WORD,,G5552,2,Hosea 2:8,Minor Prophets,Old Testament,Hosea,LXX
WORD,,G4160,2,Hosea 2:8,Minor Prophets,Old Testament,Hosea,LXX
WORD,,G3588,2,Hosea 2:8,Minor Prophets,Old Testament,Hosea,LXX
WORD,,G896,2,Hosea 2:8,Minor Prophets,Old Testament,Hosea,LXX
WORD,,G1223,2,Hosea 2:9,Minor Prophets,Old Testament,Hosea,LXX
WORD,,G3778,2,Hosea 2:9,Minor Prophets,Old Testament,Hosea,LXX
WORD,,G1994,2,Hosea 2:9,Minor Prophets,Old Testament,Hosea,LXX
WORD,,G2532,2,Hosea 2:9,Minor Prophets,Old Testament,Hosea,LXX
WORD,,G2865,2,Hosea 2:9,Minor Prophets,Old Testament,Hosea,LXX
WORD,,G3588,2,Hosea 2:9,Minor Prophets,Old Testament,Hosea,LXX
WORD,,G4621,2,Hosea 2:9,Minor Prophets,Old Testament,Hosea,LXX
WORD,,G1473,2,Hosea 2:9,Minor Prophets,Old Testament,Hosea,LXX
WORD,,G2596,2,Hosea 2:9,Minor Prophets,Old Testament,Hosea,LXX
WORD,,G5610,2,Hosea 2:9,Minor Prophets,Old Testament,Hosea,LXX
WORD,,G846,2,Hosea 2:9,Minor Prophets,Old Testament,Hosea,LXX
WORD,,G2532,2,Hosea 2:9,Minor Prophets,Old Testament,Hosea,LXX
WORD,,G3588,2,Hosea 2:9,Minor Prophets,Old Testament,Hosea,LXX
WORD,,G3631,2,Hosea 2:9,Minor Prophets,Old Testament,Hosea,LXX
WORD,,G1473,2,Hosea 2:9,Minor Prophets,Old Testament,Hosea,LXX
WORD,,G1722,2,Hosea 2:9,Minor Prophets,Old Testament,Hosea,LXX
WORD,,G2540,2,Hosea 2:9,Minor Prophets,Old Testament,Hosea,LXX
WORD,,G846,2,Hosea 2:9,Minor Prophets,Old Testament,Hosea,LXX
WORD,,G2532,2,Hosea 2:9,Minor Prophets,Old Testament,Hosea,LXX
WORD,,G851,2,Hosea 2:9,Minor Prophets,Old Testament,Hosea,LXX
WORD,,G3588,2,Hosea 2:9,Minor Prophets,Old Testament,Hosea,LXX
WORD,,G2440,2,Hosea 2:9,Minor Prophets,Old Testament,Hosea,LXX
WORD,,G1473,2,Hosea 2:9,Minor Prophets,Old Testament,Hosea,LXX
WORD,,G2532,2,Hosea 2:9,Minor Prophets,Old Testament,Hosea,LXX
WORD,,G3588,2,Hosea 2:9,Minor Prophets,Old Testament,Hosea,LXX
WORD,,G3608,2,Hosea 2:9,Minor Prophets,Old Testament,Hosea,LXX
WORD,,G1473,2,Hosea 2:9,Minor Prophets,Old Testament,Hosea,LXX
WORD,,G3588,2,Hosea 2:9,Minor Prophets,Old Testament,Hosea,LXX
WORD,,G3361,2,Hosea 2:9,Minor Prophets,Old Testament,Hosea,LXX
WORD,,G2572,2,Hosea 2:9,Minor Prophets,Old Testament,Hosea,LXX
WORD,,G3588,2,Hosea 2:9,Minor Prophets,Old Testament,Hosea,LXX
WORD,,G808,2,Hosea 2:9,Minor Prophets,Old Testament,Hosea,LXX
WORD,,G846,2,Hosea 2:9,Minor Prophets,Old Testament,Hosea,LXX
WORD,,G2532,2,Hosea 2:10,Minor Prophets,Old Testament,Hosea,LXX
WORD,,G3568,2,Hosea 2:10,Minor Prophets,Old Testament,Hosea,LXX
WORD,,G601,2,Hosea 2:10,Minor Prophets,Old Testament,Hosea,LXX
WORD,,G3588,2,Hosea 2:10,Minor Prophets,Old Testament,Hosea,LXX
WORD,,G167,2,Hosea 2:10,Minor Prophets,Old Testament,Hosea,LXX
WORD,,G846,2,Hosea 2:10,Minor Prophets,Old Testament,Hosea,LXX
WORD,,G1799,2,Hosea 2:10,Minor Prophets,Old Testament,Hosea,LXX
WORD,,G3588,2,Hosea 2:10,Minor Prophets,Old Testament,Hosea,LXX
WORD,,,2,Hosea 2:10,Minor Prophets,Old Testament,Hosea,LXX
WORD,,G846,2,Hosea 2:10,Minor Prophets,Old Testament,Hosea,LXX
WORD,,G2532,2,Hosea 2:10,Minor Prophets,Old Testament,Hosea,LXX
WORD,,G3762,2,Hosea 2:10,Minor Prophets,Old Testament,Hosea,LXX
WORD,,G3756,2,Hosea 2:10,Minor Prophets,Old Testament,Hosea,LXX
WORD,,G3361,2,Hosea 2:10,Minor Prophets,Old Testament,Hosea,LXX
WORD,,G1807,2,Hosea 2:10,Minor Prophets,Old Testament,Hosea,LXX
WORD,,G846,2,Hosea 2:10,Minor Prophets,Old Testament,Hosea,LXX
WORD,,G1537,2,Hosea 2:10,Minor Prophets,Old Testament,Hosea,LXX
WORD,,G5495,2,Hosea 2:10,Minor Prophets,Old Testament,Hosea,LXX
WORD,,G1473,2,Hosea 2:10,Minor Prophets,Old Testament,Hosea,LXX
WORD,,G2532,2,Hosea 2:11,Minor Prophets,Old Testament,Hosea,LXX
WORD,,G654,2,Hosea 2:11,Minor Prophets,Old Testament,Hosea,LXX
WORD,,G3956,2,Hosea 2:11,Minor Prophets,Old Testament,Hosea,LXX
WORD,,G3588,2,Hosea 2:11,Minor Prophets,Old Testament,Hosea,LXX
WORD,,G2167,2,Hosea 2:11,Minor Prophets,Old Testament,Hosea,LXX
WORD,,G846,2,Hosea 2:11,Minor Prophets,Old Testament,Hosea,LXX
WORD,,G1859,2,Hosea 2:11,Minor Prophets,Old Testament,Hosea,LXX
WORD,,G846,2,Hosea 2:11,Minor Prophets,Old Testament,Hosea,LXX
WORD,,G2532,2,Hosea 2:11,Minor Prophets,Old Testament,Hosea,LXX
WORD,,G3588,2,Hosea 2:11,Minor Prophets,Old Testament,Hosea,LXX
WORD,,G3561,2,Hosea 2:11,Minor Prophets,Old Testament,Hosea,LXX
WORD,,G846,2,Hosea 2:11,Minor Prophets,Old Testament,Hosea,LXX
WORD,,G2532,2,Hosea 2:11,Minor Prophets,Old Testament,Hosea,LXX
WORD,,G3588,2,Hosea 2:11,Minor Prophets,Old Testament,Hosea,LXX
WORD,,G4521,2,Hosea 2:11,Minor Prophets,Old Testament,Hosea,LXX
WORD,,G846,2,Hosea 2:11,Minor Prophets,Old Testament,Hosea,LXX
WORD,,G2532,2,Hosea 2:11,Minor Prophets,Old Testament,Hosea,LXX
WORD,,G3956,2,Hosea 2:11,Minor Prophets,Old Testament,Hosea,LXX
WORD,,G3588,2,Hosea 2:11,Minor Prophets,Old Testament,Hosea,LXX
WORD,,G3831,2,Hosea 2:11,Minor Prophets,Old Testament,Hosea,LXX
WORD,,G846,2,Hosea 2:11,Minor Prophets,Old Testament,Hosea,LXX
WORD,,G2532,2,Hosea 2:12,Minor Prophets,Old Testament,Hosea,LXX
WORD,,,2,Hosea 2:12,Minor Prophets,Old Testament,Hosea,LXX
WORD,,G288,2,Hosea 2:12,Minor Prophets,Old Testament,Hosea,LXX
WORD,,G846,2,Hosea 2:12,Minor Prophets,Old Testament,Hosea,LXX
WORD,,G2532,2,Hosea 2:12,Minor Prophets,Old Testament,Hosea,LXX
WORD,,G3588,2,Hosea 2:12,Minor Prophets,Old Testament,Hosea,LXX
WORD,,G4808,2,Hosea 2:12,Minor Prophets,Old Testament,Hosea,LXX
WORD,,G846,2,Hosea 2:12,Minor Prophets,Old Testament,Hosea,LXX
WORD,,G3745,2,Hosea 2:12,Minor Prophets,Old Testament,Hosea,LXX
WORD,,G2036,2,Hosea 2:12,Minor Prophets,Old Testament,Hosea,LXX
WORD,,G3410,2,Hosea 2:12,Minor Prophets,Old Testament,Hosea,LXX
WORD,,G1473,2,Hosea 2:12,Minor Prophets,Old Testament,Hosea,LXX
WORD,,G3778,2,Hosea 2:12,Minor Prophets,Old Testament,Hosea,LXX
WORD,,G1510,2,Hosea 2:12,Minor Prophets,Old Testament,Hosea,LXX
WORD,,G3739,2,Hosea 2:12,Minor Prophets,Old Testament,Hosea,LXX
WORD,,G1325,2,Hosea 2:12,Minor Prophets,Old Testament,Hosea,LXX
WORD,,G1473,2,Hosea 2:12,Minor Prophets,Old Testament,Hosea,LXX
WORD,,G3588,2,Hosea 2:12,Minor Prophets,Old Testament,Hosea,LXX
WORD,,,2,Hosea 2:12,Minor Prophets,Old Testament,Hosea,LXX
WORD,,G1473,2,Hosea 2:12,Minor Prophets,Old Testament,Hosea,LXX
WORD,,G2532,2,Hosea 2:12,Minor Prophets,Old Testament,Hosea,LXX
WORD,,G5087,2,Hosea 2:12,Minor Prophets,Old Testament,Hosea,LXX
WORD,,G846,2,Hosea 2:12,Minor Prophets,Old Testament,Hosea,LXX
WORD,,G1519,2,Hosea 2:12,Minor Prophets,Old Testament,Hosea,LXX
WORD,,G3142,2,Hosea 2:12,Minor Prophets,Old Testament,Hosea,LXX
WORD,,G2532,2,Hosea 2:12,Minor Prophets,Old Testament,Hosea,LXX
WORD,,G2719,2,Hosea 2:12,Minor Prophets,Old Testament,Hosea,LXX
WORD,,G846,2,Hosea 2:12,Minor Prophets,Old Testament,Hosea,LXX
WORD,,G3588,2,Hosea 2:12,Minor Prophets,Old Testament,Hosea,LXX
WORD,,G2342,2,Hosea 2:12,Minor Prophets,Old Testament,Hosea,LXX
WORD,,G3588,2,Hosea 2:12,Minor Prophets,Old Testament,Hosea,LXX
WORD,,G68,2,Hosea 2:12,Minor Prophets,Old Testament,Hosea,LXX
WORD,,G2532,2,Hosea 2:12,Minor Prophets,Old Testament,Hosea,LXX
WORD,,G3588,2,Hosea 2:12,Minor Prophets,Old Testament,Hosea,LXX
WORD,,G4071,2,Hosea 2:12,Minor Prophets,Old Testament,Hosea,LXX
WORD,,G3588,2,Hosea 2:12,Minor Prophets,Old Testament,Hosea,LXX
WORD,,G3772,2,Hosea 2:12,Minor Prophets,Old Testament,Hosea,LXX
WORD,,G2532,2,Hosea 2:12,Minor Prophets,Old Testament,Hosea,LXX
WORD,,G3588,2,Hosea 2:12,Minor Prophets,Old Testament,Hosea,LXX
WORD,,G2062,2,Hosea 2:12,Minor Prophets,Old Testament,Hosea,LXX
WORD,,G3588,2,Hosea 2:12,Minor Prophets,Old Testament,Hosea,LXX
WORD,,G1093,2,Hosea 2:12,Minor Prophets,Old Testament,Hosea,LXX
WORD,,G2532,2,Hosea 2:13,Minor Prophets,Old Testament,Hosea,LXX
WORD,,G1556,2,Hosea 2:13,Minor Prophets,Old Testament,Hosea,LXX
WORD,,G1909,2,Hosea 2:13,Minor Prophets,Old Testament,Hosea,LXX
WORD,,G846,2,Hosea 2:13,Minor Prophets,Old Testament,Hosea,LXX
WORD,,G3588,2,Hosea 2:13,Minor Prophets,Old Testament,Hosea,LXX
WORD,,G2250,2,Hosea 2:13,Minor Prophets,Old Testament,Hosea,LXX
WORD,,G3588,2,Hosea 2:13,Minor Prophets,Old Testament,Hosea,LXX
WORD,,,2,Hosea 2:13,Minor Prophets,Old Testament,Hosea,LXX
WORD,,G1722,2,Hosea 2:13,Minor Prophets,Old Testament,Hosea,LXX
WORD,,G3739,2,Hosea 2:13,Minor Prophets,Old Testament,Hosea,LXX
WORD,,,2,Hosea 2:13,Minor Prophets,Old Testament,Hosea,LXX
WORD,,G846,2,Hosea 2:13,Minor Prophets,Old Testament,Hosea,LXX
WORD,,G2532,2,Hosea 2:13,Minor Prophets,Old Testament,Hosea,LXX
WORD,,G4060,2,Hosea 2:13,Minor Prophets,Old Testament,Hosea,LXX
WORD,,G3588,2,Hosea 2:13,Minor Prophets,Old Testament,Hosea,LXX
WORD,,,2,Hosea 2:13,Minor Prophets,Old Testament,Hosea,LXX
WORD,,G846,2,Hosea 2:13,Minor Prophets,Old Testament,Hosea,LXX
WORD,,G2532,2,Hosea 2:13,Minor Prophets,Old Testament,Hosea,LXX
WORD,,G3588,2,Hosea 2:13,Minor Prophets,Old Testament,Hosea,LXX
WORD,,,2,Hosea 2:13,Minor Prophets,Old Testament,Hosea,LXX
WORD,,G846,2,Hosea 2:13,Minor Prophets,Old Testament,Hosea,LXX
WORD,,G2532,2,Hosea 2:13,Minor Prophets,Old Testament,Hosea,LXX
WORD,,G4198,2,Hosea 2:13,Minor Prophets,Old Testament,Hosea,LXX
WORD,,G3694,2,Hosea 2:13,Minor Prophets,Old Testament,Hosea,LXX
WORD,,G3588,2,Hosea 2:13,Minor Prophets,Old Testament,Hosea,LXX
WORD,,,2,Hosea 2:13,Minor Prophets,Old Testament,Hosea,LXX
WORD,,G846,2,Hosea 2:13,Minor Prophets,Old Testament,Hosea,LXX
WORD,,G1473,2,Hosea 2:13,Minor Prophets,Old Testament,Hosea,LXX
WORD,,G1161,2,Hosea 2:13,Minor Prophets,Old Testament,Hosea,LXX
WORD,,G1950,2,Hosea 2:13,Minor Prophets,Old Testament,Hosea,LXX
WORD,,G3004,2,Hosea 2:13,Minor Prophets,Old Testament,Hosea,LXX
WORD,,G2962,2,Hosea 2:13,Minor Prophets,Old Testament,Hosea,LXX
WORD,,G1223,2,Hosea 2:14,Minor Prophets,Old Testament,Hosea,LXX
WORD,,G3778,2,Hosea 2:14,Minor Prophets,Old Testament,Hosea,LXX
WORD,,G2400,2,Hosea 2:14,Minor Prophets,Old Testament,Hosea,LXX
WORD,,G1473,2,Hosea 2:14,Minor Prophets,Old Testament,Hosea,LXX
WORD,,G4105,2,Hosea 2:14,Minor Prophets,Old Testament,Hosea,LXX
WORD,,G846,2,Hosea 2:14,Minor Prophets,Old Testament,Hosea,LXX
WORD,,G2532,2,Hosea 2:14,Minor Prophets,Old Testament,Hosea,LXX
WORD,,G5021,2,Hosea 2:14,Minor Prophets,Old Testament,Hosea,LXX
WORD,,G846,2,Hosea 2:14,Minor Prophets,Old Testament,Hosea,LXX
WORD,,G1519,2,Hosea 2:14,Minor Prophets,Old Testament,Hosea,LXX
WORD,,G2048,2,Hosea 2:14,Minor Prophets,Old Testament,Hosea,LXX
WORD,,G2532,2,Hosea 2:14,Minor Prophets,Old Testament,Hosea,LXX
WORD,,G2980,2,Hosea 2:14,Minor Prophets,Old Testament,Hosea,LXX
WORD,,G1909,2,Hosea 2:14,Minor Prophets,Old Testament,Hosea,LXX
WORD,,G3588,2,Hosea 2:14,Minor Prophets,Old Testament,Hosea,LXX
WORD,,G2588,2,Hosea 2:14,Minor Prophets,Old Testament,Hosea,LXX
WORD,,G846,2,Hosea 2:14,Minor Prophets,Old Testament,Hosea,LXX
WORD,,G2532,2,Hosea 2:15,Minor Prophets,Old Testament,Hosea,LXX
WORD,,G1325,2,Hosea 2:15,Minor Prophets,Old Testament,Hosea,LXX
WORD,,G846,2,Hosea 2:15,Minor Prophets,Old Testament,Hosea,LXX
WORD,,G3588,2,Hosea 2:15,Minor Prophets,Old Testament,Hosea,LXX
WORD,,G2933,2,Hosea 2:15,Minor Prophets,Old Testament,Hosea,LXX
WORD,,G846,2,Hosea 2:15,Minor Prophets,Old Testament,Hosea,LXX
WORD,,G1564,2,Hosea 2:15,Minor Prophets,Old Testament,Hosea,LXX
WORD,,G2532,2,Hosea 2:15,Minor Prophets,Old Testament,Hosea,LXX
WORD,,G3588,2,Hosea 2:15,Minor Prophets,Old Testament,Hosea,LXX
WORD,,,2,Hosea 2:15,Minor Prophets,Old Testament,Hosea,LXX
WORD,,,2,Hosea 2:15,Minor Prophets,Old Testament,Hosea,LXX
WORD,,G1272,2,Hosea 2:15,Minor Prophets,Old Testament,Hosea,LXX
WORD,,G4907,2,Hosea 2:15,Minor Prophets,Old Testament,Hosea,LXX
WORD,,G846,2,Hosea 2:15,Minor Prophets,Old Testament,Hosea,LXX
WORD,,G2532,2,Hosea 2:15,Minor Prophets,Old Testament,Hosea,LXX
WORD,,G5013,2,Hosea 2:15,Minor Prophets,Old Testament,Hosea,LXX
WORD,,G1563,2,Hosea 2:15,Minor Prophets,Old Testament,Hosea,LXX
WORD,,G2596,2,Hosea 2:15,Minor Prophets,Old Testament,Hosea,LXX
WORD,,G3588,2,Hosea 2:15,Minor Prophets,Old Testament,Hosea,LXX
WORD,,G2250,2,Hosea 2:15,Minor Prophets,Old Testament,Hosea,LXX
WORD,,,2,Hosea 2:15,Minor Prophets,Old Testament,Hosea,LXX
WORD,,G846,2,Hosea 2:15,Minor Prophets,Old Testament,Hosea,LXX
WORD,,G2532,2,Hosea 2:15,Minor Prophets,Old Testament,Hosea,LXX
WORD,,G2596,2,Hosea 2:15,Minor Prophets,Old Testament,Hosea,LXX
WORD,,G3588,2,Hosea 2:15,Minor Prophets,Old Testament,Hosea,LXX
WORD,,G2250,2,Hosea 2:15,Minor Prophets,Old Testament,Hosea,LXX
WORD,,,2,Hosea 2:15,Minor Prophets,Old Testament,Hosea,LXX
WORD,,G846,2,Hosea 2:15,Minor Prophets,Old Testament,Hosea,LXX
WORD,,G1537,2,Hosea 2:15,Minor Prophets,Old Testament,Hosea,LXX
WORD,,G1093,2,Hosea 2:15,Minor Prophets,Old Testament,Hosea,LXX
WORD,,G125,2,Hosea 2:15,Minor Prophets,Old Testament,Hosea,LXX
WORD,,G2532,2,Hosea 2:16,Minor Prophets,Old Testament,Hosea,LXX
WORD,,G1510,2,Hosea 2:16,Minor Prophets,Old Testament,Hosea,LXX
WORD,,G1722,2,Hosea 2:16,Minor Prophets,Old Testament,Hosea,LXX
WORD,,G1565,2,Hosea 2:16,Minor Prophets,Old Testament,Hosea,LXX
WORD,,G3588,2,Hosea 2:16,Minor Prophets,Old Testament,Hosea,LXX
WORD,,G2250,2,Hosea 2:16,Minor Prophets,Old Testament,Hosea,LXX
WORD,,G3004,2,Hosea 2:16,Minor Prophets,Old Testament,Hosea,LXX
WORD,,G2962,2,Hosea 2:16,Minor Prophets,Old Testament,Hosea,LXX
WORD,,G2564,2,Hosea 2:16,Minor Prophets,Old Testament,Hosea,LXX
WORD,,G1473,2,Hosea 2:16,Minor Prophets,Old Testament,Hosea,LXX
WORD,,G3588,2,Hosea 2:16,Minor Prophets,Old Testament,Hosea,LXX
WORD,,G435,2,Hosea 2:16,Minor Prophets,Old Testament,Hosea,LXX
WORD,,G1473,2,Hosea 2:16,Minor Prophets,Old Testament,Hosea,LXX
WORD,,G2532,2,Hosea 2:16,Minor Prophets,Old Testament,Hosea,LXX
WORD,,G3756,2,Hosea 2:16,Minor Prophets,Old Testament,Hosea,LXX
WORD,,G2564,2,Hosea 2:16,Minor Prophets,Old Testament,Hosea,LXX
WORD,,G1473,2,Hosea 2:16,Minor Prophets,Old Testament,Hosea,LXX
WORD,,G2089,2,Hosea 2:16,Minor Prophets,Old Testament,Hosea,LXX
WORD,,,2,Hosea 2:16,Minor Prophets,Old Testament,Hosea,LXX
WORD,,G2532,2,Hosea 2:17,Minor Prophets,Old Testament,Hosea,LXX
WORD,,G1808,2,Hosea 2:17,Minor Prophets,Old Testament,Hosea,LXX
WORD,,G3588,2,Hosea 2:17,Minor Prophets,Old Testament,Hosea,LXX
WORD,,G3686,2,Hosea 2:17,Minor Prophets,Old Testament,Hosea,LXX
WORD,,G3588,2,Hosea 2:17,Minor Prophets,Old Testament,Hosea,LXX
WORD,,,2,Hosea 2:17,Minor Prophets,Old Testament,Hosea,LXX
WORD,,G1537,2,Hosea 2:17,Minor Prophets,Old Testament,Hosea,LXX
WORD,,G4750,2,Hosea 2:17,Minor Prophets,Old Testament,Hosea,LXX
WORD,,G846,2,Hosea 2:17,Minor Prophets,Old Testament,Hosea,LXX
WORD,,G2532,2,Hosea 2:17,Minor Prophets,Old Testament,Hosea,LXX
WORD,,G3756,2,Hosea 2:17,Minor Prophets,Old Testament,Hosea,LXX
WORD,,G3361,2,Hosea 2:17,Minor Prophets,Old Testament,Hosea,LXX
WORD,,G3403,2,Hosea 2:17,Minor Prophets,Old Testament,Hosea,LXX
WORD,,G3765,2,Hosea 2:17,Minor Prophets,Old Testament,Hosea,LXX
WORD,,G3588,2,Hosea 2:17,Minor Prophets,Old Testament,Hosea,LXX
WORD,,G3686,2,Hosea 2:17,Minor Prophets,Old Testament,Hosea,LXX
WORD,,G846,2,Hosea 2:17,Minor Prophets,Old Testament,Hosea,LXX
WORD,,G2532,2,Hosea 2:18,Minor Prophets,Old Testament,Hosea,LXX
WORD,,G1303,2,Hosea 2:18,Minor Prophets,Old Testament,Hosea,LXX
WORD,,G846,2,Hosea 2:18,Minor Prophets,Old Testament,Hosea,LXX
WORD,,G1722,2,Hosea 2:18,Minor Prophets,Old Testament,Hosea,LXX
WORD,,G1565,2,Hosea 2:18,Minor Prophets,Old Testament,Hosea,LXX
WORD,,G3588,2,Hosea 2:18,Minor Prophets,Old Testament,Hosea,LXX
WORD,,G2250,2,Hosea 2:18,Minor Prophets,Old Testament,Hosea,LXX
WORD,,G1242,2,Hosea 2:18,Minor Prophets,Old Testament,Hosea,LXX
WORD,,G3326,2,Hosea 2:18,Minor Prophets,Old Testament,Hosea,LXX
WORD,,G3588,2,Hosea 2:18,Minor Prophets,Old Testament,Hosea,LXX
WORD,,G2342,2,Hosea 2:18,Minor Prophets,Old Testament,Hosea,LXX
WORD,,G3588,2,Hosea 2:18,Minor Prophets,Old Testament,Hosea,LXX
WORD,,G68,2,Hosea 2:18,Minor Prophets,Old Testament,Hosea,LXX
WORD,,G2532,2,Hosea 2:18,Minor Prophets,Old Testament,Hosea,LXX
WORD,,G3326,2,Hosea 2:18,Minor Prophets,Old Testament,Hosea,LXX
WORD,,G3588,2,Hosea 2:18,Minor Prophets,Old Testament,Hosea,LXX
WORD,,G4071,2,Hosea 2:18,Minor Prophets,Old Testament,Hosea,LXX
WORD,,G3588,2,Hosea 2:18,Minor Prophets,Old Testament,Hosea,LXX
WORD,,G3772,2,Hosea 2:18,Minor Prophets,Old Testament,Hosea,LXX
WORD,,G2532,2,Hosea 2:18,Minor Prophets,Old Testament,Hosea,LXX
WORD,,G3326,2,Hosea 2:18,Minor Prophets,Old Testament,Hosea,LXX
WORD,,G3588,2,Hosea 2:18,Minor Prophets,Old Testament,Hosea,LXX
WORD,,G2062,2,Hosea 2:18,Minor Prophets,Old Testament,Hosea,LXX
WORD,,G3588,2,Hosea 2:18,Minor Prophets,Old Testament,Hosea,LXX
WORD,,G1093,2,Hosea 2:18,Minor Prophets,Old Testament,Hosea,LXX
WORD,,G2532,2,Hosea 2:18,Minor Prophets,Old Testament,Hosea,LXX
WORD,,G5115,2,Hosea 2:18,Minor Prophets,Old Testament,Hosea,LXX
WORD,,G2532,2,Hosea 2:18,Minor Prophets,Old Testament,Hosea,LXX
WORD,,G4501,2,Hosea 2:18,Minor Prophets,Old Testament,Hosea,LXX
WORD,,G2532,2,Hosea 2:18,Minor Prophets,Old Testament,Hosea,LXX
WORD,,G4171,2,Hosea 2:18,Minor Prophets,Old Testament,Hosea,LXX
WORD,,G4937,2,Hosea 2:18,Minor Prophets,Old Testament,Hosea,LXX
WORD,,G575,2,Hosea 2:18,Minor Prophets,Old Testament,Hosea,LXX
WORD,,G3588,2,Hosea 2:18,Minor Prophets,Old Testament,Hosea,LXX
WORD,,G1093,2,Hosea 2:18,Minor Prophets,Old Testament,Hosea,LXX
WORD,,G2532,2,Hosea 2:18,Minor Prophets,Old Testament,Hosea,LXX
WORD,,,2,Hosea 2:18,Minor Prophets,Old Testament,Hosea,LXX
WORD,,G4771,2,Hosea 2:18,Minor Prophets,Old Testament,Hosea,LXX
WORD,,G1909,2,Hosea 2:18,Minor Prophets,Old Testament,Hosea,LXX
WORD,,G1680,2,Hosea 2:18,Minor Prophets,Old Testament,Hosea,LXX
WORD,,G2532,2,Hosea 2:19,Minor Prophets,Old Testament,Hosea,LXX
WORD,,,2,Hosea 2:19,Minor Prophets,Old Testament,Hosea,LXX
WORD,,G4771,2,Hosea 2:19,Minor Prophets,Old Testament,Hosea,LXX
WORD,,G1683,2,Hosea 2:19,Minor Prophets,Old Testament,Hosea,LXX
WORD,,G1519,2,Hosea 2:19,Minor Prophets,Old Testament,Hosea,LXX
WORD,,G3588,2,Hosea 2:19,Minor Prophets,Old Testament,Hosea,LXX
WORD,,G165,2,Hosea 2:19,Minor Prophets,Old Testament,Hosea,LXX
WORD,,G2532,2,Hosea 2:19,Minor Prophets,Old Testament,Hosea,LXX
WORD,,,2,Hosea 2:19,Minor Prophets,Old Testament,Hosea,LXX
WORD,,G4771,2,Hosea 2:19,Minor Prophets,Old Testament,Hosea,LXX
WORD,,G1683,2,Hosea 2:19,Minor Prophets,Old Testament,Hosea,LXX
WORD,,G1722,2,Hosea 2:19,Minor Prophets,Old Testament,Hosea,LXX
WORD,,G1343,2,Hosea 2:19,Minor Prophets,Old Testament,Hosea,LXX
WORD,,G2532,2,Hosea 2:19,Minor Prophets,Old Testament,Hosea,LXX
WORD,,G1722,2,Hosea 2:19,Minor Prophets,Old Testament,Hosea,LXX
WORD,,G2917,2,Hosea 2:19,Minor Prophets,Old Testament,Hosea,LXX
WORD,,G2532,2,Hosea 2:19,Minor Prophets,Old Testament,Hosea,LXX
WORD,,G1722,2,Hosea 2:19,Minor Prophets,Old Testament,Hosea,LXX
WORD,,G1656,2,Hosea 2:19,Minor Prophets,Old Testament,Hosea,LXX
WORD,,G2532,2,Hosea 2:19,Minor Prophets,Old Testament,Hosea,LXX
WORD,,G1722,2,Hosea 2:19,Minor Prophets,Old Testament,Hosea,LXX
WORD,,G3628,2,Hosea 2:19,Minor Prophets,Old Testament,Hosea,LXX
WORD,,G2532,2,Hosea 2:20,Minor Prophets,Old Testament,Hosea,LXX
WORD,,,2,Hosea 2:20,Minor Prophets,Old Testament,Hosea,LXX
WORD,,G4771,2,Hosea 2:20,Minor Prophets,Old Testament,Hosea,LXX
WORD,,G1683,2,Hosea 2:20,Minor Prophets,Old Testament,Hosea,LXX
WORD,,G1722,2,Hosea 2:20,Minor Prophets,Old Testament,Hosea,LXX
WORD,,G4102,2,Hosea 2:20,Minor Prophets,Old Testament,Hosea,LXX
WORD,,G2532,2,Hosea 2:20,Minor Prophets,Old Testament,Hosea,LXX
WORD,,G1921,2,Hosea 2:20,Minor Prophets,Old Testament,Hosea,LXX
WORD,,G3588,2,Hosea 2:20,Minor Prophets,Old Testament,Hosea,LXX
WORD,,G2962,2,Hosea 2:20,Minor Prophets,Old Testament,Hosea,LXX
WORD,,G2532,2,Hosea 2:21,Minor Prophets,Old Testament,Hosea,LXX
WORD,,G1510,2,Hosea 2:21,Minor Prophets,Old Testament,Hosea,LXX
WORD,,G1722,2,Hosea 2:21,Minor Prophets,Old Testament,Hosea,LXX
WORD,,G1565,2,Hosea 2:21,Minor Prophets,Old Testament,Hosea,LXX
WORD,,G3588,2,Hosea 2:21,Minor Prophets,Old Testament,Hosea,LXX
WORD,,G2250,2,Hosea 2:21,Minor Prophets,Old Testament,Hosea,LXX
WORD,,G3004,2,Hosea 2:21,Minor Prophets,Old Testament,Hosea,LXX
WORD,,G2962,2,Hosea 2:21,Minor Prophets,Old Testament,Hosea,LXX
WORD,,G1873,2,Hosea 2:21,Minor Prophets,Old Testament,Hosea,LXX
WORD,,G3588,2,Hosea 2:21,Minor Prophets,Old Testament,Hosea,LXX
WORD,,G3772,2,Hosea 2:21,Minor Prophets,Old Testament,Hosea,LXX
WORD,,G2532,2,Hosea 2:21,Minor Prophets,Old Testament,Hosea,LXX
WORD,,G3588,2,Hosea 2:21,Minor Prophets,Old Testament,Hosea,LXX
WORD,,G3772,2,Hosea 2:21,Minor Prophets,Old Testament,Hosea,LXX
WORD,,G1873,2,Hosea 2:21,Minor Prophets,Old Testament,Hosea,LXX
WORD,,G3588,2,Hosea 2:21,Minor Prophets,Old Testament,Hosea,LXX
WORD,,G1093,2,Hosea 2:21,Minor Prophets,Old Testament,Hosea,LXX
WORD,,G2532,2,Hosea 2:22,Minor Prophets,Old Testament,Hosea,LXX
WORD,,G3588,2,Hosea 2:22,Minor Prophets,Old Testament,Hosea,LXX
WORD,,G1093,2,Hosea 2:22,Minor Prophets,Old Testament,Hosea,LXX
WORD,,G1873,2,Hosea 2:22,Minor Prophets,Old Testament,Hosea,LXX
WORD,,G3588,2,Hosea 2:22,Minor Prophets,Old Testament,Hosea,LXX
WORD,,G4621,2,Hosea 2:22,Minor Prophets,Old Testament,Hosea,LXX
WORD,,G2532,2,Hosea 2:22,Minor Prophets,Old Testament,Hosea,LXX
WORD,,G3588,2,Hosea 2:22,Minor Prophets,Old Testament,Hosea,LXX
WORD,,G3631,2,Hosea 2:22,Minor Prophets,Old Testament,Hosea,LXX
WORD,,G2532,2,Hosea 2:22,Minor Prophets,Old Testament,Hosea,LXX
WORD,,G3588,2,Hosea 2:22,Minor Prophets,Old Testament,Hosea,LXX
WORD,,G1637,2,Hosea 2:22,Minor Prophets,Old Testament,Hosea,LXX
WORD,,G2532,2,Hosea 2:22,Minor Prophets,Old Testament,Hosea,LXX
WORD,,G846,2,Hosea 2:22,Minor Prophets,Old Testament,Hosea,LXX
WORD,,G1873,2,Hosea 2:22,Minor Prophets,Old Testament,Hosea,LXX
WORD,,G3588,2,Hosea 2:22,Minor Prophets,Old Testament,Hosea,LXX
WORD,,,2,Hosea 2:22,Minor Prophets,Old Testament,Hosea,LXX
WORD,,G2532,2,Hosea 2:23,Minor Prophets,Old Testament,Hosea,LXX
WORD,,G4687,2,Hosea 2:23,Minor Prophets,Old Testament,Hosea,LXX
WORD,,G846,2,Hosea 2:23,Minor Prophets,Old Testament,Hosea,LXX
WORD,,G1683,2,Hosea 2:23,Minor Prophets,Old Testament,Hosea,LXX
WORD,,G1909,2,Hosea 2:23,Minor Prophets,Old Testament,Hosea,LXX
WORD,,G3588,2,Hosea 2:23,Minor Prophets,Old Testament,Hosea,LXX
WORD,,G1093,2,Hosea 2:23,Minor Prophets,Old Testament,Hosea,LXX
WORD,,G2532,2,Hosea 2:23,Minor Prophets,Old Testament,Hosea,LXX
WORD,,G1653,2,Hosea 2:23,Minor Prophets,Old Testament,Hosea,LXX
WORD,,G3588,2,Hosea 2:23,Minor Prophets,Old Testament,Hosea,LXX
WORD,,,2,Hosea 2:23,Minor Prophets,Old Testament,Hosea,LXX
WORD,,G2532,2,Hosea 2:23,Minor Prophets,Old Testament,Hosea,LXX
WORD,,G2036,2,Hosea 2:23,Minor Prophets,Old Testament,Hosea,LXX
WORD,,G3588,2,Hosea 2:23,Minor Prophets,Old Testament,Hosea,LXX
WORD,,,2,Hosea 2:23,Minor Prophets,Old Testament,Hosea,LXX
WORD,,G2992,2,Hosea 2:23,Minor Prophets,Old Testament,Hosea,LXX
WORD,,G1473,2,Hosea 2:23,Minor Prophets,Old Testament,Hosea,LXX
WORD,,G1510,2,Hosea 2:23,Minor Prophets,Old Testament,Hosea,LXX
WORD,,G4771,2,Hosea 2:23,Minor Prophets,Old Testament,Hosea,LXX
WORD,,G2532,2,Hosea 2:23,Minor Prophets,Old Testament,Hosea,LXX
WORD,,G846,2,Hosea 2:23,Minor Prophets,Old Testament,Hosea,LXX
WORD,,G2046,2,Hosea 2:23,Minor Prophets,Old Testament,Hosea,LXX
WORD,,G2962,2,Hosea 2:23,Minor Prophets,Old Testament,Hosea,LXX
WORD,,G3588,2,Hosea 2:23,Minor Prophets,Old Testament,Hosea,LXX
WORD,,G2316,2,Hosea 2:23,Minor Prophets,Old Testament,Hosea,LXX
WORD,,G1473,2,Hosea 2:23,Minor Prophets,Old Testament,Hosea,LXX
WORD,,G1510,2,Hosea 2:23,Minor Prophets,Old Testament,Hosea,LXX
WORD,,G4771,2,Hosea 2:23,Minor Prophets,Old Testament,Hosea,LXX
WORD,,G2532,3,Hosea 3:1,Minor Prophets,Old Testament,Hosea,LXX
WORD,,G2036,3,Hosea 3:1,Minor Prophets,Old Testament,Hosea,LXX
WORD,,G2962,3,Hosea 3:1,Minor Prophets,Old Testament,Hosea,LXX
WORD,,G4314,3,Hosea 3:1,Minor Prophets,Old Testament,Hosea,LXX
WORD,,G1473,3,Hosea 3:1,Minor Prophets,Old Testament,Hosea,LXX
WORD,,G2089,3,Hosea 3:1,Minor Prophets,Old Testament,Hosea,LXX
WORD,,G4198,3,Hosea 3:1,Minor Prophets,Old Testament,Hosea,LXX
WORD,,G2532,3,Hosea 3:1,Minor Prophets,Old Testament,Hosea,LXX
WORD,,G25,3,Hosea 3:1,Minor Prophets,Old Testament,Hosea,LXX
WORD,,G1135,3,Hosea 3:1,Minor Prophets,Old Testament,Hosea,LXX
WORD,,G25,3,Hosea 3:1,Minor Prophets,Old Testament,Hosea,LXX
WORD,,G4190,3,Hosea 3:1,Minor Prophets,Old Testament,Hosea,LXX
WORD,,G2532,3,Hosea 3:1,Minor Prophets,Old Testament,Hosea,LXX
WORD,,G3428,3,Hosea 3:1,Minor Prophets,Old Testament,Hosea,LXX
WORD,,G2531,3,Hosea 3:1,Minor Prophets,Old Testament,Hosea,LXX
WORD,,G25,3,Hosea 3:1,Minor Prophets,Old Testament,Hosea,LXX
WORD,,G3588,3,Hosea 3:1,Minor Prophets,Old Testament,Hosea,LXX
WORD,,G2316,3,Hosea 3:1,Minor Prophets,Old Testament,Hosea,LXX
WORD,,G3588,3,Hosea 3:1,Minor Prophets,Old Testament,Hosea,LXX
WORD,,G5207,3,Hosea 3:1,Minor Prophets,Old Testament,Hosea,LXX
WORD,,G2474,3,Hosea 3:1,Minor Prophets,Old Testament,Hosea,LXX
WORD,,G2532,3,Hosea 3:1,Minor Prophets,Old Testament,Hosea,LXX
WORD,,G846,3,Hosea 3:1,Minor Prophets,Old Testament,Hosea,LXX
WORD,,G578,3,Hosea 3:1,Minor Prophets,Old Testament,Hosea,LXX
WORD,,G1909,3,Hosea 3:1,Minor Prophets,Old Testament,Hosea,LXX
WORD,,G2316,3,Hosea 3:1,Minor Prophets,Old Testament,Hosea,LXX
WORD,,G245,3,Hosea 3:1,Minor Prophets,Old Testament,Hosea,LXX
WORD,,G2532,3,Hosea 3:1,Minor Prophets,Old Testament,Hosea,LXX
WORD,,G5368,3,Hosea 3:1,Minor Prophets,Old Testament,Hosea,LXX
WORD,,,3,Hosea 3:1,Minor Prophets,Old Testament,Hosea,LXX
WORD,,G3326,3,Hosea 3:1,Minor Prophets,Old Testament,Hosea,LXX
WORD,,,3,Hosea 3:1,Minor Prophets,Old Testament,Hosea,LXX
WORD,,G2532,3,Hosea 3:2,Minor Prophets,Old Testament,Hosea,LXX
WORD,,G3409,3,Hosea 3:2,Minor Prophets,Old Testament,Hosea,LXX
WORD,,G1683,3,Hosea 3:2,Minor Prophets,Old Testament,Hosea,LXX
WORD,,,3,Hosea 3:2,Minor Prophets,Old Testament,Hosea,LXX
WORD,,G694,3,Hosea 3:2,Minor Prophets,Old Testament,Hosea,LXX
WORD,,G2532,3,Hosea 3:2,Minor Prophets,Old Testament,Hosea,LXX
WORD,,,3,Hosea 3:2,Minor Prophets,Old Testament,Hosea,LXX
WORD,,G2915,3,Hosea 3:2,Minor Prophets,Old Testament,Hosea,LXX
WORD,,G2532,3,Hosea 3:2,Minor Prophets,Old Testament,Hosea,LXX
WORD,,,3,Hosea 3:2,Minor Prophets,Old Testament,Hosea,LXX
WORD,,G3631,3,Hosea 3:2,Minor Prophets,Old Testament,Hosea,LXX
WORD,,G2532,3,Hosea 3:3,Minor Prophets,Old Testament,Hosea,LXX
WORD,,G2036,3,Hosea 3:3,Minor Prophets,Old Testament,Hosea,LXX
WORD,,G4314,3,Hosea 3:3,Minor Prophets,Old Testament,Hosea,LXX
WORD,,G846,3,Hosea 3:3,Minor Prophets,Old Testament,Hosea,LXX
WORD,,G2250,3,Hosea 3:3,Minor Prophets,Old Testament,Hosea,LXX
WORD,,G4183,3,Hosea 3:3,Minor Prophets,Old Testament,Hosea,LXX
WORD,,G2521,3,Hosea 3:3,Minor Prophets,Old Testament,Hosea,LXX
WORD,,G1909,3,Hosea 3:3,Minor Prophets,Old Testament,Hosea,LXX
WORD,,G1473,3,Hosea 3:3,Minor Prophets,Old Testament,Hosea,LXX
WORD,,G2532,3,Hosea 3:3,Minor Prophets,Old Testament,Hosea,LXX
WORD,,G3756,3,Hosea 3:3,Minor Prophets,Old Testament,Hosea,LXX
WORD,,G3361,3,Hosea 3:3,Minor Prophets,Old Testament,Hosea,LXX
WORD,,G4203,3,Hosea 3:3,Minor Prophets,Old Testament,Hosea,LXX
WORD,,G3761,3,Hosea 3:3,Minor Prophets,Old Testament,Hosea,LXX
WORD,,G3361,3,Hosea 3:3,Minor Prophets,Old Testament,Hosea,LXX
WORD,,G1085,3,Hosea 3:3,Minor Prophets,Old Testament,Hosea,LXX
WORD,,G435,3,Hosea 3:3,Minor Prophets,Old Testament,Hosea,LXX
WORD,,G2087,3,Hosea 3:3,Minor Prophets,Old Testament,Hosea,LXX
WORD,,G2532,3,Hosea 3:3,Minor Prophets,Old Testament,Hosea,LXX
WORD,,G1473,3,Hosea 3:3,Minor Prophets,Old Testament,Hosea,LXX
WORD,,G1909,3,Hosea 3:3,Minor Prophets,Old Testament,Hosea,LXX
WORD,,G4771,3,Hosea 3:3,Minor Prophets,Old Testament,Hosea,LXX
WORD,,G1360,3,Hosea 3:4,Minor Prophets,Old Testament,Hosea,LXX
WORD,,G2250,3,Hosea 3:4,Minor Prophets,Old Testament,Hosea,LXX
WORD,,G4183,3,Hosea 3:4,Minor Prophets,Old Testament,Hosea,LXX
WORD,,G2524,3,Hosea 3:4,Minor Prophets,Old Testament,Hosea,LXX
WORD,,G3588,3,Hosea 3:4,Minor Prophets,Old Testament,Hosea,LXX
WORD,,G5207,3,Hosea 3:4,Minor Prophets,Old Testament,Hosea,LXX
WORD,,G2474,3,Hosea 3:4,Minor Prophets,Old Testament,Hosea,LXX
WORD,,G3756,3,Hosea 3:4,Minor Prophets,Old Testament,Hosea,LXX
WORD,,G1510,3,Hosea 3:4,Minor Prophets,Old Testament,Hosea,LXX
WORD,,G935,3,Hosea 3:4,Minor Prophets,Old Testament,Hosea,LXX
WORD,,G3761,3,Hosea 3:4,Minor Prophets,Old Testament,Hosea,LXX
WORD,,G1510,3,Hosea 3:4,Minor Prophets,Old Testament,Hosea,LXX
WORD,,G758,3,Hosea 3:4,Minor Prophets,Old Testament,Hosea,LXX
WORD,,G3761,3,Hosea 3:4,Minor Prophets,Old Testament,Hosea,LXX
WORD,,G1510,3,Hosea 3:4,Minor Prophets,Old Testament,Hosea,LXX
WORD,,G2378,3,Hosea 3:4,Minor Prophets,Old Testament,Hosea,LXX
WORD,,G3761,3,Hosea 3:4,Minor Prophets,Old Testament,Hosea,LXX
WORD,,G1510,3,Hosea 3:4,Minor Prophets,Old Testament,Hosea,LXX
WORD,,G2379,3,Hosea 3:4,Minor Prophets,Old Testament,Hosea,LXX
WORD,,G3761,3,Hosea 3:4,Minor Prophets,Old Testament,Hosea,LXX
WORD,,G2405,3,Hosea 3:4,Minor Prophets,Old Testament,Hosea,LXX
WORD,,G3761,3,Hosea 3:4,Minor Prophets,Old Testament,Hosea,LXX
WORD,,G1212,3,Hosea 3:4,Minor Prophets,Old Testament,Hosea,LXX
WORD,,G2532,3,Hosea 3:5,Minor Prophets,Old Testament,Hosea,LXX
WORD,,G3326,3,Hosea 3:5,Minor Prophets,Old Testament,Hosea,LXX
WORD,,G3778,3,Hosea 3:5,Minor Prophets,Old Testament,Hosea,LXX
WORD,,G1994,3,Hosea 3:5,Minor Prophets,Old Testament,Hosea,LXX
WORD,,G3588,3,Hosea 3:5,Minor Prophets,Old Testament,Hosea,LXX
WORD,,G5207,3,Hosea 3:5,Minor Prophets,Old Testament,Hosea,LXX
WORD,,G2474,3,Hosea 3:5,Minor Prophets,Old Testament,Hosea,LXX
WORD,,G2532,3,Hosea 3:5,Minor Prophets,Old Testament,Hosea,LXX
WORD,,G1934,3,Hosea 3:5,Minor Prophets,Old Testament,Hosea,LXX
WORD,,G2962,3,Hosea 3:5,Minor Prophets,Old Testament,Hosea,LXX
WORD,,G3588,3,Hosea 3:5,Minor Prophets,Old Testament,Hosea,LXX
WORD,,G2316,3,Hosea 3:5,Minor Prophets,Old Testament,Hosea,LXX
WORD,,G846,3,Hosea 3:5,Minor Prophets,Old Testament,Hosea,LXX
WORD,,G2532,3,Hosea 3:5,Minor Prophets,Old Testament,Hosea,LXX
WORD,,G1138,3,Hosea 3:5,Minor Prophets,Old Testament,Hosea,LXX
WORD,,G3588,3,Hosea 3:5,Minor Prophets,Old Testament,Hosea,LXX
WORD,,G935,3,Hosea 3:5,Minor Prophets,Old Testament,Hosea,LXX
WORD,,G846,3,Hosea 3:5,Minor Prophets,Old Testament,Hosea,LXX
WORD,,G2532,3,Hosea 3:5,Minor Prophets,Old Testament,Hosea,LXX
WORD,,G1839,3,Hosea 3:5,Minor Prophets,Old Testament,Hosea,LXX
WORD,,G1909,3,Hosea 3:5,Minor Prophets,Old Testament,Hosea,LXX
WORD,,G3588,3,Hosea 3:5,Minor Prophets,Old Testament,Hosea,LXX
WORD,,G2962,3,Hosea 3:5,Minor Prophets,Old Testament,Hosea,LXX
WORD,,G2532,3,Hosea 3:5,Minor Prophets,Old Testament,Hosea,LXX
WORD,,G1909,3,Hosea 3:5,Minor Prophets,Old Testament,Hosea,LXX
WORD,,G3588,3,Hosea 3:5,Minor Prophets,Old Testament,Hosea,LXX
WORD,,G18,3,Hosea 3:5,Minor Prophets,Old Testament,Hosea,LXX
WORD,,G846,3,Hosea 3:5,Minor Prophets,Old Testament,Hosea,LXX
WORD,,G1909,3,Hosea 3:5,Minor Prophets,Old Testament,Hosea,LXX
WORD,,G2078,3,Hosea 3:5,Minor Prophets,Old Testament,Hosea,LXX
WORD,,G3588,3,Hosea 3:5,Minor Prophets,Old Testament,Hosea,LXX
WORD,,G2250,3,Hosea 3:5,Minor Prophets,Old Testament,Hosea,LXX
WORD,,G191,4,Hosea 4:1,Minor Prophets,Old Testament,Hosea,LXX
WORD,,G3056,4,Hosea 4:1,Minor Prophets,Old Testament,Hosea,LXX
WORD,,G2962,4,Hosea 4:1,Minor Prophets,Old Testament,Hosea,LXX
WORD,,G5207,4,Hosea 4:1,Minor Prophets,Old Testament,Hosea,LXX
WORD,,G2474,4,Hosea 4:1,Minor Prophets,Old Testament,Hosea,LXX
WORD,,G1360,4,Hosea 4:1,Minor Prophets,Old Testament,Hosea,LXX
WORD,,G2920,4,Hosea 4:1,Minor Prophets,Old Testament,Hosea,LXX
WORD,,G3588,4,Hosea 4:1,Minor Prophets,Old Testament,Hosea,LXX
WORD,,G2962,4,Hosea 4:1,Minor Prophets,Old Testament,Hosea,LXX
WORD,,G4314,4,Hosea 4:1,Minor Prophets,Old Testament,Hosea,LXX
WORD,,G3588,4,Hosea 4:1,Minor Prophets,Old Testament,Hosea,LXX
WORD,,G2730,4,Hosea 4:1,Minor Prophets,Old Testament,Hosea,LXX
WORD,,G3588,4,Hosea 4:1,Minor Prophets,Old Testament,Hosea,LXX
WORD,,G1093,4,Hosea 4:1,Minor Prophets,Old Testament,Hosea,LXX
WORD,,G1360,4,Hosea 4:1,Minor Prophets,Old Testament,Hosea,LXX
WORD,,G3756,4,Hosea 4:1,Minor Prophets,Old Testament,Hosea,LXX
WORD,,G1510,4,Hosea 4:1,Minor Prophets,Old Testament,Hosea,LXX
WORD,,G225,4,Hosea 4:1,Minor Prophets,Old Testament,Hosea,LXX
WORD,,G3761,4,Hosea 4:1,Minor Prophets,Old Testament,Hosea,LXX
WORD,,G1656,4,Hosea 4:1,Minor Prophets,Old Testament,Hosea,LXX
WORD,,G3761,4,Hosea 4:1,Minor Prophets,Old Testament,Hosea,LXX
WORD,,G1922,4,Hosea 4:1,Minor Prophets,Old Testament,Hosea,LXX
WORD,,G2316,4,Hosea 4:1,Minor Prophets,Old Testament,Hosea,LXX
WORD,,G1909,4,Hosea 4:1,Minor Prophets,Old Testament,Hosea,LXX
WORD,,G3588,4,Hosea 4:1,Minor Prophets,Old Testament,Hosea,LXX
WORD,,G1093,4,Hosea 4:1,Minor Prophets,Old Testament,Hosea,LXX
WORD,,G685,4,Hosea 4:2,Minor Prophets,Old Testament,Hosea,LXX
WORD,,G2532,4,Hosea 4:2,Minor Prophets,Old Testament,Hosea,LXX
WORD,,G5579,4,Hosea 4:2,Minor Prophets,Old Testament,Hosea,LXX
WORD,,G2532,4,Hosea 4:2,Minor Prophets,Old Testament,Hosea,LXX
WORD,,G5408,4,Hosea 4:2,Minor Prophets,Old Testament,Hosea,LXX
WORD,,G2532,4,Hosea 4:2,Minor Prophets,Old Testament,Hosea,LXX
WORD,,G2829,4,Hosea 4:2,Minor Prophets,Old Testament,Hosea,LXX
WORD,,G2532,4,Hosea 4:2,Minor Prophets,Old Testament,Hosea,LXX
WORD,,G3430,4,Hosea 4:2,Minor Prophets,Old Testament,Hosea,LXX
WORD,,,4,Hosea 4:2,Minor Prophets,Old Testament,Hosea,LXX
WORD,,G1909,4,Hosea 4:2,Minor Prophets,Old Testament,Hosea,LXX
WORD,,G3588,4,Hosea 4:2,Minor Prophets,Old Testament,Hosea,LXX
WORD,,G1093,4,Hosea 4:2,Minor Prophets,Old Testament,Hosea,LXX
WORD,,G2532,4,Hosea 4:2,Minor Prophets,Old Testament,Hosea,LXX
WORD,,G129,4,Hosea 4:2,Minor Prophets,Old Testament,Hosea,LXX
WORD,,G1909,4,Hosea 4:2,Minor Prophets,Old Testament,Hosea,LXX
WORD,,G129,4,Hosea 4:2,Minor Prophets,Old Testament,Hosea,LXX
WORD,,,4,Hosea 4:2,Minor Prophets,Old Testament,Hosea,LXX
WORD,,G1223,4,Hosea 4:3,Minor Prophets,Old Testament,Hosea,LXX
WORD,,G3778,4,Hosea 4:3,Minor Prophets,Old Testament,Hosea,LXX
WORD,,G3996,4,Hosea 4:3,Minor Prophets,Old Testament,Hosea,LXX
WORD,,G3588,4,Hosea 4:3,Minor Prophets,Old Testament,Hosea,LXX
WORD,,G1093,4,Hosea 4:3,Minor Prophets,Old Testament,Hosea,LXX
WORD,,G2532,4,Hosea 4:3,Minor Prophets,Old Testament,Hosea,LXX
WORD,,,4,Hosea 4:3,Minor Prophets,Old Testament,Hosea,LXX
WORD,,G4862,4,Hosea 4:3,Minor Prophets,Old Testament,Hosea,LXX
WORD,,G3956,4,Hosea 4:3,Minor Prophets,Old Testament,Hosea,LXX
WORD,,G3588,4,Hosea 4:3,Minor Prophets,Old Testament,Hosea,LXX
WORD,,G2730,4,Hosea 4:3,Minor Prophets,Old Testament,Hosea,LXX
WORD,,G846,4,Hosea 4:3,Minor Prophets,Old Testament,Hosea,LXX
WORD,,G4862,4,Hosea 4:3,Minor Prophets,Old Testament,Hosea,LXX
WORD,,G3588,4,Hosea 4:3,Minor Prophets,Old Testament,Hosea,LXX
WORD,,G2342,4,Hosea 4:3,Minor Prophets,Old Testament,Hosea,LXX
WORD,,G3588,4,Hosea 4:3,Minor Prophets,Old Testament,Hosea,LXX
WORD,,G68,4,Hosea 4:3,Minor Prophets,Old Testament,Hosea,LXX
WORD,,G2532,4,Hosea 4:3,Minor Prophets,Old Testament,Hosea,LXX
WORD,,G4862,4,Hosea 4:3,Minor Prophets,Old Testament,Hosea,LXX
WORD,,G3588,4,Hosea 4:3,Minor Prophets,Old Testament,Hosea,LXX
WORD,,G2062,4,Hosea 4:3,Minor Prophets,Old Testament,Hosea,LXX
WORD,,G3588,4,Hosea 4:3,Minor Prophets,Old Testament,Hosea,LXX
WORD,,G1093,4,Hosea 4:3,Minor Prophets,Old Testament,Hosea,LXX
WORD,,G2532,4,Hosea 4:3,Minor Prophets,Old Testament,Hosea,LXX
WORD,,G4862,4,Hosea 4:3,Minor Prophets,Old Testament,Hosea,LXX
WORD,,G3588,4,Hosea 4:3,Minor Prophets,Old Testament,Hosea,LXX
WORD,,G4071,4,Hosea 4:3,Minor Prophets,Old Testament,Hosea,LXX
WORD,,G3588,4,Hosea 4:3,Minor Prophets,Old Testament,Hosea,LXX
WORD,,G3772,4,Hosea 4:3,Minor Prophets,Old Testament,Hosea,LXX
WORD,,G2532,4,Hosea 4:3,Minor Prophets,Old Testament,Hosea,LXX
WORD,,G3588,4,Hosea 4:3,Minor Prophets,Old Testament,Hosea,LXX
WORD,,G2486,4,Hosea 4:3,Minor Prophets,Old Testament,Hosea,LXX
WORD,,G3588,4,Hosea 4:3,Minor Prophets,Old Testament,Hosea,LXX
WORD,,G2281,4,Hosea 4:3,Minor Prophets,Old Testament,Hosea,LXX
WORD,,G1587,4,Hosea 4:3,Minor Prophets,Old Testament,Hosea,LXX
WORD,,G3704,4,Hosea 4:4,Minor Prophets,Old Testament,Hosea,LXX
WORD,,G3367,4,Hosea 4:4,Minor Prophets,Old Testament,Hosea,LXX
WORD,,G3383,4,Hosea 4:4,Minor Prophets,Old Testament,Hosea,LXX
WORD,,,4,Hosea 4:4,Minor Prophets,Old Testament,Hosea,LXX
WORD,,G3383,4,Hosea 4:4,Minor Prophets,Old Testament,Hosea,LXX
WORD,,G1651,4,Hosea 4:4,Minor Prophets,Old Testament,Hosea,LXX
WORD,,G3367,4,Hosea 4:4,Minor Prophets,Old Testament,Hosea,LXX
WORD,,G3588,4,Hosea 4:4,Minor Prophets,Old Testament,Hosea,LXX
WORD,,G1161,4,Hosea 4:4,Minor Prophets,Old Testament,Hosea,LXX
WORD,,G2992,4,Hosea 4:4,Minor Prophets,Old Testament,Hosea,LXX
WORD,,G1473,4,Hosea 4:4,Minor Prophets,Old Testament,Hosea,LXX
WORD,,G5613,4,Hosea 4:4,Minor Prophets,Old Testament,Hosea,LXX
WORD,,G483,4,Hosea 4:4,Minor Prophets,Old Testament,Hosea,LXX
WORD,,G2409,4,Hosea 4:4,Minor Prophets,Old Testament,Hosea,LXX
WORD,,G2532,4,Hosea 4:5,Minor Prophets,Old Testament,Hosea,LXX
WORD,,G770,4,Hosea 4:5,Minor Prophets,Old Testament,Hosea,LXX
WORD,,G2250,4,Hosea 4:5,Minor Prophets,Old Testament,Hosea,LXX
WORD,,G2532,4,Hosea 4:5,Minor Prophets,Old Testament,Hosea,LXX
WORD,,G770,4,Hosea 4:5,Minor Prophets,Old Testament,Hosea,LXX
WORD,,G2532,4,Hosea 4:5,Minor Prophets,Old Testament,Hosea,LXX
WORD,,G4396,4,Hosea 4:5,Minor Prophets,Old Testament,Hosea,LXX
WORD,,G3326,4,Hosea 4:5,Minor Prophets,Old Testament,Hosea,LXX
WORD,,G4771,4,Hosea 4:5,Minor Prophets,Old Testament,Hosea,LXX
WORD,,G3571,4,Hosea 4:5,Minor Prophets,Old Testament,Hosea,LXX
WORD,,G3666,4,Hosea 4:5,Minor Prophets,Old Testament,Hosea,LXX
WORD,,G3588,4,Hosea 4:5,Minor Prophets,Old Testament,Hosea,LXX
WORD,,G3384,4,Hosea 4:5,Minor Prophets,Old Testament,Hosea,LXX
WORD,,G4771,4,Hosea 4:5,Minor Prophets,Old Testament,Hosea,LXX
WORD,,G3666,4,Hosea 4:6,Minor Prophets,Old Testament,Hosea,LXX
WORD,,G3588,4,Hosea 4:6,Minor Prophets,Old Testament,Hosea,LXX
WORD,,G2992,4,Hosea 4:6,Minor Prophets,Old Testament,Hosea,LXX
WORD,,G1473,4,Hosea 4:6,Minor Prophets,Old Testament,Hosea,LXX
WORD,,G5613,4,Hosea 4:6,Minor Prophets,Old Testament,Hosea,LXX
WORD,,G3756,4,Hosea 4:6,Minor Prophets,Old Testament,Hosea,LXX
WORD,,G2192,4,Hosea 4:6,Minor Prophets,Old Testament,Hosea,LXX
WORD,,G1108,4,Hosea 4:6,Minor Prophets,Old Testament,Hosea,LXX
WORD,,G3754,4,Hosea 4:6,Minor Prophets,Old Testament,Hosea,LXX
WORD,,G4771,4,Hosea 4:6,Minor Prophets,Old Testament,Hosea,LXX
WORD,,G1922,4,Hosea 4:6,Minor Prophets,Old Testament,Hosea,LXX
WORD,,G683,4,Hosea 4:6,Minor Prophets,Old Testament,Hosea,LXX
WORD,,G2504,4,Hosea 4:6,Minor Prophets,Old Testament,Hosea,LXX
WORD,,G683,4,Hosea 4:6,Minor Prophets,Old Testament,Hosea,LXX
WORD,,G4771,4,Hosea 4:6,Minor Prophets,Old Testament,Hosea,LXX
WORD,,G3588,4,Hosea 4:6,Minor Prophets,Old Testament,Hosea,LXX
WORD,,G3361,4,Hosea 4:6,Minor Prophets,Old Testament,Hosea,LXX
WORD,,G2407,4,Hosea 4:6,Minor Prophets,Old Testament,Hosea,LXX
WORD,,G1473,4,Hosea 4:6,Minor Prophets,Old Testament,Hosea,LXX
WORD,,G2532,4,Hosea 4:6,Minor Prophets,Old Testament,Hosea,LXX
WORD,,G1950,4,Hosea 4:6,Minor Prophets,Old Testament,Hosea,LXX
WORD,,G3551,4,Hosea 4:6,Minor Prophets,Old Testament,Hosea,LXX
WORD,,G2316,4,Hosea 4:6,Minor Prophets,Old Testament,Hosea,LXX
WORD,,G4771,4,Hosea 4:6,Minor Prophets,Old Testament,Hosea,LXX
WORD,,G2504,4,Hosea 4:6,Minor Prophets,Old Testament,Hosea,LXX
WORD,,G1950,4,Hosea 4:6,Minor Prophets,Old Testament,Hosea,LXX
WORD,,G5043,4,Hosea 4:6,Minor Prophets,Old Testament,Hosea,LXX
WORD,,G4771,4,Hosea 4:6,Minor Prophets,Old Testament,Hosea,LXX
WORD,,G2596,4,Hosea 4:7,Minor Prophets,Old Testament,Hosea,LXX
WORD,,G3588,4,Hosea 4:7,Minor Prophets,Old Testament,Hosea,LXX
WORD,,G4128,4,Hosea 4:7,Minor Prophets,Old Testament,Hosea,LXX
WORD,,G846,4,Hosea 4:7,Minor Prophets,Old Testament,Hosea,LXX
WORD,,G3779,4,Hosea 4:7,Minor Prophets,Old Testament,Hosea,LXX
WORD,,G264,4,Hosea 4:7,Minor Prophets,Old Testament,Hosea,LXX
WORD,,G1473,4,Hosea 4:7,Minor Prophets,Old Testament,Hosea,LXX
WORD,,G3588,4,Hosea 4:7,Minor Prophets,Old Testament,Hosea,LXX
WORD,,G1391,4,Hosea 4:7,Minor Prophets,Old Testament,Hosea,LXX
WORD,,G846,4,Hosea 4:7,Minor Prophets,Old Testament,Hosea,LXX
WORD,,G1519,4,Hosea 4:7,Minor Prophets,Old Testament,Hosea,LXX
WORD,,G819,4,Hosea 4:7,Minor Prophets,Old Testament,Hosea,LXX
WORD,,G5087,4,Hosea 4:7,Minor Prophets,Old Testament,Hosea,LXX
WORD,,G266,4,Hosea 4:8,Minor Prophets,Old Testament,Hosea,LXX
WORD,,G2992,4,Hosea 4:8,Minor Prophets,Old Testament,Hosea,LXX
WORD,,G1473,4,Hosea 4:8,Minor Prophets,Old Testament,Hosea,LXX
WORD,,G2068,4,Hosea 4:8,Minor Prophets,Old Testament,Hosea,LXX
WORD,,G2532,4,Hosea 4:8,Minor Prophets,Old Testament,Hosea,LXX
WORD,,G1722,4,Hosea 4:8,Minor Prophets,Old Testament,Hosea,LXX
WORD,,G3588,4,Hosea 4:8,Minor Prophets,Old Testament,Hosea,LXX
WORD,,G93,4,Hosea 4:8,Minor Prophets,Old Testament,Hosea,LXX
WORD,,G846,4,Hosea 4:8,Minor Prophets,Old Testament,Hosea,LXX
WORD,,G2983,4,Hosea 4:8,Minor Prophets,Old Testament,Hosea,LXX
WORD,,G3588,4,Hosea 4:8,Minor Prophets,Old Testament,Hosea,LXX
WORD,,G5590,4,Hosea 4:8,Minor Prophets,Old Testament,Hosea,LXX
WORD,,G846,4,Hosea 4:8,Minor Prophets,Old Testament,Hosea,LXX
WORD,,G2532,4,Hosea 4:9,Minor Prophets,Old Testament,Hosea,LXX
WORD,,G1510,4,Hosea 4:9,Minor Prophets,Old Testament,Hosea,LXX
WORD,,G2531,4,Hosea 4:9,Minor Prophets,Old Testament,Hosea,LXX
WORD,,G3588,4,Hosea 4:9,Minor Prophets,Old Testament,Hosea,LXX
WORD,,G2992,4,Hosea 4:9,Minor Prophets,Old Testament,Hosea,LXX
WORD,,G3779,4,Hosea 4:9,Minor Prophets,Old Testament,Hosea,LXX
WORD,,G2532,4,Hosea 4:9,Minor Prophets,Old Testament,Hosea,LXX
WORD,,G3588,4,Hosea 4:9,Minor Prophets,Old Testament,Hosea,LXX
WORD,,G2409,4,Hosea 4:9,Minor Prophets,Old Testament,Hosea,LXX
WORD,,G2532,4,Hosea 4:9,Minor Prophets,Old Testament,Hosea,LXX
WORD,,G1556,4,Hosea 4:9,Minor Prophets,Old Testament,Hosea,LXX
WORD,,G1909,4,Hosea 4:9,Minor Prophets,Old Testament,Hosea,LXX
WORD,,G846,4,Hosea 4:9,Minor Prophets,Old Testament,Hosea,LXX
WORD,,G3588,4,Hosea 4:9,Minor Prophets,Old Testament,Hosea,LXX
WORD,,G3598,4,Hosea 4:9,Minor Prophets,Old Testament,Hosea,LXX
WORD,,G846,4,Hosea 4:9,Minor Prophets,Old Testament,Hosea,LXX
WORD,,G2532,4,Hosea 4:9,Minor Prophets,Old Testament,Hosea,LXX
WORD,,G3588,4,Hosea 4:9,Minor Prophets,Old Testament,Hosea,LXX
WORD,,,4,Hosea 4:9,Minor Prophets,Old Testament,Hosea,LXX
WORD,,G846,4,Hosea 4:9,Minor Prophets,Old Testament,Hosea,LXX
WORD,,G467,4,Hosea 4:9,Minor Prophets,Old Testament,Hosea,LXX
WORD,,G846,4,Hosea 4:9,Minor Prophets,Old Testament,Hosea,LXX
WORD,,G2532,4,Hosea 4:10,Minor Prophets,Old Testament,Hosea,LXX
WORD,,G2068,4,Hosea 4:10,Minor Prophets,Old Testament,Hosea,LXX
WORD,,G2532,4,Hosea 4:10,Minor Prophets,Old Testament,Hosea,LXX
WORD,,G3756,4,Hosea 4:10,Minor Prophets,Old Testament,Hosea,LXX
WORD,,G3361,4,Hosea 4:10,Minor Prophets,Old Testament,Hosea,LXX
WORD,,G1705,4,Hosea 4:10,Minor Prophets,Old Testament,Hosea,LXX
WORD,,G4203,4,Hosea 4:10,Minor Prophets,Old Testament,Hosea,LXX
WORD,,G2532,4,Hosea 4:10,Minor Prophets,Old Testament,Hosea,LXX
WORD,,G3756,4,Hosea 4:10,Minor Prophets,Old Testament,Hosea,LXX
WORD,,G3361,4,Hosea 4:10,Minor Prophets,Old Testament,Hosea,LXX
WORD,,G2720,4,Hosea 4:10,Minor Prophets,Old Testament,Hosea,LXX
WORD,,G1360,4,Hosea 4:10,Minor Prophets,Old Testament,Hosea,LXX
WORD,,G3588,4,Hosea 4:10,Minor Prophets,Old Testament,Hosea,LXX
WORD,,G2962,4,Hosea 4:10,Minor Prophets,Old Testament,Hosea,LXX
WORD,,G1459,4,Hosea 4:10,Minor Prophets,Old Testament,Hosea,LXX
WORD,,G3588,4,Hosea 4:10,Minor Prophets,Old Testament,Hosea,LXX
WORD,,G5442,4,Hosea 4:10,Minor Prophets,Old Testament,Hosea,LXX
WORD,,G4202,4,Hosea 4:11,Minor Prophets,Old Testament,Hosea,LXX
WORD,,G2532,4,Hosea 4:11,Minor Prophets,Old Testament,Hosea,LXX
WORD,,G3631,4,Hosea 4:11,Minor Prophets,Old Testament,Hosea,LXX
WORD,,G2532,4,Hosea 4:11,Minor Prophets,Old Testament,Hosea,LXX
WORD,,,4,Hosea 4:11,Minor Prophets,Old Testament,Hosea,LXX
WORD,,G1209,4,Hosea 4:11,Minor Prophets,Old Testament,Hosea,LXX
WORD,,G2588,4,Hosea 4:11,Minor Prophets,Old Testament,Hosea,LXX
WORD,,G2992,4,Hosea 4:11,Minor Prophets,Old Testament,Hosea,LXX
WORD,,G1473,4,Hosea 4:11,Minor Prophets,Old Testament,Hosea,LXX
WORD,,G1722,4,Hosea 4:12,Minor Prophets,Old Testament,Hosea,LXX
WORD,,,4,Hosea 4:12,Minor Prophets,Old Testament,Hosea,LXX
WORD,,G1905,4,Hosea 4:12,Minor Prophets,Old Testament,Hosea,LXX
WORD,,G2532,4,Hosea 4:12,Minor Prophets,Old Testament,Hosea,LXX
WORD,,G1722,4,Hosea 4:12,Minor Prophets,Old Testament,Hosea,LXX
WORD,,G4464,4,Hosea 4:12,Minor Prophets,Old Testament,Hosea,LXX
WORD,,G846,4,Hosea 4:12,Minor Prophets,Old Testament,Hosea,LXX
WORD,,G518,4,Hosea 4:12,Minor Prophets,Old Testament,Hosea,LXX
WORD,,G846,4,Hosea 4:12,Minor Prophets,Old Testament,Hosea,LXX
WORD,,G4151,4,Hosea 4:12,Minor Prophets,Old Testament,Hosea,LXX
WORD,,G4202,4,Hosea 4:12,Minor Prophets,Old Testament,Hosea,LXX
WORD,,G4105,4,Hosea 4:12,Minor Prophets,Old Testament,Hosea,LXX
WORD,,G2532,4,Hosea 4:12,Minor Prophets,Old Testament,Hosea,LXX
WORD,,G1608,4,Hosea 4:12,Minor Prophets,Old Testament,Hosea,LXX
WORD,,G575,4,Hosea 4:12,Minor Prophets,Old Testament,Hosea,LXX
WORD,,G3588,4,Hosea 4:12,Minor Prophets,Old Testament,Hosea,LXX
WORD,,G2316,4,Hosea 4:12,Minor Prophets,Old Testament,Hosea,LXX
WORD,,G846,4,Hosea 4:12,Minor Prophets,Old Testament,Hosea,LXX
WORD,,G1909,4,Hosea 4:13,Minor Prophets,Old Testament,Hosea,LXX
WORD,,G3588,4,Hosea 4:13,Minor Prophets,Old Testament,Hosea,LXX
WORD,,,4,Hosea 4:13,Minor Prophets,Old Testament,Hosea,LXX
WORD,,G3588,4,Hosea 4:13,Minor Prophets,Old Testament,Hosea,LXX
WORD,,G3735,4,Hosea 4:13,Minor Prophets,Old Testament,Hosea,LXX
WORD,,,4,Hosea 4:13,Minor Prophets,Old Testament,Hosea,LXX
WORD,,G2532,4,Hosea 4:13,Minor Prophets,Old Testament,Hosea,LXX
WORD,,G1909,4,Hosea 4:13,Minor Prophets,Old Testament,Hosea,LXX
WORD,,G3588,4,Hosea 4:13,Minor Prophets,Old Testament,Hosea,LXX
WORD,,G1015,4,Hosea 4:13,Minor Prophets,Old Testament,Hosea,LXX
WORD,,G2380,4,Hosea 4:13,Minor Prophets,Old Testament,Hosea,LXX
WORD,,G5270,4,Hosea 4:13,Minor Prophets,Old Testament,Hosea,LXX
WORD,,,4,Hosea 4:13,Minor Prophets,Old Testament,Hosea,LXX
WORD,,G2532,4,Hosea 4:13,Minor Prophets,Old Testament,Hosea,LXX
WORD,,G3022,4,Hosea 4:13,Minor Prophets,Old Testament,Hosea,LXX
WORD,,G2532,4,Hosea 4:13,Minor Prophets,Old Testament,Hosea,LXX
WORD,,G1186,4,Hosea 4:13,Minor Prophets,Old Testament,Hosea,LXX
WORD,,,4,Hosea 4:13,Minor Prophets,Old Testament,Hosea,LXX
WORD,,G3754,4,Hosea 4:13,Minor Prophets,Old Testament,Hosea,LXX
WORD,,G2570,4,Hosea 4:13,Minor Prophets,Old Testament,Hosea,LXX
WORD,,,4,Hosea 4:13,Minor Prophets,Old Testament,Hosea,LXX
WORD,,G1223,4,Hosea 4:13,Minor Prophets,Old Testament,Hosea,LXX
WORD,,G3778,4,Hosea 4:13,Minor Prophets,Old Testament,Hosea,LXX
WORD,,G1608,4,Hosea 4:13,Minor Prophets,Old Testament,Hosea,LXX
WORD,,G3588,4,Hosea 4:13,Minor Prophets,Old Testament,Hosea,LXX
WORD,,G2364,4,Hosea 4:13,Minor Prophets,Old Testament,Hosea,LXX
WORD,,G4771,4,Hosea 4:13,Minor Prophets,Old Testament,Hosea,LXX
WORD,,G2532,4,Hosea 4:13,Minor Prophets,Old Testament,Hosea,LXX
WORD,,G3588,4,Hosea 4:13,Minor Prophets,Old Testament,Hosea,LXX
WORD,,G3565,4,Hosea 4:13,Minor Prophets,Old Testament,Hosea,LXX
WORD,,G4771,4,Hosea 4:13,Minor Prophets,Old Testament,Hosea,LXX
WORD,,G3431,4,Hosea 4:13,Minor Prophets,Old Testament,Hosea,LXX
WORD,,G2532,4,Hosea 4:14,Minor Prophets,Old Testament,Hosea,LXX
WORD,,G3756,4,Hosea 4:14,Minor Prophets,Old Testament,Hosea,LXX
WORD,,G3361,4,Hosea 4:14,Minor Prophets,Old Testament,Hosea,LXX
WORD,,G1980,4,Hosea 4:14,Minor Prophets,Old Testament,Hosea,LXX
WORD,,G1909,4,Hosea 4:14,Minor Prophets,Old Testament,Hosea,LXX
WORD,,G3588,4,Hosea 4:14,Minor Prophets,Old Testament,Hosea,LXX
WORD,,G2364,4,Hosea 4:14,Minor Prophets,Old Testament,Hosea,LXX
WORD,,G4771,4,Hosea 4:14,Minor Prophets,Old Testament,Hosea,LXX
WORD,,G3752,4,Hosea 4:14,Minor Prophets,Old Testament,Hosea,LXX
WORD,,G4203,4,Hosea 4:14,Minor Prophets,Old Testament,Hosea,LXX
WORD,,G2532,4,Hosea 4:14,Minor Prophets,Old Testament,Hosea,LXX
WORD,,G1909,4,Hosea 4:14,Minor Prophets,Old Testament,Hosea,LXX
WORD,,G3588,4,Hosea 4:14,Minor Prophets,Old Testament,Hosea,LXX
WORD,,G3565,4,Hosea 4:14,Minor Prophets,Old Testament,Hosea,LXX
WORD,,G4771,4,Hosea 4:14,Minor Prophets,Old Testament,Hosea,LXX
WORD,,G3752,4,Hosea 4:14,Minor Prophets,Old Testament,Hosea,LXX
WORD,,G3431,4,Hosea 4:14,Minor Prophets,Old Testament,Hosea,LXX
WORD,,G1360,4,Hosea 4:14,Minor Prophets,Old Testament,Hosea,LXX
WORD,,G2532,4,Hosea 4:14,Minor Prophets,Old Testament,Hosea,LXX
WORD,,G846,4,Hosea 4:14,Minor Prophets,Old Testament,Hosea,LXX
WORD,,G3326,4,Hosea 4:14,Minor Prophets,Old Testament,Hosea,LXX
WORD,,G3588,4,Hosea 4:14,Minor Prophets,Old Testament,Hosea,LXX
WORD,,G4204,4,Hosea 4:14,Minor Prophets,Old Testament,Hosea,LXX
WORD,,,4,Hosea 4:14,Minor Prophets,Old Testament,Hosea,LXX
WORD,,G2532,4,Hosea 4:14,Minor Prophets,Old Testament,Hosea,LXX
WORD,,G3326,4,Hosea 4:14,Minor Prophets,Old Testament,Hosea,LXX
WORD,,G3588,4,Hosea 4:14,Minor Prophets,Old Testament,Hosea,LXX
WORD,,G5055,4,Hosea 4:14,Minor Prophets,Old Testament,Hosea,LXX
WORD,,G2380,4,Hosea 4:14,Minor Prophets,Old Testament,Hosea,LXX
WORD,,G2532,4,Hosea 4:14,Minor Prophets,Old Testament,Hosea,LXX
WORD,,G3588,4,Hosea 4:14,Minor Prophets,Old Testament,Hosea,LXX
WORD,,G2992,4,Hosea 4:14,Minor Prophets,Old Testament,Hosea,LXX
WORD,,G3588,4,Hosea 4:14,Minor Prophets,Old Testament,Hosea,LXX
WORD,,G4920,4,Hosea 4:14,Minor Prophets,Old Testament,Hosea,LXX
WORD,,,4,Hosea 4:14,Minor Prophets,Old Testament,Hosea,LXX
WORD,,G3326,4,Hosea 4:14,Minor Prophets,Old Testament,Hosea,LXX
WORD,,G4204,4,Hosea 4:14,Minor Prophets,Old Testament,Hosea,LXX
WORD,,G4771,4,Hosea 4:15,Minor Prophets,Old Testament,Hosea,LXX
WORD,,G1161,4,Hosea 4:15,Minor Prophets,Old Testament,Hosea,LXX
WORD,,G2474,4,Hosea 4:15,Minor Prophets,Old Testament,Hosea,LXX
WORD,,G3361,4,Hosea 4:15,Minor Prophets,Old Testament,Hosea,LXX
WORD,,G50,4,Hosea 4:15,Minor Prophets,Old Testament,Hosea,LXX
WORD,,G2532,4,Hosea 4:15,Minor Prophets,Old Testament,Hosea,LXX
WORD,,G2448,4,Hosea 4:15,Minor Prophets,Old Testament,Hosea,LXX
WORD,,G3361,4,Hosea 4:15,Minor Prophets,Old Testament,Hosea,LXX
WORD,,G1531,4,Hosea 4:15,Minor Prophets,Old Testament,Hosea,LXX
WORD,,G1519,4,Hosea 4:15,Minor Prophets,Old Testament,Hosea,LXX
WORD,,,4,Hosea 4:15,Minor Prophets,Old Testament,Hosea,LXX
WORD,,G2532,4,Hosea 4:15,Minor Prophets,Old Testament,Hosea,LXX
WORD,,G3361,4,Hosea 4:15,Minor Prophets,Old Testament,Hosea,LXX
WORD,,G305,4,Hosea 4:15,Minor Prophets,Old Testament,Hosea,LXX
WORD,,G1519,4,Hosea 4:15,Minor Prophets,Old Testament,Hosea,LXX
WORD,,G3588,4,Hosea 4:15,Minor Prophets,Old Testament,Hosea,LXX
WORD,,G3624,4,Hosea 4:15,Minor Prophets,Old Testament,Hosea,LXX
WORD,,G3739,4,Hosea 4:15,Minor Prophets,Old Testament,Hosea,LXX
WORD,,G2532,4,Hosea 4:15,Minor Prophets,Old Testament,Hosea,LXX
WORD,,G3361,4,Hosea 4:15,Minor Prophets,Old Testament,Hosea,LXX
WORD,,G3660,4,Hosea 4:15,Minor Prophets,Old Testament,Hosea,LXX
WORD,,G2198,4,Hosea 4:15,Minor Prophets,Old Testament,Hosea,LXX
WORD,,G2962,4,Hosea 4:15,Minor Prophets,Old Testament,Hosea,LXX
WORD,,G3754,4,Hosea 4:16,Minor Prophets,Old Testament,Hosea,LXX
WORD,,G5613,4,Hosea 4:16,Minor Prophets,Old Testament,Hosea,LXX
WORD,,G1151,4,Hosea 4:16,Minor Prophets,Old Testament,Hosea,LXX
WORD,,,4,Hosea 4:16,Minor Prophets,Old Testament,Hosea,LXX
WORD,,,4,Hosea 4:16,Minor Prophets,Old Testament,Hosea,LXX
WORD,,G2474,4,Hosea 4:16,Minor Prophets,Old Testament,Hosea,LXX
WORD,,G3568,4,Hosea 4:16,Minor Prophets,Old Testament,Hosea,LXX
WORD,,,4,Hosea 4:16,Minor Prophets,Old Testament,Hosea,LXX
WORD,,G846,4,Hosea 4:16,Minor Prophets,Old Testament,Hosea,LXX
WORD,,G2962,4,Hosea 4:16,Minor Prophets,Old Testament,Hosea,LXX
WORD,,G5613,4,Hosea 4:16,Minor Prophets,Old Testament,Hosea,LXX
WORD,,G286,4,Hosea 4:16,Minor Prophets,Old Testament,Hosea,LXX
WORD,,G1722,4,Hosea 4:16,Minor Prophets,Old Testament,Hosea,LXX
WORD,,G2149,4,Hosea 4:16,Minor Prophets,Old Testament,Hosea,LXX
WORD,,G3353,4,Hosea 4:17,Minor Prophets,Old Testament,Hosea,LXX
WORD,,G1497,4,Hosea 4:17,Minor Prophets,Old Testament,Hosea,LXX
WORD,,G2187,4,Hosea 4:17,Minor Prophets,Old Testament,Hosea,LXX
WORD,,G5087,4,Hosea 4:17,Minor Prophets,Old Testament,Hosea,LXX
WORD,,G1438,4,Hosea 4:17,Minor Prophets,Old Testament,Hosea,LXX
WORD,,G4625,4,Hosea 4:17,Minor Prophets,Old Testament,Hosea,LXX
WORD,,G140,4,Hosea 4:18,Minor Prophets,Old Testament,Hosea,LXX
WORD,,,4,Hosea 4:18,Minor Prophets,Old Testament,Hosea,LXX
WORD,,G4203,4,Hosea 4:18,Minor Prophets,Old Testament,Hosea,LXX
WORD,,G1608,4,Hosea 4:18,Minor Prophets,Old Testament,Hosea,LXX
WORD,,G25,4,Hosea 4:18,Minor Prophets,Old Testament,Hosea,LXX
WORD,,G819,4,Hosea 4:18,Minor Prophets,Old Testament,Hosea,LXX
WORD,,G1537,4,Hosea 4:18,Minor Prophets,Old Testament,Hosea,LXX
WORD,,,4,Hosea 4:18,Minor Prophets,Old Testament,Hosea,LXX
WORD,,G846,4,Hosea 4:18,Minor Prophets,Old Testament,Hosea,LXX
WORD,,G4963,4,Hosea 4:19,Minor Prophets,Old Testament,Hosea,LXX
WORD,,G4151,4,Hosea 4:19,Minor Prophets,Old Testament,Hosea,LXX
WORD,,G4771,4,Hosea 4:19,Minor Prophets,Old Testament,Hosea,LXX
WORD,,G1510,4,Hosea 4:19,Minor Prophets,Old Testament,Hosea,LXX
WORD,,G1722,4,Hosea 4:19,Minor Prophets,Old Testament,Hosea,LXX
WORD,,G3588,4,Hosea 4:19,Minor Prophets,Old Testament,Hosea,LXX
WORD,,G4420,4,Hosea 4:19,Minor Prophets,Old Testament,Hosea,LXX
WORD,,G846,4,Hosea 4:19,Minor Prophets,Old Testament,Hosea,LXX
WORD,,G2532,4,Hosea 4:19,Minor Prophets,Old Testament,Hosea,LXX
WORD,,G2617,4,Hosea 4:19,Minor Prophets,Old Testament,Hosea,LXX
WORD,,G1537,4,Hosea 4:19,Minor Prophets,Old Testament,Hosea,LXX
WORD,,G3588,4,Hosea 4:19,Minor Prophets,Old Testament,Hosea,LXX
WORD,,G2379,4,Hosea 4:19,Minor Prophets,Old Testament,Hosea,LXX
WORD,,G846,4,Hosea 4:19,Minor Prophets,Old Testament,Hosea,LXX
WORD,,G191,5,Hosea 5:1,Minor Prophets,Old Testament,Hosea,LXX
WORD,,G3778,5,Hosea 5:1,Minor Prophets,Old Testament,Hosea,LXX
WORD,,G3588,5,Hosea 5:1,Minor Prophets,Old Testament,Hosea,LXX
WORD,,G2409,5,Hosea 5:1,Minor Prophets,Old Testament,Hosea,LXX
WORD,,G2532,5,Hosea 5:1,Minor Prophets,Old Testament,Hosea,LXX
WORD,,G4337,5,Hosea 5:1,Minor Prophets,Old Testament,Hosea,LXX
WORD,,G3624,5,Hosea 5:1,Minor Prophets,Old Testament,Hosea,LXX
WORD,,G2474,5,Hosea 5:1,Minor Prophets,Old Testament,Hosea,LXX
WORD,,G2532,5,Hosea 5:1,Minor Prophets,Old Testament,Hosea,LXX
WORD,,G3588,5,Hosea 5:1,Minor Prophets,Old Testament,Hosea,LXX
WORD,,G3624,5,Hosea 5:1,Minor Prophets,Old Testament,Hosea,LXX
WORD,,G3588,5,Hosea 5:1,Minor Prophets,Old Testament,Hosea,LXX
WORD,,G935,5,Hosea 5:1,Minor Prophets,Old Testament,Hosea,LXX
WORD,,G1801,5,Hosea 5:1,Minor Prophets,Old Testament,Hosea,LXX
WORD,,G1360,5,Hosea 5:1,Minor Prophets,Old Testament,Hosea,LXX
WORD,,G4314,5,Hosea 5:1,Minor Prophets,Old Testament,Hosea,LXX
WORD,,G4771,5,Hosea 5:1,Minor Prophets,Old Testament,Hosea,LXX
WORD,,G1510,5,Hosea 5:1,Minor Prophets,Old Testament,Hosea,LXX
WORD,,G3588,5,Hosea 5:1,Minor Prophets,Old Testament,Hosea,LXX
WORD,,G2917,5,Hosea 5:1,Minor Prophets,Old Testament,Hosea,LXX
WORD,,G3754,5,Hosea 5:1,Minor Prophets,Old Testament,Hosea,LXX
WORD,,G3803,5,Hosea 5:1,Minor Prophets,Old Testament,Hosea,LXX
WORD,,G1096,5,Hosea 5:1,Minor Prophets,Old Testament,Hosea,LXX
WORD,,G3588,5,Hosea 5:1,Minor Prophets,Old Testament,Hosea,LXX
WORD,,,5,Hosea 5:1,Minor Prophets,Old Testament,Hosea,LXX
WORD,,G2532,5,Hosea 5:1,Minor Prophets,Old Testament,Hosea,LXX
WORD,,G5613,5,Hosea 5:1,Minor Prophets,Old Testament,Hosea,LXX
WORD,,G1350,5,Hosea 5:1,Minor Prophets,Old Testament,Hosea,LXX
WORD,,G1614,5,Hosea 5:1,Minor Prophets,Old Testament,Hosea,LXX
WORD,,G1909,5,Hosea 5:1,Minor Prophets,Old Testament,Hosea,LXX
WORD,,G3588,5,Hosea 5:1,Minor Prophets,Old Testament,Hosea,LXX
WORD,,,5,Hosea 5:1,Minor Prophets,Old Testament,Hosea,LXX
WORD,,G3739,5,Hosea 5:2,Minor Prophets,Old Testament,Hosea,LXX
WORD,,G3588,5,Hosea 5:2,Minor Prophets,Old Testament,Hosea,LXX
WORD,,G64,5,Hosea 5:2,Minor Prophets,Old Testament,Hosea,LXX
WORD,,G3588,5,Hosea 5:2,Minor Prophets,Old Testament,Hosea,LXX
WORD,,G2339,5,Hosea 5:2,Minor Prophets,Old Testament,Hosea,LXX
WORD,,,5,Hosea 5:2,Minor Prophets,Old Testament,Hosea,LXX
WORD,,G1473,5,Hosea 5:2,Minor Prophets,Old Testament,Hosea,LXX
WORD,,G1161,5,Hosea 5:2,Minor Prophets,Old Testament,Hosea,LXX
WORD,,G3810,5,Hosea 5:2,Minor Prophets,Old Testament,Hosea,LXX
WORD,,G4771,5,Hosea 5:2,Minor Prophets,Old Testament,Hosea,LXX
WORD,,G1473,5,Hosea 5:3,Minor Prophets,Old Testament,Hosea,LXX
WORD,,G1097,5,Hosea 5:3,Minor Prophets,Old Testament,Hosea,LXX
WORD,,G3588,5,Hosea 5:3,Minor Prophets,Old Testament,Hosea,LXX
WORD,,G2187,5,Hosea 5:3,Minor Prophets,Old Testament,Hosea,LXX
WORD,,G2532,5,Hosea 5:3,Minor Prophets,Old Testament,Hosea,LXX
WORD,,G2474,5,Hosea 5:3,Minor Prophets,Old Testament,Hosea,LXX
WORD,,G3756,5,Hosea 5:3,Minor Prophets,Old Testament,Hosea,LXX
WORD,,G548,5,Hosea 5:3,Minor Prophets,Old Testament,Hosea,LXX
WORD,,G575,5,Hosea 5:3,Minor Prophets,Old Testament,Hosea,LXX
WORD,,G1473,5,Hosea 5:3,Minor Prophets,Old Testament,Hosea,LXX
WORD,,G1360,5,Hosea 5:3,Minor Prophets,Old Testament,Hosea,LXX
WORD,,G3568,5,Hosea 5:3,Minor Prophets,Old Testament,Hosea,LXX
WORD,,G1608,5,Hosea 5:3,Minor Prophets,Old Testament,Hosea,LXX
WORD,,G2187,5,Hosea 5:3,Minor Prophets,Old Testament,Hosea,LXX
WORD,,G3392,5,Hosea 5:3,Minor Prophets,Old Testament,Hosea,LXX
WORD,,G2474,5,Hosea 5:3,Minor Prophets,Old Testament,Hosea,LXX
WORD,,G3756,5,Hosea 5:4,Minor Prophets,Old Testament,Hosea,LXX
WORD,,G1325,5,Hosea 5:4,Minor Prophets,Old Testament,Hosea,LXX
WORD,,G3588,5,Hosea 5:4,Minor Prophets,Old Testament,Hosea,LXX
WORD,,,5,Hosea 5:4,Minor Prophets,Old Testament,Hosea,LXX
WORD,,G846,5,Hosea 5:4,Minor Prophets,Old Testament,Hosea,LXX
WORD,,G3588,5,Hosea 5:4,Minor Prophets,Old Testament,Hosea,LXX
WORD,,G1994,5,Hosea 5:4,Minor Prophets,Old Testament,Hosea,LXX
WORD,,G4314,5,Hosea 5:4,Minor Prophets,Old Testament,Hosea,LXX
WORD,,G3588,5,Hosea 5:4,Minor Prophets,Old Testament,Hosea,LXX
WORD,,G2316,5,Hosea 5:4,Minor Prophets,Old Testament,Hosea,LXX
WORD,,G846,5,Hosea 5:4,Minor Prophets,Old Testament,Hosea,LXX
WORD,,G3754,5,Hosea 5:4,Minor Prophets,Old Testament,Hosea,LXX
WORD,,G4151,5,Hosea 5:4,Minor Prophets,Old Testament,Hosea,LXX
WORD,,G4202,5,Hosea 5:4,Minor Prophets,Old Testament,Hosea,LXX
WORD,,G1722,5,Hosea 5:4,Minor Prophets,Old Testament,Hosea,LXX
WORD,,G846,5,Hosea 5:4,Minor Prophets,Old Testament,Hosea,LXX
WORD,,G1510,5,Hosea 5:4,Minor Prophets,Old Testament,Hosea,LXX
WORD,,G3588,5,Hosea 5:4,Minor Prophets,Old Testament,Hosea,LXX
WORD,,G1161,5,Hosea 5:4,Minor Prophets,Old Testament,Hosea,LXX
WORD,,G2962,5,Hosea 5:4,Minor Prophets,Old Testament,Hosea,LXX
WORD,,G3756,5,Hosea 5:4,Minor Prophets,Old Testament,Hosea,LXX
WORD,,G1921,5,Hosea 5:4,Minor Prophets,Old Testament,Hosea,LXX
WORD,,G2532,5,Hosea 5:5,Minor Prophets,Old Testament,Hosea,LXX
WORD,,G5013,5,Hosea 5:5,Minor Prophets,Old Testament,Hosea,LXX
WORD,,G3588,5,Hosea 5:5,Minor Prophets,Old Testament,Hosea,LXX
WORD,,G5196,5,Hosea 5:5,Minor Prophets,Old Testament,Hosea,LXX
WORD,,G3588,5,Hosea 5:5,Minor Prophets,Old Testament,Hosea,LXX
WORD,,G2474,5,Hosea 5:5,Minor Prophets,Old Testament,Hosea,LXX
WORD,,G1519,5,Hosea 5:5,Minor Prophets,Old Testament,Hosea,LXX
WORD,,G4383,5,Hosea 5:5,Minor Prophets,Old Testament,Hosea,LXX
WORD,,G846,5,Hosea 5:5,Minor Prophets,Old Testament,Hosea,LXX
WORD,,G2532,5,Hosea 5:5,Minor Prophets,Old Testament,Hosea,LXX
WORD,,G2474,5,Hosea 5:5,Minor Prophets,Old Testament,Hosea,LXX
WORD,,G2532,5,Hosea 5:5,Minor Prophets,Old Testament,Hosea,LXX
WORD,,G2187,5,Hosea 5:5,Minor Prophets,Old Testament,Hosea,LXX
WORD,,G770,5,Hosea 5:5,Minor Prophets,Old Testament,Hosea,LXX
WORD,,G1722,5,Hosea 5:5,Minor Prophets,Old Testament,Hosea,LXX
WORD,,G3588,5,Hosea 5:5,Minor Prophets,Old Testament,Hosea,LXX
WORD,,G93,5,Hosea 5:5,Minor Prophets,Old Testament,Hosea,LXX
WORD,,G846,5,Hosea 5:5,Minor Prophets,Old Testament,Hosea,LXX
WORD,,G2532,5,Hosea 5:5,Minor Prophets,Old Testament,Hosea,LXX
WORD,,G770,5,Hosea 5:5,Minor Prophets,Old Testament,Hosea,LXX
WORD,,G2532,5,Hosea 5:5,Minor Prophets,Old Testament,Hosea,LXX
WORD,,G2455,5,Hosea 5:5,Minor Prophets,Old Testament,Hosea,LXX
WORD,,G3326,5,Hosea 5:5,Minor Prophets,Old Testament,Hosea,LXX
WORD,,G846,5,Hosea 5:5,Minor Prophets,Old Testament,Hosea,LXX
WORD,,G3326,5,Hosea 5:6,Minor Prophets,Old Testament,Hosea,LXX
WORD,,G4263,5,Hosea 5:6,Minor Prophets,Old Testament,Hosea,LXX
WORD,,G2532,5,Hosea 5:6,Minor Prophets,Old Testament,Hosea,LXX
WORD,,G3448,5,Hosea 5:6,Minor Prophets,Old Testament,Hosea,LXX
WORD,,G4198,5,Hosea 5:6,Minor Prophets,Old Testament,Hosea,LXX
WORD,,G3588,5,Hosea 5:6,Minor Prophets,Old Testament,Hosea,LXX
WORD,,G1567,5,Hosea 5:6,Minor Prophets,Old Testament,Hosea,LXX
WORD,,G3588,5,Hosea 5:6,Minor Prophets,Old Testament,Hosea,LXX
WORD,,G2962,5,Hosea 5:6,Minor Prophets,Old Testament,Hosea,LXX
WORD,,G2532,5,Hosea 5:6,Minor Prophets,Old Testament,Hosea,LXX
WORD,,G3756,5,Hosea 5:6,Minor Prophets,Old Testament,Hosea,LXX
WORD,,G3361,5,Hosea 5:6,Minor Prophets,Old Testament,Hosea,LXX
WORD,,G2147,5,Hosea 5:6,Minor Prophets,Old Testament,Hosea,LXX
WORD,,G846,5,Hosea 5:6,Minor Prophets,Old Testament,Hosea,LXX
WORD,,G3754,5,Hosea 5:6,Minor Prophets,Old Testament,Hosea,LXX
WORD,,G1578,5,Hosea 5:6,Minor Prophets,Old Testament,Hosea,LXX
WORD,,G575,5,Hosea 5:6,Minor Prophets,Old Testament,Hosea,LXX
WORD,,G846,5,Hosea 5:6,Minor Prophets,Old Testament,Hosea,LXX
WORD,,G3754,5,Hosea 5:7,Minor Prophets,Old Testament,Hosea,LXX
WORD,,G3588,5,Hosea 5:7,Minor Prophets,Old Testament,Hosea,LXX
WORD,,G2962,5,Hosea 5:7,Minor Prophets,Old Testament,Hosea,LXX
WORD,,G1459,5,Hosea 5:7,Minor Prophets,Old Testament,Hosea,LXX
WORD,,G3754,5,Hosea 5:7,Minor Prophets,Old Testament,Hosea,LXX
WORD,,G5043,5,Hosea 5:7,Minor Prophets,Old Testament,Hosea,LXX
WORD,,G245,5,Hosea 5:7,Minor Prophets,Old Testament,Hosea,LXX
WORD,,G1080,5,Hosea 5:7,Minor Prophets,Old Testament,Hosea,LXX
WORD,,G846,5,Hosea 5:7,Minor Prophets,Old Testament,Hosea,LXX
WORD,,G3568,5,Hosea 5:7,Minor Prophets,Old Testament,Hosea,LXX
WORD,,G2719,5,Hosea 5:7,Minor Prophets,Old Testament,Hosea,LXX
WORD,,G846,5,Hosea 5:7,Minor Prophets,Old Testament,Hosea,LXX
WORD,,G3588,5,Hosea 5:7,Minor Prophets,Old Testament,Hosea,LXX
WORD,,,5,Hosea 5:7,Minor Prophets,Old Testament,Hosea,LXX
WORD,,G2532,5,Hosea 5:7,Minor Prophets,Old Testament,Hosea,LXX
WORD,,G3588,5,Hosea 5:7,Minor Prophets,Old Testament,Hosea,LXX
WORD,,G2819,5,Hosea 5:7,Minor Prophets,Old Testament,Hosea,LXX
WORD,,G846,5,Hosea 5:7,Minor Prophets,Old Testament,Hosea,LXX
WORD,,G4537,5,Hosea 5:8,Minor Prophets,Old Testament,Hosea,LXX
WORD,,G4536,5,Hosea 5:8,Minor Prophets,Old Testament,Hosea,LXX
WORD,,G1909,5,Hosea 5:8,Minor Prophets,Old Testament,Hosea,LXX
WORD,,G3588,5,Hosea 5:8,Minor Prophets,Old Testament,Hosea,LXX
WORD,,G1015,5,Hosea 5:8,Minor Prophets,Old Testament,Hosea,LXX
WORD,,G2278,5,Hosea 5:8,Minor Prophets,Old Testament,Hosea,LXX
WORD,,G1909,5,Hosea 5:8,Minor Prophets,Old Testament,Hosea,LXX
WORD,,G3588,5,Hosea 5:8,Minor Prophets,Old Testament,Hosea,LXX
WORD,,G5308,5,Hosea 5:8,Minor Prophets,Old Testament,Hosea,LXX
WORD,,G2784,5,Hosea 5:8,Minor Prophets,Old Testament,Hosea,LXX
WORD,,G1722,5,Hosea 5:8,Minor Prophets,Old Testament,Hosea,LXX
WORD,,G3588,5,Hosea 5:8,Minor Prophets,Old Testament,Hosea,LXX
WORD,,G3624,5,Hosea 5:8,Minor Prophets,Old Testament,Hosea,LXX
WORD,,G3739,5,Hosea 5:8,Minor Prophets,Old Testament,Hosea,LXX
WORD,,G1839,5,Hosea 5:8,Minor Prophets,Old Testament,Hosea,LXX
WORD,,G958,5,Hosea 5:8,Minor Prophets,Old Testament,Hosea,LXX
WORD,,G2187,5,Hosea 5:9,Minor Prophets,Old Testament,Hosea,LXX
WORD,,G1519,5,Hosea 5:9,Minor Prophets,Old Testament,Hosea,LXX
WORD,,G854,5,Hosea 5:9,Minor Prophets,Old Testament,Hosea,LXX
WORD,,G1096,5,Hosea 5:9,Minor Prophets,Old Testament,Hosea,LXX
WORD,,G1722,5,Hosea 5:9,Minor Prophets,Old Testament,Hosea,LXX
WORD,,G2250,5,Hosea 5:9,Minor Prophets,Old Testament,Hosea,LXX
WORD,,G1650,5,Hosea 5:9,Minor Prophets,Old Testament,Hosea,LXX
WORD,,G1722,5,Hosea 5:9,Minor Prophets,Old Testament,Hosea,LXX
WORD,,G3588,5,Hosea 5:9,Minor Prophets,Old Testament,Hosea,LXX
WORD,,G5443,5,Hosea 5:9,Minor Prophets,Old Testament,Hosea,LXX
WORD,,G3588,5,Hosea 5:9,Minor Prophets,Old Testament,Hosea,LXX
WORD,,G2474,5,Hosea 5:9,Minor Prophets,Old Testament,Hosea,LXX
WORD,,G1166,5,Hosea 5:9,Minor Prophets,Old Testament,Hosea,LXX
WORD,,G4103,5,Hosea 5:9,Minor Prophets,Old Testament,Hosea,LXX
WORD,,G1096,5,Hosea 5:10,Minor Prophets,Old Testament,Hosea,LXX
WORD,,G3588,5,Hosea 5:10,Minor Prophets,Old Testament,Hosea,LXX
WORD,,G758,5,Hosea 5:10,Minor Prophets,Old Testament,Hosea,LXX
WORD,,G2448,5,Hosea 5:10,Minor Prophets,Old Testament,Hosea,LXX
WORD,,G5613,5,Hosea 5:10,Minor Prophets,Old Testament,Hosea,LXX
WORD,,G3346,5,Hosea 5:10,Minor Prophets,Old Testament,Hosea,LXX
WORD,,G3725,5,Hosea 5:10,Minor Prophets,Old Testament,Hosea,LXX
WORD,,G1909,5,Hosea 5:10,Minor Prophets,Old Testament,Hosea,LXX
WORD,,G846,5,Hosea 5:10,Minor Prophets,Old Testament,Hosea,LXX
WORD,,G1632,5,Hosea 5:10,Minor Prophets,Old Testament,Hosea,LXX
WORD,,G5613,5,Hosea 5:10,Minor Prophets,Old Testament,Hosea,LXX
WORD,,G5204,5,Hosea 5:10,Minor Prophets,Old Testament,Hosea,LXX
WORD,,G3588,5,Hosea 5:10,Minor Prophets,Old Testament,Hosea,LXX
WORD,,G3731,5,Hosea 5:10,Minor Prophets,Old Testament,Hosea,LXX
WORD,,G1473,5,Hosea 5:10,Minor Prophets,Old Testament,Hosea,LXX
WORD,,G2616,5,Hosea 5:11,Minor Prophets,Old Testament,Hosea,LXX
WORD,,G2187,5,Hosea 5:11,Minor Prophets,Old Testament,Hosea,LXX
WORD,,G3588,5,Hosea 5:11,Minor Prophets,Old Testament,Hosea,LXX
WORD,,G476,5,Hosea 5:11,Minor Prophets,Old Testament,Hosea,LXX
WORD,,G846,5,Hosea 5:11,Minor Prophets,Old Testament,Hosea,LXX
WORD,,G2662,5,Hosea 5:11,Minor Prophets,Old Testament,Hosea,LXX
WORD,,G2917,5,Hosea 5:11,Minor Prophets,Old Testament,Hosea,LXX
WORD,,G3754,5,Hosea 5:11,Minor Prophets,Old Testament,Hosea,LXX
WORD,,G757,5,Hosea 5:11,Minor Prophets,Old Testament,Hosea,LXX
WORD,,G4198,5,Hosea 5:11,Minor Prophets,Old Testament,Hosea,LXX
WORD,,G3694,5,Hosea 5:11,Minor Prophets,Old Testament,Hosea,LXX
WORD,,G3588,5,Hosea 5:11,Minor Prophets,Old Testament,Hosea,LXX
WORD,,G3152,5,Hosea 5:11,Minor Prophets,Old Testament,Hosea,LXX
WORD,,G2532,5,Hosea 5:12,Minor Prophets,Old Testament,Hosea,LXX
WORD,,G1473,5,Hosea 5:12,Minor Prophets,Old Testament,Hosea,LXX
WORD,,G5613,5,Hosea 5:12,Minor Prophets,Old Testament,Hosea,LXX
WORD,,G5016,5,Hosea 5:12,Minor Prophets,Old Testament,Hosea,LXX
WORD,,G3588,5,Hosea 5:12,Minor Prophets,Old Testament,Hosea,LXX
WORD,,G2187,5,Hosea 5:12,Minor Prophets,Old Testament,Hosea,LXX
WORD,,G2532,5,Hosea 5:12,Minor Prophets,Old Testament,Hosea,LXX
WORD,,G5613,5,Hosea 5:12,Minor Prophets,Old Testament,Hosea,LXX
WORD,,G2759,5,Hosea 5:12,Minor Prophets,Old Testament,Hosea,LXX
WORD,,G3588,5,Hosea 5:12,Minor Prophets,Old Testament,Hosea,LXX
WORD,,G3624,5,Hosea 5:12,Minor Prophets,Old Testament,Hosea,LXX
WORD,,G2448,5,Hosea 5:12,Minor Prophets,Old Testament,Hosea,LXX
WORD,,G2532,5,Hosea 5:13,Minor Prophets,Old Testament,Hosea,LXX
WORD,,G3708,5,Hosea 5:13,Minor Prophets,Old Testament,Hosea,LXX
WORD,,G2187,5,Hosea 5:13,Minor Prophets,Old Testament,Hosea,LXX
WORD,,G3588,5,Hosea 5:13,Minor Prophets,Old Testament,Hosea,LXX
WORD,,G3554,5,Hosea 5:13,Minor Prophets,Old Testament,Hosea,LXX
WORD,,G846,5,Hosea 5:13,Minor Prophets,Old Testament,Hosea,LXX
WORD,,G2532,5,Hosea 5:13,Minor Prophets,Old Testament,Hosea,LXX
WORD,,G2455,5,Hosea 5:13,Minor Prophets,Old Testament,Hosea,LXX
WORD,,G3588,5,Hosea 5:13,Minor Prophets,Old Testament,Hosea,LXX
WORD,,G3601,5,Hosea 5:13,Minor Prophets,Old Testament,Hosea,LXX
WORD,,G846,5,Hosea 5:13,Minor Prophets,Old Testament,Hosea,LXX
WORD,,G2532,5,Hosea 5:13,Minor Prophets,Old Testament,Hosea,LXX
WORD,,G4198,5,Hosea 5:13,Minor Prophets,Old Testament,Hosea,LXX
WORD,,G2187,5,Hosea 5:13,Minor Prophets,Old Testament,Hosea,LXX
WORD,,G4314,5,Hosea 5:13,Minor Prophets,Old Testament,Hosea,LXX
WORD,,,5,Hosea 5:13,Minor Prophets,Old Testament,Hosea,LXX
WORD,,G2532,5,Hosea 5:13,Minor Prophets,Old Testament,Hosea,LXX
WORD,,G649,5,Hosea 5:13,Minor Prophets,Old Testament,Hosea,LXX
WORD,,,5,Hosea 5:13,Minor Prophets,Old Testament,Hosea,LXX
WORD,,G4314,5,Hosea 5:13,Minor Prophets,Old Testament,Hosea,LXX
WORD,,G935,5,Hosea 5:13,Minor Prophets,Old Testament,Hosea,LXX
WORD,,,5,Hosea 5:13,Minor Prophets,Old Testament,Hosea,LXX
WORD,,G2532,5,Hosea 5:13,Minor Prophets,Old Testament,Hosea,LXX
WORD,,G846,5,Hosea 5:13,Minor Prophets,Old Testament,Hosea,LXX
WORD,,G3756,5,Hosea 5:13,Minor Prophets,Old Testament,Hosea,LXX
WORD,,G1410,5,Hosea 5:13,Minor Prophets,Old Testament,Hosea,LXX
WORD,,G2390,5,Hosea 5:13,Minor Prophets,Old Testament,Hosea,LXX
WORD,,G4771,5,Hosea 5:13,Minor Prophets,Old Testament,Hosea,LXX
WORD,,G2532,5,Hosea 5:13,Minor Prophets,Old Testament,Hosea,LXX
WORD,,G3756,5,Hosea 5:13,Minor Prophets,Old Testament,Hosea,LXX
WORD,,G3361,5,Hosea 5:13,Minor Prophets,Old Testament,Hosea,LXX
WORD,,,5,Hosea 5:13,Minor Prophets,Old Testament,Hosea,LXX
WORD,,G1537,5,Hosea 5:13,Minor Prophets,Old Testament,Hosea,LXX
WORD,,G4771,5,Hosea 5:13,Minor Prophets,Old Testament,Hosea,LXX
WORD,,G3601,5,Hosea 5:13,Minor Prophets,Old Testament,Hosea,LXX
WORD,,G1360,5,Hosea 5:14,Minor Prophets,Old Testament,Hosea,LXX
WORD,,G1473,5,Hosea 5:14,Minor Prophets,Old Testament,Hosea,LXX
WORD,,G1510,5,Hosea 5:14,Minor Prophets,Old Testament,Hosea,LXX
WORD,,G5613,5,Hosea 5:14,Minor Prophets,Old Testament,Hosea,LXX
WORD,,,5,Hosea 5:14,Minor Prophets,Old Testament,Hosea,LXX
WORD,,G3588,5,Hosea 5:14,Minor Prophets,Old Testament,Hosea,LXX
WORD,,G2187,5,Hosea 5:14,Minor Prophets,Old Testament,Hosea,LXX
WORD,,G2532,5,Hosea 5:14,Minor Prophets,Old Testament,Hosea,LXX
WORD,,G5613,5,Hosea 5:14,Minor Prophets,Old Testament,Hosea,LXX
WORD,,G3023,5,Hosea 5:14,Minor Prophets,Old Testament,Hosea,LXX
WORD,,G3588,5,Hosea 5:14,Minor Prophets,Old Testament,Hosea,LXX
WORD,,G3624,5,Hosea 5:14,Minor Prophets,Old Testament,Hosea,LXX
WORD,,G2448,5,Hosea 5:14,Minor Prophets,Old Testament,Hosea,LXX
WORD,,G2532,5,Hosea 5:14,Minor Prophets,Old Testament,Hosea,LXX
WORD,,G1473,5,Hosea 5:14,Minor Prophets,Old Testament,Hosea,LXX
WORD,,G726,5,Hosea 5:14,Minor Prophets,Old Testament,Hosea,LXX
WORD,,G2532,5,Hosea 5:14,Minor Prophets,Old Testament,Hosea,LXX
WORD,,G4198,5,Hosea 5:14,Minor Prophets,Old Testament,Hosea,LXX
WORD,,G2532,5,Hosea 5:14,Minor Prophets,Old Testament,Hosea,LXX
WORD,,G2983,5,Hosea 5:14,Minor Prophets,Old Testament,Hosea,LXX
WORD,,G2532,5,Hosea 5:14,Minor Prophets,Old Testament,Hosea,LXX
WORD,,G3756,5,Hosea 5:14,Minor Prophets,Old Testament,Hosea,LXX
WORD,,G1510,5,Hosea 5:14,Minor Prophets,Old Testament,Hosea,LXX
WORD,,G3588,5,Hosea 5:14,Minor Prophets,Old Testament,Hosea,LXX
WORD,,G1807,5,Hosea 5:14,Minor Prophets,Old Testament,Hosea,LXX
WORD,,G4198,5,Hosea 5:15,Minor Prophets,Old Testament,Hosea,LXX
WORD,,G2532,5,Hosea 5:15,Minor Prophets,Old Testament,Hosea,LXX
WORD,,G1994,5,Hosea 5:15,Minor Prophets,Old Testament,Hosea,LXX
WORD,,G1519,5,Hosea 5:15,Minor Prophets,Old Testament,Hosea,LXX
WORD,,G3588,5,Hosea 5:15,Minor Prophets,Old Testament,Hosea,LXX
WORD,,G5117,5,Hosea 5:15,Minor Prophets,Old Testament,Hosea,LXX
WORD,,G1473,5,Hosea 5:15,Minor Prophets,Old Testament,Hosea,LXX
WORD,,G2193,5,Hosea 5:15,Minor Prophets,Old Testament,Hosea,LXX
WORD,,G3739,5,Hosea 5:15,Minor Prophets,Old Testament,Hosea,LXX
WORD,,,5,Hosea 5:15,Minor Prophets,Old Testament,Hosea,LXX
WORD,,G2532,5,Hosea 5:15,Minor Prophets,Old Testament,Hosea,LXX
WORD,,G1934,5,Hosea 5:15,Minor Prophets,Old Testament,Hosea,LXX
WORD,,G3588,5,Hosea 5:15,Minor Prophets,Old Testament,Hosea,LXX
WORD,,G4383,5,Hosea 5:15,Minor Prophets,Old Testament,Hosea,LXX
WORD,,G1473,5,Hosea 5:15,Minor Prophets,Old Testament,Hosea,LXX
WORD,,G1722,5,Hosea 5:15,Minor Prophets,Old Testament,Hosea,LXX
WORD,,G2347,5,Hosea 5:15,Minor Prophets,Old Testament,Hosea,LXX
WORD,,G846,5,Hosea 5:15,Minor Prophets,Old Testament,Hosea,LXX
WORD,,G3719,5,Hosea 5:15,Minor Prophets,Old Testament,Hosea,LXX
WORD,,G4314,5,Hosea 5:15,Minor Prophets,Old Testament,Hosea,LXX
WORD,,G1473,5,Hosea 5:15,Minor Prophets,Old Testament,Hosea,LXX
WORD,,G3004,5,Hosea 5:15,Minor Prophets,Old Testament,Hosea,LXX
WORD,,G4198,6,Hosea 6:1,Minor Prophets,Old Testament,Hosea,LXX
WORD,,G2532,6,Hosea 6:1,Minor Prophets,Old Testament,Hosea,LXX
WORD,,G1994,6,Hosea 6:1,Minor Prophets,Old Testament,Hosea,LXX
WORD,,G4314,6,Hosea 6:1,Minor Prophets,Old Testament,Hosea,LXX
WORD,,G2962,6,Hosea 6:1,Minor Prophets,Old Testament,Hosea,LXX
WORD,,G3588,6,Hosea 6:1,Minor Prophets,Old Testament,Hosea,LXX
WORD,,G2316,6,Hosea 6:1,Minor Prophets,Old Testament,Hosea,LXX
WORD,,G1473,6,Hosea 6:1,Minor Prophets,Old Testament,Hosea,LXX
WORD,,G3754,6,Hosea 6:1,Minor Prophets,Old Testament,Hosea,LXX
WORD,,G846,6,Hosea 6:1,Minor Prophets,Old Testament,Hosea,LXX
WORD,,G726,6,Hosea 6:1,Minor Prophets,Old Testament,Hosea,LXX
WORD,,G2532,6,Hosea 6:1,Minor Prophets,Old Testament,Hosea,LXX
WORD,,G2390,6,Hosea 6:1,Minor Prophets,Old Testament,Hosea,LXX
WORD,,G1473,6,Hosea 6:1,Minor Prophets,Old Testament,Hosea,LXX
WORD,,G3960,6,Hosea 6:1,Minor Prophets,Old Testament,Hosea,LXX
WORD,,G2532,6,Hosea 6:1,Minor Prophets,Old Testament,Hosea,LXX
WORD,,,6,Hosea 6:1,Minor Prophets,Old Testament,Hosea,LXX
WORD,,G1473,6,Hosea 6:1,Minor Prophets,Old Testament,Hosea,LXX
WORD,,,6,Hosea 6:2,Minor Prophets,Old Testament,Hosea,LXX
WORD,,G1473,6,Hosea 6:2,Minor Prophets,Old Testament,Hosea,LXX
WORD,,G3326,6,Hosea 6:2,Minor Prophets,Old Testament,Hosea,LXX
WORD,,G1417,6,Hosea 6:2,Minor Prophets,Old Testament,Hosea,LXX
WORD,,G2250,6,Hosea 6:2,Minor Prophets,Old Testament,Hosea,LXX
WORD,,G1722,6,Hosea 6:2,Minor Prophets,Old Testament,Hosea,LXX
WORD,,G3588,6,Hosea 6:2,Minor Prophets,Old Testament,Hosea,LXX
WORD,,G2250,6,Hosea 6:2,Minor Prophets,Old Testament,Hosea,LXX
WORD,,G3588,6,Hosea 6:2,Minor Prophets,Old Testament,Hosea,LXX
WORD,,G5154,6,Hosea 6:2,Minor Prophets,Old Testament,Hosea,LXX
WORD,,G450,6,Hosea 6:2,Minor Prophets,Old Testament,Hosea,LXX
WORD,,G2532,6,Hosea 6:2,Minor Prophets,Old Testament,Hosea,LXX
WORD,,G2198,6,Hosea 6:2,Minor Prophets,Old Testament,Hosea,LXX
WORD,,G1799,6,Hosea 6:2,Minor Prophets,Old Testament,Hosea,LXX
WORD,,G846,6,Hosea 6:2,Minor Prophets,Old Testament,Hosea,LXX
WORD,,G2532,6,Hosea 6:3,Minor Prophets,Old Testament,Hosea,LXX
WORD,,G1097,6,Hosea 6:3,Minor Prophets,Old Testament,Hosea,LXX
WORD,,G1377,6,Hosea 6:3,Minor Prophets,Old Testament,Hosea,LXX
WORD,,G3588,6,Hosea 6:3,Minor Prophets,Old Testament,Hosea,LXX
WORD,,G1097,6,Hosea 6:3,Minor Prophets,Old Testament,Hosea,LXX
WORD,,G3588,6,Hosea 6:3,Minor Prophets,Old Testament,Hosea,LXX
WORD,,G2962,6,Hosea 6:3,Minor Prophets,Old Testament,Hosea,LXX
WORD,,G5613,6,Hosea 6:3,Minor Prophets,Old Testament,Hosea,LXX
WORD,,G3722,6,Hosea 6:3,Minor Prophets,Old Testament,Hosea,LXX
WORD,,G2092,6,Hosea 6:3,Minor Prophets,Old Testament,Hosea,LXX
WORD,,G2147,6,Hosea 6:3,Minor Prophets,Old Testament,Hosea,LXX
WORD,,G846,6,Hosea 6:3,Minor Prophets,Old Testament,Hosea,LXX
WORD,,G2532,6,Hosea 6:3,Minor Prophets,Old Testament,Hosea,LXX
WORD,,G2240,6,Hosea 6:3,Minor Prophets,Old Testament,Hosea,LXX
WORD,,G5613,6,Hosea 6:3,Minor Prophets,Old Testament,Hosea,LXX
WORD,,G5205,6,Hosea 6:3,Minor Prophets,Old Testament,Hosea,LXX
WORD,,G1473,6,Hosea 6:3,Minor Prophets,Old Testament,Hosea,LXX
WORD,,G4406,6,Hosea 6:3,Minor Prophets,Old Testament,Hosea,LXX
WORD,,G2532,6,Hosea 6:3,Minor Prophets,Old Testament,Hosea,LXX
WORD,,G3797,6,Hosea 6:3,Minor Prophets,Old Testament,Hosea,LXX
WORD,,G3588,6,Hosea 6:3,Minor Prophets,Old Testament,Hosea,LXX
WORD,,G1093,6,Hosea 6:3,Minor Prophets,Old Testament,Hosea,LXX
WORD,,G5101,6,Hosea 6:4,Minor Prophets,Old Testament,Hosea,LXX
WORD,,G4771,6,Hosea 6:4,Minor Prophets,Old Testament,Hosea,LXX
WORD,,G4160,6,Hosea 6:4,Minor Prophets,Old Testament,Hosea,LXX
WORD,,G2187,6,Hosea 6:4,Minor Prophets,Old Testament,Hosea,LXX
WORD,,G5101,6,Hosea 6:4,Minor Prophets,Old Testament,Hosea,LXX
WORD,,G4771,6,Hosea 6:4,Minor Prophets,Old Testament,Hosea,LXX
WORD,,G4160,6,Hosea 6:4,Minor Prophets,Old Testament,Hosea,LXX
WORD,,G2448,6,Hosea 6:4,Minor Prophets,Old Testament,Hosea,LXX
WORD,,G3588,6,Hosea 6:4,Minor Prophets,Old Testament,Hosea,LXX
WORD,,G1161,6,Hosea 6:4,Minor Prophets,Old Testament,Hosea,LXX
WORD,,G1656,6,Hosea 6:4,Minor Prophets,Old Testament,Hosea,LXX
WORD,,G4771,6,Hosea 6:4,Minor Prophets,Old Testament,Hosea,LXX
WORD,,G5613,6,Hosea 6:4,Minor Prophets,Old Testament,Hosea,LXX
WORD,,G3507,6,Hosea 6:4,Minor Prophets,Old Testament,Hosea,LXX
WORD,,G4407,6,Hosea 6:4,Minor Prophets,Old Testament,Hosea,LXX
WORD,,G2532,6,Hosea 6:4,Minor Prophets,Old Testament,Hosea,LXX
WORD,,G5613,6,Hosea 6:4,Minor Prophets,Old Testament,Hosea,LXX
WORD,,,6,Hosea 6:4,Minor Prophets,Old Testament,Hosea,LXX
WORD,,G3720,6,Hosea 6:4,Minor Prophets,Old Testament,Hosea,LXX
WORD,,G4198,6,Hosea 6:4,Minor Prophets,Old Testament,Hosea,LXX
WORD,,G1223,6,Hosea 6:5,Minor Prophets,Old Testament,Hosea,LXX
WORD,,G3778,6,Hosea 6:5,Minor Prophets,Old Testament,Hosea,LXX
WORD,,,6,Hosea 6:5,Minor Prophets,Old Testament,Hosea,LXX
WORD,,G3588,6,Hosea 6:5,Minor Prophets,Old Testament,Hosea,LXX
WORD,,G4396,6,Hosea 6:5,Minor Prophets,Old Testament,Hosea,LXX
WORD,,G4771,6,Hosea 6:5,Minor Prophets,Old Testament,Hosea,LXX
WORD,,G615,6,Hosea 6:5,Minor Prophets,Old Testament,Hosea,LXX
WORD,,G846,6,Hosea 6:5,Minor Prophets,Old Testament,Hosea,LXX
WORD,,G1722,6,Hosea 6:5,Minor Prophets,Old Testament,Hosea,LXX
WORD,,G4487,6,Hosea 6:5,Minor Prophets,Old Testament,Hosea,LXX
WORD,,G4750,6,Hosea 6:5,Minor Prophets,Old Testament,Hosea,LXX
WORD,,G1473,6,Hosea 6:5,Minor Prophets,Old Testament,Hosea,LXX
WORD,,G2532,6,Hosea 6:5,Minor Prophets,Old Testament,Hosea,LXX
WORD,,G3588,6,Hosea 6:5,Minor Prophets,Old Testament,Hosea,LXX
WORD,,G2917,6,Hosea 6:5,Minor Prophets,Old Testament,Hosea,LXX
WORD,,G1473,6,Hosea 6:5,Minor Prophets,Old Testament,Hosea,LXX
WORD,,G5613,6,Hosea 6:5,Minor Prophets,Old Testament,Hosea,LXX
WORD,,G5457,6,Hosea 6:5,Minor Prophets,Old Testament,Hosea,LXX
WORD,,G1831,6,Hosea 6:5,Minor Prophets,Old Testament,Hosea,LXX
WORD,,G1360,6,Hosea 6:6,Minor Prophets,Old Testament,Hosea,LXX
WORD,,G1656,6,Hosea 6:6,Minor Prophets,Old Testament,Hosea,LXX
WORD,,G2309,6,Hosea 6:6,Minor Prophets,Old Testament,Hosea,LXX
WORD,,G2532,6,Hosea 6:6,Minor Prophets,Old Testament,Hosea,LXX
WORD,,G3756,6,Hosea 6:6,Minor Prophets,Old Testament,Hosea,LXX
WORD,,G2378,6,Hosea 6:6,Minor Prophets,Old Testament,Hosea,LXX
WORD,,G2532,6,Hosea 6:6,Minor Prophets,Old Testament,Hosea,LXX
WORD,,G1922,6,Hosea 6:6,Minor Prophets,Old Testament,Hosea,LXX
WORD,,G2316,6,Hosea 6:6,Minor Prophets,Old Testament,Hosea,LXX
WORD,,G2228,6,Hosea 6:6,Minor Prophets,Old Testament,Hosea,LXX
WORD,,G3646,6,Hosea 6:6,Minor Prophets,Old Testament,Hosea,LXX
WORD,,G846,6,Hosea 6:7,Minor Prophets,Old Testament,Hosea,LXX
WORD,,G1161,6,Hosea 6:7,Minor Prophets,Old Testament,Hosea,LXX
WORD,,G1510,6,Hosea 6:7,Minor Prophets,Old Testament,Hosea,LXX
WORD,,G5613,6,Hosea 6:7,Minor Prophets,Old Testament,Hosea,LXX
WORD,,G444,6,Hosea 6:7,Minor Prophets,Old Testament,Hosea,LXX
WORD,,G3845,6,Hosea 6:7,Minor Prophets,Old Testament,Hosea,LXX
WORD,,G1242,6,Hosea 6:7,Minor Prophets,Old Testament,Hosea,LXX
WORD,,G1563,6,Hosea 6:7,Minor Prophets,Old Testament,Hosea,LXX
WORD,,G2706,6,Hosea 6:7,Minor Prophets,Old Testament,Hosea,LXX
WORD,,G1473,6,Hosea 6:7,Minor Prophets,Old Testament,Hosea,LXX
WORD,,,6,Hosea 6:8,Minor Prophets,Old Testament,Hosea,LXX
WORD,,G4172,6,Hosea 6:8,Minor Prophets,Old Testament,Hosea,LXX
WORD,,G2038,6,Hosea 6:8,Minor Prophets,Old Testament,Hosea,LXX
WORD,,G3152,6,Hosea 6:8,Minor Prophets,Old Testament,Hosea,LXX
WORD,,G5015,6,Hosea 6:8,Minor Prophets,Old Testament,Hosea,LXX
WORD,,G5204,6,Hosea 6:8,Minor Prophets,Old Testament,Hosea,LXX
WORD,,G2532,6,Hosea 6:9,Minor Prophets,Old Testament,Hosea,LXX
WORD,,G3588,6,Hosea 6:9,Minor Prophets,Old Testament,Hosea,LXX
WORD,,G2479,6,Hosea 6:9,Minor Prophets,Old Testament,Hosea,LXX
WORD,,G4771,6,Hosea 6:9,Minor Prophets,Old Testament,Hosea,LXX
WORD,,G435,6,Hosea 6:9,Minor Prophets,Old Testament,Hosea,LXX
WORD,,,6,Hosea 6:9,Minor Prophets,Old Testament,Hosea,LXX
WORD,,G2928,6,Hosea 6:9,Minor Prophets,Old Testament,Hosea,LXX
WORD,,G2409,6,Hosea 6:9,Minor Prophets,Old Testament,Hosea,LXX
WORD,,G3598,6,Hosea 6:9,Minor Prophets,Old Testament,Hosea,LXX
WORD,,G2962,6,Hosea 6:9,Minor Prophets,Old Testament,Hosea,LXX
WORD,,G5407,6,Hosea 6:9,Minor Prophets,Old Testament,Hosea,LXX
WORD,,,6,Hosea 6:9,Minor Prophets,Old Testament,Hosea,LXX
WORD,,G3754,6,Hosea 6:9,Minor Prophets,Old Testament,Hosea,LXX
WORD,,G458,6,Hosea 6:9,Minor Prophets,Old Testament,Hosea,LXX
WORD,,G4160,6,Hosea 6:9,Minor Prophets,Old Testament,Hosea,LXX
WORD,,G1722,6,Hosea 6:10,Minor Prophets,Old Testament,Hosea,LXX
WORD,,G3588,6,Hosea 6:10,Minor Prophets,Old Testament,Hosea,LXX
WORD,,G3624,6,Hosea 6:10,Minor Prophets,Old Testament,Hosea,LXX
WORD,,G2474,6,Hosea 6:10,Minor Prophets,Old Testament,Hosea,LXX
WORD,,G3708,6,Hosea 6:10,Minor Prophets,Old Testament,Hosea,LXX
WORD,,,6,Hosea 6:10,Minor Prophets,Old Testament,Hosea,LXX
WORD,,G1563,6,Hosea 6:10,Minor Prophets,Old Testament,Hosea,LXX
WORD,,G4202,6,Hosea 6:10,Minor Prophets,Old Testament,Hosea,LXX
WORD,,G3588,6,Hosea 6:10,Minor Prophets,Old Testament,Hosea,LXX
WORD,,G2187,6,Hosea 6:10,Minor Prophets,Old Testament,Hosea,LXX
WORD,,G3392,6,Hosea 6:10,Minor Prophets,Old Testament,Hosea,LXX
WORD,,G2474,6,Hosea 6:10,Minor Prophets,Old Testament,Hosea,LXX
WORD,,G2532,6,Hosea 6:10,Minor Prophets,Old Testament,Hosea,LXX
WORD,,G2448,6,Hosea 6:10,Minor Prophets,Old Testament,Hosea,LXX
WORD,,G757,6,Hosea 6:11,Minor Prophets,Old Testament,Hosea,LXX
WORD,,G5166,6,Hosea 6:11,Minor Prophets,Old Testament,Hosea,LXX
WORD,,G4572,6,Hosea 6:11,Minor Prophets,Old Testament,Hosea,LXX
WORD,,G1722,6,Hosea 6:11,Minor Prophets,Old Testament,Hosea,LXX
WORD,,G3588,6,Hosea 6:11,Minor Prophets,Old Testament,Hosea,LXX
WORD,,G1994,6,Hosea 6:11,Minor Prophets,Old Testament,Hosea,LXX
WORD,,G1473,6,Hosea 6:11,Minor Prophets,Old Testament,Hosea,LXX
WORD,,G3588,6,Hosea 6:11,Minor Prophets,Old Testament,Hosea,LXX
WORD,,G161,6,Hosea 6:11,Minor Prophets,Old Testament,Hosea,LXX
WORD,,G3588,6,Hosea 6:11,Minor Prophets,Old Testament,Hosea,LXX
WORD,,G2992,6,Hosea 6:11,Minor Prophets,Old Testament,Hosea,LXX
WORD,,G1473,6,Hosea 6:11,Minor Prophets,Old Testament,Hosea,LXX
WORD,,G1722,7,Hosea 7:1,Minor Prophets,Old Testament,Hosea,LXX
WORD,,G3588,7,Hosea 7:1,Minor Prophets,Old Testament,Hosea,LXX
WORD,,G2390,7,Hosea 7:1,Minor Prophets,Old Testament,Hosea,LXX
WORD,,G1473,7,Hosea 7:1,Minor Prophets,Old Testament,Hosea,LXX
WORD,,G3588,7,Hosea 7:1,Minor Prophets,Old Testament,Hosea,LXX
WORD,,G2474,7,Hosea 7:1,Minor Prophets,Old Testament,Hosea,LXX
WORD,,G2532,7,Hosea 7:1,Minor Prophets,Old Testament,Hosea,LXX
WORD,,G601,7,Hosea 7:1,Minor Prophets,Old Testament,Hosea,LXX
WORD,,G3588,7,Hosea 7:1,Minor Prophets,Old Testament,Hosea,LXX
WORD,,G93,7,Hosea 7:1,Minor Prophets,Old Testament,Hosea,LXX
WORD,,G2187,7,Hosea 7:1,Minor Prophets,Old Testament,Hosea,LXX
WORD,,G2532,7,Hosea 7:1,Minor Prophets,Old Testament,Hosea,LXX
WORD,,G3588,7,Hosea 7:1,Minor Prophets,Old Testament,Hosea,LXX
WORD,,G2549,7,Hosea 7:1,Minor Prophets,Old Testament,Hosea,LXX
WORD,,G4540,7,Hosea 7:1,Minor Prophets,Old Testament,Hosea,LXX
WORD,,G3754,7,Hosea 7:1,Minor Prophets,Old Testament,Hosea,LXX
WORD,,G2038,7,Hosea 7:1,Minor Prophets,Old Testament,Hosea,LXX
WORD,,G5571,7,Hosea 7:1,Minor Prophets,Old Testament,Hosea,LXX
WORD,,G2532,7,Hosea 7:1,Minor Prophets,Old Testament,Hosea,LXX
WORD,,G2812,7,Hosea 7:1,Minor Prophets,Old Testament,Hosea,LXX
WORD,,G4314,7,Hosea 7:1,Minor Prophets,Old Testament,Hosea,LXX
WORD,,G846,7,Hosea 7:1,Minor Prophets,Old Testament,Hosea,LXX
WORD,,G1525,7,Hosea 7:1,Minor Prophets,Old Testament,Hosea,LXX
WORD,,,7,Hosea 7:1,Minor Prophets,Old Testament,Hosea,LXX
WORD,,G3027,7,Hosea 7:1,Minor Prophets,Old Testament,Hosea,LXX
WORD,,G1722,7,Hosea 7:1,Minor Prophets,Old Testament,Hosea,LXX
WORD,,G3588,7,Hosea 7:1,Minor Prophets,Old Testament,Hosea,LXX
WORD,,G3598,7,Hosea 7:1,Minor Prophets,Old Testament,Hosea,LXX
WORD,,G846,7,Hosea 7:1,Minor Prophets,Old Testament,Hosea,LXX
WORD,,G3704,7,Hosea 7:2,Minor Prophets,Old Testament,Hosea,LXX
WORD,,,7,Hosea 7:2,Minor Prophets,Old Testament,Hosea,LXX
WORD,,G5613,7,Hosea 7:2,Minor Prophets,Old Testament,Hosea,LXX
WORD,,,7,Hosea 7:2,Minor Prophets,Old Testament,Hosea,LXX
WORD,,G3588,7,Hosea 7:2,Minor Prophets,Old Testament,Hosea,LXX
WORD,,G2588,7,Hosea 7:2,Minor Prophets,Old Testament,Hosea,LXX
WORD,,G846,7,Hosea 7:2,Minor Prophets,Old Testament,Hosea,LXX
WORD,,G3956,7,Hosea 7:2,Minor Prophets,Old Testament,Hosea,LXX
WORD,,G3588,7,Hosea 7:2,Minor Prophets,Old Testament,Hosea,LXX
WORD,,G2549,7,Hosea 7:2,Minor Prophets,Old Testament,Hosea,LXX
WORD,,G846,7,Hosea 7:2,Minor Prophets,Old Testament,Hosea,LXX
WORD,,G3415,7,Hosea 7:2,Minor Prophets,Old Testament,Hosea,LXX
WORD,,G3568,7,Hosea 7:2,Minor Prophets,Old Testament,Hosea,LXX
WORD,,G2944,7,Hosea 7:2,Minor Prophets,Old Testament,Hosea,LXX
WORD,,G846,7,Hosea 7:2,Minor Prophets,Old Testament,Hosea,LXX
WORD,,G3588,7,Hosea 7:2,Minor Prophets,Old Testament,Hosea,LXX
WORD,,,7,Hosea 7:2,Minor Prophets,Old Testament,Hosea,LXX
WORD,,G846,7,Hosea 7:2,Minor Prophets,Old Testament,Hosea,LXX
WORD,,G561,7,Hosea 7:2,Minor Prophets,Old Testament,Hosea,LXX
WORD,,G3588,7,Hosea 7:2,Minor Prophets,Old Testament,Hosea,LXX
WORD,,G4383,7,Hosea 7:2,Minor Prophets,Old Testament,Hosea,LXX
WORD,,G1473,7,Hosea 7:2,Minor Prophets,Old Testament,Hosea,LXX
WORD,,G1096,7,Hosea 7:2,Minor Prophets,Old Testament,Hosea,LXX
WORD,,G1722,7,Hosea 7:3,Minor Prophets,Old Testament,Hosea,LXX
WORD,,G3588,7,Hosea 7:3,Minor Prophets,Old Testament,Hosea,LXX
WORD,,G2549,7,Hosea 7:3,Minor Prophets,Old Testament,Hosea,LXX
WORD,,G846,7,Hosea 7:3,Minor Prophets,Old Testament,Hosea,LXX
WORD,,G2165,7,Hosea 7:3,Minor Prophets,Old Testament,Hosea,LXX
WORD,,G935,7,Hosea 7:3,Minor Prophets,Old Testament,Hosea,LXX
WORD,,G2532,7,Hosea 7:3,Minor Prophets,Old Testament,Hosea,LXX
WORD,,G1722,7,Hosea 7:3,Minor Prophets,Old Testament,Hosea,LXX
WORD,,G3588,7,Hosea 7:3,Minor Prophets,Old Testament,Hosea,LXX
WORD,,G5579,7,Hosea 7:3,Minor Prophets,Old Testament,Hosea,LXX
WORD,,G846,7,Hosea 7:3,Minor Prophets,Old Testament,Hosea,LXX
WORD,,G758,7,Hosea 7:3,Minor Prophets,Old Testament,Hosea,LXX
WORD,,G3956,7,Hosea 7:4,Minor Prophets,Old Testament,Hosea,LXX
WORD,,G3431,7,Hosea 7:4,Minor Prophets,Old Testament,Hosea,LXX
WORD,,G5613,7,Hosea 7:4,Minor Prophets,Old Testament,Hosea,LXX
WORD,,G2823,7,Hosea 7:4,Minor Prophets,Old Testament,Hosea,LXX
WORD,,G2545,7,Hosea 7:4,Minor Prophets,Old Testament,Hosea,LXX
WORD,,G1519,7,Hosea 7:4,Minor Prophets,Old Testament,Hosea,LXX
WORD,,,7,Hosea 7:4,Minor Prophets,Old Testament,Hosea,LXX
WORD,,,7,Hosea 7:4,Minor Prophets,Old Testament,Hosea,LXX
WORD,,G575,7,Hosea 7:4,Minor Prophets,Old Testament,Hosea,LXX
WORD,,G3588,7,Hosea 7:4,Minor Prophets,Old Testament,Hosea,LXX
WORD,,G5395,7,Hosea 7:4,Minor Prophets,Old Testament,Hosea,LXX
WORD,,G575,7,Hosea 7:4,Minor Prophets,Old Testament,Hosea,LXX
WORD,,,7,Hosea 7:4,Minor Prophets,Old Testament,Hosea,LXX
WORD,,,7,Hosea 7:4,Minor Prophets,Old Testament,Hosea,LXX
WORD,,G2193,7,Hosea 7:4,Minor Prophets,Old Testament,Hosea,LXX
WORD,,G3588,7,Hosea 7:4,Minor Prophets,Old Testament,Hosea,LXX
WORD,,,7,Hosea 7:4,Minor Prophets,Old Testament,Hosea,LXX
WORD,,G846,7,Hosea 7:4,Minor Prophets,Old Testament,Hosea,LXX
WORD,,G3588,7,Hosea 7:5,Minor Prophets,Old Testament,Hosea,LXX
WORD,,G2250,7,Hosea 7:5,Minor Prophets,Old Testament,Hosea,LXX
WORD,,G3588,7,Hosea 7:5,Minor Prophets,Old Testament,Hosea,LXX
WORD,,G935,7,Hosea 7:5,Minor Prophets,Old Testament,Hosea,LXX
WORD,,G4771,7,Hosea 7:5,Minor Prophets,Old Testament,Hosea,LXX
WORD,,G757,7,Hosea 7:5,Minor Prophets,Old Testament,Hosea,LXX
WORD,,G3588,7,Hosea 7:5,Minor Prophets,Old Testament,Hosea,LXX
WORD,,G758,7,Hosea 7:5,Minor Prophets,Old Testament,Hosea,LXX
WORD,,G2373,7,Hosea 7:5,Minor Prophets,Old Testament,Hosea,LXX
WORD,,G1537,7,Hosea 7:5,Minor Prophets,Old Testament,Hosea,LXX
WORD,,G3631,7,Hosea 7:5,Minor Prophets,Old Testament,Hosea,LXX
WORD,,G1614,7,Hosea 7:5,Minor Prophets,Old Testament,Hosea,LXX
WORD,,G3588,7,Hosea 7:5,Minor Prophets,Old Testament,Hosea,LXX
WORD,,G5495,7,Hosea 7:5,Minor Prophets,Old Testament,Hosea,LXX
WORD,,G846,7,Hosea 7:5,Minor Prophets,Old Testament,Hosea,LXX
WORD,,G3326,7,Hosea 7:5,Minor Prophets,Old Testament,Hosea,LXX
WORD,,G3061,7,Hosea 7:5,Minor Prophets,Old Testament,Hosea,LXX
WORD,,G1360,7,Hosea 7:6,Minor Prophets,Old Testament,Hosea,LXX
WORD,,,7,Hosea 7:6,Minor Prophets,Old Testament,Hosea,LXX
WORD,,G5613,7,Hosea 7:6,Minor Prophets,Old Testament,Hosea,LXX
WORD,,G2823,7,Hosea 7:6,Minor Prophets,Old Testament,Hosea,LXX
WORD,,G3588,7,Hosea 7:6,Minor Prophets,Old Testament,Hosea,LXX
WORD,,G2588,7,Hosea 7:6,Minor Prophets,Old Testament,Hosea,LXX
WORD,,G846,7,Hosea 7:6,Minor Prophets,Old Testament,Hosea,LXX
WORD,,G1722,7,Hosea 7:6,Minor Prophets,Old Testament,Hosea,LXX
WORD,,G3588,7,Hosea 7:6,Minor Prophets,Old Testament,Hosea,LXX
WORD,,,7,Hosea 7:6,Minor Prophets,Old Testament,Hosea,LXX
WORD,,G846,7,Hosea 7:6,Minor Prophets,Old Testament,Hosea,LXX
WORD,,G3650,7,Hosea 7:6,Minor Prophets,Old Testament,Hosea,LXX
WORD,,G3588,7,Hosea 7:6,Minor Prophets,Old Testament,Hosea,LXX
WORD,,G3571,7,Hosea 7:6,Minor Prophets,Old Testament,Hosea,LXX
WORD,,G5258,7,Hosea 7:6,Minor Prophets,Old Testament,Hosea,LXX
WORD,,G2187,7,Hosea 7:6,Minor Prophets,Old Testament,Hosea,LXX
WORD,,G1705,7,Hosea 7:6,Minor Prophets,Old Testament,Hosea,LXX
WORD,,G4404,7,Hosea 7:6,Minor Prophets,Old Testament,Hosea,LXX
WORD,,G1096,7,Hosea 7:6,Minor Prophets,Old Testament,Hosea,LXX
WORD,,,7,Hosea 7:6,Minor Prophets,Old Testament,Hosea,LXX
WORD,,G5613,7,Hosea 7:6,Minor Prophets,Old Testament,Hosea,LXX
WORD,,G4442,7,Hosea 7:6,Minor Prophets,Old Testament,Hosea,LXX
WORD,,G5338,7,Hosea 7:6,Minor Prophets,Old Testament,Hosea,LXX
WORD,,G3956,7,Hosea 7:7,Minor Prophets,Old Testament,Hosea,LXX
WORD,,G2328,7,Hosea 7:7,Minor Prophets,Old Testament,Hosea,LXX
WORD,,G5613,7,Hosea 7:7,Minor Prophets,Old Testament,Hosea,LXX
WORD,,G2823,7,Hosea 7:7,Minor Prophets,Old Testament,Hosea,LXX
WORD,,G2532,7,Hosea 7:7,Minor Prophets,Old Testament,Hosea,LXX
WORD,,G2719,7,Hosea 7:7,Minor Prophets,Old Testament,Hosea,LXX
WORD,,G3588,7,Hosea 7:7,Minor Prophets,Old Testament,Hosea,LXX
WORD,,G2923,7,Hosea 7:7,Minor Prophets,Old Testament,Hosea,LXX
WORD,,G846,7,Hosea 7:7,Minor Prophets,Old Testament,Hosea,LXX
WORD,,G3956,7,Hosea 7:7,Minor Prophets,Old Testament,Hosea,LXX
WORD,,G3588,7,Hosea 7:7,Minor Prophets,Old Testament,Hosea,LXX
WORD,,G935,7,Hosea 7:7,Minor Prophets,Old Testament,Hosea,LXX
WORD,,G846,7,Hosea 7:7,Minor Prophets,Old Testament,Hosea,LXX
WORD,,G4098,7,Hosea 7:7,Minor Prophets,Old Testament,Hosea,LXX
WORD,,G3756,7,Hosea 7:7,Minor Prophets,Old Testament,Hosea,LXX
WORD,,G1510,7,Hosea 7:7,Minor Prophets,Old Testament,Hosea,LXX
WORD,,G3588,7,Hosea 7:7,Minor Prophets,Old Testament,Hosea,LXX
WORD,,G1941,7,Hosea 7:7,Minor Prophets,Old Testament,Hosea,LXX
WORD,,G1722,7,Hosea 7:7,Minor Prophets,Old Testament,Hosea,LXX
WORD,,G846,7,Hosea 7:7,Minor Prophets,Old Testament,Hosea,LXX
WORD,,G4314,7,Hosea 7:7,Minor Prophets,Old Testament,Hosea,LXX
WORD,,G1473,7,Hosea 7:7,Minor Prophets,Old Testament,Hosea,LXX
WORD,,G2187,7,Hosea 7:8,Minor Prophets,Old Testament,Hosea,LXX
WORD,,G1722,7,Hosea 7:8,Minor Prophets,Old Testament,Hosea,LXX
WORD,,G3588,7,Hosea 7:8,Minor Prophets,Old Testament,Hosea,LXX
WORD,,G2992,7,Hosea 7:8,Minor Prophets,Old Testament,Hosea,LXX
WORD,,G846,7,Hosea 7:8,Minor Prophets,Old Testament,Hosea,LXX
WORD,,G4874,7,Hosea 7:8,Minor Prophets,Old Testament,Hosea,LXX
WORD,,G2187,7,Hosea 7:8,Minor Prophets,Old Testament,Hosea,LXX
WORD,,G1096,7,Hosea 7:8,Minor Prophets,Old Testament,Hosea,LXX
WORD,,,7,Hosea 7:8,Minor Prophets,Old Testament,Hosea,LXX
WORD,,G3756,7,Hosea 7:8,Minor Prophets,Old Testament,Hosea,LXX
WORD,,G3344,7,Hosea 7:8,Minor Prophets,Old Testament,Hosea,LXX
WORD,,G2719,7,Hosea 7:9,Minor Prophets,Old Testament,Hosea,LXX
WORD,,G245,7,Hosea 7:9,Minor Prophets,Old Testament,Hosea,LXX
WORD,,G3588,7,Hosea 7:9,Minor Prophets,Old Testament,Hosea,LXX
WORD,,G2479,7,Hosea 7:9,Minor Prophets,Old Testament,Hosea,LXX
WORD,,G846,7,Hosea 7:9,Minor Prophets,Old Testament,Hosea,LXX
WORD,,G846,7,Hosea 7:9,Minor Prophets,Old Testament,Hosea,LXX
WORD,,G1161,7,Hosea 7:9,Minor Prophets,Old Testament,Hosea,LXX
WORD,,G3756,7,Hosea 7:9,Minor Prophets,Old Testament,Hosea,LXX
WORD,,G1921,7,Hosea 7:9,Minor Prophets,Old Testament,Hosea,LXX
WORD,,G2532,7,Hosea 7:9,Minor Prophets,Old Testament,Hosea,LXX
WORD,,,7,Hosea 7:9,Minor Prophets,Old Testament,Hosea,LXX
WORD,,,7,Hosea 7:9,Minor Prophets,Old Testament,Hosea,LXX
WORD,,G846,7,Hosea 7:9,Minor Prophets,Old Testament,Hosea,LXX
WORD,,G2532,7,Hosea 7:9,Minor Prophets,Old Testament,Hosea,LXX
WORD,,G846,7,Hosea 7:9,Minor Prophets,Old Testament,Hosea,LXX
WORD,,G3756,7,Hosea 7:9,Minor Prophets,Old Testament,Hosea,LXX
WORD,,G1097,7,Hosea 7:9,Minor Prophets,Old Testament,Hosea,LXX
WORD,,G2532,7,Hosea 7:10,Minor Prophets,Old Testament,Hosea,LXX
WORD,,G5013,7,Hosea 7:10,Minor Prophets,Old Testament,Hosea,LXX
WORD,,G3588,7,Hosea 7:10,Minor Prophets,Old Testament,Hosea,LXX
WORD,,G5196,7,Hosea 7:10,Minor Prophets,Old Testament,Hosea,LXX
WORD,,G2474,7,Hosea 7:10,Minor Prophets,Old Testament,Hosea,LXX
WORD,,G1519,7,Hosea 7:10,Minor Prophets,Old Testament,Hosea,LXX
WORD,,G4383,7,Hosea 7:10,Minor Prophets,Old Testament,Hosea,LXX
WORD,,G846,7,Hosea 7:10,Minor Prophets,Old Testament,Hosea,LXX
WORD,,G2532,7,Hosea 7:10,Minor Prophets,Old Testament,Hosea,LXX
WORD,,G3756,7,Hosea 7:10,Minor Prophets,Old Testament,Hosea,LXX
WORD,,G1994,7,Hosea 7:10,Minor Prophets,Old Testament,Hosea,LXX
WORD,,G4314,7,Hosea 7:10,Minor Prophets,Old Testament,Hosea,LXX
WORD,,G2962,7,Hosea 7:10,Minor Prophets,Old Testament,Hosea,LXX
WORD,,G3588,7,Hosea 7:10,Minor Prophets,Old Testament,Hosea,LXX
WORD,,G2316,7,Hosea 7:10,Minor Prophets,Old Testament,Hosea,LXX
WORD,,G846,7,Hosea 7:10,Minor Prophets,Old Testament,Hosea,LXX
WORD,,G2532,7,Hosea 7:10,Minor Prophets,Old Testament,Hosea,LXX
WORD,,G3756,7,Hosea 7:10,Minor Prophets,Old Testament,Hosea,LXX
WORD,,G1567,7,Hosea 7:10,Minor Prophets,Old Testament,Hosea,LXX
WORD,,G846,7,Hosea 7:10,Minor Prophets,Old Testament,Hosea,LXX
WORD,,G1722,7,Hosea 7:10,Minor Prophets,Old Testament,Hosea,LXX
WORD,,G3956,7,Hosea 7:10,Minor Prophets,Old Testament,Hosea,LXX
WORD,,G3778,7,Hosea 7:10,Minor Prophets,Old Testament,Hosea,LXX
WORD,,G2532,7,Hosea 7:11,Minor Prophets,Old Testament,Hosea,LXX
WORD,,G1510,7,Hosea 7:11,Minor Prophets,Old Testament,Hosea,LXX
WORD,,G2187,7,Hosea 7:11,Minor Prophets,Old Testament,Hosea,LXX
WORD,,G5613,7,Hosea 7:11,Minor Prophets,Old Testament,Hosea,LXX
WORD,,G4058,7,Hosea 7:11,Minor Prophets,Old Testament,Hosea,LXX
WORD,,,7,Hosea 7:11,Minor Prophets,Old Testament,Hosea,LXX
WORD,,G3756,7,Hosea 7:11,Minor Prophets,Old Testament,Hosea,LXX
WORD,,G2192,7,Hosea 7:11,Minor Prophets,Old Testament,Hosea,LXX
WORD,,G2588,7,Hosea 7:11,Minor Prophets,Old Testament,Hosea,LXX
WORD,,G125,7,Hosea 7:11,Minor Prophets,Old Testament,Hosea,LXX
WORD,,G1941,7,Hosea 7:11,Minor Prophets,Old Testament,Hosea,LXX
WORD,,G2532,7,Hosea 7:11,Minor Prophets,Old Testament,Hosea,LXX
WORD,,G1519,7,Hosea 7:11,Minor Prophets,Old Testament,Hosea,LXX
WORD,,,7,Hosea 7:11,Minor Prophets,Old Testament,Hosea,LXX
WORD,,G4198,7,Hosea 7:11,Minor Prophets,Old Testament,Hosea,LXX
WORD,,G2531,7,Hosea 7:12,Minor Prophets,Old Testament,Hosea,LXX
WORD,,G302,7,Hosea 7:12,Minor Prophets,Old Testament,Hosea,LXX
WORD,,G4198,7,Hosea 7:12,Minor Prophets,Old Testament,Hosea,LXX
WORD,,G1911,7,Hosea 7:12,Minor Prophets,Old Testament,Hosea,LXX
WORD,,G1909,7,Hosea 7:12,Minor Prophets,Old Testament,Hosea,LXX
WORD,,G846,7,Hosea 7:12,Minor Prophets,Old Testament,Hosea,LXX
WORD,,G3588,7,Hosea 7:12,Minor Prophets,Old Testament,Hosea,LXX
WORD,,G1350,7,Hosea 7:12,Minor Prophets,Old Testament,Hosea,LXX
WORD,,G1473,7,Hosea 7:12,Minor Prophets,Old Testament,Hosea,LXX
WORD,,G2531,7,Hosea 7:12,Minor Prophets,Old Testament,Hosea,LXX
WORD,,G3588,7,Hosea 7:12,Minor Prophets,Old Testament,Hosea,LXX
WORD,,G4071,7,Hosea 7:12,Minor Prophets,Old Testament,Hosea,LXX
WORD,,G3588,7,Hosea 7:12,Minor Prophets,Old Testament,Hosea,LXX
WORD,,G3772,7,Hosea 7:12,Minor Prophets,Old Testament,Hosea,LXX
WORD,,G2609,7,Hosea 7:12,Minor Prophets,Old Testament,Hosea,LXX
WORD,,G846,7,Hosea 7:12,Minor Prophets,Old Testament,Hosea,LXX
WORD,,G3811,7,Hosea 7:12,Minor Prophets,Old Testament,Hosea,LXX
WORD,,G846,7,Hosea 7:12,Minor Prophets,Old Testament,Hosea,LXX
WORD,,G1722,7,Hosea 7:12,Minor Prophets,Old Testament,Hosea,LXX
WORD,,G3588,7,Hosea 7:12,Minor Prophets,Old Testament,Hosea,LXX
WORD,,G189,7,Hosea 7:12,Minor Prophets,Old Testament,Hosea,LXX
WORD,,G3588,7,Hosea 7:12,Minor Prophets,Old Testament,Hosea,LXX
WORD,,G2347,7,Hosea 7:12,Minor Prophets,Old Testament,Hosea,LXX
WORD,,G846,7,Hosea 7:12,Minor Prophets,Old Testament,Hosea,LXX
WORD,,G3759,7,Hosea 7:13,Minor Prophets,Old Testament,Hosea,LXX
WORD,,G846,7,Hosea 7:13,Minor Prophets,Old Testament,Hosea,LXX
WORD,,G3754,7,Hosea 7:13,Minor Prophets,Old Testament,Hosea,LXX
WORD,,,7,Hosea 7:13,Minor Prophets,Old Testament,Hosea,LXX
WORD,,G575,7,Hosea 7:13,Minor Prophets,Old Testament,Hosea,LXX
WORD,,G1473,7,Hosea 7:13,Minor Prophets,Old Testament,Hosea,LXX
WORD,,,7,Hosea 7:13,Minor Prophets,Old Testament,Hosea,LXX
WORD,,G1510,7,Hosea 7:13,Minor Prophets,Old Testament,Hosea,LXX
WORD,,G3754,7,Hosea 7:13,Minor Prophets,Old Testament,Hosea,LXX
WORD,,G764,7,Hosea 7:13,Minor Prophets,Old Testament,Hosea,LXX
WORD,,G1519,7,Hosea 7:13,Minor Prophets,Old Testament,Hosea,LXX
WORD,,G1473,7,Hosea 7:13,Minor Prophets,Old Testament,Hosea,LXX
WORD,,G1473,7,Hosea 7:13,Minor Prophets,Old Testament,Hosea,LXX
WORD,,G1161,7,Hosea 7:13,Minor Prophets,Old Testament,Hosea,LXX
WORD,,G3084,7,Hosea 7:13,Minor Prophets,Old Testament,Hosea,LXX
WORD,,G846,7,Hosea 7:13,Minor Prophets,Old Testament,Hosea,LXX
WORD,,G846,7,Hosea 7:13,Minor Prophets,Old Testament,Hosea,LXX
WORD,,G1161,7,Hosea 7:13,Minor Prophets,Old Testament,Hosea,LXX
WORD,,G2635,7,Hosea 7:13,Minor Prophets,Old Testament,Hosea,LXX
WORD,,G2596,7,Hosea 7:13,Minor Prophets,Old Testament,Hosea,LXX
WORD,,G1473,7,Hosea 7:13,Minor Prophets,Old Testament,Hosea,LXX
WORD,,G5571,7,Hosea 7:13,Minor Prophets,Old Testament,Hosea,LXX
WORD,,G2532,7,Hosea 7:14,Minor Prophets,Old Testament,Hosea,LXX
WORD,,G3756,7,Hosea 7:14,Minor Prophets,Old Testament,Hosea,LXX
WORD,,G994,7,Hosea 7:14,Minor Prophets,Old Testament,Hosea,LXX
WORD,,G4314,7,Hosea 7:14,Minor Prophets,Old Testament,Hosea,LXX
WORD,,G1473,7,Hosea 7:14,Minor Prophets,Old Testament,Hosea,LXX
WORD,,G3588,7,Hosea 7:14,Minor Prophets,Old Testament,Hosea,LXX
WORD,,G2588,7,Hosea 7:14,Minor Prophets,Old Testament,Hosea,LXX
WORD,,G846,7,Hosea 7:14,Minor Prophets,Old Testament,Hosea,LXX
WORD,,G235,7,Hosea 7:14,Minor Prophets,Old Testament,Hosea,LXX
WORD,,G2228,7,Hosea 7:14,Minor Prophets,Old Testament,Hosea,LXX
WORD,,G3649,7,Hosea 7:14,Minor Prophets,Old Testament,Hosea,LXX
WORD,,G1722,7,Hosea 7:14,Minor Prophets,Old Testament,Hosea,LXX
WORD,,G3588,7,Hosea 7:14,Minor Prophets,Old Testament,Hosea,LXX
WORD,,G2845,7,Hosea 7:14,Minor Prophets,Old Testament,Hosea,LXX
WORD,,G846,7,Hosea 7:14,Minor Prophets,Old Testament,Hosea,LXX
WORD,,G1909,7,Hosea 7:14,Minor Prophets,Old Testament,Hosea,LXX
WORD,,G4621,7,Hosea 7:14,Minor Prophets,Old Testament,Hosea,LXX
WORD,,G2532,7,Hosea 7:14,Minor Prophets,Old Testament,Hosea,LXX
WORD,,G3631,7,Hosea 7:14,Minor Prophets,Old Testament,Hosea,LXX
WORD,,,7,Hosea 7:14,Minor Prophets,Old Testament,Hosea,LXX
WORD,,G3811,7,Hosea 7:14,Minor Prophets,Old Testament,Hosea,LXX
WORD,,G1722,7,Hosea 7:14,Minor Prophets,Old Testament,Hosea,LXX
WORD,,G1473,7,Hosea 7:14,Minor Prophets,Old Testament,Hosea,LXX
WORD,,G2504,7,Hosea 7:15,Minor Prophets,Old Testament,Hosea,LXX
WORD,,G2729,7,Hosea 7:15,Minor Prophets,Old Testament,Hosea,LXX
WORD,,G3588,7,Hosea 7:15,Minor Prophets,Old Testament,Hosea,LXX
WORD,,G1023,7,Hosea 7:15,Minor Prophets,Old Testament,Hosea,LXX
WORD,,G846,7,Hosea 7:15,Minor Prophets,Old Testament,Hosea,LXX
WORD,,G2532,7,Hosea 7:15,Minor Prophets,Old Testament,Hosea,LXX
WORD,,G1519,7,Hosea 7:15,Minor Prophets,Old Testament,Hosea,LXX
WORD,,G1473,7,Hosea 7:15,Minor Prophets,Old Testament,Hosea,LXX
WORD,,G3049,7,Hosea 7:15,Minor Prophets,Old Testament,Hosea,LXX
WORD,,G4190,7,Hosea 7:15,Minor Prophets,Old Testament,Hosea,LXX
WORD,,G654,7,Hosea 7:16,Minor Prophets,Old Testament,Hosea,LXX
WORD,,G1519,7,Hosea 7:16,Minor Prophets,Old Testament,Hosea,LXX
WORD,,G3762,7,Hosea 7:16,Minor Prophets,Old Testament,Hosea,LXX
WORD,,G1096,7,Hosea 7:16,Minor Prophets,Old Testament,Hosea,LXX
WORD,,G5613,7,Hosea 7:16,Minor Prophets,Old Testament,Hosea,LXX
WORD,,G5115,7,Hosea 7:16,Minor Prophets,Old Testament,Hosea,LXX
WORD,,,7,Hosea 7:16,Minor Prophets,Old Testament,Hosea,LXX
WORD,,G4098,7,Hosea 7:16,Minor Prophets,Old Testament,Hosea,LXX
WORD,,G1722,7,Hosea 7:16,Minor Prophets,Old Testament,Hosea,LXX
WORD,,G4501,7,Hosea 7:16,Minor Prophets,Old Testament,Hosea,LXX
WORD,,G3588,7,Hosea 7:16,Minor Prophets,Old Testament,Hosea,LXX
WORD,,G758,7,Hosea 7:16,Minor Prophets,Old Testament,Hosea,LXX
WORD,,G846,7,Hosea 7:16,Minor Prophets,Old Testament,Hosea,LXX
WORD,,G1223,7,Hosea 7:16,Minor Prophets,Old Testament,Hosea,LXX
WORD,,,7,Hosea 7:16,Minor Prophets,Old Testament,Hosea,LXX
WORD,,G1100,7,Hosea 7:16,Minor Prophets,Old Testament,Hosea,LXX
WORD,,G846,7,Hosea 7:16,Minor Prophets,Old Testament,Hosea,LXX
WORD,,G3778,7,Hosea 7:16,Minor Prophets,Old Testament,Hosea,LXX
WORD,,G3588,7,Hosea 7:16,Minor Prophets,Old Testament,Hosea,LXX
WORD,,,7,Hosea 7:16,Minor Prophets,Old Testament,Hosea,LXX
WORD,,G846,7,Hosea 7:16,Minor Prophets,Old Testament,Hosea,LXX
WORD,,G1722,7,Hosea 7:16,Minor Prophets,Old Testament,Hosea,LXX
WORD,,G1093,7,Hosea 7:16,Minor Prophets,Old Testament,Hosea,LXX
WORD,,G125,7,Hosea 7:16,Minor Prophets,Old Testament,Hosea,LXX
WORD,,G1519,8,Hosea 8:1,Minor Prophets,Old Testament,Hosea,LXX
WORD,,G2859,8,Hosea 8:1,Minor Prophets,Old Testament,Hosea,LXX
WORD,,G846,8,Hosea 8:1,Minor Prophets,Old Testament,Hosea,LXX
WORD,,G5613,8,Hosea 8:1,Minor Prophets,Old Testament,Hosea,LXX
WORD,,G1093,8,Hosea 8:1,Minor Prophets,Old Testament,Hosea,LXX
WORD,,G5613,8,Hosea 8:1,Minor Prophets,Old Testament,Hosea,LXX
WORD,,G105,8,Hosea 8:1,Minor Prophets,Old Testament,Hosea,LXX
WORD,,G1909,8,Hosea 8:1,Minor Prophets,Old Testament,Hosea,LXX
WORD,,G3624,8,Hosea 8:1,Minor Prophets,Old Testament,Hosea,LXX
WORD,,G2962,8,Hosea 8:1,Minor Prophets,Old Testament,Hosea,LXX
WORD,,G473,8,Hosea 8:1,Minor Prophets,Old Testament,Hosea,LXX
WORD,,G3739,8,Hosea 8:1,Minor Prophets,Old Testament,Hosea,LXX
WORD,,G3845,8,Hosea 8:1,Minor Prophets,Old Testament,Hosea,LXX
WORD,,G3588,8,Hosea 8:1,Minor Prophets,Old Testament,Hosea,LXX
WORD,,G1242,8,Hosea 8:1,Minor Prophets,Old Testament,Hosea,LXX
WORD,,G1473,8,Hosea 8:1,Minor Prophets,Old Testament,Hosea,LXX
WORD,,G2532,8,Hosea 8:1,Minor Prophets,Old Testament,Hosea,LXX
WORD,,G2596,8,Hosea 8:1,Minor Prophets,Old Testament,Hosea,LXX
WORD,,G3588,8,Hosea 8:1,Minor Prophets,Old Testament,Hosea,LXX
WORD,,G3551,8,Hosea 8:1,Minor Prophets,Old Testament,Hosea,LXX
WORD,,G1473,8,Hosea 8:1,Minor Prophets,Old Testament,Hosea,LXX
WORD,,G764,8,Hosea 8:1,Minor Prophets,Old Testament,Hosea,LXX
WORD,,G1473,8,Hosea 8:2,Minor Prophets,Old Testament,Hosea,LXX
WORD,,G2896,8,Hosea 8:2,Minor Prophets,Old Testament,Hosea,LXX
WORD,,G3588,8,Hosea 8:2,Minor Prophets,Old Testament,Hosea,LXX
WORD,,G2316,8,Hosea 8:2,Minor Prophets,Old Testament,Hosea,LXX
WORD,,G1097,8,Hosea 8:2,Minor Prophets,Old Testament,Hosea,LXX
WORD,,G4771,8,Hosea 8:2,Minor Prophets,Old Testament,Hosea,LXX
WORD,,G3754,8,Hosea 8:3,Minor Prophets,Old Testament,Hosea,LXX
WORD,,G2474,8,Hosea 8:3,Minor Prophets,Old Testament,Hosea,LXX
WORD,,G654,8,Hosea 8:3,Minor Prophets,Old Testament,Hosea,LXX
WORD,,G18,8,Hosea 8:3,Minor Prophets,Old Testament,Hosea,LXX
WORD,,G2190,8,Hosea 8:3,Minor Prophets,Old Testament,Hosea,LXX
WORD,,G2614,8,Hosea 8:3,Minor Prophets,Old Testament,Hosea,LXX
WORD,,G1438,8,Hosea 8:4,Minor Prophets,Old Testament,Hosea,LXX
WORD,,G936,8,Hosea 8:4,Minor Prophets,Old Testament,Hosea,LXX
WORD,,G2532,8,Hosea 8:4,Minor Prophets,Old Testament,Hosea,LXX
WORD,,G3756,8,Hosea 8:4,Minor Prophets,Old Testament,Hosea,LXX
WORD,,G1223,8,Hosea 8:4,Minor Prophets,Old Testament,Hosea,LXX
WORD,,G1473,8,Hosea 8:4,Minor Prophets,Old Testament,Hosea,LXX
WORD,,G757,8,Hosea 8:4,Minor Prophets,Old Testament,Hosea,LXX
WORD,,G2532,8,Hosea 8:4,Minor Prophets,Old Testament,Hosea,LXX
WORD,,G3756,8,Hosea 8:4,Minor Prophets,Old Testament,Hosea,LXX
WORD,,G1107,8,Hosea 8:4,Minor Prophets,Old Testament,Hosea,LXX
WORD,,G1473,8,Hosea 8:4,Minor Prophets,Old Testament,Hosea,LXX
WORD,,G3588,8,Hosea 8:4,Minor Prophets,Old Testament,Hosea,LXX
WORD,,G694,8,Hosea 8:4,Minor Prophets,Old Testament,Hosea,LXX
WORD,,G846,8,Hosea 8:4,Minor Prophets,Old Testament,Hosea,LXX
WORD,,G2532,8,Hosea 8:4,Minor Prophets,Old Testament,Hosea,LXX
WORD,,G3588,8,Hosea 8:4,Minor Prophets,Old Testament,Hosea,LXX
WORD,,G5553,8,Hosea 8:4,Minor Prophets,Old Testament,Hosea,LXX
WORD,,G846,8,Hosea 8:4,Minor Prophets,Old Testament,Hosea,LXX
WORD,,G4160,8,Hosea 8:4,Minor Prophets,Old Testament,Hosea,LXX
WORD,,G1438,8,Hosea 8:4,Minor Prophets,Old Testament,Hosea,LXX
WORD,,G1497,8,Hosea 8:4,Minor Prophets,Old Testament,Hosea,LXX
WORD,,G3704,8,Hosea 8:4,Minor Prophets,Old Testament,Hosea,LXX
WORD,,,8,Hosea 8:4,Minor Prophets,Old Testament,Hosea,LXX
WORD,,,8,Hosea 8:5,Minor Prophets,Old Testament,Hosea,LXX
WORD,,G3588,8,Hosea 8:5,Minor Prophets,Old Testament,Hosea,LXX
WORD,,G3448,8,Hosea 8:5,Minor Prophets,Old Testament,Hosea,LXX
WORD,,G4771,8,Hosea 8:5,Minor Prophets,Old Testament,Hosea,LXX
WORD,,G4540,8,Hosea 8:5,Minor Prophets,Old Testament,Hosea,LXX
WORD,,G3947,8,Hosea 8:5,Minor Prophets,Old Testament,Hosea,LXX
WORD,,G3588,8,Hosea 8:5,Minor Prophets,Old Testament,Hosea,LXX
WORD,,G2372,8,Hosea 8:5,Minor Prophets,Old Testament,Hosea,LXX
WORD,,G1473,8,Hosea 8:5,Minor Prophets,Old Testament,Hosea,LXX
WORD,,G1909,8,Hosea 8:5,Minor Prophets,Old Testament,Hosea,LXX
WORD,,G846,8,Hosea 8:5,Minor Prophets,Old Testament,Hosea,LXX
WORD,,G2193,8,Hosea 8:5,Minor Prophets,Old Testament,Hosea,LXX
WORD,,G5101,8,Hosea 8:5,Minor Prophets,Old Testament,Hosea,LXX
WORD,,G3756,8,Hosea 8:5,Minor Prophets,Old Testament,Hosea,LXX
WORD,,G3361,8,Hosea 8:5,Minor Prophets,Old Testament,Hosea,LXX
WORD,,G1410,8,Hosea 8:5,Minor Prophets,Old Testament,Hosea,LXX
WORD,,G2511,8,Hosea 8:5,Minor Prophets,Old Testament,Hosea,LXX
WORD,,G1722,8,Hosea 8:6,Minor Prophets,Old Testament,Hosea,LXX
WORD,,G3588,8,Hosea 8:6,Minor Prophets,Old Testament,Hosea,LXX
WORD,,G2474,8,Hosea 8:6,Minor Prophets,Old Testament,Hosea,LXX
WORD,,G2532,8,Hosea 8:6,Minor Prophets,Old Testament,Hosea,LXX
WORD,,G846,8,Hosea 8:6,Minor Prophets,Old Testament,Hosea,LXX
WORD,,G5045,8,Hosea 8:6,Minor Prophets,Old Testament,Hosea,LXX
WORD,,G4160,8,Hosea 8:6,Minor Prophets,Old Testament,Hosea,LXX
WORD,,G2532,8,Hosea 8:6,Minor Prophets,Old Testament,Hosea,LXX
WORD,,G3756,8,Hosea 8:6,Minor Prophets,Old Testament,Hosea,LXX
WORD,,G2316,8,Hosea 8:6,Minor Prophets,Old Testament,Hosea,LXX
WORD,,G1510,8,Hosea 8:6,Minor Prophets,Old Testament,Hosea,LXX
WORD,,G1360,8,Hosea 8:6,Minor Prophets,Old Testament,Hosea,LXX
WORD,,G4105,8,Hosea 8:6,Minor Prophets,Old Testament,Hosea,LXX
WORD,,G1510,8,Hosea 8:6,Minor Prophets,Old Testament,Hosea,LXX
WORD,,G3588,8,Hosea 8:6,Minor Prophets,Old Testament,Hosea,LXX
WORD,,G3448,8,Hosea 8:6,Minor Prophets,Old Testament,Hosea,LXX
WORD,,G4771,8,Hosea 8:6,Minor Prophets,Old Testament,Hosea,LXX
WORD,,G4540,8,Hosea 8:6,Minor Prophets,Old Testament,Hosea,LXX
WORD,,G3754,8,Hosea 8:7,Minor Prophets,Old Testament,Hosea,LXX
WORD,,,8,Hosea 8:7,Minor Prophets,Old Testament,Hosea,LXX
WORD,,G4687,8,Hosea 8:7,Minor Prophets,Old Testament,Hosea,LXX
WORD,,G2532,8,Hosea 8:7,Minor Prophets,Old Testament,Hosea,LXX
WORD,,G3588,8,Hosea 8:7,Minor Prophets,Old Testament,Hosea,LXX
WORD,,G2692,8,Hosea 8:7,Minor Prophets,Old Testament,Hosea,LXX
WORD,,G846,8,Hosea 8:7,Minor Prophets,Old Testament,Hosea,LXX
WORD,,G1551,8,Hosea 8:7,Minor Prophets,Old Testament,Hosea,LXX
WORD,,G846,8,Hosea 8:7,Minor Prophets,Old Testament,Hosea,LXX
WORD,,,8,Hosea 8:7,Minor Prophets,Old Testament,Hosea,LXX
WORD,,G3756,8,Hosea 8:7,Minor Prophets,Old Testament,Hosea,LXX
WORD,,G2192,8,Hosea 8:7,Minor Prophets,Old Testament,Hosea,LXX
WORD,,G2479,8,Hosea 8:7,Minor Prophets,Old Testament,Hosea,LXX
WORD,,G3588,8,Hosea 8:7,Minor Prophets,Old Testament,Hosea,LXX
WORD,,G4160,8,Hosea 8:7,Minor Prophets,Old Testament,Hosea,LXX
WORD,,G224,8,Hosea 8:7,Minor Prophets,Old Testament,Hosea,LXX
WORD,,G1437,8,Hosea 8:7,Minor Prophets,Old Testament,Hosea,LXX
WORD,,G1161,8,Hosea 8:7,Minor Prophets,Old Testament,Hosea,LXX
WORD,,G2532,8,Hosea 8:7,Minor Prophets,Old Testament,Hosea,LXX
WORD,,G4160,8,Hosea 8:7,Minor Prophets,Old Testament,Hosea,LXX
WORD,,G245,8,Hosea 8:7,Minor Prophets,Old Testament,Hosea,LXX
WORD,,G2719,8,Hosea 8:7,Minor Prophets,Old Testament,Hosea,LXX
WORD,,G846,8,Hosea 8:7,Minor Prophets,Old Testament,Hosea,LXX
WORD,,G2666,8,Hosea 8:8,Minor Prophets,Old Testament,Hosea,LXX
WORD,,G2474,8,Hosea 8:8,Minor Prophets,Old Testament,Hosea,LXX
WORD,,G3568,8,Hosea 8:8,Minor Prophets,Old Testament,Hosea,LXX
WORD,,G1096,8,Hosea 8:8,Minor Prophets,Old Testament,Hosea,LXX
WORD,,G1722,8,Hosea 8:8,Minor Prophets,Old Testament,Hosea,LXX
WORD,,G3588,8,Hosea 8:8,Minor Prophets,Old Testament,Hosea,LXX
WORD,,G1484,8,Hosea 8:8,Minor Prophets,Old Testament,Hosea,LXX
WORD,,G5613,8,Hosea 8:8,Minor Prophets,Old Testament,Hosea,LXX
WORD,,G4632,8,Hosea 8:8,Minor Prophets,Old Testament,Hosea,LXX
WORD,,G890,8,Hosea 8:8,Minor Prophets,Old Testament,Hosea,LXX
WORD,,G3754,8,Hosea 8:9,Minor Prophets,Old Testament,Hosea,LXX
WORD,,G846,8,Hosea 8:9,Minor Prophets,Old Testament,Hosea,LXX
WORD,,G305,8,Hosea 8:9,Minor Prophets,Old Testament,Hosea,LXX
WORD,,G1519,8,Hosea 8:9,Minor Prophets,Old Testament,Hosea,LXX
WORD,,,8,Hosea 8:9,Minor Prophets,Old Testament,Hosea,LXX
WORD,,G330,8,Hosea 8:9,Minor Prophets,Old Testament,Hosea,LXX
WORD,,G2596,8,Hosea 8:9,Minor Prophets,Old Testament,Hosea,LXX
WORD,,G1438,8,Hosea 8:9,Minor Prophets,Old Testament,Hosea,LXX
WORD,,G2187,8,Hosea 8:9,Minor Prophets,Old Testament,Hosea,LXX
WORD,,G1435,8,Hosea 8:9,Minor Prophets,Old Testament,Hosea,LXX
WORD,,G25,8,Hosea 8:9,Minor Prophets,Old Testament,Hosea,LXX
WORD,,G1223,8,Hosea 8:10,Minor Prophets,Old Testament,Hosea,LXX
WORD,,G3778,8,Hosea 8:10,Minor Prophets,Old Testament,Hosea,LXX
WORD,,G3860,8,Hosea 8:10,Minor Prophets,Old Testament,Hosea,LXX
WORD,,G1722,8,Hosea 8:10,Minor Prophets,Old Testament,Hosea,LXX
WORD,,G3588,8,Hosea 8:10,Minor Prophets,Old Testament,Hosea,LXX
WORD,,G1484,8,Hosea 8:10,Minor Prophets,Old Testament,Hosea,LXX
WORD,,G3568,8,Hosea 8:10,Minor Prophets,Old Testament,Hosea,LXX
WORD,,G1523,8,Hosea 8:10,Minor Prophets,Old Testament,Hosea,LXX
WORD,,G846,8,Hosea 8:10,Minor Prophets,Old Testament,Hosea,LXX
WORD,,G2532,8,Hosea 8:10,Minor Prophets,Old Testament,Hosea,LXX
WORD,,G2869,8,Hosea 8:10,Minor Prophets,Old Testament,Hosea,LXX
WORD,,G3398,8,Hosea 8:10,Minor Prophets,Old Testament,Hosea,LXX
WORD,,G3588,8,Hosea 8:10,Minor Prophets,Old Testament,Hosea,LXX
WORD,,G5548,8,Hosea 8:10,Minor Prophets,Old Testament,Hosea,LXX
WORD,,G935,8,Hosea 8:10,Minor Prophets,Old Testament,Hosea,LXX
WORD,,G2532,8,Hosea 8:10,Minor Prophets,Old Testament,Hosea,LXX
WORD,,G758,8,Hosea 8:10,Minor Prophets,Old Testament,Hosea,LXX
WORD,,G3754,8,Hosea 8:11,Minor Prophets,Old Testament,Hosea,LXX
WORD,,G4129,8,Hosea 8:11,Minor Prophets,Old Testament,Hosea,LXX
WORD,,G2187,8,Hosea 8:11,Minor Prophets,Old Testament,Hosea,LXX
WORD,,G2379,8,Hosea 8:11,Minor Prophets,Old Testament,Hosea,LXX
WORD,,G1519,8,Hosea 8:11,Minor Prophets,Old Testament,Hosea,LXX
WORD,,G266,8,Hosea 8:11,Minor Prophets,Old Testament,Hosea,LXX
WORD,,G1096,8,Hosea 8:11,Minor Prophets,Old Testament,Hosea,LXX
WORD,,G846,8,Hosea 8:11,Minor Prophets,Old Testament,Hosea,LXX
WORD,,G2379,8,Hosea 8:11,Minor Prophets,Old Testament,Hosea,LXX
WORD,,G25,8,Hosea 8:11,Minor Prophets,Old Testament,Hosea,LXX
WORD,,,8,Hosea 8:12,Minor Prophets,Old Testament,Hosea,LXX
WORD,,G846,8,Hosea 8:12,Minor Prophets,Old Testament,Hosea,LXX
WORD,,G4128,8,Hosea 8:12,Minor Prophets,Old Testament,Hosea,LXX
WORD,,G2532,8,Hosea 8:12,Minor Prophets,Old Testament,Hosea,LXX
WORD,,G3588,8,Hosea 8:12,Minor Prophets,Old Testament,Hosea,LXX
WORD,,G3545,8,Hosea 8:12,Minor Prophets,Old Testament,Hosea,LXX
WORD,,G846,8,Hosea 8:12,Minor Prophets,Old Testament,Hosea,LXX
WORD,,G1519,8,Hosea 8:12,Minor Prophets,Old Testament,Hosea,LXX
WORD,,G245,8,Hosea 8:12,Minor Prophets,Old Testament,Hosea,LXX
WORD,,G3049,8,Hosea 8:12,Minor Prophets,Old Testament,Hosea,LXX
WORD,,G2379,8,Hosea 8:12,Minor Prophets,Old Testament,Hosea,LXX
WORD,,G3588,8,Hosea 8:12,Minor Prophets,Old Testament,Hosea,LXX
WORD,,G25,8,Hosea 8:12,Minor Prophets,Old Testament,Hosea,LXX
WORD,,G1360,8,Hosea 8:13,Minor Prophets,Old Testament,Hosea,LXX
WORD,,G1437,8,Hosea 8:13,Minor Prophets,Old Testament,Hosea,LXX
WORD,,G2380,8,Hosea 8:13,Minor Prophets,Old Testament,Hosea,LXX
WORD,,G2378,8,Hosea 8:13,Minor Prophets,Old Testament,Hosea,LXX
WORD,,G2532,8,Hosea 8:13,Minor Prophets,Old Testament,Hosea,LXX
WORD,,G2068,8,Hosea 8:13,Minor Prophets,Old Testament,Hosea,LXX
WORD,,G2907,8,Hosea 8:13,Minor Prophets,Old Testament,Hosea,LXX
WORD,,G2962,8,Hosea 8:13,Minor Prophets,Old Testament,Hosea,LXX
WORD,,G3756,8,Hosea 8:13,Minor Prophets,Old Testament,Hosea,LXX
WORD,,G4327,8,Hosea 8:13,Minor Prophets,Old Testament,Hosea,LXX
WORD,,G846,8,Hosea 8:13,Minor Prophets,Old Testament,Hosea,LXX
WORD,,G3568,8,Hosea 8:13,Minor Prophets,Old Testament,Hosea,LXX
WORD,,G3403,8,Hosea 8:13,Minor Prophets,Old Testament,Hosea,LXX
WORD,,G3588,8,Hosea 8:13,Minor Prophets,Old Testament,Hosea,LXX
WORD,,G93,8,Hosea 8:13,Minor Prophets,Old Testament,Hosea,LXX
WORD,,G846,8,Hosea 8:13,Minor Prophets,Old Testament,Hosea,LXX
WORD,,G2532,8,Hosea 8:13,Minor Prophets,Old Testament,Hosea,LXX
WORD,,G1556,8,Hosea 8:13,Minor Prophets,Old Testament,Hosea,LXX
WORD,,G3588,8,Hosea 8:13,Minor Prophets,Old Testament,Hosea,LXX
WORD,,G266,8,Hosea 8:13,Minor Prophets,Old Testament,Hosea,LXX
WORD,,G846,8,Hosea 8:13,Minor Prophets,Old Testament,Hosea,LXX
WORD,,G846,8,Hosea 8:13,Minor Prophets,Old Testament,Hosea,LXX
WORD,,G1519,8,Hosea 8:13,Minor Prophets,Old Testament,Hosea,LXX
WORD,,G125,8,Hosea 8:13,Minor Prophets,Old Testament,Hosea,LXX
WORD,,G654,8,Hosea 8:13,Minor Prophets,Old Testament,Hosea,LXX
WORD,,G2532,8,Hosea 8:13,Minor Prophets,Old Testament,Hosea,LXX
WORD,,G1722,8,Hosea 8:13,Minor Prophets,Old Testament,Hosea,LXX
WORD,,,8,Hosea 8:13,Minor Prophets,Old Testament,Hosea,LXX
WORD,,G169,8,Hosea 8:13,Minor Prophets,Old Testament,Hosea,LXX
WORD,,G2068,8,Hosea 8:13,Minor Prophets,Old Testament,Hosea,LXX
WORD,,G2532,8,Hosea 8:14,Minor Prophets,Old Testament,Hosea,LXX
WORD,,G1950,8,Hosea 8:14,Minor Prophets,Old Testament,Hosea,LXX
WORD,,G2474,8,Hosea 8:14,Minor Prophets,Old Testament,Hosea,LXX
WORD,,G3588,8,Hosea 8:14,Minor Prophets,Old Testament,Hosea,LXX
WORD,,G4160,8,Hosea 8:14,Minor Prophets,Old Testament,Hosea,LXX
WORD,,G846,8,Hosea 8:14,Minor Prophets,Old Testament,Hosea,LXX
WORD,,G2532,8,Hosea 8:14,Minor Prophets,Old Testament,Hosea,LXX
WORD,,G3618,8,Hosea 8:14,Minor Prophets,Old Testament,Hosea,LXX
WORD,,,8,Hosea 8:14,Minor Prophets,Old Testament,Hosea,LXX
WORD,,G2532,8,Hosea 8:14,Minor Prophets,Old Testament,Hosea,LXX
WORD,,G2455,8,Hosea 8:14,Minor Prophets,Old Testament,Hosea,LXX
WORD,,G4129,8,Hosea 8:14,Minor Prophets,Old Testament,Hosea,LXX
WORD,,G4172,8,Hosea 8:14,Minor Prophets,Old Testament,Hosea,LXX
WORD,,,8,Hosea 8:14,Minor Prophets,Old Testament,Hosea,LXX
WORD,,G2532,8,Hosea 8:14,Minor Prophets,Old Testament,Hosea,LXX
WORD,,G1821,8,Hosea 8:14,Minor Prophets,Old Testament,Hosea,LXX
WORD,,G4442,8,Hosea 8:14,Minor Prophets,Old Testament,Hosea,LXX
WORD,,G1519,8,Hosea 8:14,Minor Prophets,Old Testament,Hosea,LXX
WORD,,G3588,8,Hosea 8:14,Minor Prophets,Old Testament,Hosea,LXX
WORD,,G4172,8,Hosea 8:14,Minor Prophets,Old Testament,Hosea,LXX
WORD,,G846,8,Hosea 8:14,Minor Prophets,Old Testament,Hosea,LXX
WORD,,G2532,8,Hosea 8:14,Minor Prophets,Old Testament,Hosea,LXX
WORD,,G2719,8,Hosea 8:14,Minor Prophets,Old Testament,Hosea,LXX
WORD,,G3588,8,Hosea 8:14,Minor Prophets,Old Testament,Hosea,LXX
WORD,,G2310,8,Hosea 8:14,Minor Prophets,Old Testament,Hosea,LXX
WORD,,G846,8,Hosea 8:14,Minor Prophets,Old Testament,Hosea,LXX
WORD,,G3361,9,Hosea 9:1,Minor Prophets,Old Testament,Hosea,LXX
WORD,,G5463,9,Hosea 9:1,Minor Prophets,Old Testament,Hosea,LXX
WORD,,G2474,9,Hosea 9:1,Minor Prophets,Old Testament,Hosea,LXX
WORD,,G3366,9,Hosea 9:1,Minor Prophets,Old Testament,Hosea,LXX
WORD,,G2165,9,Hosea 9:1,Minor Prophets,Old Testament,Hosea,LXX
WORD,,G2531,9,Hosea 9:1,Minor Prophets,Old Testament,Hosea,LXX
WORD,,G3588,9,Hosea 9:1,Minor Prophets,Old Testament,Hosea,LXX
WORD,,G2992,9,Hosea 9:1,Minor Prophets,Old Testament,Hosea,LXX
WORD,,G1360,9,Hosea 9:1,Minor Prophets,Old Testament,Hosea,LXX
WORD,,G4203,9,Hosea 9:1,Minor Prophets,Old Testament,Hosea,LXX
WORD,,G575,9,Hosea 9:1,Minor Prophets,Old Testament,Hosea,LXX
WORD,,G3588,9,Hosea 9:1,Minor Prophets,Old Testament,Hosea,LXX
WORD,,G2316,9,Hosea 9:1,Minor Prophets,Old Testament,Hosea,LXX
WORD,,G4771,9,Hosea 9:1,Minor Prophets,Old Testament,Hosea,LXX
WORD,,G25,9,Hosea 9:1,Minor Prophets,Old Testament,Hosea,LXX
WORD,,G1390,9,Hosea 9:1,Minor Prophets,Old Testament,Hosea,LXX
WORD,,G1909,9,Hosea 9:1,Minor Prophets,Old Testament,Hosea,LXX
WORD,,G3956,9,Hosea 9:1,Minor Prophets,Old Testament,Hosea,LXX
WORD,,G257,9,Hosea 9:1,Minor Prophets,Old Testament,Hosea,LXX
WORD,,G4621,9,Hosea 9:1,Minor Prophets,Old Testament,Hosea,LXX
WORD,,G257,9,Hosea 9:2,Minor Prophets,Old Testament,Hosea,LXX
WORD,,G2532,9,Hosea 9:2,Minor Prophets,Old Testament,Hosea,LXX
WORD,,G3025,9,Hosea 9:2,Minor Prophets,Old Testament,Hosea,LXX
WORD,,G3756,9,Hosea 9:2,Minor Prophets,Old Testament,Hosea,LXX
WORD,,G1097,9,Hosea 9:2,Minor Prophets,Old Testament,Hosea,LXX
WORD,,G846,9,Hosea 9:2,Minor Prophets,Old Testament,Hosea,LXX
WORD,,G2532,9,Hosea 9:2,Minor Prophets,Old Testament,Hosea,LXX
WORD,,G3588,9,Hosea 9:2,Minor Prophets,Old Testament,Hosea,LXX
WORD,,G3631,9,Hosea 9:2,Minor Prophets,Old Testament,Hosea,LXX
WORD,,G5574,9,Hosea 9:2,Minor Prophets,Old Testament,Hosea,LXX
WORD,,G846,9,Hosea 9:2,Minor Prophets,Old Testament,Hosea,LXX
WORD,,G3756,9,Hosea 9:3,Minor Prophets,Old Testament,Hosea,LXX
WORD,,G2730,9,Hosea 9:3,Minor Prophets,Old Testament,Hosea,LXX
WORD,,G1722,9,Hosea 9:3,Minor Prophets,Old Testament,Hosea,LXX
WORD,,G3588,9,Hosea 9:3,Minor Prophets,Old Testament,Hosea,LXX
WORD,,G1093,9,Hosea 9:3,Minor Prophets,Old Testament,Hosea,LXX
WORD,,G3588,9,Hosea 9:3,Minor Prophets,Old Testament,Hosea,LXX
WORD,,G2962,9,Hosea 9:3,Minor Prophets,Old Testament,Hosea,LXX
WORD,,G2730,9,Hosea 9:3,Minor Prophets,Old Testament,Hosea,LXX
WORD,,G2187,9,Hosea 9:3,Minor Prophets,Old Testament,Hosea,LXX
WORD,,G1519,9,Hosea 9:3,Minor Prophets,Old Testament,Hosea,LXX
WORD,,G125,9,Hosea 9:3,Minor Prophets,Old Testament,Hosea,LXX
WORD,,G2532,9,Hosea 9:3,Minor Prophets,Old Testament,Hosea,LXX
WORD,,G1722,9,Hosea 9:3,Minor Prophets,Old Testament,Hosea,LXX
WORD,,,9,Hosea 9:3,Minor Prophets,Old Testament,Hosea,LXX
WORD,,G169,9,Hosea 9:3,Minor Prophets,Old Testament,Hosea,LXX
WORD,,G2068,9,Hosea 9:3,Minor Prophets,Old Testament,Hosea,LXX
WORD,,G3756,9,Hosea 9:4,Minor Prophets,Old Testament,Hosea,LXX
WORD,,G4689,9,Hosea 9:4,Minor Prophets,Old Testament,Hosea,LXX
WORD,,G3588,9,Hosea 9:4,Minor Prophets,Old Testament,Hosea,LXX
WORD,,G2962,9,Hosea 9:4,Minor Prophets,Old Testament,Hosea,LXX
WORD,,G3631,9,Hosea 9:4,Minor Prophets,Old Testament,Hosea,LXX
WORD,,G2532,9,Hosea 9:4,Minor Prophets,Old Testament,Hosea,LXX
WORD,,G3756,9,Hosea 9:4,Minor Prophets,Old Testament,Hosea,LXX
WORD,,,9,Hosea 9:4,Minor Prophets,Old Testament,Hosea,LXX
WORD,,G846,9,Hosea 9:4,Minor Prophets,Old Testament,Hosea,LXX
WORD,,G3588,9,Hosea 9:4,Minor Prophets,Old Testament,Hosea,LXX
WORD,,G2378,9,Hosea 9:4,Minor Prophets,Old Testament,Hosea,LXX
WORD,,G846,9,Hosea 9:4,Minor Prophets,Old Testament,Hosea,LXX
WORD,,G5613,9,Hosea 9:4,Minor Prophets,Old Testament,Hosea,LXX
WORD,,G740,9,Hosea 9:4,Minor Prophets,Old Testament,Hosea,LXX
WORD,,G3997,9,Hosea 9:4,Minor Prophets,Old Testament,Hosea,LXX
WORD,,G846,9,Hosea 9:4,Minor Prophets,Old Testament,Hosea,LXX
WORD,,G3956,9,Hosea 9:4,Minor Prophets,Old Testament,Hosea,LXX
WORD,,G3588,9,Hosea 9:4,Minor Prophets,Old Testament,Hosea,LXX
WORD,,G2068,9,Hosea 9:4,Minor Prophets,Old Testament,Hosea,LXX
WORD,,G846,9,Hosea 9:4,Minor Prophets,Old Testament,Hosea,LXX
WORD,,G3392,9,Hosea 9:4,Minor Prophets,Old Testament,Hosea,LXX
WORD,,G1360,9,Hosea 9:4,Minor Prophets,Old Testament,Hosea,LXX
WORD,,G3588,9,Hosea 9:4,Minor Prophets,Old Testament,Hosea,LXX
WORD,,G740,9,Hosea 9:4,Minor Prophets,Old Testament,Hosea,LXX
WORD,,G846,9,Hosea 9:4,Minor Prophets,Old Testament,Hosea,LXX
WORD,,G3588,9,Hosea 9:4,Minor Prophets,Old Testament,Hosea,LXX
WORD,,G5590,9,Hosea 9:4,Minor Prophets,Old Testament,Hosea,LXX
WORD,,G846,9,Hosea 9:4,Minor Prophets,Old Testament,Hosea,LXX
WORD,,G3756,9,Hosea 9:4,Minor Prophets,Old Testament,Hosea,LXX
WORD,,G1525,9,Hosea 9:4,Minor Prophets,Old Testament,Hosea,LXX
WORD,,G1519,9,Hosea 9:4,Minor Prophets,Old Testament,Hosea,LXX
WORD,,G3588,9,Hosea 9:4,Minor Prophets,Old Testament,Hosea,LXX
WORD,,G3624,9,Hosea 9:4,Minor Prophets,Old Testament,Hosea,LXX
WORD,,G2962,9,Hosea 9:4,Minor Prophets,Old Testament,Hosea,LXX
WORD,,G5101,9,Hosea 9:5,Minor Prophets,Old Testament,Hosea,LXX
WORD,,G4160,9,Hosea 9:5,Minor Prophets,Old Testament,Hosea,LXX
WORD,,G1722,9,Hosea 9:5,Minor Prophets,Old Testament,Hosea,LXX
WORD,,G2250,9,Hosea 9:5,Minor Prophets,Old Testament,Hosea,LXX
WORD,,G3831,9,Hosea 9:5,Minor Prophets,Old Testament,Hosea,LXX
WORD,,G2532,9,Hosea 9:5,Minor Prophets,Old Testament,Hosea,LXX
WORD,,G1722,9,Hosea 9:5,Minor Prophets,Old Testament,Hosea,LXX
WORD,,G2250,9,Hosea 9:5,Minor Prophets,Old Testament,Hosea,LXX
WORD,,G1859,9,Hosea 9:5,Minor Prophets,Old Testament,Hosea,LXX
WORD,,G3588,9,Hosea 9:5,Minor Prophets,Old Testament,Hosea,LXX
WORD,,G2962,9,Hosea 9:5,Minor Prophets,Old Testament,Hosea,LXX
WORD,,G1223,9,Hosea 9:6,Minor Prophets,Old Testament,Hosea,LXX
WORD,,G3778,9,Hosea 9:6,Minor Prophets,Old Testament,Hosea,LXX
WORD,,G2400,9,Hosea 9:6,Minor Prophets,Old Testament,Hosea,LXX
WORD,,G4198,9,Hosea 9:6,Minor Prophets,Old Testament,Hosea,LXX
WORD,,G1537,9,Hosea 9:6,Minor Prophets,Old Testament,Hosea,LXX
WORD,,G5004,9,Hosea 9:6,Minor Prophets,Old Testament,Hosea,LXX
WORD,,G125,9,Hosea 9:6,Minor Prophets,Old Testament,Hosea,LXX
WORD,,G2532,9,Hosea 9:6,Minor Prophets,Old Testament,Hosea,LXX
WORD,,G1551,9,Hosea 9:6,Minor Prophets,Old Testament,Hosea,LXX
WORD,,G846,9,Hosea 9:6,Minor Prophets,Old Testament,Hosea,LXX
WORD,,,9,Hosea 9:6,Minor Prophets,Old Testament,Hosea,LXX
WORD,,G2532,9,Hosea 9:6,Minor Prophets,Old Testament,Hosea,LXX
WORD,,G2290,9,Hosea 9:6,Minor Prophets,Old Testament,Hosea,LXX
WORD,,G846,9,Hosea 9:6,Minor Prophets,Old Testament,Hosea,LXX
WORD,,,9,Hosea 9:6,Minor Prophets,Old Testament,Hosea,LXX
WORD,,G3588,9,Hosea 9:6,Minor Prophets,Old Testament,Hosea,LXX
WORD,,G694,9,Hosea 9:6,Minor Prophets,Old Testament,Hosea,LXX
WORD,,G846,9,Hosea 9:6,Minor Prophets,Old Testament,Hosea,LXX
WORD,,G3639,9,Hosea 9:6,Minor Prophets,Old Testament,Hosea,LXX
WORD,,G2816,9,Hosea 9:6,Minor Prophets,Old Testament,Hosea,LXX
WORD,,G173,9,Hosea 9:6,Minor Prophets,Old Testament,Hosea,LXX
WORD,,G1722,9,Hosea 9:6,Minor Prophets,Old Testament,Hosea,LXX
WORD,,G3588,9,Hosea 9:6,Minor Prophets,Old Testament,Hosea,LXX
WORD,,G4638,9,Hosea 9:6,Minor Prophets,Old Testament,Hosea,LXX
WORD,,G846,9,Hosea 9:6,Minor Prophets,Old Testament,Hosea,LXX
WORD,,G2240,9,Hosea 9:7,Minor Prophets,Old Testament,Hosea,LXX
WORD,,G3588,9,Hosea 9:7,Minor Prophets,Old Testament,Hosea,LXX
WORD,,G2250,9,Hosea 9:7,Minor Prophets,Old Testament,Hosea,LXX
WORD,,G3588,9,Hosea 9:7,Minor Prophets,Old Testament,Hosea,LXX
WORD,,G1557,9,Hosea 9:7,Minor Prophets,Old Testament,Hosea,LXX
WORD,,G2240,9,Hosea 9:7,Minor Prophets,Old Testament,Hosea,LXX
WORD,,G3588,9,Hosea 9:7,Minor Prophets,Old Testament,Hosea,LXX
WORD,,G2250,9,Hosea 9:7,Minor Prophets,Old Testament,Hosea,LXX
WORD,,G3588,9,Hosea 9:7,Minor Prophets,Old Testament,Hosea,LXX
WORD,,G469,9,Hosea 9:7,Minor Prophets,Old Testament,Hosea,LXX
WORD,,G4771,9,Hosea 9:7,Minor Prophets,Old Testament,Hosea,LXX
WORD,,G2532,9,Hosea 9:7,Minor Prophets,Old Testament,Hosea,LXX
WORD,,G2559,9,Hosea 9:7,Minor Prophets,Old Testament,Hosea,LXX
WORD,,G2474,9,Hosea 9:7,Minor Prophets,Old Testament,Hosea,LXX
WORD,,G5618,9,Hosea 9:7,Minor Prophets,Old Testament,Hosea,LXX
WORD,,G3588,9,Hosea 9:7,Minor Prophets,Old Testament,Hosea,LXX
WORD,,G4396,9,Hosea 9:7,Minor Prophets,Old Testament,Hosea,LXX
WORD,,G3588,9,Hosea 9:7,Minor Prophets,Old Testament,Hosea,LXX
WORD,,,9,Hosea 9:7,Minor Prophets,Old Testament,Hosea,LXX
WORD,,G444,9,Hosea 9:7,Minor Prophets,Old Testament,Hosea,LXX
WORD,,G3588,9,Hosea 9:7,Minor Prophets,Old Testament,Hosea,LXX
WORD,,,9,Hosea 9:7,Minor Prophets,Old Testament,Hosea,LXX
WORD,,G5259,9,Hosea 9:7,Minor Prophets,Old Testament,Hosea,LXX
WORD,,G3588,9,Hosea 9:7,Minor Prophets,Old Testament,Hosea,LXX
WORD,,G4128,9,Hosea 9:7,Minor Prophets,Old Testament,Hosea,LXX
WORD,,G3588,9,Hosea 9:7,Minor Prophets,Old Testament,Hosea,LXX
WORD,,G93,9,Hosea 9:7,Minor Prophets,Old Testament,Hosea,LXX
WORD,,G4771,9,Hosea 9:7,Minor Prophets,Old Testament,Hosea,LXX
WORD,,G4129,9,Hosea 9:7,Minor Prophets,Old Testament,Hosea,LXX
WORD,,G3130,9,Hosea 9:7,Minor Prophets,Old Testament,Hosea,LXX
WORD,,G4771,9,Hosea 9:7,Minor Prophets,Old Testament,Hosea,LXX
WORD,,G4649,9,Hosea 9:8,Minor Prophets,Old Testament,Hosea,LXX
WORD,,G2187,9,Hosea 9:8,Minor Prophets,Old Testament,Hosea,LXX
WORD,,G3326,9,Hosea 9:8,Minor Prophets,Old Testament,Hosea,LXX
WORD,,G2316,9,Hosea 9:8,Minor Prophets,Old Testament,Hosea,LXX
WORD,,G4396,9,Hosea 9:8,Minor Prophets,Old Testament,Hosea,LXX
WORD,,G3803,9,Hosea 9:8,Minor Prophets,Old Testament,Hosea,LXX
WORD,,G4646,9,Hosea 9:8,Minor Prophets,Old Testament,Hosea,LXX
WORD,,G1909,9,Hosea 9:8,Minor Prophets,Old Testament,Hosea,LXX
WORD,,G3956,9,Hosea 9:8,Minor Prophets,Old Testament,Hosea,LXX
WORD,,G3588,9,Hosea 9:8,Minor Prophets,Old Testament,Hosea,LXX
WORD,,G3598,9,Hosea 9:8,Minor Prophets,Old Testament,Hosea,LXX
WORD,,G846,9,Hosea 9:8,Minor Prophets,Old Testament,Hosea,LXX
WORD,,G3130,9,Hosea 9:8,Minor Prophets,Old Testament,Hosea,LXX
WORD,,G1722,9,Hosea 9:8,Minor Prophets,Old Testament,Hosea,LXX
WORD,,G3624,9,Hosea 9:8,Minor Prophets,Old Testament,Hosea,LXX
WORD,,G2962,9,Hosea 9:8,Minor Prophets,Old Testament,Hosea,LXX
WORD,,,9,Hosea 9:8,Minor Prophets,Old Testament,Hosea,LXX
WORD,,G5351,9,Hosea 9:9,Minor Prophets,Old Testament,Hosea,LXX
WORD,,G2596,9,Hosea 9:9,Minor Prophets,Old Testament,Hosea,LXX
WORD,,G3588,9,Hosea 9:9,Minor Prophets,Old Testament,Hosea,LXX
WORD,,G2250,9,Hosea 9:9,Minor Prophets,Old Testament,Hosea,LXX
WORD,,G3588,9,Hosea 9:9,Minor Prophets,Old Testament,Hosea,LXX
WORD,,G1015,9,Hosea 9:9,Minor Prophets,Old Testament,Hosea,LXX
WORD,,G3403,9,Hosea 9:9,Minor Prophets,Old Testament,Hosea,LXX
WORD,,G93,9,Hosea 9:9,Minor Prophets,Old Testament,Hosea,LXX
WORD,,G846,9,Hosea 9:9,Minor Prophets,Old Testament,Hosea,LXX
WORD,,G1556,9,Hosea 9:9,Minor Prophets,Old Testament,Hosea,LXX
WORD,,G266,9,Hosea 9:9,Minor Prophets,Old Testament,Hosea,LXX
WORD,,G846,9,Hosea 9:9,Minor Prophets,Old Testament,Hosea,LXX
WORD,,G5613,9,Hosea 9:10,Minor Prophets,Old Testament,Hosea,LXX
WORD,,G4718,9,Hosea 9:10,Minor Prophets,Old Testament,Hosea,LXX
WORD,,G1722,9,Hosea 9:10,Minor Prophets,Old Testament,Hosea,LXX
WORD,,G2048,9,Hosea 9:10,Minor Prophets,Old Testament,Hosea,LXX
WORD,,G2147,9,Hosea 9:10,Minor Prophets,Old Testament,Hosea,LXX
WORD,,G3588,9,Hosea 9:10,Minor Prophets,Old Testament,Hosea,LXX
WORD,,G2474,9,Hosea 9:10,Minor Prophets,Old Testament,Hosea,LXX
WORD,,G2532,9,Hosea 9:10,Minor Prophets,Old Testament,Hosea,LXX
WORD,,G5613,9,Hosea 9:10,Minor Prophets,Old Testament,Hosea,LXX
WORD,,G4649,9,Hosea 9:10,Minor Prophets,Old Testament,Hosea,LXX
WORD,,G1722,9,Hosea 9:10,Minor Prophets,Old Testament,Hosea,LXX
WORD,,G4808,9,Hosea 9:10,Minor Prophets,Old Testament,Hosea,LXX
WORD,,G4406,9,Hosea 9:10,Minor Prophets,Old Testament,Hosea,LXX
WORD,,G3708,9,Hosea 9:10,Minor Prophets,Old Testament,Hosea,LXX
WORD,,G3962,9,Hosea 9:10,Minor Prophets,Old Testament,Hosea,LXX
WORD,,G846,9,Hosea 9:10,Minor Prophets,Old Testament,Hosea,LXX
WORD,,G846,9,Hosea 9:10,Minor Prophets,Old Testament,Hosea,LXX
WORD,,G1525,9,Hosea 9:10,Minor Prophets,Old Testament,Hosea,LXX
WORD,,G4314,9,Hosea 9:10,Minor Prophets,Old Testament,Hosea,LXX
WORD,,G3588,9,Hosea 9:10,Minor Prophets,Old Testament,Hosea,LXX
WORD,,,9,Hosea 9:10,Minor Prophets,Old Testament,Hosea,LXX
WORD,,G2532,9,Hosea 9:10,Minor Prophets,Old Testament,Hosea,LXX
WORD,,G526,9,Hosea 9:10,Minor Prophets,Old Testament,Hosea,LXX
WORD,,G1519,9,Hosea 9:10,Minor Prophets,Old Testament,Hosea,LXX
WORD,,G152,9,Hosea 9:10,Minor Prophets,Old Testament,Hosea,LXX
WORD,,G2532,9,Hosea 9:10,Minor Prophets,Old Testament,Hosea,LXX
WORD,,G1096,9,Hosea 9:10,Minor Prophets,Old Testament,Hosea,LXX
WORD,,G3588,9,Hosea 9:10,Minor Prophets,Old Testament,Hosea,LXX
WORD,,G25,9,Hosea 9:10,Minor Prophets,Old Testament,Hosea,LXX
WORD,,G5613,9,Hosea 9:10,Minor Prophets,Old Testament,Hosea,LXX
WORD,,G3588,9,Hosea 9:10,Minor Prophets,Old Testament,Hosea,LXX
WORD,,G948,9,Hosea 9:10,Minor Prophets,Old Testament,Hosea,LXX
WORD,,G2187,9,Hosea 9:11,Minor Prophets,Old Testament,Hosea,LXX
WORD,,G5613,9,Hosea 9:11,Minor Prophets,Old Testament,Hosea,LXX
WORD,,G3732,9,Hosea 9:11,Minor Prophets,Old Testament,Hosea,LXX
WORD,,,9,Hosea 9:11,Minor Prophets,Old Testament,Hosea,LXX
WORD,,G3588,9,Hosea 9:11,Minor Prophets,Old Testament,Hosea,LXX
WORD,,G1391,9,Hosea 9:11,Minor Prophets,Old Testament,Hosea,LXX
WORD,,G846,9,Hosea 9:11,Minor Prophets,Old Testament,Hosea,LXX
WORD,,G1537,9,Hosea 9:11,Minor Prophets,Old Testament,Hosea,LXX
WORD,,G5110,9,Hosea 9:11,Minor Prophets,Old Testament,Hosea,LXX
WORD,,G2532,9,Hosea 9:11,Minor Prophets,Old Testament,Hosea,LXX
WORD,,G5604,9,Hosea 9:11,Minor Prophets,Old Testament,Hosea,LXX
WORD,,G2532,9,Hosea 9:11,Minor Prophets,Old Testament,Hosea,LXX
WORD,,,9,Hosea 9:11,Minor Prophets,Old Testament,Hosea,LXX
WORD,,G1360,9,Hosea 9:12,Minor Prophets,Old Testament,Hosea,LXX
WORD,,G2532,9,Hosea 9:12,Minor Prophets,Old Testament,Hosea,LXX
WORD,,G1437,9,Hosea 9:12,Minor Prophets,Old Testament,Hosea,LXX
WORD,,G1625,9,Hosea 9:12,Minor Prophets,Old Testament,Hosea,LXX
WORD,,G3588,9,Hosea 9:12,Minor Prophets,Old Testament,Hosea,LXX
WORD,,G5043,9,Hosea 9:12,Minor Prophets,Old Testament,Hosea,LXX
WORD,,G846,9,Hosea 9:12,Minor Prophets,Old Testament,Hosea,LXX
WORD,,,9,Hosea 9:12,Minor Prophets,Old Testament,Hosea,LXX
WORD,,G1537,9,Hosea 9:12,Minor Prophets,Old Testament,Hosea,LXX
WORD,,G444,9,Hosea 9:12,Minor Prophets,Old Testament,Hosea,LXX
WORD,,G1360,9,Hosea 9:12,Minor Prophets,Old Testament,Hosea,LXX
WORD,,G2532,9,Hosea 9:12,Minor Prophets,Old Testament,Hosea,LXX
WORD,,G3759,9,Hosea 9:12,Minor Prophets,Old Testament,Hosea,LXX
WORD,,G846,9,Hosea 9:12,Minor Prophets,Old Testament,Hosea,LXX
WORD,,G1510,9,Hosea 9:12,Minor Prophets,Old Testament,Hosea,LXX
WORD,,G4561,9,Hosea 9:12,Minor Prophets,Old Testament,Hosea,LXX
WORD,,G1473,9,Hosea 9:12,Minor Prophets,Old Testament,Hosea,LXX
WORD,,G1537,9,Hosea 9:12,Minor Prophets,Old Testament,Hosea,LXX
WORD,,G846,9,Hosea 9:12,Minor Prophets,Old Testament,Hosea,LXX
WORD,,G2187,9,Hosea 9:13,Minor Prophets,Old Testament,Hosea,LXX
WORD,,G3739,9,Hosea 9:13,Minor Prophets,Old Testament,Hosea,LXX
WORD,,G5158,9,Hosea 9:13,Minor Prophets,Old Testament,Hosea,LXX
WORD,,G3708,9,Hosea 9:13,Minor Prophets,Old Testament,Hosea,LXX
WORD,,G1519,9,Hosea 9:13,Minor Prophets,Old Testament,Hosea,LXX
WORD,,G2339,9,Hosea 9:13,Minor Prophets,Old Testament,Hosea,LXX
WORD,,G3936,9,Hosea 9:13,Minor Prophets,Old Testament,Hosea,LXX
WORD,,G3588,9,Hosea 9:13,Minor Prophets,Old Testament,Hosea,LXX
WORD,,G5043,9,Hosea 9:13,Minor Prophets,Old Testament,Hosea,LXX
WORD,,G846,9,Hosea 9:13,Minor Prophets,Old Testament,Hosea,LXX
WORD,,G2532,9,Hosea 9:13,Minor Prophets,Old Testament,Hosea,LXX
WORD,,G2187,9,Hosea 9:13,Minor Prophets,Old Testament,Hosea,LXX
WORD,,G3588,9,Hosea 9:13,Minor Prophets,Old Testament,Hosea,LXX
WORD,,G1806,9,Hosea 9:13,Minor Prophets,Old Testament,Hosea,LXX
WORD,,G1519,9,Hosea 9:13,Minor Prophets,Old Testament,Hosea,LXX
WORD,,,9,Hosea 9:13,Minor Prophets,Old Testament,Hosea,LXX
WORD,,G3588,9,Hosea 9:13,Minor Prophets,Old Testament,Hosea,LXX
WORD,,G5043,9,Hosea 9:13,Minor Prophets,Old Testament,Hosea,LXX
WORD,,G846,9,Hosea 9:13,Minor Prophets,Old Testament,Hosea,LXX
WORD,,G1325,9,Hosea 9:14,Minor Prophets,Old Testament,Hosea,LXX
WORD,,G846,9,Hosea 9:14,Minor Prophets,Old Testament,Hosea,LXX
WORD,,G2962,9,Hosea 9:14,Minor Prophets,Old Testament,Hosea,LXX
WORD,,G5101,9,Hosea 9:14,Minor Prophets,Old Testament,Hosea,LXX
WORD,,G1325,9,Hosea 9:14,Minor Prophets,Old Testament,Hosea,LXX
WORD,,G846,9,Hosea 9:14,Minor Prophets,Old Testament,Hosea,LXX
WORD,,G1325,9,Hosea 9:14,Minor Prophets,Old Testament,Hosea,LXX
WORD,,G846,9,Hosea 9:14,Minor Prophets,Old Testament,Hosea,LXX
WORD,,G3388,9,Hosea 9:14,Minor Prophets,Old Testament,Hosea,LXX
WORD,,,9,Hosea 9:14,Minor Prophets,Old Testament,Hosea,LXX
WORD,,G2532,9,Hosea 9:14,Minor Prophets,Old Testament,Hosea,LXX
WORD,,G3149,9,Hosea 9:14,Minor Prophets,Old Testament,Hosea,LXX
WORD,,G3584,9,Hosea 9:14,Minor Prophets,Old Testament,Hosea,LXX
WORD,,G3956,9,Hosea 9:15,Minor Prophets,Old Testament,Hosea,LXX
WORD,,G3588,9,Hosea 9:15,Minor Prophets,Old Testament,Hosea,LXX
WORD,,G2549,9,Hosea 9:15,Minor Prophets,Old Testament,Hosea,LXX
WORD,,G846,9,Hosea 9:15,Minor Prophets,Old Testament,Hosea,LXX
WORD,,G1519,9,Hosea 9:15,Minor Prophets,Old Testament,Hosea,LXX
WORD,,,9,Hosea 9:15,Minor Prophets,Old Testament,Hosea,LXX
WORD,,G3754,9,Hosea 9:15,Minor Prophets,Old Testament,Hosea,LXX
WORD,,G1563,9,Hosea 9:15,Minor Prophets,Old Testament,Hosea,LXX
WORD,,G846,9,Hosea 9:15,Minor Prophets,Old Testament,Hosea,LXX
WORD,,G3404,9,Hosea 9:15,Minor Prophets,Old Testament,Hosea,LXX
WORD,,G1223,9,Hosea 9:15,Minor Prophets,Old Testament,Hosea,LXX
WORD,,G3588,9,Hosea 9:15,Minor Prophets,Old Testament,Hosea,LXX
WORD,,G2549,9,Hosea 9:15,Minor Prophets,Old Testament,Hosea,LXX
WORD,,G3588,9,Hosea 9:15,Minor Prophets,Old Testament,Hosea,LXX
WORD,,,9,Hosea 9:15,Minor Prophets,Old Testament,Hosea,LXX
WORD,,G846,9,Hosea 9:15,Minor Prophets,Old Testament,Hosea,LXX
WORD,,G1537,9,Hosea 9:15,Minor Prophets,Old Testament,Hosea,LXX
WORD,,G3588,9,Hosea 9:15,Minor Prophets,Old Testament,Hosea,LXX
WORD,,G3624,9,Hosea 9:15,Minor Prophets,Old Testament,Hosea,LXX
WORD,,G1473,9,Hosea 9:15,Minor Prophets,Old Testament,Hosea,LXX
WORD,,G1544,9,Hosea 9:15,Minor Prophets,Old Testament,Hosea,LXX
WORD,,G846,9,Hosea 9:15,Minor Prophets,Old Testament,Hosea,LXX
WORD,,G3756,9,Hosea 9:15,Minor Prophets,Old Testament,Hosea,LXX
WORD,,G3361,9,Hosea 9:15,Minor Prophets,Old Testament,Hosea,LXX
WORD,,G4369,9,Hosea 9:15,Minor Prophets,Old Testament,Hosea,LXX
WORD,,G3588,9,Hosea 9:15,Minor Prophets,Old Testament,Hosea,LXX
WORD,,G25,9,Hosea 9:15,Minor Prophets,Old Testament,Hosea,LXX
WORD,,G846,9,Hosea 9:15,Minor Prophets,Old Testament,Hosea,LXX
WORD,,G3956,9,Hosea 9:15,Minor Prophets,Old Testament,Hosea,LXX
WORD,,G3588,9,Hosea 9:15,Minor Prophets,Old Testament,Hosea,LXX
WORD,,G758,9,Hosea 9:15,Minor Prophets,Old Testament,Hosea,LXX
WORD,,G846,9,Hosea 9:15,Minor Prophets,Old Testament,Hosea,LXX
WORD,,G544,9,Hosea 9:15,Minor Prophets,Old Testament,Hosea,LXX
WORD,,G4192,9,Hosea 9:16,Minor Prophets,Old Testament,Hosea,LXX
WORD,,G2187,9,Hosea 9:16,Minor Prophets,Old Testament,Hosea,LXX
WORD,,G3588,9,Hosea 9:16,Minor Prophets,Old Testament,Hosea,LXX
WORD,,G4491,9,Hosea 9:16,Minor Prophets,Old Testament,Hosea,LXX
WORD,,G846,9,Hosea 9:16,Minor Prophets,Old Testament,Hosea,LXX
WORD,,G3583,9,Hosea 9:16,Minor Prophets,Old Testament,Hosea,LXX
WORD,,G2590,9,Hosea 9:16,Minor Prophets,Old Testament,Hosea,LXX
WORD,,G3765,9,Hosea 9:16,Minor Prophets,Old Testament,Hosea,LXX
WORD,,G3361,9,Hosea 9:16,Minor Prophets,Old Testament,Hosea,LXX
WORD,,G5342,9,Hosea 9:16,Minor Prophets,Old Testament,Hosea,LXX
WORD,,G1360,9,Hosea 9:16,Minor Prophets,Old Testament,Hosea,LXX
WORD,,G2532,9,Hosea 9:16,Minor Prophets,Old Testament,Hosea,LXX
WORD,,G1437,9,Hosea 9:16,Minor Prophets,Old Testament,Hosea,LXX
WORD,,G1080,9,Hosea 9:16,Minor Prophets,Old Testament,Hosea,LXX
WORD,,G615,9,Hosea 9:16,Minor Prophets,Old Testament,Hosea,LXX
WORD,,G3588,9,Hosea 9:16,Minor Prophets,Old Testament,Hosea,LXX
WORD,,,9,Hosea 9:16,Minor Prophets,Old Testament,Hosea,LXX
WORD,,G2836,9,Hosea 9:16,Minor Prophets,Old Testament,Hosea,LXX
WORD,,G846,9,Hosea 9:16,Minor Prophets,Old Testament,Hosea,LXX
WORD,,G683,9,Hosea 9:17,Minor Prophets,Old Testament,Hosea,LXX
WORD,,G846,9,Hosea 9:17,Minor Prophets,Old Testament,Hosea,LXX
WORD,,G3588,9,Hosea 9:17,Minor Prophets,Old Testament,Hosea,LXX
WORD,,G2316,9,Hosea 9:17,Minor Prophets,Old Testament,Hosea,LXX
WORD,,G3754,9,Hosea 9:17,Minor Prophets,Old Testament,Hosea,LXX
WORD,,G3756,9,Hosea 9:17,Minor Prophets,Old Testament,Hosea,LXX
WORD,,G1522,9,Hosea 9:17,Minor Prophets,Old Testament,Hosea,LXX
WORD,,G846,9,Hosea 9:17,Minor Prophets,Old Testament,Hosea,LXX
WORD,,G2532,9,Hosea 9:17,Minor Prophets,Old Testament,Hosea,LXX
WORD,,G1510,9,Hosea 9:17,Minor Prophets,Old Testament,Hosea,LXX
WORD,,G4107,9,Hosea 9:17,Minor Prophets,Old Testament,Hosea,LXX
WORD,,G1722,9,Hosea 9:17,Minor Prophets,Old Testament,Hosea,LXX
WORD,,G3588,9,Hosea 9:17,Minor Prophets,Old Testament,Hosea,LXX
WORD,,G1484,9,Hosea 9:17,Minor Prophets,Old Testament,Hosea,LXX
WORD,,G288,10,Hosea 10:1,Minor Prophets,Old Testament,Hosea,LXX
WORD,,,10,Hosea 10:1,Minor Prophets,Old Testament,Hosea,LXX
WORD,,G2474,10,Hosea 10:1,Minor Prophets,Old Testament,Hosea,LXX
WORD,,G3588,10,Hosea 10:1,Minor Prophets,Old Testament,Hosea,LXX
WORD,,G2590,10,Hosea 10:1,Minor Prophets,Old Testament,Hosea,LXX
WORD,,G846,10,Hosea 10:1,Minor Prophets,Old Testament,Hosea,LXX
WORD,,,10,Hosea 10:1,Minor Prophets,Old Testament,Hosea,LXX
WORD,,G2596,10,Hosea 10:1,Minor Prophets,Old Testament,Hosea,LXX
WORD,,G3588,10,Hosea 10:1,Minor Prophets,Old Testament,Hosea,LXX
WORD,,G4128,10,Hosea 10:1,Minor Prophets,Old Testament,Hosea,LXX
WORD,,G3588,10,Hosea 10:1,Minor Prophets,Old Testament,Hosea,LXX
WORD,,G2590,10,Hosea 10:1,Minor Prophets,Old Testament,Hosea,LXX
WORD,,G846,10,Hosea 10:1,Minor Prophets,Old Testament,Hosea,LXX
WORD,,G4129,10,Hosea 10:1,Minor Prophets,Old Testament,Hosea,LXX
WORD,,G3588,10,Hosea 10:1,Minor Prophets,Old Testament,Hosea,LXX
WORD,,G2379,10,Hosea 10:1,Minor Prophets,Old Testament,Hosea,LXX
WORD,,G2596,10,Hosea 10:1,Minor Prophets,Old Testament,Hosea,LXX
WORD,,G3588,10,Hosea 10:1,Minor Prophets,Old Testament,Hosea,LXX
WORD,,G18,10,Hosea 10:1,Minor Prophets,Old Testament,Hosea,LXX
WORD,,G3588,10,Hosea 10:1,Minor Prophets,Old Testament,Hosea,LXX
WORD,,G1093,10,Hosea 10:1,Minor Prophets,Old Testament,Hosea,LXX
WORD,,G846,10,Hosea 10:1,Minor Prophets,Old Testament,Hosea,LXX
WORD,,G3618,10,Hosea 10:1,Minor Prophets,Old Testament,Hosea,LXX
WORD,,,10,Hosea 10:1,Minor Prophets,Old Testament,Hosea,LXX
WORD,,G3307,10,Hosea 10:2,Minor Prophets,Old Testament,Hosea,LXX
WORD,,G2588,10,Hosea 10:2,Minor Prophets,Old Testament,Hosea,LXX
WORD,,G846,10,Hosea 10:2,Minor Prophets,Old Testament,Hosea,LXX
WORD,,G3568,10,Hosea 10:2,Minor Prophets,Old Testament,Hosea,LXX
WORD,,,10,Hosea 10:2,Minor Prophets,Old Testament,Hosea,LXX
WORD,,G846,10,Hosea 10:2,Minor Prophets,Old Testament,Hosea,LXX
WORD,,G2679,10,Hosea 10:2,Minor Prophets,Old Testament,Hosea,LXX
WORD,,G3588,10,Hosea 10:2,Minor Prophets,Old Testament,Hosea,LXX
WORD,,G2379,10,Hosea 10:2,Minor Prophets,Old Testament,Hosea,LXX
WORD,,G846,10,Hosea 10:2,Minor Prophets,Old Testament,Hosea,LXX
WORD,,G5003,10,Hosea 10:2,Minor Prophets,Old Testament,Hosea,LXX
WORD,,G3588,10,Hosea 10:2,Minor Prophets,Old Testament,Hosea,LXX
WORD,,,10,Hosea 10:2,Minor Prophets,Old Testament,Hosea,LXX
WORD,,G846,10,Hosea 10:2,Minor Prophets,Old Testament,Hosea,LXX
WORD,,G1360,10,Hosea 10:3,Minor Prophets,Old Testament,Hosea,LXX
WORD,,G3568,10,Hosea 10:3,Minor Prophets,Old Testament,Hosea,LXX
WORD,,G2046,10,Hosea 10:3,Minor Prophets,Old Testament,Hosea,LXX
WORD,,G3756,10,Hosea 10:3,Minor Prophets,Old Testament,Hosea,LXX
WORD,,G1510,10,Hosea 10:3,Minor Prophets,Old Testament,Hosea,LXX
WORD,,G935,10,Hosea 10:3,Minor Prophets,Old Testament,Hosea,LXX
WORD,,G1473,10,Hosea 10:3,Minor Prophets,Old Testament,Hosea,LXX
WORD,,G3754,10,Hosea 10:3,Minor Prophets,Old Testament,Hosea,LXX
WORD,,G3756,10,Hosea 10:3,Minor Prophets,Old Testament,Hosea,LXX
WORD,,G5399,10,Hosea 10:3,Minor Prophets,Old Testament,Hosea,LXX
WORD,,G3588,10,Hosea 10:3,Minor Prophets,Old Testament,Hosea,LXX
WORD,,G2962,10,Hosea 10:3,Minor Prophets,Old Testament,Hosea,LXX
WORD,,G3588,10,Hosea 10:3,Minor Prophets,Old Testament,Hosea,LXX
WORD,,G1161,10,Hosea 10:3,Minor Prophets,Old Testament,Hosea,LXX
WORD,,G935,10,Hosea 10:3,Minor Prophets,Old Testament,Hosea,LXX
WORD,,G5101,10,Hosea 10:3,Minor Prophets,Old Testament,Hosea,LXX
WORD,,G4160,10,Hosea 10:3,Minor Prophets,Old Testament,Hosea,LXX
WORD,,G1473,10,Hosea 10:3,Minor Prophets,Old Testament,Hosea,LXX
WORD,,G2980,10,Hosea 10:4,Minor Prophets,Old Testament,Hosea,LXX
WORD,,G4487,10,Hosea 10:4,Minor Prophets,Old Testament,Hosea,LXX
WORD,,G4392,10,Hosea 10:4,Minor Prophets,Old Testament,Hosea,LXX
WORD,,G5571,10,Hosea 10:4,Minor Prophets,Old Testament,Hosea,LXX
WORD,,G1303,10,Hosea 10:4,Minor Prophets,Old Testament,Hosea,LXX
WORD,,G1242,10,Hosea 10:4,Minor Prophets,Old Testament,Hosea,LXX
WORD,,G393,10,Hosea 10:4,Minor Prophets,Old Testament,Hosea,LXX
WORD,,G5613,10,Hosea 10:4,Minor Prophets,Old Testament,Hosea,LXX
WORD,,,10,Hosea 10:4,Minor Prophets,Old Testament,Hosea,LXX
WORD,,G2917,10,Hosea 10:4,Minor Prophets,Old Testament,Hosea,LXX
WORD,,G1909,10,Hosea 10:4,Minor Prophets,Old Testament,Hosea,LXX
WORD,,,10,Hosea 10:4,Minor Prophets,Old Testament,Hosea,LXX
WORD,,G68,10,Hosea 10:4,Minor Prophets,Old Testament,Hosea,LXX
WORD,,G3588,10,Hosea 10:5,Minor Prophets,Old Testament,Hosea,LXX
WORD,,G3448,10,Hosea 10:5,Minor Prophets,Old Testament,Hosea,LXX
WORD,,G3588,10,Hosea 10:5,Minor Prophets,Old Testament,Hosea,LXX
WORD,,G3624,10,Hosea 10:5,Minor Prophets,Old Testament,Hosea,LXX
WORD,,G3739,10,Hosea 10:5,Minor Prophets,Old Testament,Hosea,LXX
WORD,,G3939,10,Hosea 10:5,Minor Prophets,Old Testament,Hosea,LXX
WORD,,G3588,10,Hosea 10:5,Minor Prophets,Old Testament,Hosea,LXX
WORD,,G2730,10,Hosea 10:5,Minor Prophets,Old Testament,Hosea,LXX
WORD,,G4540,10,Hosea 10:5,Minor Prophets,Old Testament,Hosea,LXX
WORD,,G3754,10,Hosea 10:5,Minor Prophets,Old Testament,Hosea,LXX
WORD,,G3996,10,Hosea 10:5,Minor Prophets,Old Testament,Hosea,LXX
WORD,,G3588,10,Hosea 10:5,Minor Prophets,Old Testament,Hosea,LXX
WORD,,G2992,10,Hosea 10:5,Minor Prophets,Old Testament,Hosea,LXX
WORD,,G846,10,Hosea 10:5,Minor Prophets,Old Testament,Hosea,LXX
WORD,,G1909,10,Hosea 10:5,Minor Prophets,Old Testament,Hosea,LXX
WORD,,G846,10,Hosea 10:5,Minor Prophets,Old Testament,Hosea,LXX
WORD,,G2532,10,Hosea 10:5,Minor Prophets,Old Testament,Hosea,LXX
WORD,,G2531,10,Hosea 10:5,Minor Prophets,Old Testament,Hosea,LXX
WORD,,G3893,10,Hosea 10:5,Minor Prophets,Old Testament,Hosea,LXX
WORD,,G846,10,Hosea 10:5,Minor Prophets,Old Testament,Hosea,LXX
WORD,,,10,Hosea 10:5,Minor Prophets,Old Testament,Hosea,LXX
WORD,,G1909,10,Hosea 10:5,Minor Prophets,Old Testament,Hosea,LXX
WORD,,G3588,10,Hosea 10:5,Minor Prophets,Old Testament,Hosea,LXX
WORD,,G1391,10,Hosea 10:5,Minor Prophets,Old Testament,Hosea,LXX
WORD,,G846,10,Hosea 10:5,Minor Prophets,Old Testament,Hosea,LXX
WORD,,G3754,10,Hosea 10:5,Minor Prophets,Old Testament,Hosea,LXX
WORD,,G3351,10,Hosea 10:5,Minor Prophets,Old Testament,Hosea,LXX
WORD,,G575,10,Hosea 10:5,Minor Prophets,Old Testament,Hosea,LXX
WORD,,G846,10,Hosea 10:5,Minor Prophets,Old Testament,Hosea,LXX
WORD,,G2532,10,Hosea 10:6,Minor Prophets,Old Testament,Hosea,LXX
WORD,,G846,10,Hosea 10:6,Minor Prophets,Old Testament,Hosea,LXX
WORD,,G1519,10,Hosea 10:6,Minor Prophets,Old Testament,Hosea,LXX
WORD,,,10,Hosea 10:6,Minor Prophets,Old Testament,Hosea,LXX
WORD,,G1210,10,Hosea 10:6,Minor Prophets,Old Testament,Hosea,LXX
WORD,,G667,10,Hosea 10:6,Minor Prophets,Old Testament,Hosea,LXX
WORD,,G3578,10,Hosea 10:6,Minor Prophets,Old Testament,Hosea,LXX
WORD,,G3588,10,Hosea 10:6,Minor Prophets,Old Testament,Hosea,LXX
WORD,,G935,10,Hosea 10:6,Minor Prophets,Old Testament,Hosea,LXX
WORD,,,10,Hosea 10:6,Minor Prophets,Old Testament,Hosea,LXX
WORD,,G1722,10,Hosea 10:6,Minor Prophets,Old Testament,Hosea,LXX
WORD,,G1390,10,Hosea 10:6,Minor Prophets,Old Testament,Hosea,LXX
WORD,,G2187,10,Hosea 10:6,Minor Prophets,Old Testament,Hosea,LXX
WORD,,G1209,10,Hosea 10:6,Minor Prophets,Old Testament,Hosea,LXX
WORD,,G2532,10,Hosea 10:6,Minor Prophets,Old Testament,Hosea,LXX
WORD,,G153,10,Hosea 10:6,Minor Prophets,Old Testament,Hosea,LXX
WORD,,G2474,10,Hosea 10:6,Minor Prophets,Old Testament,Hosea,LXX
WORD,,G1722,10,Hosea 10:6,Minor Prophets,Old Testament,Hosea,LXX
WORD,,G3588,10,Hosea 10:6,Minor Prophets,Old Testament,Hosea,LXX
WORD,,G1012,10,Hosea 10:6,Minor Prophets,Old Testament,Hosea,LXX
WORD,,G846,10,Hosea 10:6,Minor Prophets,Old Testament,Hosea,LXX
WORD,,,10,Hosea 10:7,Minor Prophets,Old Testament,Hosea,LXX
WORD,,G4540,10,Hosea 10:7,Minor Prophets,Old Testament,Hosea,LXX
WORD,,G935,10,Hosea 10:7,Minor Prophets,Old Testament,Hosea,LXX
WORD,,G846,10,Hosea 10:7,Minor Prophets,Old Testament,Hosea,LXX
WORD,,G5613,10,Hosea 10:7,Minor Prophets,Old Testament,Hosea,LXX
WORD,,G5434,10,Hosea 10:7,Minor Prophets,Old Testament,Hosea,LXX
WORD,,G1909,10,Hosea 10:7,Minor Prophets,Old Testament,Hosea,LXX
WORD,,G4383,10,Hosea 10:7,Minor Prophets,Old Testament,Hosea,LXX
WORD,,G5204,10,Hosea 10:7,Minor Prophets,Old Testament,Hosea,LXX
WORD,,G2532,10,Hosea 10:8,Minor Prophets,Old Testament,Hosea,LXX
WORD,,G1808,10,Hosea 10:8,Minor Prophets,Old Testament,Hosea,LXX
WORD,,G1041,10,Hosea 10:8,Minor Prophets,Old Testament,Hosea,LXX
WORD,,G3739,10,Hosea 10:8,Minor Prophets,Old Testament,Hosea,LXX
WORD,,G265,10,Hosea 10:8,Minor Prophets,Old Testament,Hosea,LXX
WORD,,G3588,10,Hosea 10:8,Minor Prophets,Old Testament,Hosea,LXX
WORD,,G2474,10,Hosea 10:8,Minor Prophets,Old Testament,Hosea,LXX
WORD,,G173,10,Hosea 10:8,Minor Prophets,Old Testament,Hosea,LXX
WORD,,G2532,10,Hosea 10:8,Minor Prophets,Old Testament,Hosea,LXX
WORD,,G5146,10,Hosea 10:8,Minor Prophets,Old Testament,Hosea,LXX
WORD,,G305,10,Hosea 10:8,Minor Prophets,Old Testament,Hosea,LXX
WORD,,G1909,10,Hosea 10:8,Minor Prophets,Old Testament,Hosea,LXX
WORD,,G3588,10,Hosea 10:8,Minor Prophets,Old Testament,Hosea,LXX
WORD,,G2379,10,Hosea 10:8,Minor Prophets,Old Testament,Hosea,LXX
WORD,,G846,10,Hosea 10:8,Minor Prophets,Old Testament,Hosea,LXX
WORD,,G2532,10,Hosea 10:8,Minor Prophets,Old Testament,Hosea,LXX
WORD,,G2046,10,Hosea 10:8,Minor Prophets,Old Testament,Hosea,LXX
WORD,,G3588,10,Hosea 10:8,Minor Prophets,Old Testament,Hosea,LXX
WORD,,G3735,10,Hosea 10:8,Minor Prophets,Old Testament,Hosea,LXX
WORD,,G2572,10,Hosea 10:8,Minor Prophets,Old Testament,Hosea,LXX
WORD,,G1473,10,Hosea 10:8,Minor Prophets,Old Testament,Hosea,LXX
WORD,,G2532,10,Hosea 10:8,Minor Prophets,Old Testament,Hosea,LXX
WORD,,G3588,10,Hosea 10:8,Minor Prophets,Old Testament,Hosea,LXX
WORD,,G1015,10,Hosea 10:8,Minor Prophets,Old Testament,Hosea,LXX
WORD,,G4098,10,Hosea 10:8,Minor Prophets,Old Testament,Hosea,LXX
WORD,,G1909,10,Hosea 10:8,Minor Prophets,Old Testament,Hosea,LXX
WORD,,G1473,10,Hosea 10:8,Minor Prophets,Old Testament,Hosea,LXX
WORD,,G575,10,Hosea 10:9,Minor Prophets,Old Testament,Hosea,LXX
WORD,,G3739,10,Hosea 10:9,Minor Prophets,Old Testament,Hosea,LXX
WORD,,G3588,10,Hosea 10:9,Minor Prophets,Old Testament,Hosea,LXX
WORD,,G1015,10,Hosea 10:9,Minor Prophets,Old Testament,Hosea,LXX
WORD,,G264,10,Hosea 10:9,Minor Prophets,Old Testament,Hosea,LXX
WORD,,G2474,10,Hosea 10:9,Minor Prophets,Old Testament,Hosea,LXX
WORD,,G1563,10,Hosea 10:9,Minor Prophets,Old Testament,Hosea,LXX
WORD,,G2476,10,Hosea 10:9,Minor Prophets,Old Testament,Hosea,LXX
WORD,,G3756,10,Hosea 10:9,Minor Prophets,Old Testament,Hosea,LXX
WORD,,G3361,10,Hosea 10:9,Minor Prophets,Old Testament,Hosea,LXX
WORD,,G2638,10,Hosea 10:9,Minor Prophets,Old Testament,Hosea,LXX
WORD,,G846,10,Hosea 10:9,Minor Prophets,Old Testament,Hosea,LXX
WORD,,G1722,10,Hosea 10:9,Minor Prophets,Old Testament,Hosea,LXX
WORD,,G3588,10,Hosea 10:9,Minor Prophets,Old Testament,Hosea,LXX
WORD,,G1015,10,Hosea 10:9,Minor Prophets,Old Testament,Hosea,LXX
WORD,,G4171,10,Hosea 10:9,Minor Prophets,Old Testament,Hosea,LXX
WORD,,G1909,10,Hosea 10:9,Minor Prophets,Old Testament,Hosea,LXX
WORD,,G3588,10,Hosea 10:9,Minor Prophets,Old Testament,Hosea,LXX
WORD,,G5043,10,Hosea 10:9,Minor Prophets,Old Testament,Hosea,LXX
WORD,,G93,10,Hosea 10:9,Minor Prophets,Old Testament,Hosea,LXX
WORD,,G2064,10,Hosea 10:10,Minor Prophets,Old Testament,Hosea,LXX
WORD,,G3811,10,Hosea 10:10,Minor Prophets,Old Testament,Hosea,LXX
WORD,,G846,10,Hosea 10:10,Minor Prophets,Old Testament,Hosea,LXX
WORD,,G2532,10,Hosea 10:10,Minor Prophets,Old Testament,Hosea,LXX
WORD,,G4863,10,Hosea 10:10,Minor Prophets,Old Testament,Hosea,LXX
WORD,,G1909,10,Hosea 10:10,Minor Prophets,Old Testament,Hosea,LXX
WORD,,G846,10,Hosea 10:10,Minor Prophets,Old Testament,Hosea,LXX
WORD,,G2992,10,Hosea 10:10,Minor Prophets,Old Testament,Hosea,LXX
WORD,,G1722,10,Hosea 10:10,Minor Prophets,Old Testament,Hosea,LXX
WORD,,G3588,10,Hosea 10:10,Minor Prophets,Old Testament,Hosea,LXX
WORD,,G3811,10,Hosea 10:10,Minor Prophets,Old Testament,Hosea,LXX
WORD,,G846,10,Hosea 10:10,Minor Prophets,Old Testament,Hosea,LXX
WORD,,G1722,10,Hosea 10:10,Minor Prophets,Old Testament,Hosea,LXX
WORD,,G3588,10,Hosea 10:10,Minor Prophets,Old Testament,Hosea,LXX
WORD,,G1417,10,Hosea 10:10,Minor Prophets,Old Testament,Hosea,LXX
WORD,,G93,10,Hosea 10:10,Minor Prophets,Old Testament,Hosea,LXX
WORD,,G846,10,Hosea 10:10,Minor Prophets,Old Testament,Hosea,LXX
WORD,,G2187,10,Hosea 10:11,Minor Prophets,Old Testament,Hosea,LXX
WORD,,G1151,10,Hosea 10:11,Minor Prophets,Old Testament,Hosea,LXX
WORD,,G1321,10,Hosea 10:11,Minor Prophets,Old Testament,Hosea,LXX
WORD,,G25,10,Hosea 10:11,Minor Prophets,Old Testament,Hosea,LXX
WORD,,,10,Hosea 10:11,Minor Prophets,Old Testament,Hosea,LXX
WORD,,G1473,10,Hosea 10:11,Minor Prophets,Old Testament,Hosea,LXX
WORD,,G1161,10,Hosea 10:11,Minor Prophets,Old Testament,Hosea,LXX
WORD,,G1904,10,Hosea 10:11,Minor Prophets,Old Testament,Hosea,LXX
WORD,,G1909,10,Hosea 10:11,Minor Prophets,Old Testament,Hosea,LXX
WORD,,G3588,10,Hosea 10:11,Minor Prophets,Old Testament,Hosea,LXX
WORD,,G2570,10,Hosea 10:11,Minor Prophets,Old Testament,Hosea,LXX
WORD,,G3588,10,Hosea 10:11,Minor Prophets,Old Testament,Hosea,LXX
WORD,,G5137,10,Hosea 10:11,Minor Prophets,Old Testament,Hosea,LXX
WORD,,G846,10,Hosea 10:11,Minor Prophets,Old Testament,Hosea,LXX
WORD,,G1913,10,Hosea 10:11,Minor Prophets,Old Testament,Hosea,LXX
WORD,,G2187,10,Hosea 10:11,Minor Prophets,Old Testament,Hosea,LXX
WORD,,G2532,10,Hosea 10:11,Minor Prophets,Old Testament,Hosea,LXX
WORD,,,10,Hosea 10:11,Minor Prophets,Old Testament,Hosea,LXX
WORD,,G2455,10,Hosea 10:11,Minor Prophets,Old Testament,Hosea,LXX
WORD,,G1765,10,Hosea 10:11,Minor Prophets,Old Testament,Hosea,LXX
WORD,,G846,10,Hosea 10:11,Minor Prophets,Old Testament,Hosea,LXX
WORD,,G2384,10,Hosea 10:11,Minor Prophets,Old Testament,Hosea,LXX
WORD,,G4687,10,Hosea 10:12,Minor Prophets,Old Testament,Hosea,LXX
WORD,,G1438,10,Hosea 10:12,Minor Prophets,Old Testament,Hosea,LXX
WORD,,G1519,10,Hosea 10:12,Minor Prophets,Old Testament,Hosea,LXX
WORD,,G1343,10,Hosea 10:12,Minor Prophets,Old Testament,Hosea,LXX
WORD,,G5166,10,Hosea 10:12,Minor Prophets,Old Testament,Hosea,LXX
WORD,,G1519,10,Hosea 10:12,Minor Prophets,Old Testament,Hosea,LXX
WORD,,G2590,10,Hosea 10:12,Minor Prophets,Old Testament,Hosea,LXX
WORD,,G2222,10,Hosea 10:12,Minor Prophets,Old Testament,Hosea,LXX
WORD,,G5461,10,Hosea 10:12,Minor Prophets,Old Testament,Hosea,LXX
WORD,,G1438,10,Hosea 10:12,Minor Prophets,Old Testament,Hosea,LXX
WORD,,G5457,10,Hosea 10:12,Minor Prophets,Old Testament,Hosea,LXX
WORD,,G1108,10,Hosea 10:12,Minor Prophets,Old Testament,Hosea,LXX
WORD,,G1567,10,Hosea 10:12,Minor Prophets,Old Testament,Hosea,LXX
WORD,,G3588,10,Hosea 10:12,Minor Prophets,Old Testament,Hosea,LXX
WORD,,G2962,10,Hosea 10:12,Minor Prophets,Old Testament,Hosea,LXX
WORD,,G2193,10,Hosea 10:12,Minor Prophets,Old Testament,Hosea,LXX
WORD,,G3588,10,Hosea 10:12,Minor Prophets,Old Testament,Hosea,LXX
WORD,,G2064,10,Hosea 10:12,Minor Prophets,Old Testament,Hosea,LXX
WORD,,G6013,10,Hosea 10:12,Minor Prophets,Old Testament,Hosea,LXX
WORD,,G1343,10,Hosea 10:12,Minor Prophets,Old Testament,Hosea,LXX
WORD,,G4771,10,Hosea 10:12,Minor Prophets,Old Testament,Hosea,LXX
WORD,,G2443,10,Hosea 10:13,Minor Prophets,Old Testament,Hosea,LXX
WORD,,G5101,10,Hosea 10:13,Minor Prophets,Old Testament,Hosea,LXX
WORD,,,10,Hosea 10:13,Minor Prophets,Old Testament,Hosea,LXX
WORD,,G763,10,Hosea 10:13,Minor Prophets,Old Testament,Hosea,LXX
WORD,,G2532,10,Hosea 10:13,Minor Prophets,Old Testament,Hosea,LXX
WORD,,G3588,10,Hosea 10:13,Minor Prophets,Old Testament,Hosea,LXX
WORD,,G93,10,Hosea 10:13,Minor Prophets,Old Testament,Hosea,LXX
WORD,,G846,10,Hosea 10:13,Minor Prophets,Old Testament,Hosea,LXX
WORD,,G5166,10,Hosea 10:13,Minor Prophets,Old Testament,Hosea,LXX
WORD,,G2068,10,Hosea 10:13,Minor Prophets,Old Testament,Hosea,LXX
WORD,,G2590,10,Hosea 10:13,Minor Prophets,Old Testament,Hosea,LXX
WORD,,G5571,10,Hosea 10:13,Minor Prophets,Old Testament,Hosea,LXX
WORD,,G3754,10,Hosea 10:13,Minor Prophets,Old Testament,Hosea,LXX
WORD,,G1679,10,Hosea 10:13,Minor Prophets,Old Testament,Hosea,LXX
WORD,,G1722,10,Hosea 10:13,Minor Prophets,Old Testament,Hosea,LXX
WORD,,G3588,10,Hosea 10:13,Minor Prophets,Old Testament,Hosea,LXX
WORD,,G716,10,Hosea 10:13,Minor Prophets,Old Testament,Hosea,LXX
WORD,,G4771,10,Hosea 10:13,Minor Prophets,Old Testament,Hosea,LXX
WORD,,G1722,10,Hosea 10:13,Minor Prophets,Old Testament,Hosea,LXX
WORD,,G4128,10,Hosea 10:13,Minor Prophets,Old Testament,Hosea,LXX
WORD,,G1411,10,Hosea 10:13,Minor Prophets,Old Testament,Hosea,LXX
WORD,,G4771,10,Hosea 10:13,Minor Prophets,Old Testament,Hosea,LXX
WORD,,G2532,10,Hosea 10:14,Minor Prophets,Old Testament,Hosea,LXX
WORD,,,10,Hosea 10:14,Minor Prophets,Old Testament,Hosea,LXX
WORD,,G684,10,Hosea 10:14,Minor Prophets,Old Testament,Hosea,LXX
WORD,,G1722,10,Hosea 10:14,Minor Prophets,Old Testament,Hosea,LXX
WORD,,G3588,10,Hosea 10:14,Minor Prophets,Old Testament,Hosea,LXX
WORD,,G2992,10,Hosea 10:14,Minor Prophets,Old Testament,Hosea,LXX
WORD,,G4771,10,Hosea 10:14,Minor Prophets,Old Testament,Hosea,LXX
WORD,,G2532,10,Hosea 10:14,Minor Prophets,Old Testament,Hosea,LXX
WORD,,G3956,10,Hosea 10:14,Minor Prophets,Old Testament,Hosea,LXX
WORD,,G3588,10,Hosea 10:14,Minor Prophets,Old Testament,Hosea,LXX
WORD,,,10,Hosea 10:14,Minor Prophets,Old Testament,Hosea,LXX
WORD,,G4771,10,Hosea 10:14,Minor Prophets,Old Testament,Hosea,LXX
WORD,,,10,Hosea 10:14,Minor Prophets,Old Testament,Hosea,LXX
WORD,,G5613,10,Hosea 10:14,Minor Prophets,Old Testament,Hosea,LXX
WORD,,G758,10,Hosea 10:14,Minor Prophets,Old Testament,Hosea,LXX
WORD,,,10,Hosea 10:14,Minor Prophets,Old Testament,Hosea,LXX
WORD,,G1537,10,Hosea 10:14,Minor Prophets,Old Testament,Hosea,LXX
WORD,,G3588,10,Hosea 10:14,Minor Prophets,Old Testament,Hosea,LXX
WORD,,G3624,10,Hosea 10:14,Minor Prophets,Old Testament,Hosea,LXX
WORD,,,10,Hosea 10:14,Minor Prophets,Old Testament,Hosea,LXX
WORD,,G1722,10,Hosea 10:14,Minor Prophets,Old Testament,Hosea,LXX
WORD,,G2250,10,Hosea 10:14,Minor Prophets,Old Testament,Hosea,LXX
WORD,,G4171,10,Hosea 10:14,Minor Prophets,Old Testament,Hosea,LXX
WORD,,G3384,10,Hosea 10:14,Minor Prophets,Old Testament,Hosea,LXX
WORD,,G1909,10,Hosea 10:14,Minor Prophets,Old Testament,Hosea,LXX
WORD,,G5043,10,Hosea 10:14,Minor Prophets,Old Testament,Hosea,LXX
WORD,,G1474,10,Hosea 10:14,Minor Prophets,Old Testament,Hosea,LXX
WORD,,G3779,10,Hosea 10:15,Minor Prophets,Old Testament,Hosea,LXX
WORD,,G4160,10,Hosea 10:15,Minor Prophets,Old Testament,Hosea,LXX
WORD,,G4771,10,Hosea 10:15,Minor Prophets,Old Testament,Hosea,LXX
WORD,,G3624,10,Hosea 10:15,Minor Prophets,Old Testament,Hosea,LXX
WORD,,G3588,10,Hosea 10:15,Minor Prophets,Old Testament,Hosea,LXX
WORD,,G2474,10,Hosea 10:15,Minor Prophets,Old Testament,Hosea,LXX
WORD,,G575,10,Hosea 10:15,Minor Prophets,Old Testament,Hosea,LXX
WORD,,G4383,10,Hosea 10:15,Minor Prophets,Old Testament,Hosea,LXX
WORD,,G2549,10,Hosea 10:15,Minor Prophets,Old Testament,Hosea,LXX
WORD,,G4771,10,Hosea 10:15,Minor Prophets,Old Testament,Hosea,LXX
WORD,,G3722,10,Hosea 10:15,Minor Prophets,Old Testament,Hosea,LXX
WORD,,,10,Hosea 10:15,Minor Prophets,Old Testament,Hosea,LXX
WORD,,,10,Hosea 10:15,Minor Prophets,Old Testament,Hosea,LXX
WORD,,G935,10,Hosea 10:15,Minor Prophets,Old Testament,Hosea,LXX
WORD,,G2474,10,Hosea 10:15,Minor Prophets,Old Testament,Hosea,LXX
WORD,,G1360,11,Hosea 11:1,Minor Prophets,Old Testament,Hosea,LXX
WORD,,G3516,11,Hosea 11:1,Minor Prophets,Old Testament,Hosea,LXX
WORD,,G2474,11,Hosea 11:1,Minor Prophets,Old Testament,Hosea,LXX
WORD,,G2532,11,Hosea 11:1,Minor Prophets,Old Testament,Hosea,LXX
WORD,,G1473,11,Hosea 11:1,Minor Prophets,Old Testament,Hosea,LXX
WORD,,G25,11,Hosea 11:1,Minor Prophets,Old Testament,Hosea,LXX
WORD,,G846,11,Hosea 11:1,Minor Prophets,Old Testament,Hosea,LXX
WORD,,G2532,11,Hosea 11:1,Minor Prophets,Old Testament,Hosea,LXX
WORD,,G1537,11,Hosea 11:1,Minor Prophets,Old Testament,Hosea,LXX
WORD,,G125,11,Hosea 11:1,Minor Prophets,Old Testament,Hosea,LXX
WORD,,G3333,11,Hosea 11:1,Minor Prophets,Old Testament,Hosea,LXX
WORD,,G3588,11,Hosea 11:1,Minor Prophets,Old Testament,Hosea,LXX
WORD,,G5043,11,Hosea 11:1,Minor Prophets,Old Testament,Hosea,LXX
WORD,,G846,11,Hosea 11:1,Minor Prophets,Old Testament,Hosea,LXX
WORD,,G2531,11,Hosea 11:2,Minor Prophets,Old Testament,Hosea,LXX
WORD,,G3333,11,Hosea 11:2,Minor Prophets,Old Testament,Hosea,LXX
WORD,,G846,11,Hosea 11:2,Minor Prophets,Old Testament,Hosea,LXX
WORD,,G3779,11,Hosea 11:2,Minor Prophets,Old Testament,Hosea,LXX
WORD,,,11,Hosea 11:2,Minor Prophets,Old Testament,Hosea,LXX
WORD,,G1537,11,Hosea 11:2,Minor Prophets,Old Testament,Hosea,LXX
WORD,,G4383,11,Hosea 11:2,Minor Prophets,Old Testament,Hosea,LXX
WORD,,G1473,11,Hosea 11:2,Minor Prophets,Old Testament,Hosea,LXX
WORD,,G846,11,Hosea 11:2,Minor Prophets,Old Testament,Hosea,LXX
WORD,,G3588,11,Hosea 11:2,Minor Prophets,Old Testament,Hosea,LXX
WORD,,,11,Hosea 11:2,Minor Prophets,Old Testament,Hosea,LXX
WORD,,G2380,11,Hosea 11:2,Minor Prophets,Old Testament,Hosea,LXX
WORD,,G2532,11,Hosea 11:2,Minor Prophets,Old Testament,Hosea,LXX
WORD,,G3588,11,Hosea 11:2,Minor Prophets,Old Testament,Hosea,LXX
WORD,,,11,Hosea 11:2,Minor Prophets,Old Testament,Hosea,LXX
WORD,,G2370,11,Hosea 11:2,Minor Prophets,Old Testament,Hosea,LXX
WORD,,G2532,11,Hosea 11:3,Minor Prophets,Old Testament,Hosea,LXX
WORD,,G1473,11,Hosea 11:3,Minor Prophets,Old Testament,Hosea,LXX
WORD,,,11,Hosea 11:3,Minor Prophets,Old Testament,Hosea,LXX
WORD,,G3588,11,Hosea 11:3,Minor Prophets,Old Testament,Hosea,LXX
WORD,,G2187,11,Hosea 11:3,Minor Prophets,Old Testament,Hosea,LXX
WORD,,G353,11,Hosea 11:3,Minor Prophets,Old Testament,Hosea,LXX
WORD,,G846,11,Hosea 11:3,Minor Prophets,Old Testament,Hosea,LXX
WORD,,G1909,11,Hosea 11:3,Minor Prophets,Old Testament,Hosea,LXX
WORD,,G3588,11,Hosea 11:3,Minor Prophets,Old Testament,Hosea,LXX
WORD,,G1023,11,Hosea 11:3,Minor Prophets,Old Testament,Hosea,LXX
WORD,,G1473,11,Hosea 11:3,Minor Prophets,Old Testament,Hosea,LXX
WORD,,G2532,11,Hosea 11:3,Minor Prophets,Old Testament,Hosea,LXX
WORD,,G3756,11,Hosea 11:3,Minor Prophets,Old Testament,Hosea,LXX
WORD,,G1097,11,Hosea 11:3,Minor Prophets,Old Testament,Hosea,LXX
WORD,,G3754,11,Hosea 11:3,Minor Prophets,Old Testament,Hosea,LXX
WORD,,G2390,11,Hosea 11:3,Minor Prophets,Old Testament,Hosea,LXX
WORD,,G846,11,Hosea 11:3,Minor Prophets,Old Testament,Hosea,LXX
WORD,,G1722,11,Hosea 11:4,Minor Prophets,Old Testament,Hosea,LXX
WORD,,G1312,11,Hosea 11:4,Minor Prophets,Old Testament,Hosea,LXX
WORD,,G444,11,Hosea 11:4,Minor Prophets,Old Testament,Hosea,LXX
WORD,,G1614,11,Hosea 11:4,Minor Prophets,Old Testament,Hosea,LXX
WORD,,G846,11,Hosea 11:4,Minor Prophets,Old Testament,Hosea,LXX
WORD,,G1722,11,Hosea 11:4,Minor Prophets,Old Testament,Hosea,LXX
WORD,,G1199,11,Hosea 11:4,Minor Prophets,Old Testament,Hosea,LXX
WORD,,G25,11,Hosea 11:4,Minor Prophets,Old Testament,Hosea,LXX
WORD,,G1473,11,Hosea 11:4,Minor Prophets,Old Testament,Hosea,LXX
WORD,,G2532,11,Hosea 11:4,Minor Prophets,Old Testament,Hosea,LXX
WORD,,G1510,11,Hosea 11:4,Minor Prophets,Old Testament,Hosea,LXX
WORD,,G846,11,Hosea 11:4,Minor Prophets,Old Testament,Hosea,LXX
WORD,,G5613,11,Hosea 11:4,Minor Prophets,Old Testament,Hosea,LXX
WORD,,,11,Hosea 11:4,Minor Prophets,Old Testament,Hosea,LXX
WORD,,G444,11,Hosea 11:4,Minor Prophets,Old Testament,Hosea,LXX
WORD,,G1909,11,Hosea 11:4,Minor Prophets,Old Testament,Hosea,LXX
WORD,,G3588,11,Hosea 11:4,Minor Prophets,Old Testament,Hosea,LXX
WORD,,G4600,11,Hosea 11:4,Minor Prophets,Old Testament,Hosea,LXX
WORD,,G846,11,Hosea 11:4,Minor Prophets,Old Testament,Hosea,LXX
WORD,,G2532,11,Hosea 11:4,Minor Prophets,Old Testament,Hosea,LXX
WORD,,G1914,11,Hosea 11:4,Minor Prophets,Old Testament,Hosea,LXX
WORD,,G4314,11,Hosea 11:4,Minor Prophets,Old Testament,Hosea,LXX
WORD,,G846,11,Hosea 11:4,Minor Prophets,Old Testament,Hosea,LXX
WORD,,G1410,11,Hosea 11:4,Minor Prophets,Old Testament,Hosea,LXX
WORD,,G846,11,Hosea 11:4,Minor Prophets,Old Testament,Hosea,LXX
WORD,,G2730,11,Hosea 11:5,Minor Prophets,Old Testament,Hosea,LXX
WORD,,G2187,11,Hosea 11:5,Minor Prophets,Old Testament,Hosea,LXX
WORD,,G1722,11,Hosea 11:5,Minor Prophets,Old Testament,Hosea,LXX
WORD,,G125,11,Hosea 11:5,Minor Prophets,Old Testament,Hosea,LXX
WORD,,G2532,11,Hosea 11:5,Minor Prophets,Old Testament,Hosea,LXX
WORD,,,11,Hosea 11:5,Minor Prophets,Old Testament,Hosea,LXX
WORD,,G846,11,Hosea 11:5,Minor Prophets,Old Testament,Hosea,LXX
WORD,,G935,11,Hosea 11:5,Minor Prophets,Old Testament,Hosea,LXX
WORD,,G846,11,Hosea 11:5,Minor Prophets,Old Testament,Hosea,LXX
WORD,,G3754,11,Hosea 11:5,Minor Prophets,Old Testament,Hosea,LXX
WORD,,G3756,11,Hosea 11:5,Minor Prophets,Old Testament,Hosea,LXX
WORD,,G2309,11,Hosea 11:5,Minor Prophets,Old Testament,Hosea,LXX
WORD,,G1994,11,Hosea 11:5,Minor Prophets,Old Testament,Hosea,LXX
WORD,,G2532,11,Hosea 11:6,Minor Prophets,Old Testament,Hosea,LXX
WORD,,G770,11,Hosea 11:6,Minor Prophets,Old Testament,Hosea,LXX
WORD,,G4501,11,Hosea 11:6,Minor Prophets,Old Testament,Hosea,LXX
WORD,,G1722,11,Hosea 11:6,Minor Prophets,Old Testament,Hosea,LXX
WORD,,G3588,11,Hosea 11:6,Minor Prophets,Old Testament,Hosea,LXX
WORD,,G4172,11,Hosea 11:6,Minor Prophets,Old Testament,Hosea,LXX
WORD,,G846,11,Hosea 11:6,Minor Prophets,Old Testament,Hosea,LXX
WORD,,G2532,11,Hosea 11:6,Minor Prophets,Old Testament,Hosea,LXX
WORD,,G2664,11,Hosea 11:6,Minor Prophets,Old Testament,Hosea,LXX
WORD,,G1722,11,Hosea 11:6,Minor Prophets,Old Testament,Hosea,LXX
WORD,,G3588,11,Hosea 11:6,Minor Prophets,Old Testament,Hosea,LXX
WORD,,G5495,11,Hosea 11:6,Minor Prophets,Old Testament,Hosea,LXX
WORD,,G846,11,Hosea 11:6,Minor Prophets,Old Testament,Hosea,LXX
WORD,,G2532,11,Hosea 11:6,Minor Prophets,Old Testament,Hosea,LXX
WORD,,G2068,11,Hosea 11:6,Minor Prophets,Old Testament,Hosea,LXX
WORD,,G1537,11,Hosea 11:6,Minor Prophets,Old Testament,Hosea,LXX
WORD,,G3588,11,Hosea 11:6,Minor Prophets,Old Testament,Hosea,LXX
WORD,,,11,Hosea 11:6,Minor Prophets,Old Testament,Hosea,LXX
WORD,,G846,11,Hosea 11:6,Minor Prophets,Old Testament,Hosea,LXX
WORD,,G2532,11,Hosea 11:7,Minor Prophets,Old Testament,Hosea,LXX
WORD,,G3588,11,Hosea 11:7,Minor Prophets,Old Testament,Hosea,LXX
WORD,,G2992,11,Hosea 11:7,Minor Prophets,Old Testament,Hosea,LXX
WORD,,G846,11,Hosea 11:7,Minor Prophets,Old Testament,Hosea,LXX
WORD,,,11,Hosea 11:7,Minor Prophets,Old Testament,Hosea,LXX
WORD,,G1537,11,Hosea 11:7,Minor Prophets,Old Testament,Hosea,LXX
WORD,,G3588,11,Hosea 11:7,Minor Prophets,Old Testament,Hosea,LXX
WORD,,G2733,11,Hosea 11:7,Minor Prophets,Old Testament,Hosea,LXX
WORD,,G846,11,Hosea 11:7,Minor Prophets,Old Testament,Hosea,LXX
WORD,,G2532,11,Hosea 11:7,Minor Prophets,Old Testament,Hosea,LXX
WORD,,G3588,11,Hosea 11:7,Minor Prophets,Old Testament,Hosea,LXX
WORD,,G2316,11,Hosea 11:7,Minor Prophets,Old Testament,Hosea,LXX
WORD,,G1909,11,Hosea 11:7,Minor Prophets,Old Testament,Hosea,LXX
WORD,,G3588,11,Hosea 11:7,Minor Prophets,Old Testament,Hosea,LXX
WORD,,G5093,11,Hosea 11:7,Minor Prophets,Old Testament,Hosea,LXX
WORD,,G846,11,Hosea 11:7,Minor Prophets,Old Testament,Hosea,LXX
WORD,,G2373,11,Hosea 11:7,Minor Prophets,Old Testament,Hosea,LXX
WORD,,G2532,11,Hosea 11:7,Minor Prophets,Old Testament,Hosea,LXX
WORD,,G3756,11,Hosea 11:7,Minor Prophets,Old Testament,Hosea,LXX
WORD,,G3361,11,Hosea 11:7,Minor Prophets,Old Testament,Hosea,LXX
WORD,,G5312,11,Hosea 11:7,Minor Prophets,Old Testament,Hosea,LXX
WORD,,G846,11,Hosea 11:7,Minor Prophets,Old Testament,Hosea,LXX
WORD,,G5101,11,Hosea 11:8,Minor Prophets,Old Testament,Hosea,LXX
WORD,,G4771,11,Hosea 11:8,Minor Prophets,Old Testament,Hosea,LXX
WORD,,G1303,11,Hosea 11:8,Minor Prophets,Old Testament,Hosea,LXX
WORD,,G2187,11,Hosea 11:8,Minor Prophets,Old Testament,Hosea,LXX
WORD,,,11,Hosea 11:8,Minor Prophets,Old Testament,Hosea,LXX
WORD,,G4771,11,Hosea 11:8,Minor Prophets,Old Testament,Hosea,LXX
WORD,,G2474,11,Hosea 11:8,Minor Prophets,Old Testament,Hosea,LXX
WORD,,G5101,11,Hosea 11:8,Minor Prophets,Old Testament,Hosea,LXX
WORD,,G4771,11,Hosea 11:8,Minor Prophets,Old Testament,Hosea,LXX
WORD,,G1303,11,Hosea 11:8,Minor Prophets,Old Testament,Hosea,LXX
WORD,,G5613,11,Hosea 11:8,Minor Prophets,Old Testament,Hosea,LXX
WORD,,,11,Hosea 11:8,Minor Prophets,Old Testament,Hosea,LXX
WORD,,G5087,11,Hosea 11:8,Minor Prophets,Old Testament,Hosea,LXX
WORD,,G4771,11,Hosea 11:8,Minor Prophets,Old Testament,Hosea,LXX
WORD,,G2532,11,Hosea 11:8,Minor Prophets,Old Testament,Hosea,LXX
WORD,,G5613,11,Hosea 11:8,Minor Prophets,Old Testament,Hosea,LXX
WORD,,,11,Hosea 11:8,Minor Prophets,Old Testament,Hosea,LXX
WORD,,G3344,11,Hosea 11:8,Minor Prophets,Old Testament,Hosea,LXX
WORD,,G3588,11,Hosea 11:8,Minor Prophets,Old Testament,Hosea,LXX
WORD,,G2588,11,Hosea 11:8,Minor Prophets,Old Testament,Hosea,LXX
WORD,,G1473,11,Hosea 11:8,Minor Prophets,Old Testament,Hosea,LXX
WORD,,G1722,11,Hosea 11:8,Minor Prophets,Old Testament,Hosea,LXX
WORD,,G3588,11,Hosea 11:8,Minor Prophets,Old Testament,Hosea,LXX
WORD,,G846,11,Hosea 11:8,Minor Prophets,Old Testament,Hosea,LXX
WORD,,,11,Hosea 11:8,Minor Prophets,Old Testament,Hosea,LXX
WORD,,G3588,11,Hosea 11:8,Minor Prophets,Old Testament,Hosea,LXX
WORD,,,11,Hosea 11:8,Minor Prophets,Old Testament,Hosea,LXX
WORD,,G1473,11,Hosea 11:8,Minor Prophets,Old Testament,Hosea,LXX
WORD,,G3756,11,Hosea 11:9,Minor Prophets,Old Testament,Hosea,LXX
WORD,,G3361,11,Hosea 11:9,Minor Prophets,Old Testament,Hosea,LXX
WORD,,G4160,11,Hosea 11:9,Minor Prophets,Old Testament,Hosea,LXX
WORD,,G2596,11,Hosea 11:9,Minor Prophets,Old Testament,Hosea,LXX
WORD,,G3588,11,Hosea 11:9,Minor Prophets,Old Testament,Hosea,LXX
WORD,,G3709,11,Hosea 11:9,Minor Prophets,Old Testament,Hosea,LXX
WORD,,G3588,11,Hosea 11:9,Minor Prophets,Old Testament,Hosea,LXX
WORD,,G2372,11,Hosea 11:9,Minor Prophets,Old Testament,Hosea,LXX
WORD,,G1473,11,Hosea 11:9,Minor Prophets,Old Testament,Hosea,LXX
WORD,,G3756,11,Hosea 11:9,Minor Prophets,Old Testament,Hosea,LXX
WORD,,G3361,11,Hosea 11:9,Minor Prophets,Old Testament,Hosea,LXX
WORD,,G1459,11,Hosea 11:9,Minor Prophets,Old Testament,Hosea,LXX
WORD,,G3588,11,Hosea 11:9,Minor Prophets,Old Testament,Hosea,LXX
WORD,,G1813,11,Hosea 11:9,Minor Prophets,Old Testament,Hosea,LXX
WORD,,G3588,11,Hosea 11:9,Minor Prophets,Old Testament,Hosea,LXX
WORD,,G2187,11,Hosea 11:9,Minor Prophets,Old Testament,Hosea,LXX
WORD,,G1360,11,Hosea 11:9,Minor Prophets,Old Testament,Hosea,LXX
WORD,,G2316,11,Hosea 11:9,Minor Prophets,Old Testament,Hosea,LXX
WORD,,G1473,11,Hosea 11:9,Minor Prophets,Old Testament,Hosea,LXX
WORD,,G1510,11,Hosea 11:9,Minor Prophets,Old Testament,Hosea,LXX
WORD,,G2532,11,Hosea 11:9,Minor Prophets,Old Testament,Hosea,LXX
WORD,,G3756,11,Hosea 11:9,Minor Prophets,Old Testament,Hosea,LXX
WORD,,G444,11,Hosea 11:9,Minor Prophets,Old Testament,Hosea,LXX
WORD,,G1722,11,Hosea 11:9,Minor Prophets,Old Testament,Hosea,LXX
WORD,,G4771,11,Hosea 11:9,Minor Prophets,Old Testament,Hosea,LXX
WORD,,G40,11,Hosea 11:9,Minor Prophets,Old Testament,Hosea,LXX
WORD,,G2532,11,Hosea 11:9,Minor Prophets,Old Testament,Hosea,LXX
WORD,,G3756,11,Hosea 11:9,Minor Prophets,Old Testament,Hosea,LXX
WORD,,G1525,11,Hosea 11:9,Minor Prophets,Old Testament,Hosea,LXX
WORD,,G1519,11,Hosea 11:9,Minor Prophets,Old Testament,Hosea,LXX
WORD,,G4172,11,Hosea 11:9,Minor Prophets,Old Testament,Hosea,LXX
WORD,,G3694,11,Hosea 11:10,Minor Prophets,Old Testament,Hosea,LXX
WORD,,G2962,11,Hosea 11:10,Minor Prophets,Old Testament,Hosea,LXX
WORD,,G4198,11,Hosea 11:10,Minor Prophets,Old Testament,Hosea,LXX
WORD,,G5613,11,Hosea 11:10,Minor Prophets,Old Testament,Hosea,LXX
WORD,,G3023,11,Hosea 11:10,Minor Prophets,Old Testament,Hosea,LXX
WORD,,G2044,11,Hosea 11:10,Minor Prophets,Old Testament,Hosea,LXX
WORD,,G3754,11,Hosea 11:10,Minor Prophets,Old Testament,Hosea,LXX
WORD,,G846,11,Hosea 11:10,Minor Prophets,Old Testament,Hosea,LXX
WORD,,G5612,11,Hosea 11:10,Minor Prophets,Old Testament,Hosea,LXX
WORD,,G2532,11,Hosea 11:10,Minor Prophets,Old Testament,Hosea,LXX
WORD,,G1839,11,Hosea 11:10,Minor Prophets,Old Testament,Hosea,LXX
WORD,,G5043,11,Hosea 11:10,Minor Prophets,Old Testament,Hosea,LXX
WORD,,G5204,11,Hosea 11:10,Minor Prophets,Old Testament,Hosea,LXX
WORD,,G2532,11,Hosea 11:11,Minor Prophets,Old Testament,Hosea,LXX
WORD,,G1839,11,Hosea 11:11,Minor Prophets,Old Testament,Hosea,LXX
WORD,,G5613,11,Hosea 11:11,Minor Prophets,Old Testament,Hosea,LXX
WORD,,G3732,11,Hosea 11:11,Minor Prophets,Old Testament,Hosea,LXX
WORD,,G1537,11,Hosea 11:11,Minor Prophets,Old Testament,Hosea,LXX
WORD,,G125,11,Hosea 11:11,Minor Prophets,Old Testament,Hosea,LXX
WORD,,G2532,11,Hosea 11:11,Minor Prophets,Old Testament,Hosea,LXX
WORD,,G5613,11,Hosea 11:11,Minor Prophets,Old Testament,Hosea,LXX
WORD,,G4058,11,Hosea 11:11,Minor Prophets,Old Testament,Hosea,LXX
WORD,,G1537,11,Hosea 11:11,Minor Prophets,Old Testament,Hosea,LXX
WORD,,G1093,11,Hosea 11:11,Minor Prophets,Old Testament,Hosea,LXX
WORD,,,11,Hosea 11:11,Minor Prophets,Old Testament,Hosea,LXX
WORD,,G2532,11,Hosea 11:11,Minor Prophets,Old Testament,Hosea,LXX
WORD,,G600,11,Hosea 11:11,Minor Prophets,Old Testament,Hosea,LXX
WORD,,G846,11,Hosea 11:11,Minor Prophets,Old Testament,Hosea,LXX
WORD,,G1519,11,Hosea 11:11,Minor Prophets,Old Testament,Hosea,LXX
WORD,,G3588,11,Hosea 11:11,Minor Prophets,Old Testament,Hosea,LXX
WORD,,G3624,11,Hosea 11:11,Minor Prophets,Old Testament,Hosea,LXX
WORD,,G846,11,Hosea 11:11,Minor Prophets,Old Testament,Hosea,LXX
WORD,,G3004,11,Hosea 11:11,Minor Prophets,Old Testament,Hosea,LXX
WORD,,G2962,11,Hosea 11:11,Minor Prophets,Old Testament,Hosea,LXX
WORD,,G2944,11,Hosea 11:12,Minor Prophets,Old Testament,Hosea,LXX
WORD,,G1473,11,Hosea 11:12,Minor Prophets,Old Testament,Hosea,LXX
WORD,,G1722,11,Hosea 11:12,Minor Prophets,Old Testament,Hosea,LXX
WORD,,G5579,11,Hosea 11:12,Minor Prophets,Old Testament,Hosea,LXX
WORD,,G2187,11,Hosea 11:12,Minor Prophets,Old Testament,Hosea,LXX
WORD,,G2532,11,Hosea 11:12,Minor Prophets,Old Testament,Hosea,LXX
WORD,,G1722,11,Hosea 11:12,Minor Prophets,Old Testament,Hosea,LXX
WORD,,G763,11,Hosea 11:12,Minor Prophets,Old Testament,Hosea,LXX
WORD,,G3624,11,Hosea 11:12,Minor Prophets,Old Testament,Hosea,LXX
WORD,,G2474,11,Hosea 11:12,Minor Prophets,Old Testament,Hosea,LXX
WORD,,G2532,11,Hosea 11:12,Minor Prophets,Old Testament,Hosea,LXX
WORD,,G2448,11,Hosea 11:12,Minor Prophets,Old Testament,Hosea,LXX
WORD,,G3568,11,Hosea 11:12,Minor Prophets,Old Testament,Hosea,LXX
WORD,,G1097,11,Hosea 11:12,Minor Prophets,Old Testament,Hosea,LXX
WORD,,G846,11,Hosea 11:12,Minor Prophets,Old Testament,Hosea,LXX
WORD,,G3588,11,Hosea 11:12,Minor Prophets,Old Testament,Hosea,LXX
WORD,,G2316,11,Hosea 11:12,Minor Prophets,Old Testament,Hosea,LXX
WORD,,G2532,11,Hosea 11:12,Minor Prophets,Old Testament,Hosea,LXX
WORD,,G2992,11,Hosea 11:12,Minor Prophets,Old Testament,Hosea,LXX
WORD,,G40,11,Hosea 11:12,Minor Prophets,Old Testament,Hosea,LXX
WORD,,G2564,11,Hosea 11:12,Minor Prophets,Old Testament,Hosea,LXX
WORD,,G2316,11,Hosea 11:12,Minor Prophets,Old Testament,Hosea,LXX
WORD,,G3588,12,Hosea 12:1,Minor Prophets,Old Testament,Hosea,LXX
WORD,,G1161,12,Hosea 12:1,Minor Prophets,Old Testament,Hosea,LXX
WORD,,G2187,12,Hosea 12:1,Minor Prophets,Old Testament,Hosea,LXX
WORD,,G4190,12,Hosea 12:1,Minor Prophets,Old Testament,Hosea,LXX
WORD,,G4151,12,Hosea 12:1,Minor Prophets,Old Testament,Hosea,LXX
WORD,,G1377,12,Hosea 12:1,Minor Prophets,Old Testament,Hosea,LXX
WORD,,G2742,12,Hosea 12:1,Minor Prophets,Old Testament,Hosea,LXX
WORD,,G3650,12,Hosea 12:1,Minor Prophets,Old Testament,Hosea,LXX
WORD,,G3588,12,Hosea 12:1,Minor Prophets,Old Testament,Hosea,LXX
WORD,,G2250,12,Hosea 12:1,Minor Prophets,Old Testament,Hosea,LXX
WORD,,G2756,12,Hosea 12:1,Minor Prophets,Old Testament,Hosea,LXX
WORD,,G2532,12,Hosea 12:1,Minor Prophets,Old Testament,Hosea,LXX
WORD,,G3152,12,Hosea 12:1,Minor Prophets,Old Testament,Hosea,LXX
WORD,,G4129,12,Hosea 12:1,Minor Prophets,Old Testament,Hosea,LXX
WORD,,G2532,12,Hosea 12:1,Minor Prophets,Old Testament,Hosea,LXX
WORD,,G1242,12,Hosea 12:1,Minor Prophets,Old Testament,Hosea,LXX
WORD,,G3326,12,Hosea 12:1,Minor Prophets,Old Testament,Hosea,LXX
WORD,,,12,Hosea 12:1,Minor Prophets,Old Testament,Hosea,LXX
WORD,,G1303,12,Hosea 12:1,Minor Prophets,Old Testament,Hosea,LXX
WORD,,G2532,12,Hosea 12:1,Minor Prophets,Old Testament,Hosea,LXX
WORD,,G1637,12,Hosea 12:1,Minor Prophets,Old Testament,Hosea,LXX
WORD,,G1519,12,Hosea 12:1,Minor Prophets,Old Testament,Hosea,LXX
WORD,,G125,12,Hosea 12:1,Minor Prophets,Old Testament,Hosea,LXX
WORD,,G1710,12,Hosea 12:1,Minor Prophets,Old Testament,Hosea,LXX
WORD,,G2532,12,Hosea 12:2,Minor Prophets,Old Testament,Hosea,LXX
WORD,,G2920,12,Hosea 12:2,Minor Prophets,Old Testament,Hosea,LXX
WORD,,G3588,12,Hosea 12:2,Minor Prophets,Old Testament,Hosea,LXX
WORD,,G2962,12,Hosea 12:2,Minor Prophets,Old Testament,Hosea,LXX
WORD,,G4314,12,Hosea 12:2,Minor Prophets,Old Testament,Hosea,LXX
WORD,,G2455,12,Hosea 12:2,Minor Prophets,Old Testament,Hosea,LXX
WORD,,G3588,12,Hosea 12:2,Minor Prophets,Old Testament,Hosea,LXX
WORD,,G1556,12,Hosea 12:2,Minor Prophets,Old Testament,Hosea,LXX
WORD,,G3588,12,Hosea 12:2,Minor Prophets,Old Testament,Hosea,LXX
WORD,,G2384,12,Hosea 12:2,Minor Prophets,Old Testament,Hosea,LXX
WORD,,G2596,12,Hosea 12:2,Minor Prophets,Old Testament,Hosea,LXX
WORD,,G3588,12,Hosea 12:2,Minor Prophets,Old Testament,Hosea,LXX
WORD,,G3598,12,Hosea 12:2,Minor Prophets,Old Testament,Hosea,LXX
WORD,,G846,12,Hosea 12:2,Minor Prophets,Old Testament,Hosea,LXX
WORD,,G2532,12,Hosea 12:2,Minor Prophets,Old Testament,Hosea,LXX
WORD,,G2596,12,Hosea 12:2,Minor Prophets,Old Testament,Hosea,LXX
WORD,,G3588,12,Hosea 12:2,Minor Prophets,Old Testament,Hosea,LXX
WORD,,,12,Hosea 12:2,Minor Prophets,Old Testament,Hosea,LXX
WORD,,G846,12,Hosea 12:2,Minor Prophets,Old Testament,Hosea,LXX
WORD,,G467,12,Hosea 12:2,Minor Prophets,Old Testament,Hosea,LXX
WORD,,G846,12,Hosea 12:2,Minor Prophets,Old Testament,Hosea,LXX
WORD,,G1722,12,Hosea 12:3,Minor Prophets,Old Testament,Hosea,LXX
WORD,,G3588,12,Hosea 12:3,Minor Prophets,Old Testament,Hosea,LXX
WORD,,G2836,12,Hosea 12:3,Minor Prophets,Old Testament,Hosea,LXX
WORD,,,12,Hosea 12:3,Minor Prophets,Old Testament,Hosea,LXX
WORD,,G3588,12,Hosea 12:3,Minor Prophets,Old Testament,Hosea,LXX
WORD,,G80,12,Hosea 12:3,Minor Prophets,Old Testament,Hosea,LXX
WORD,,G846,12,Hosea 12:3,Minor Prophets,Old Testament,Hosea,LXX
WORD,,G2532,12,Hosea 12:3,Minor Prophets,Old Testament,Hosea,LXX
WORD,,G1722,12,Hosea 12:3,Minor Prophets,Old Testament,Hosea,LXX
WORD,,G2873,12,Hosea 12:3,Minor Prophets,Old Testament,Hosea,LXX
WORD,,G846,12,Hosea 12:3,Minor Prophets,Old Testament,Hosea,LXX
WORD,,G1765,12,Hosea 12:3,Minor Prophets,Old Testament,Hosea,LXX
WORD,,G4314,12,Hosea 12:3,Minor Prophets,Old Testament,Hosea,LXX
WORD,,G2316,12,Hosea 12:3,Minor Prophets,Old Testament,Hosea,LXX
WORD,,G2532,12,Hosea 12:4,Minor Prophets,Old Testament,Hosea,LXX
WORD,,G1765,12,Hosea 12:4,Minor Prophets,Old Testament,Hosea,LXX
WORD,,G3326,12,Hosea 12:4,Minor Prophets,Old Testament,Hosea,LXX
WORD,,G32,12,Hosea 12:4,Minor Prophets,Old Testament,Hosea,LXX
WORD,,G2532,12,Hosea 12:4,Minor Prophets,Old Testament,Hosea,LXX
WORD,,G1410,12,Hosea 12:4,Minor Prophets,Old Testament,Hosea,LXX
WORD,,G2799,12,Hosea 12:4,Minor Prophets,Old Testament,Hosea,LXX
WORD,,G2532,12,Hosea 12:4,Minor Prophets,Old Testament,Hosea,LXX
WORD,,G1210,12,Hosea 12:4,Minor Prophets,Old Testament,Hosea,LXX
WORD,,G1473,12,Hosea 12:4,Minor Prophets,Old Testament,Hosea,LXX
WORD,,G1722,12,Hosea 12:4,Minor Prophets,Old Testament,Hosea,LXX
WORD,,G3588,12,Hosea 12:4,Minor Prophets,Old Testament,Hosea,LXX
WORD,,G3624,12,Hosea 12:4,Minor Prophets,Old Testament,Hosea,LXX
WORD,,G3739,12,Hosea 12:4,Minor Prophets,Old Testament,Hosea,LXX
WORD,,G2147,12,Hosea 12:4,Minor Prophets,Old Testament,Hosea,LXX
WORD,,G1473,12,Hosea 12:4,Minor Prophets,Old Testament,Hosea,LXX
WORD,,G2532,12,Hosea 12:4,Minor Prophets,Old Testament,Hosea,LXX
WORD,,G1563,12,Hosea 12:4,Minor Prophets,Old Testament,Hosea,LXX
WORD,,G2980,12,Hosea 12:4,Minor Prophets,Old Testament,Hosea,LXX
WORD,,G4314,12,Hosea 12:4,Minor Prophets,Old Testament,Hosea,LXX
WORD,,G846,12,Hosea 12:4,Minor Prophets,Old Testament,Hosea,LXX
WORD,,G3588,12,Hosea 12:5,Minor Prophets,Old Testament,Hosea,LXX
WORD,,G1161,12,Hosea 12:5,Minor Prophets,Old Testament,Hosea,LXX
WORD,,G2962,12,Hosea 12:5,Minor Prophets,Old Testament,Hosea,LXX
WORD,,G3588,12,Hosea 12:5,Minor Prophets,Old Testament,Hosea,LXX
WORD,,G2316,12,Hosea 12:5,Minor Prophets,Old Testament,Hosea,LXX
WORD,,G3588,12,Hosea 12:5,Minor Prophets,Old Testament,Hosea,LXX
WORD,,G3841,12,Hosea 12:5,Minor Prophets,Old Testament,Hosea,LXX
WORD,,G1510,12,Hosea 12:5,Minor Prophets,Old Testament,Hosea,LXX
WORD,,G3422,12,Hosea 12:5,Minor Prophets,Old Testament,Hosea,LXX
WORD,,G846,12,Hosea 12:5,Minor Prophets,Old Testament,Hosea,LXX
WORD,,G2532,12,Hosea 12:6,Minor Prophets,Old Testament,Hosea,LXX
WORD,,G4771,12,Hosea 12:6,Minor Prophets,Old Testament,Hosea,LXX
WORD,,G1722,12,Hosea 12:6,Minor Prophets,Old Testament,Hosea,LXX
WORD,,G2316,12,Hosea 12:6,Minor Prophets,Old Testament,Hosea,LXX
WORD,,G4771,12,Hosea 12:6,Minor Prophets,Old Testament,Hosea,LXX
WORD,,G1994,12,Hosea 12:6,Minor Prophets,Old Testament,Hosea,LXX
WORD,,G1656,12,Hosea 12:6,Minor Prophets,Old Testament,Hosea,LXX
WORD,,G2532,12,Hosea 12:6,Minor Prophets,Old Testament,Hosea,LXX
WORD,,G2917,12,Hosea 12:6,Minor Prophets,Old Testament,Hosea,LXX
WORD,,G5442,12,Hosea 12:6,Minor Prophets,Old Testament,Hosea,LXX
WORD,,G2532,12,Hosea 12:6,Minor Prophets,Old Testament,Hosea,LXX
WORD,,G1448,12,Hosea 12:6,Minor Prophets,Old Testament,Hosea,LXX
WORD,,G4314,12,Hosea 12:6,Minor Prophets,Old Testament,Hosea,LXX
WORD,,G3588,12,Hosea 12:6,Minor Prophets,Old Testament,Hosea,LXX
WORD,,G2316,12,Hosea 12:6,Minor Prophets,Old Testament,Hosea,LXX
WORD,,G4771,12,Hosea 12:6,Minor Prophets,Old Testament,Hosea,LXX
WORD,,G1223,12,Hosea 12:6,Minor Prophets,Old Testament,Hosea,LXX
WORD,,G3956,12,Hosea 12:6,Minor Prophets,Old Testament,Hosea,LXX
WORD,,G5477,12,Hosea 12:7,Minor Prophets,Old Testament,Hosea,LXX
WORD,,G1722,12,Hosea 12:7,Minor Prophets,Old Testament,Hosea,LXX
WORD,,G5495,12,Hosea 12:7,Minor Prophets,Old Testament,Hosea,LXX
WORD,,G846,12,Hosea 12:7,Minor Prophets,Old Testament,Hosea,LXX
WORD,,G2218,12,Hosea 12:7,Minor Prophets,Old Testament,Hosea,LXX
WORD,,G93,12,Hosea 12:7,Minor Prophets,Old Testament,Hosea,LXX
WORD,,G2616,12,Hosea 12:7,Minor Prophets,Old Testament,Hosea,LXX
WORD,,G25,12,Hosea 12:7,Minor Prophets,Old Testament,Hosea,LXX
WORD,,G2532,12,Hosea 12:8,Minor Prophets,Old Testament,Hosea,LXX
WORD,,G2036,12,Hosea 12:8,Minor Prophets,Old Testament,Hosea,LXX
WORD,,G2187,12,Hosea 12:8,Minor Prophets,Old Testament,Hosea,LXX
WORD,,G4133,12,Hosea 12:8,Minor Prophets,Old Testament,Hosea,LXX
WORD,,G4147,12,Hosea 12:8,Minor Prophets,Old Testament,Hosea,LXX
WORD,,G2147,12,Hosea 12:8,Minor Prophets,Old Testament,Hosea,LXX
WORD,,,12,Hosea 12:8,Minor Prophets,Old Testament,Hosea,LXX
WORD,,G1683,12,Hosea 12:8,Minor Prophets,Old Testament,Hosea,LXX
WORD,,G3956,12,Hosea 12:8,Minor Prophets,Old Testament,Hosea,LXX
WORD,,G3588,12,Hosea 12:8,Minor Prophets,Old Testament,Hosea,LXX
WORD,,G4192,12,Hosea 12:8,Minor Prophets,Old Testament,Hosea,LXX
WORD,,G846,12,Hosea 12:8,Minor Prophets,Old Testament,Hosea,LXX
WORD,,G3756,12,Hosea 12:8,Minor Prophets,Old Testament,Hosea,LXX
WORD,,G2147,12,Hosea 12:8,Minor Prophets,Old Testament,Hosea,LXX
WORD,,G846,12,Hosea 12:8,Minor Prophets,Old Testament,Hosea,LXX
WORD,,G1223,12,Hosea 12:8,Minor Prophets,Old Testament,Hosea,LXX
WORD,,G93,12,Hosea 12:8,Minor Prophets,Old Testament,Hosea,LXX
WORD,,G3739,12,Hosea 12:8,Minor Prophets,Old Testament,Hosea,LXX
WORD,,G264,12,Hosea 12:8,Minor Prophets,Old Testament,Hosea,LXX
WORD,,G1473,12,Hosea 12:9,Minor Prophets,Old Testament,Hosea,LXX
WORD,,G1161,12,Hosea 12:9,Minor Prophets,Old Testament,Hosea,LXX
WORD,,G2962,12,Hosea 12:9,Minor Prophets,Old Testament,Hosea,LXX
WORD,,G3588,12,Hosea 12:9,Minor Prophets,Old Testament,Hosea,LXX
WORD,,G2316,12,Hosea 12:9,Minor Prophets,Old Testament,Hosea,LXX
WORD,,G4771,12,Hosea 12:9,Minor Prophets,Old Testament,Hosea,LXX
WORD,,G321,12,Hosea 12:9,Minor Prophets,Old Testament,Hosea,LXX
WORD,,G4771,12,Hosea 12:9,Minor Prophets,Old Testament,Hosea,LXX
WORD,,G1537,12,Hosea 12:9,Minor Prophets,Old Testament,Hosea,LXX
WORD,,G1093,12,Hosea 12:9,Minor Prophets,Old Testament,Hosea,LXX
WORD,,G125,12,Hosea 12:9,Minor Prophets,Old Testament,Hosea,LXX
WORD,,G2089,12,Hosea 12:9,Minor Prophets,Old Testament,Hosea,LXX
WORD,,,12,Hosea 12:9,Minor Prophets,Old Testament,Hosea,LXX
WORD,,G4771,12,Hosea 12:9,Minor Prophets,Old Testament,Hosea,LXX
WORD,,G1722,12,Hosea 12:9,Minor Prophets,Old Testament,Hosea,LXX
WORD,,G4633,12,Hosea 12:9,Minor Prophets,Old Testament,Hosea,LXX
WORD,,G2531,12,Hosea 12:9,Minor Prophets,Old Testament,Hosea,LXX
WORD,,G2250,12,Hosea 12:9,Minor Prophets,Old Testament,Hosea,LXX
WORD,,G1859,12,Hosea 12:9,Minor Prophets,Old Testament,Hosea,LXX
WORD,,G2532,12,Hosea 12:10,Minor Prophets,Old Testament,Hosea,LXX
WORD,,G2980,12,Hosea 12:10,Minor Prophets,Old Testament,Hosea,LXX
WORD,,G4314,12,Hosea 12:10,Minor Prophets,Old Testament,Hosea,LXX
WORD,,G4396,12,Hosea 12:10,Minor Prophets,Old Testament,Hosea,LXX
WORD,,G2532,12,Hosea 12:10,Minor Prophets,Old Testament,Hosea,LXX
WORD,,G1473,12,Hosea 12:10,Minor Prophets,Old Testament,Hosea,LXX
WORD,,G3706,12,Hosea 12:10,Minor Prophets,Old Testament,Hosea,LXX
WORD,,G4129,12,Hosea 12:10,Minor Prophets,Old Testament,Hosea,LXX
WORD,,G2532,12,Hosea 12:10,Minor Prophets,Old Testament,Hosea,LXX
WORD,,G1722,12,Hosea 12:10,Minor Prophets,Old Testament,Hosea,LXX
WORD,,G5495,12,Hosea 12:10,Minor Prophets,Old Testament,Hosea,LXX
WORD,,G4396,12,Hosea 12:10,Minor Prophets,Old Testament,Hosea,LXX
WORD,,G3666,12,Hosea 12:10,Minor Prophets,Old Testament,Hosea,LXX
WORD,,G1487,12,Hosea 12:11,Minor Prophets,Old Testament,Hosea,LXX
WORD,,G3361,12,Hosea 12:11,Minor Prophets,Old Testament,Hosea,LXX
WORD,,,12,Hosea 12:11,Minor Prophets,Old Testament,Hosea,LXX
WORD,,G1510,12,Hosea 12:11,Minor Prophets,Old Testament,Hosea,LXX
WORD,,G686,12,Hosea 12:11,Minor Prophets,Old Testament,Hosea,LXX
WORD,,G5571,12,Hosea 12:11,Minor Prophets,Old Testament,Hosea,LXX
WORD,,G1510,12,Hosea 12:11,Minor Prophets,Old Testament,Hosea,LXX
WORD,,G1722,12,Hosea 12:11,Minor Prophets,Old Testament,Hosea,LXX
WORD,,,12,Hosea 12:11,Minor Prophets,Old Testament,Hosea,LXX
WORD,,G758,12,Hosea 12:11,Minor Prophets,Old Testament,Hosea,LXX
WORD,,,12,Hosea 12:11,Minor Prophets,Old Testament,Hosea,LXX
WORD,,G2532,12,Hosea 12:11,Minor Prophets,Old Testament,Hosea,LXX
WORD,,G3588,12,Hosea 12:11,Minor Prophets,Old Testament,Hosea,LXX
WORD,,G2379,12,Hosea 12:11,Minor Prophets,Old Testament,Hosea,LXX
WORD,,G846,12,Hosea 12:11,Minor Prophets,Old Testament,Hosea,LXX
WORD,,G5613,12,Hosea 12:11,Minor Prophets,Old Testament,Hosea,LXX
WORD,,,12,Hosea 12:11,Minor Prophets,Old Testament,Hosea,LXX
WORD,,G1909,12,Hosea 12:11,Minor Prophets,Old Testament,Hosea,LXX
WORD,,,12,Hosea 12:11,Minor Prophets,Old Testament,Hosea,LXX
WORD,,G68,12,Hosea 12:11,Minor Prophets,Old Testament,Hosea,LXX
WORD,,G2532,12,Hosea 12:12,Minor Prophets,Old Testament,Hosea,LXX
WORD,,G402,12,Hosea 12:12,Minor Prophets,Old Testament,Hosea,LXX
WORD,,G2384,12,Hosea 12:12,Minor Prophets,Old Testament,Hosea,LXX
WORD,,G1519,12,Hosea 12:12,Minor Prophets,Old Testament,Hosea,LXX
WORD,,,12,Hosea 12:12,Minor Prophets,Old Testament,Hosea,LXX
WORD,,G4947,12,Hosea 12:12,Minor Prophets,Old Testament,Hosea,LXX
WORD,,G2532,12,Hosea 12:12,Minor Prophets,Old Testament,Hosea,LXX
WORD,,G1398,12,Hosea 12:12,Minor Prophets,Old Testament,Hosea,LXX
WORD,,G2474,12,Hosea 12:12,Minor Prophets,Old Testament,Hosea,LXX
WORD,,G1722,12,Hosea 12:12,Minor Prophets,Old Testament,Hosea,LXX
WORD,,G1135,12,Hosea 12:12,Minor Prophets,Old Testament,Hosea,LXX
WORD,,G2532,12,Hosea 12:12,Minor Prophets,Old Testament,Hosea,LXX
WORD,,G1722,12,Hosea 12:12,Minor Prophets,Old Testament,Hosea,LXX
WORD,,G1135,12,Hosea 12:12,Minor Prophets,Old Testament,Hosea,LXX
WORD,,G5442,12,Hosea 12:12,Minor Prophets,Old Testament,Hosea,LXX
WORD,,G2532,12,Hosea 12:13,Minor Prophets,Old Testament,Hosea,LXX
WORD,,G1722,12,Hosea 12:13,Minor Prophets,Old Testament,Hosea,LXX
WORD,,G4396,12,Hosea 12:13,Minor Prophets,Old Testament,Hosea,LXX
WORD,,G321,12,Hosea 12:13,Minor Prophets,Old Testament,Hosea,LXX
WORD,,G2962,12,Hosea 12:13,Minor Prophets,Old Testament,Hosea,LXX
WORD,,G3588,12,Hosea 12:13,Minor Prophets,Old Testament,Hosea,LXX
WORD,,G2474,12,Hosea 12:13,Minor Prophets,Old Testament,Hosea,LXX
WORD,,G1537,12,Hosea 12:13,Minor Prophets,Old Testament,Hosea,LXX
WORD,,G125,12,Hosea 12:13,Minor Prophets,Old Testament,Hosea,LXX
WORD,,G2532,12,Hosea 12:13,Minor Prophets,Old Testament,Hosea,LXX
WORD,,G1722,12,Hosea 12:13,Minor Prophets,Old Testament,Hosea,LXX
WORD,,G4396,12,Hosea 12:13,Minor Prophets,Old Testament,Hosea,LXX
WORD,,G1314,12,Hosea 12:13,Minor Prophets,Old Testament,Hosea,LXX
WORD,,G2373,12,Hosea 12:14,Minor Prophets,Old Testament,Hosea,LXX
WORD,,G2187,12,Hosea 12:14,Minor Prophets,Old Testament,Hosea,LXX
WORD,,G2532,12,Hosea 12:14,Minor Prophets,Old Testament,Hosea,LXX
WORD,,G3949,12,Hosea 12:14,Minor Prophets,Old Testament,Hosea,LXX
WORD,,G2532,12,Hosea 12:14,Minor Prophets,Old Testament,Hosea,LXX
WORD,,G3588,12,Hosea 12:14,Minor Prophets,Old Testament,Hosea,LXX
WORD,,G129,12,Hosea 12:14,Minor Prophets,Old Testament,Hosea,LXX
WORD,,G846,12,Hosea 12:14,Minor Prophets,Old Testament,Hosea,LXX
WORD,,G1909,12,Hosea 12:14,Minor Prophets,Old Testament,Hosea,LXX
WORD,,G846,12,Hosea 12:14,Minor Prophets,Old Testament,Hosea,LXX
WORD,,G1632,12,Hosea 12:14,Minor Prophets,Old Testament,Hosea,LXX
WORD,,G2532,12,Hosea 12:14,Minor Prophets,Old Testament,Hosea,LXX
WORD,,G3588,12,Hosea 12:14,Minor Prophets,Old Testament,Hosea,LXX
WORD,,G3680,12,Hosea 12:14,Minor Prophets,Old Testament,Hosea,LXX
WORD,,G846,12,Hosea 12:14,Minor Prophets,Old Testament,Hosea,LXX
WORD,,G467,12,Hosea 12:14,Minor Prophets,Old Testament,Hosea,LXX
WORD,,G846,12,Hosea 12:14,Minor Prophets,Old Testament,Hosea,LXX
WORD,,G2962,12,Hosea 12:14,Minor Prophets,Old Testament,Hosea,LXX
WORD,,G2596,13,Hosea 13:1,Minor Prophets,Old Testament,Hosea,LXX
WORD,,G3588,13,Hosea 13:1,Minor Prophets,Old Testament,Hosea,LXX
WORD,,G3056,13,Hosea 13:1,Minor Prophets,Old Testament,Hosea,LXX
WORD,,G2187,13,Hosea 13:1,Minor Prophets,Old Testament,Hosea,LXX
WORD,,G1345,13,Hosea 13:1,Minor Prophets,Old Testament,Hosea,LXX
WORD,,G846,13,Hosea 13:1,Minor Prophets,Old Testament,Hosea,LXX
WORD,,G2983,13,Hosea 13:1,Minor Prophets,Old Testament,Hosea,LXX
WORD,,G1722,13,Hosea 13:1,Minor Prophets,Old Testament,Hosea,LXX
WORD,,G3588,13,Hosea 13:1,Minor Prophets,Old Testament,Hosea,LXX
WORD,,G2474,13,Hosea 13:1,Minor Prophets,Old Testament,Hosea,LXX
WORD,,G2532,13,Hosea 13:1,Minor Prophets,Old Testament,Hosea,LXX
WORD,,G5087,13,Hosea 13:1,Minor Prophets,Old Testament,Hosea,LXX
WORD,,G846,13,Hosea 13:1,Minor Prophets,Old Testament,Hosea,LXX
WORD,,G3588,13,Hosea 13:1,Minor Prophets,Old Testament,Hosea,LXX
WORD,,G896,13,Hosea 13:1,Minor Prophets,Old Testament,Hosea,LXX
WORD,,G2532,13,Hosea 13:1,Minor Prophets,Old Testament,Hosea,LXX
WORD,,G599,13,Hosea 13:1,Minor Prophets,Old Testament,Hosea,LXX
WORD,,G2532,13,Hosea 13:2,Minor Prophets,Old Testament,Hosea,LXX
WORD,,G4369,13,Hosea 13:2,Minor Prophets,Old Testament,Hosea,LXX
WORD,,G3588,13,Hosea 13:2,Minor Prophets,Old Testament,Hosea,LXX
WORD,,G264,13,Hosea 13:2,Minor Prophets,Old Testament,Hosea,LXX
WORD,,G2089,13,Hosea 13:2,Minor Prophets,Old Testament,Hosea,LXX
WORD,,G2532,13,Hosea 13:2,Minor Prophets,Old Testament,Hosea,LXX
WORD,,G4160,13,Hosea 13:2,Minor Prophets,Old Testament,Hosea,LXX
WORD,,G1438,13,Hosea 13:2,Minor Prophets,Old Testament,Hosea,LXX
WORD,,,13,Hosea 13:2,Minor Prophets,Old Testament,Hosea,LXX
WORD,,G1537,13,Hosea 13:2,Minor Prophets,Old Testament,Hosea,LXX
WORD,,G3588,13,Hosea 13:2,Minor Prophets,Old Testament,Hosea,LXX
WORD,,G694,13,Hosea 13:2,Minor Prophets,Old Testament,Hosea,LXX
WORD,,G846,13,Hosea 13:2,Minor Prophets,Old Testament,Hosea,LXX
WORD,,G2596,13,Hosea 13:2,Minor Prophets,Old Testament,Hosea,LXX
WORD,,G1504,13,Hosea 13:2,Minor Prophets,Old Testament,Hosea,LXX
WORD,,G1497,13,Hosea 13:2,Minor Prophets,Old Testament,Hosea,LXX
WORD,,G2041,13,Hosea 13:2,Minor Prophets,Old Testament,Hosea,LXX
WORD,,G5045,13,Hosea 13:2,Minor Prophets,Old Testament,Hosea,LXX
WORD,,G4931,13,Hosea 13:2,Minor Prophets,Old Testament,Hosea,LXX
WORD,,G846,13,Hosea 13:2,Minor Prophets,Old Testament,Hosea,LXX
WORD,,G846,13,Hosea 13:2,Minor Prophets,Old Testament,Hosea,LXX
WORD,,G3004,13,Hosea 13:2,Minor Prophets,Old Testament,Hosea,LXX
WORD,,G2380,13,Hosea 13:2,Minor Prophets,Old Testament,Hosea,LXX
WORD,,G444,13,Hosea 13:2,Minor Prophets,Old Testament,Hosea,LXX
WORD,,G3448,13,Hosea 13:2,Minor Prophets,Old Testament,Hosea,LXX
WORD,,G1063,13,Hosea 13:2,Minor Prophets,Old Testament,Hosea,LXX
WORD,,G1587,13,Hosea 13:2,Minor Prophets,Old Testament,Hosea,LXX
WORD,,G1223,13,Hosea 13:3,Minor Prophets,Old Testament,Hosea,LXX
WORD,,G3778,13,Hosea 13:3,Minor Prophets,Old Testament,Hosea,LXX
WORD,,G1510,13,Hosea 13:3,Minor Prophets,Old Testament,Hosea,LXX
WORD,,G5613,13,Hosea 13:3,Minor Prophets,Old Testament,Hosea,LXX
WORD,,G3507,13,Hosea 13:3,Minor Prophets,Old Testament,Hosea,LXX
WORD,,G4407,13,Hosea 13:3,Minor Prophets,Old Testament,Hosea,LXX
WORD,,G2532,13,Hosea 13:3,Minor Prophets,Old Testament,Hosea,LXX
WORD,,G5613,13,Hosea 13:3,Minor Prophets,Old Testament,Hosea,LXX
WORD,,,13,Hosea 13:3,Minor Prophets,Old Testament,Hosea,LXX
WORD,,G3720,13,Hosea 13:3,Minor Prophets,Old Testament,Hosea,LXX
WORD,,G4198,13,Hosea 13:3,Minor Prophets,Old Testament,Hosea,LXX
WORD,,G5618,13,Hosea 13:3,Minor Prophets,Old Testament,Hosea,LXX
WORD,,,13,Hosea 13:3,Minor Prophets,Old Testament,Hosea,LXX
WORD,,,13,Hosea 13:3,Minor Prophets,Old Testament,Hosea,LXX
WORD,,G575,13,Hosea 13:3,Minor Prophets,Old Testament,Hosea,LXX
WORD,,G257,13,Hosea 13:3,Minor Prophets,Old Testament,Hosea,LXX
WORD,,G2532,13,Hosea 13:3,Minor Prophets,Old Testament,Hosea,LXX
WORD,,G5613,13,Hosea 13:3,Minor Prophets,Old Testament,Hosea,LXX
WORD,,G822,13,Hosea 13:3,Minor Prophets,Old Testament,Hosea,LXX
WORD,,G575,13,Hosea 13:3,Minor Prophets,Old Testament,Hosea,LXX
WORD,,G200,13,Hosea 13:3,Minor Prophets,Old Testament,Hosea,LXX
WORD,,G1473,13,Hosea 13:4,Minor Prophets,Old Testament,Hosea,LXX
WORD,,G1161,13,Hosea 13:4,Minor Prophets,Old Testament,Hosea,LXX
WORD,,G2962,13,Hosea 13:4,Minor Prophets,Old Testament,Hosea,LXX
WORD,,G3588,13,Hosea 13:4,Minor Prophets,Old Testament,Hosea,LXX
WORD,,G2316,13,Hosea 13:4,Minor Prophets,Old Testament,Hosea,LXX
WORD,,G4771,13,Hosea 13:4,Minor Prophets,Old Testament,Hosea,LXX
WORD,,G4732,13,Hosea 13:4,Minor Prophets,Old Testament,Hosea,LXX
WORD,,G3772,13,Hosea 13:4,Minor Prophets,Old Testament,Hosea,LXX
WORD,,G2532,13,Hosea 13:4,Minor Prophets,Old Testament,Hosea,LXX
WORD,,G2936,13,Hosea 13:4,Minor Prophets,Old Testament,Hosea,LXX
WORD,,G1093,13,Hosea 13:4,Minor Prophets,Old Testament,Hosea,LXX
WORD,,G3739,13,Hosea 13:4,Minor Prophets,Old Testament,Hosea,LXX
WORD,,G3588,13,Hosea 13:4,Minor Prophets,Old Testament,Hosea,LXX
WORD,,G5495,13,Hosea 13:4,Minor Prophets,Old Testament,Hosea,LXX
WORD,,G2936,13,Hosea 13:4,Minor Prophets,Old Testament,Hosea,LXX
WORD,,G3956,13,Hosea 13:4,Minor Prophets,Old Testament,Hosea,LXX
WORD,,G3588,13,Hosea 13:4,Minor Prophets,Old Testament,Hosea,LXX
WORD,,G4756,13,Hosea 13:4,Minor Prophets,Old Testament,Hosea,LXX
WORD,,G3588,13,Hosea 13:4,Minor Prophets,Old Testament,Hosea,LXX
WORD,,G3772,13,Hosea 13:4,Minor Prophets,Old Testament,Hosea,LXX
WORD,,G2532,13,Hosea 13:4,Minor Prophets,Old Testament,Hosea,LXX
WORD,,G3756,13,Hosea 13:4,Minor Prophets,Old Testament,Hosea,LXX
WORD,,,13,Hosea 13:4,Minor Prophets,Old Testament,Hosea,LXX
WORD,,G4771,13,Hosea 13:4,Minor Prophets,Old Testament,Hosea,LXX
WORD,,G846,13,Hosea 13:4,Minor Prophets,Old Testament,Hosea,LXX
WORD,,G3588,13,Hosea 13:4,Minor Prophets,Old Testament,Hosea,LXX
WORD,,G4198,13,Hosea 13:4,Minor Prophets,Old Testament,Hosea,LXX
WORD,,G3694,13,Hosea 13:4,Minor Prophets,Old Testament,Hosea,LXX
WORD,,G846,13,Hosea 13:4,Minor Prophets,Old Testament,Hosea,LXX
WORD,,G2532,13,Hosea 13:4,Minor Prophets,Old Testament,Hosea,LXX
WORD,,G1473,13,Hosea 13:4,Minor Prophets,Old Testament,Hosea,LXX
WORD,,G321,13,Hosea 13:4,Minor Prophets,Old Testament,Hosea,LXX
WORD,,G4771,13,Hosea 13:4,Minor Prophets,Old Testament,Hosea,LXX
WORD,,G1537,13,Hosea 13:4,Minor Prophets,Old Testament,Hosea,LXX
WORD,,G1093,13,Hosea 13:4,Minor Prophets,Old Testament,Hosea,LXX
WORD,,G125,13,Hosea 13:4,Minor Prophets,Old Testament,Hosea,LXX
WORD,,G2532,13,Hosea 13:4,Minor Prophets,Old Testament,Hosea,LXX
WORD,,G2316,13,Hosea 13:4,Minor Prophets,Old Testament,Hosea,LXX
WORD,,G4133,13,Hosea 13:4,Minor Prophets,Old Testament,Hosea,LXX
WORD,,G1473,13,Hosea 13:4,Minor Prophets,Old Testament,Hosea,LXX
WORD,,G3756,13,Hosea 13:4,Minor Prophets,Old Testament,Hosea,LXX
WORD,,G1097,13,Hosea 13:4,Minor Prophets,Old Testament,Hosea,LXX
WORD,,G2532,13,Hosea 13:4,Minor Prophets,Old Testament,Hosea,LXX
WORD,,G4982,13,Hosea 13:4,Minor Prophets,Old Testament,Hosea,LXX
WORD,,G3756,13,Hosea 13:4,Minor Prophets,Old Testament,Hosea,LXX
WORD,,G1510,13,Hosea 13:4,Minor Prophets,Old Testament,Hosea,LXX
WORD,,,13,Hosea 13:4,Minor Prophets,Old Testament,Hosea,LXX
WORD,,G1473,13,Hosea 13:4,Minor Prophets,Old Testament,Hosea,LXX
WORD,,G1473,13,Hosea 13:5,Minor Prophets,Old Testament,Hosea,LXX
WORD,,G4165,13,Hosea 13:5,Minor Prophets,Old Testament,Hosea,LXX
WORD,,G4771,13,Hosea 13:5,Minor Prophets,Old Testament,Hosea,LXX
WORD,,G1722,13,Hosea 13:5,Minor Prophets,Old Testament,Hosea,LXX
WORD,,G3588,13,Hosea 13:5,Minor Prophets,Old Testament,Hosea,LXX
WORD,,G2048,13,Hosea 13:5,Minor Prophets,Old Testament,Hosea,LXX
WORD,,G1722,13,Hosea 13:5,Minor Prophets,Old Testament,Hosea,LXX
WORD,,G1093,13,Hosea 13:5,Minor Prophets,Old Testament,Hosea,LXX
WORD,,,13,Hosea 13:5,Minor Prophets,Old Testament,Hosea,LXX
WORD,,G2596,13,Hosea 13:6,Minor Prophets,Old Testament,Hosea,LXX
WORD,,G3588,13,Hosea 13:6,Minor Prophets,Old Testament,Hosea,LXX
WORD,,G3542,13,Hosea 13:6,Minor Prophets,Old Testament,Hosea,LXX
WORD,,G846,13,Hosea 13:6,Minor Prophets,Old Testament,Hosea,LXX
WORD,,G2532,13,Hosea 13:6,Minor Prophets,Old Testament,Hosea,LXX
WORD,,G1705,13,Hosea 13:6,Minor Prophets,Old Testament,Hosea,LXX
WORD,,G1519,13,Hosea 13:6,Minor Prophets,Old Testament,Hosea,LXX
WORD,,G4140,13,Hosea 13:6,Minor Prophets,Old Testament,Hosea,LXX
WORD,,G2532,13,Hosea 13:6,Minor Prophets,Old Testament,Hosea,LXX
WORD,,G5312,13,Hosea 13:6,Minor Prophets,Old Testament,Hosea,LXX
WORD,,G3588,13,Hosea 13:6,Minor Prophets,Old Testament,Hosea,LXX
WORD,,G2588,13,Hosea 13:6,Minor Prophets,Old Testament,Hosea,LXX
WORD,,G846,13,Hosea 13:6,Minor Prophets,Old Testament,Hosea,LXX
WORD,,G1752,13,Hosea 13:6,Minor Prophets,Old Testament,Hosea,LXX
WORD,,G3778,13,Hosea 13:6,Minor Prophets,Old Testament,Hosea,LXX
WORD,,G1950,13,Hosea 13:6,Minor Prophets,Old Testament,Hosea,LXX
WORD,,G1473,13,Hosea 13:6,Minor Prophets,Old Testament,Hosea,LXX
WORD,,G2532,13,Hosea 13:7,Minor Prophets,Old Testament,Hosea,LXX
WORD,,G1510,13,Hosea 13:7,Minor Prophets,Old Testament,Hosea,LXX
WORD,,G846,13,Hosea 13:7,Minor Prophets,Old Testament,Hosea,LXX
WORD,,G5613,13,Hosea 13:7,Minor Prophets,Old Testament,Hosea,LXX
WORD,,,13,Hosea 13:7,Minor Prophets,Old Testament,Hosea,LXX
WORD,,G2532,13,Hosea 13:7,Minor Prophets,Old Testament,Hosea,LXX
WORD,,G5613,13,Hosea 13:7,Minor Prophets,Old Testament,Hosea,LXX
WORD,,G3917,13,Hosea 13:7,Minor Prophets,Old Testament,Hosea,LXX
WORD,,G2596,13,Hosea 13:7,Minor Prophets,Old Testament,Hosea,LXX
WORD,,G3588,13,Hosea 13:7,Minor Prophets,Old Testament,Hosea,LXX
WORD,,G3598,13,Hosea 13:7,Minor Prophets,Old Testament,Hosea,LXX
WORD,,,13,Hosea 13:7,Minor Prophets,Old Testament,Hosea,LXX
WORD,,G528,13,Hosea 13:8,Minor Prophets,Old Testament,Hosea,LXX
WORD,,G846,13,Hosea 13:8,Minor Prophets,Old Testament,Hosea,LXX
WORD,,G5613,13,Hosea 13:8,Minor Prophets,Old Testament,Hosea,LXX
WORD,,G715,13,Hosea 13:8,Minor Prophets,Old Testament,Hosea,LXX
WORD,,G639,13,Hosea 13:8,Minor Prophets,Old Testament,Hosea,LXX
WORD,,G2532,13,Hosea 13:8,Minor Prophets,Old Testament,Hosea,LXX
WORD,,G1284,13,Hosea 13:8,Minor Prophets,Old Testament,Hosea,LXX
WORD,,,13,Hosea 13:8,Minor Prophets,Old Testament,Hosea,LXX
WORD,,G2588,13,Hosea 13:8,Minor Prophets,Old Testament,Hosea,LXX
WORD,,G846,13,Hosea 13:8,Minor Prophets,Old Testament,Hosea,LXX
WORD,,G2532,13,Hosea 13:8,Minor Prophets,Old Testament,Hosea,LXX
WORD,,G2719,13,Hosea 13:8,Minor Prophets,Old Testament,Hosea,LXX
WORD,,G846,13,Hosea 13:8,Minor Prophets,Old Testament,Hosea,LXX
WORD,,G1563,13,Hosea 13:8,Minor Prophets,Old Testament,Hosea,LXX
WORD,,,13,Hosea 13:8,Minor Prophets,Old Testament,Hosea,LXX
WORD,,,13,Hosea 13:8,Minor Prophets,Old Testament,Hosea,LXX
WORD,,G2342,13,Hosea 13:8,Minor Prophets,Old Testament,Hosea,LXX
WORD,,G68,13,Hosea 13:8,Minor Prophets,Old Testament,Hosea,LXX
WORD,,G1288,13,Hosea 13:8,Minor Prophets,Old Testament,Hosea,LXX
WORD,,G846,13,Hosea 13:8,Minor Prophets,Old Testament,Hosea,LXX
WORD,,G3588,13,Hosea 13:9,Minor Prophets,Old Testament,Hosea,LXX
WORD,,G1312,13,Hosea 13:9,Minor Prophets,Old Testament,Hosea,LXX
WORD,,G4771,13,Hosea 13:9,Minor Prophets,Old Testament,Hosea,LXX
WORD,,G2474,13,Hosea 13:9,Minor Prophets,Old Testament,Hosea,LXX
WORD,,G5101,13,Hosea 13:9,Minor Prophets,Old Testament,Hosea,LXX
WORD,,G997,13,Hosea 13:9,Minor Prophets,Old Testament,Hosea,LXX
WORD,,G4226,13,Hosea 13:10,Minor Prophets,Old Testament,Hosea,LXX
WORD,,G3588,13,Hosea 13:10,Minor Prophets,Old Testament,Hosea,LXX
WORD,,G935,13,Hosea 13:10,Minor Prophets,Old Testament,Hosea,LXX
WORD,,G4771,13,Hosea 13:10,Minor Prophets,Old Testament,Hosea,LXX
WORD,,G3778,13,Hosea 13:10,Minor Prophets,Old Testament,Hosea,LXX
WORD,,G2532,13,Hosea 13:10,Minor Prophets,Old Testament,Hosea,LXX
WORD,,G1295,13,Hosea 13:10,Minor Prophets,Old Testament,Hosea,LXX
WORD,,G4771,13,Hosea 13:10,Minor Prophets,Old Testament,Hosea,LXX
WORD,,G1722,13,Hosea 13:10,Minor Prophets,Old Testament,Hosea,LXX
WORD,,G3956,13,Hosea 13:10,Minor Prophets,Old Testament,Hosea,LXX
WORD,,G3588,13,Hosea 13:10,Minor Prophets,Old Testament,Hosea,LXX
WORD,,G4172,13,Hosea 13:10,Minor Prophets,Old Testament,Hosea,LXX
WORD,,G4771,13,Hosea 13:10,Minor Prophets,Old Testament,Hosea,LXX
WORD,,G2919,13,Hosea 13:10,Minor Prophets,Old Testament,Hosea,LXX
WORD,,G4771,13,Hosea 13:10,Minor Prophets,Old Testament,Hosea,LXX
WORD,,G3739,13,Hosea 13:10,Minor Prophets,Old Testament,Hosea,LXX
WORD,,G2036,13,Hosea 13:10,Minor Prophets,Old Testament,Hosea,LXX
WORD,,G1325,13,Hosea 13:10,Minor Prophets,Old Testament,Hosea,LXX
WORD,,G1473,13,Hosea 13:10,Minor Prophets,Old Testament,Hosea,LXX
WORD,,G935,13,Hosea 13:10,Minor Prophets,Old Testament,Hosea,LXX
WORD,,G2532,13,Hosea 13:10,Minor Prophets,Old Testament,Hosea,LXX
WORD,,G758,13,Hosea 13:10,Minor Prophets,Old Testament,Hosea,LXX
WORD,,G2532,13,Hosea 13:11,Minor Prophets,Old Testament,Hosea,LXX
WORD,,G1325,13,Hosea 13:11,Minor Prophets,Old Testament,Hosea,LXX
WORD,,G4771,13,Hosea 13:11,Minor Prophets,Old Testament,Hosea,LXX
WORD,,G935,13,Hosea 13:11,Minor Prophets,Old Testament,Hosea,LXX
WORD,,G1722,13,Hosea 13:11,Minor Prophets,Old Testament,Hosea,LXX
WORD,,G3709,13,Hosea 13:11,Minor Prophets,Old Testament,Hosea,LXX
WORD,,G1473,13,Hosea 13:11,Minor Prophets,Old Testament,Hosea,LXX
WORD,,G2532,13,Hosea 13:11,Minor Prophets,Old Testament,Hosea,LXX
WORD,,G2192,13,Hosea 13:11,Minor Prophets,Old Testament,Hosea,LXX
WORD,,G1722,13,Hosea 13:11,Minor Prophets,Old Testament,Hosea,LXX
WORD,,G3588,13,Hosea 13:11,Minor Prophets,Old Testament,Hosea,LXX
WORD,,G2372,13,Hosea 13:11,Minor Prophets,Old Testament,Hosea,LXX
WORD,,G1473,13,Hosea 13:11,Minor Prophets,Old Testament,Hosea,LXX
WORD,,G4963,13,Hosea 13:12,Minor Prophets,Old Testament,Hosea,LXX
WORD,,G93,13,Hosea 13:12,Minor Prophets,Old Testament,Hosea,LXX
WORD,,G2187,13,Hosea 13:12,Minor Prophets,Old Testament,Hosea,LXX
WORD,,,13,Hosea 13:12,Minor Prophets,Old Testament,Hosea,LXX
WORD,,G3588,13,Hosea 13:12,Minor Prophets,Old Testament,Hosea,LXX
WORD,,G266,13,Hosea 13:12,Minor Prophets,Old Testament,Hosea,LXX
WORD,,G846,13,Hosea 13:12,Minor Prophets,Old Testament,Hosea,LXX
WORD,,G5604,13,Hosea 13:13,Minor Prophets,Old Testament,Hosea,LXX
WORD,,G5613,13,Hosea 13:13,Minor Prophets,Old Testament,Hosea,LXX
WORD,,G5088,13,Hosea 13:13,Minor Prophets,Old Testament,Hosea,LXX
WORD,,G2240,13,Hosea 13:13,Minor Prophets,Old Testament,Hosea,LXX
WORD,,G846,13,Hosea 13:13,Minor Prophets,Old Testament,Hosea,LXX
WORD,,G3778,13,Hosea 13:13,Minor Prophets,Old Testament,Hosea,LXX
WORD,,G3588,13,Hosea 13:13,Minor Prophets,Old Testament,Hosea,LXX
WORD,,G5207,13,Hosea 13:13,Minor Prophets,Old Testament,Hosea,LXX
WORD,,G4771,13,Hosea 13:13,Minor Prophets,Old Testament,Hosea,LXX
WORD,,G3756,13,Hosea 13:13,Minor Prophets,Old Testament,Hosea,LXX
WORD,,G5429,13,Hosea 13:13,Minor Prophets,Old Testament,Hosea,LXX
WORD,,G1360,13,Hosea 13:13,Minor Prophets,Old Testament,Hosea,LXX
WORD,,G3756,13,Hosea 13:13,Minor Prophets,Old Testament,Hosea,LXX
WORD,,G3361,13,Hosea 13:13,Minor Prophets,Old Testament,Hosea,LXX
WORD,,,13,Hosea 13:13,Minor Prophets,Old Testament,Hosea,LXX
WORD,,G1722,13,Hosea 13:13,Minor Prophets,Old Testament,Hosea,LXX
WORD,,,13,Hosea 13:13,Minor Prophets,Old Testament,Hosea,LXX
WORD,,G5043,13,Hosea 13:13,Minor Prophets,Old Testament,Hosea,LXX
WORD,,G1537,13,Hosea 13:14,Minor Prophets,Old Testament,Hosea,LXX
WORD,,G5495,13,Hosea 13:14,Minor Prophets,Old Testament,Hosea,LXX
WORD,,G86,13,Hosea 13:14,Minor Prophets,Old Testament,Hosea,LXX
WORD,,G4506,13,Hosea 13:14,Minor Prophets,Old Testament,Hosea,LXX
WORD,,G846,13,Hosea 13:14,Minor Prophets,Old Testament,Hosea,LXX
WORD,,G2532,13,Hosea 13:14,Minor Prophets,Old Testament,Hosea,LXX
WORD,,G1537,13,Hosea 13:14,Minor Prophets,Old Testament,Hosea,LXX
WORD,,G2288,13,Hosea 13:14,Minor Prophets,Old Testament,Hosea,LXX
WORD,,G3084,13,Hosea 13:14,Minor Prophets,Old Testament,Hosea,LXX
WORD,,G846,13,Hosea 13:14,Minor Prophets,Old Testament,Hosea,LXX
WORD,,G4226,13,Hosea 13:14,Minor Prophets,Old Testament,Hosea,LXX
WORD,,G3588,13,Hosea 13:14,Minor Prophets,Old Testament,Hosea,LXX
WORD,,G1349,13,Hosea 13:14,Minor Prophets,Old Testament,Hosea,LXX
WORD,,G4771,13,Hosea 13:14,Minor Prophets,Old Testament,Hosea,LXX
WORD,,G2288,13,Hosea 13:14,Minor Prophets,Old Testament,Hosea,LXX
WORD,,G4226,13,Hosea 13:14,Minor Prophets,Old Testament,Hosea,LXX
WORD,,G3588,13,Hosea 13:14,Minor Prophets,Old Testament,Hosea,LXX
WORD,,G2759,13,Hosea 13:14,Minor Prophets,Old Testament,Hosea,LXX
WORD,,G4771,13,Hosea 13:14,Minor Prophets,Old Testament,Hosea,LXX
WORD,,G86,13,Hosea 13:14,Minor Prophets,Old Testament,Hosea,LXX
WORD,,G3874,13,Hosea 13:14,Minor Prophets,Old Testament,Hosea,LXX
WORD,,G2928,13,Hosea 13:14,Minor Prophets,Old Testament,Hosea,LXX
WORD,,G575,13,Hosea 13:14,Minor Prophets,Old Testament,Hosea,LXX
WORD,,G3788,13,Hosea 13:14,Minor Prophets,Old Testament,Hosea,LXX
WORD,,G1473,13,Hosea 13:14,Minor Prophets,Old Testament,Hosea,LXX
WORD,,G1360,13,Hosea 13:15,Minor Prophets,Old Testament,Hosea,LXX
WORD,,G3778,13,Hosea 13:15,Minor Prophets,Old Testament,Hosea,LXX
WORD,,G303,13,Hosea 13:15,Minor Prophets,Old Testament,Hosea,LXX
WORD,,G3319,13,Hosea 13:15,Minor Prophets,Old Testament,Hosea,LXX
WORD,,G80,13,Hosea 13:15,Minor Prophets,Old Testament,Hosea,LXX
WORD,,G1291,13,Hosea 13:15,Minor Prophets,Old Testament,Hosea,LXX
WORD,,G1863,13,Hosea 13:15,Minor Prophets,Old Testament,Hosea,LXX
WORD,,G417,13,Hosea 13:15,Minor Prophets,Old Testament,Hosea,LXX
WORD,,G2742,13,Hosea 13:15,Minor Prophets,Old Testament,Hosea,LXX
WORD,,G2962,13,Hosea 13:15,Minor Prophets,Old Testament,Hosea,LXX
WORD,,G1537,13,Hosea 13:15,Minor Prophets,Old Testament,Hosea,LXX
WORD,,G3588,13,Hosea 13:15,Minor Prophets,Old Testament,Hosea,LXX
WORD,,G2048,13,Hosea 13:15,Minor Prophets,Old Testament,Hosea,LXX
WORD,,G1909,13,Hosea 13:15,Minor Prophets,Old Testament,Hosea,LXX
WORD,,G846,13,Hosea 13:15,Minor Prophets,Old Testament,Hosea,LXX
WORD,,G2532,13,Hosea 13:15,Minor Prophets,Old Testament,Hosea,LXX
WORD,,,13,Hosea 13:15,Minor Prophets,Old Testament,Hosea,LXX
WORD,,G3588,13,Hosea 13:15,Minor Prophets,Old Testament,Hosea,LXX
WORD,,,13,Hosea 13:15,Minor Prophets,Old Testament,Hosea,LXX
WORD,,G846,13,Hosea 13:15,Minor Prophets,Old Testament,Hosea,LXX
WORD,,,13,Hosea 13:15,Minor Prophets,Old Testament,Hosea,LXX
WORD,,G3588,13,Hosea 13:15,Minor Prophets,Old Testament,Hosea,LXX
WORD,,G4077,13,Hosea 13:15,Minor Prophets,Old Testament,Hosea,LXX
WORD,,G846,13,Hosea 13:15,Minor Prophets,Old Testament,Hosea,LXX
WORD,,G846,13,Hosea 13:15,Minor Prophets,Old Testament,Hosea,LXX
WORD,,,13,Hosea 13:15,Minor Prophets,Old Testament,Hosea,LXX
WORD,,G3588,13,Hosea 13:15,Minor Prophets,Old Testament,Hosea,LXX
WORD,,G1093,13,Hosea 13:15,Minor Prophets,Old Testament,Hosea,LXX
WORD,,G846,13,Hosea 13:15,Minor Prophets,Old Testament,Hosea,LXX
WORD,,G2532,13,Hosea 13:15,Minor Prophets,Old Testament,Hosea,LXX
WORD,,G3956,13,Hosea 13:15,Minor Prophets,Old Testament,Hosea,LXX
WORD,,G3588,13,Hosea 13:15,Minor Prophets,Old Testament,Hosea,LXX
WORD,,G4632,13,Hosea 13:15,Minor Prophets,Old Testament,Hosea,LXX
WORD,,G3588,13,Hosea 13:15,Minor Prophets,Old Testament,Hosea,LXX
WORD,,,13,Hosea 13:15,Minor Prophets,Old Testament,Hosea,LXX
WORD,,G846,13,Hosea 13:15,Minor Prophets,Old Testament,Hosea,LXX
WORD,,,13,Hosea 13:16,Minor Prophets,Old Testament,Hosea,LXX
WORD,,G4540,13,Hosea 13:16,Minor Prophets,Old Testament,Hosea,LXX
WORD,,G3754,13,Hosea 13:16,Minor Prophets,Old Testament,Hosea,LXX
WORD,,G436,13,Hosea 13:16,Minor Prophets,Old Testament,Hosea,LXX
WORD,,G4314,13,Hosea 13:16,Minor Prophets,Old Testament,Hosea,LXX
WORD,,G3588,13,Hosea 13:16,Minor Prophets,Old Testament,Hosea,LXX
WORD,,G2316,13,Hosea 13:16,Minor Prophets,Old Testament,Hosea,LXX
WORD,,G846,13,Hosea 13:16,Minor Prophets,Old Testament,Hosea,LXX
WORD,,G1722,13,Hosea 13:16,Minor Prophets,Old Testament,Hosea,LXX
WORD,,G4501,13,Hosea 13:16,Minor Prophets,Old Testament,Hosea,LXX
WORD,,G4098,13,Hosea 13:16,Minor Prophets,Old Testament,Hosea,LXX
WORD,,G846,13,Hosea 13:16,Minor Prophets,Old Testament,Hosea,LXX
WORD,,G2532,13,Hosea 13:16,Minor Prophets,Old Testament,Hosea,LXX
WORD,,G3588,13,Hosea 13:16,Minor Prophets,Old Testament,Hosea,LXX
WORD,,,13,Hosea 13:16,Minor Prophets,Old Testament,Hosea,LXX
WORD,,G846,13,Hosea 13:16,Minor Prophets,Old Testament,Hosea,LXX
WORD,,G1474,13,Hosea 13:16,Minor Prophets,Old Testament,Hosea,LXX
WORD,,G2532,13,Hosea 13:16,Minor Prophets,Old Testament,Hosea,LXX
WORD,,G3588,13,Hosea 13:16,Minor Prophets,Old Testament,Hosea,LXX
WORD,,G1722,13,Hosea 13:16,Minor Prophets,Old Testament,Hosea,LXX
WORD,,G1064,13,Hosea 13:16,Minor Prophets,Old Testament,Hosea,LXX
WORD,,G2192,13,Hosea 13:16,Minor Prophets,Old Testament,Hosea,LXX
WORD,,G846,13,Hosea 13:16,Minor Prophets,Old Testament,Hosea,LXX
WORD,,G1284,13,Hosea 13:16,Minor Prophets,Old Testament,Hosea,LXX
WORD,,G1994,14,Hosea 14:1,Minor Prophets,Old Testament,Hosea,LXX
WORD,,G2474,14,Hosea 14:1,Minor Prophets,Old Testament,Hosea,LXX
WORD,,G4314,14,Hosea 14:1,Minor Prophets,Old Testament,Hosea,LXX
WORD,,G2962,14,Hosea 14:1,Minor Prophets,Old Testament,Hosea,LXX
WORD,,G3588,14,Hosea 14:1,Minor Prophets,Old Testament,Hosea,LXX
WORD,,G2316,14,Hosea 14:1,Minor Prophets,Old Testament,Hosea,LXX
WORD,,G4771,14,Hosea 14:1,Minor Prophets,Old Testament,Hosea,LXX
WORD,,G1360,14,Hosea 14:1,Minor Prophets,Old Testament,Hosea,LXX
WORD,,G770,14,Hosea 14:1,Minor Prophets,Old Testament,Hosea,LXX
WORD,,G1722,14,Hosea 14:1,Minor Prophets,Old Testament,Hosea,LXX
WORD,,G3588,14,Hosea 14:1,Minor Prophets,Old Testament,Hosea,LXX
WORD,,G93,14,Hosea 14:1,Minor Prophets,Old Testament,Hosea,LXX
WORD,,G4771,14,Hosea 14:1,Minor Prophets,Old Testament,Hosea,LXX
WORD,,G2983,14,Hosea 14:2,Minor Prophets,Old Testament,Hosea,LXX
WORD,,G3326,14,Hosea 14:2,Minor Prophets,Old Testament,Hosea,LXX
WORD,,G1438,14,Hosea 14:2,Minor Prophets,Old Testament,Hosea,LXX
WORD,,G3056,14,Hosea 14:2,Minor Prophets,Old Testament,Hosea,LXX
WORD,,G2532,14,Hosea 14:2,Minor Prophets,Old Testament,Hosea,LXX
WORD,,G1994,14,Hosea 14:2,Minor Prophets,Old Testament,Hosea,LXX
WORD,,G4314,14,Hosea 14:2,Minor Prophets,Old Testament,Hosea,LXX
WORD,,G2962,14,Hosea 14:2,Minor Prophets,Old Testament,Hosea,LXX
WORD,,G3588,14,Hosea 14:2,Minor Prophets,Old Testament,Hosea,LXX
WORD,,G2316,14,Hosea 14:2,Minor Prophets,Old Testament,Hosea,LXX
WORD,,G4771,14,Hosea 14:2,Minor Prophets,Old Testament,Hosea,LXX
WORD,,G2036,14,Hosea 14:2,Minor Prophets,Old Testament,Hosea,LXX
WORD,,G846,14,Hosea 14:2,Minor Prophets,Old Testament,Hosea,LXX
WORD,,G3704,14,Hosea 14:2,Minor Prophets,Old Testament,Hosea,LXX
WORD,,G3361,14,Hosea 14:2,Minor Prophets,Old Testament,Hosea,LXX
WORD,,G2983,14,Hosea 14:2,Minor Prophets,Old Testament,Hosea,LXX
WORD,,G93,14,Hosea 14:2,Minor Prophets,Old Testament,Hosea,LXX
WORD,,G2532,14,Hosea 14:2,Minor Prophets,Old Testament,Hosea,LXX
WORD,,G2983,14,Hosea 14:2,Minor Prophets,Old Testament,Hosea,LXX
WORD,,G18,14,Hosea 14:2,Minor Prophets,Old Testament,Hosea,LXX
WORD,,G2532,14,Hosea 14:2,Minor Prophets,Old Testament,Hosea,LXX
WORD,,G467,14,Hosea 14:2,Minor Prophets,Old Testament,Hosea,LXX
WORD,,G2590,14,Hosea 14:2,Minor Prophets,Old Testament,Hosea,LXX
WORD,,G5491,14,Hosea 14:2,Minor Prophets,Old Testament,Hosea,LXX
WORD,,G1473,14,Hosea 14:2,Minor Prophets,Old Testament,Hosea,LXX
WORD,,,14,Hosea 14:3,Minor Prophets,Old Testament,Hosea,LXX
WORD,,G3756,14,Hosea 14:3,Minor Prophets,Old Testament,Hosea,LXX
WORD,,G3361,14,Hosea 14:3,Minor Prophets,Old Testament,Hosea,LXX
WORD,,G4982,14,Hosea 14:3,Minor Prophets,Old Testament,Hosea,LXX
WORD,,G1473,14,Hosea 14:3,Minor Prophets,Old Testament,Hosea,LXX
WORD,,G1909,14,Hosea 14:3,Minor Prophets,Old Testament,Hosea,LXX
WORD,,G2462,14,Hosea 14:3,Minor Prophets,Old Testament,Hosea,LXX
WORD,,G3756,14,Hosea 14:3,Minor Prophets,Old Testament,Hosea,LXX
WORD,,G305,14,Hosea 14:3,Minor Prophets,Old Testament,Hosea,LXX
WORD,,G3765,14,Hosea 14:3,Minor Prophets,Old Testament,Hosea,LXX
WORD,,G3361,14,Hosea 14:3,Minor Prophets,Old Testament,Hosea,LXX
WORD,,G2036,14,Hosea 14:3,Minor Prophets,Old Testament,Hosea,LXX
WORD,,G2316,14,Hosea 14:3,Minor Prophets,Old Testament,Hosea,LXX
WORD,,G1473,14,Hosea 14:3,Minor Prophets,Old Testament,Hosea,LXX
WORD,,G3588,14,Hosea 14:3,Minor Prophets,Old Testament,Hosea,LXX
WORD,,G2041,14,Hosea 14:3,Minor Prophets,Old Testament,Hosea,LXX
WORD,,G3588,14,Hosea 14:3,Minor Prophets,Old Testament,Hosea,LXX
WORD,,G5495,14,Hosea 14:3,Minor Prophets,Old Testament,Hosea,LXX
WORD,,G1473,14,Hosea 14:3,Minor Prophets,Old Testament,Hosea,LXX
WORD,,G3588,14,Hosea 14:3,Minor Prophets,Old Testament,Hosea,LXX
WORD,,G1722,14,Hosea 14:3,Minor Prophets,Old Testament,Hosea,LXX
WORD,,G4771,14,Hosea 14:3,Minor Prophets,Old Testament,Hosea,LXX
WORD,,G1653,14,Hosea 14:3,Minor Prophets,Old Testament,Hosea,LXX
WORD,,G3737,14,Hosea 14:3,Minor Prophets,Old Testament,Hosea,LXX
WORD,,G2390,14,Hosea 14:4,Minor Prophets,Old Testament,Hosea,LXX
WORD,,G3588,14,Hosea 14:4,Minor Prophets,Old Testament,Hosea,LXX
WORD,,G2733,14,Hosea 14:4,Minor Prophets,Old Testament,Hosea,LXX
WORD,,G846,14,Hosea 14:4,Minor Prophets,Old Testament,Hosea,LXX
WORD,,G25,14,Hosea 14:4,Minor Prophets,Old Testament,Hosea,LXX
WORD,,G846,14,Hosea 14:4,Minor Prophets,Old Testament,Hosea,LXX
WORD,,,14,Hosea 14:4,Minor Prophets,Old Testament,Hosea,LXX
WORD,,G3754,14,Hosea 14:4,Minor Prophets,Old Testament,Hosea,LXX
WORD,,G654,14,Hosea 14:4,Minor Prophets,Old Testament,Hosea,LXX
WORD,,G3588,14,Hosea 14:4,Minor Prophets,Old Testament,Hosea,LXX
WORD,,G3709,14,Hosea 14:4,Minor Prophets,Old Testament,Hosea,LXX
WORD,,G1473,14,Hosea 14:4,Minor Prophets,Old Testament,Hosea,LXX
WORD,,G575,14,Hosea 14:4,Minor Prophets,Old Testament,Hosea,LXX
WORD,,G846,14,Hosea 14:4,Minor Prophets,Old Testament,Hosea,LXX
WORD,,G1510,14,Hosea 14:5,Minor Prophets,Old Testament,Hosea,LXX
WORD,,G5613,14,Hosea 14:5,Minor Prophets,Old Testament,Hosea,LXX
WORD,,,14,Hosea 14:5,Minor Prophets,Old Testament,Hosea,LXX
WORD,,G3588,14,Hosea 14:5,Minor Prophets,Old Testament,Hosea,LXX
WORD,,G2474,14,Hosea 14:5,Minor Prophets,Old Testament,Hosea,LXX
WORD,,,14,Hosea 14:5,Minor Prophets,Old Testament,Hosea,LXX
WORD,,G5613,14,Hosea 14:5,Minor Prophets,Old Testament,Hosea,LXX
WORD,,G2918,14,Hosea 14:5,Minor Prophets,Old Testament,Hosea,LXX
WORD,,G2532,14,Hosea 14:5,Minor Prophets,Old Testament,Hosea,LXX
WORD,,G906,14,Hosea 14:5,Minor Prophets,Old Testament,Hosea,LXX
WORD,,G3588,14,Hosea 14:5,Minor Prophets,Old Testament,Hosea,LXX
WORD,,G4491,14,Hosea 14:5,Minor Prophets,Old Testament,Hosea,LXX
WORD,,G846,14,Hosea 14:5,Minor Prophets,Old Testament,Hosea,LXX
WORD,,G5613,14,Hosea 14:5,Minor Prophets,Old Testament,Hosea,LXX
WORD,,G3588,14,Hosea 14:5,Minor Prophets,Old Testament,Hosea,LXX
WORD,,G3030,14,Hosea 14:5,Minor Prophets,Old Testament,Hosea,LXX
WORD,,G4198,14,Hosea 14:6,Minor Prophets,Old Testament,Hosea,LXX
WORD,,G3588,14,Hosea 14:6,Minor Prophets,Old Testament,Hosea,LXX
WORD,,G2798,14,Hosea 14:6,Minor Prophets,Old Testament,Hosea,LXX
WORD,,G846,14,Hosea 14:6,Minor Prophets,Old Testament,Hosea,LXX
WORD,,G2532,14,Hosea 14:6,Minor Prophets,Old Testament,Hosea,LXX
WORD,,G1510,14,Hosea 14:6,Minor Prophets,Old Testament,Hosea,LXX
WORD,,G5613,14,Hosea 14:6,Minor Prophets,Old Testament,Hosea,LXX
WORD,,G1636,14,Hosea 14:6,Minor Prophets,Old Testament,Hosea,LXX
WORD,,,14,Hosea 14:6,Minor Prophets,Old Testament,Hosea,LXX
WORD,,G2532,14,Hosea 14:6,Minor Prophets,Old Testament,Hosea,LXX
WORD,,G3588,14,Hosea 14:6,Minor Prophets,Old Testament,Hosea,LXX
WORD,,,14,Hosea 14:6,Minor Prophets,Old Testament,Hosea,LXX
WORD,,G846,14,Hosea 14:6,Minor Prophets,Old Testament,Hosea,LXX
WORD,,G5613,14,Hosea 14:6,Minor Prophets,Old Testament,Hosea,LXX
WORD,,G3030,14,Hosea 14:6,Minor Prophets,Old Testament,Hosea,LXX
WORD,,G1994,14,Hosea 14:7,Minor Prophets,Old Testament,Hosea,LXX
WORD,,G2532,14,Hosea 14:7,Minor Prophets,Old Testament,Hosea,LXX
WORD,,G2523,14,Hosea 14:7,Minor Prophets,Old Testament,Hosea,LXX
WORD,,G5259,14,Hosea 14:7,Minor Prophets,Old Testament,Hosea,LXX
WORD,,G3588,14,Hosea 14:7,Minor Prophets,Old Testament,Hosea,LXX
WORD,,,14,Hosea 14:7,Minor Prophets,Old Testament,Hosea,LXX
WORD,,G846,14,Hosea 14:7,Minor Prophets,Old Testament,Hosea,LXX
WORD,,G2198,14,Hosea 14:7,Minor Prophets,Old Testament,Hosea,LXX
WORD,,G2532,14,Hosea 14:7,Minor Prophets,Old Testament,Hosea,LXX
WORD,,G3184,14,Hosea 14:7,Minor Prophets,Old Testament,Hosea,LXX
WORD,,G4621,14,Hosea 14:7,Minor Prophets,Old Testament,Hosea,LXX
WORD,,G2532,14,Hosea 14:7,Minor Prophets,Old Testament,Hosea,LXX
WORD,,,14,Hosea 14:7,Minor Prophets,Old Testament,Hosea,LXX
WORD,,G5613,14,Hosea 14:7,Minor Prophets,Old Testament,Hosea,LXX
WORD,,G288,14,Hosea 14:7,Minor Prophets,Old Testament,Hosea,LXX
WORD,,G3588,14,Hosea 14:7,Minor Prophets,Old Testament,Hosea,LXX
WORD,,G3422,14,Hosea 14:7,Minor Prophets,Old Testament,Hosea,LXX
WORD,,G846,14,Hosea 14:7,Minor Prophets,Old Testament,Hosea,LXX
WORD,,G5613,14,Hosea 14:7,Minor Prophets,Old Testament,Hosea,LXX
WORD,,G3631,14,Hosea 14:7,Minor Prophets,Old Testament,Hosea,LXX
WORD,,G3030,14,Hosea 14:7,Minor Prophets,Old Testament,Hosea,LXX
WORD,,G3588,14,Hosea 14:8,Minor Prophets,Old Testament,Hosea,LXX
WORD,,G2187,14,Hosea 14:8,Minor Prophets,Old Testament,Hosea,LXX
WORD,,G5101,14,Hosea 14:8,Minor Prophets,Old Testament,Hosea,LXX
WORD,,G846,14,Hosea 14:8,Minor Prophets,Old Testament,Hosea,LXX
WORD,,G2089,14,Hosea 14:8,Minor Prophets,Old Testament,Hosea,LXX
WORD,,G2532,14,Hosea 14:8,Minor Prophets,Old Testament,Hosea,LXX
WORD,,G1497,14,Hosea 14:8,Minor Prophets,Old Testament,Hosea,LXX
WORD,,G1473,14,Hosea 14:8,Minor Prophets,Old Testament,Hosea,LXX
WORD,,G5013,14,Hosea 14:8,Minor Prophets,Old Testament,Hosea,LXX
WORD,,G846,14,Hosea 14:8,Minor Prophets,Old Testament,Hosea,LXX
WORD,,G2532,14,Hosea 14:8,Minor Prophets,Old Testament,Hosea,LXX
WORD,,G1473,14,Hosea 14:8,Minor Prophets,Old Testament,Hosea,LXX
WORD,,G2729,14,Hosea 14:8,Minor Prophets,Old Testament,Hosea,LXX
WORD,,G846,14,Hosea 14:8,Minor Prophets,Old Testament,Hosea,LXX
WORD,,G1473,14,Hosea 14:8,Minor Prophets,Old Testament,Hosea,LXX
WORD,,G5613,14,Hosea 14:8,Minor Prophets,Old Testament,Hosea,LXX
WORD,,,14,Hosea 14:8,Minor Prophets,Old Testament,Hosea,LXX
WORD,,,14,Hosea 14:8,Minor Prophets,Old Testament,Hosea,LXX
WORD,,G1537,14,Hosea 14:8,Minor Prophets,Old Testament,Hosea,LXX
WORD,,G1473,14,Hosea 14:8,Minor Prophets,Old Testament,Hosea,LXX
WORD,,G3588,14,Hosea 14:8,Minor Prophets,Old Testament,Hosea,LXX
WORD,,G2590,14,Hosea 14:8,Minor Prophets,Old Testament,Hosea,LXX
WORD,,G4771,14,Hosea 14:8,Minor Prophets,Old Testament,Hosea,LXX
WORD,,G2147,14,Hosea 14:8,Minor Prophets,Old Testament,Hosea,LXX
WORD,,G5101,14,Hosea 14:9,Minor Prophets,Old Testament,Hosea,LXX
WORD,,G4680,14,Hosea 14:9,Minor Prophets,Old Testament,Hosea,LXX
WORD,,G2532,14,Hosea 14:9,Minor Prophets,Old Testament,Hosea,LXX
WORD,,G4920,14,Hosea 14:9,Minor Prophets,Old Testament,Hosea,LXX
WORD,,G3778,14,Hosea 14:9,Minor Prophets,Old Testament,Hosea,LXX
WORD,,G2228,14,Hosea 14:9,Minor Prophets,Old Testament,Hosea,LXX
WORD,,G4908,14,Hosea 14:9,Minor Prophets,Old Testament,Hosea,LXX
WORD,,G2532,14,Hosea 14:9,Minor Prophets,Old Testament,Hosea,LXX
WORD,,G1921,14,Hosea 14:9,Minor Prophets,Old Testament,Hosea,LXX
WORD,,G846,14,Hosea 14:9,Minor Prophets,Old Testament,Hosea,LXX
WORD,,G1360,14,Hosea 14:9,Minor Prophets,Old Testament,Hosea,LXX
WORD,,G2117,14,Hosea 14:9,Minor Prophets,Old Testament,Hosea,LXX
WORD,,G3588,14,Hosea 14:9,Minor Prophets,Old Testament,Hosea,LXX
WORD,,G3598,14,Hosea 14:9,Minor Prophets,Old Testament,Hosea,LXX
WORD,,G3588,14,Hosea 14:9,Minor Prophets,Old Testament,Hosea,LXX
WORD,,G2962,14,Hosea 14:9,Minor Prophets,Old Testament,Hosea,LXX
WORD,,G2532,14,Hosea 14:9,Minor Prophets,Old Testament,Hosea,LXX
WORD,,G1342,14,Hosea 14:9,Minor Prophets,Old Testament,Hosea,LXX
WORD,,G4198,14,Hosea 14:9,Minor Prophets,Old Testament,Hosea,LXX
WORD,,G1722,14,Hosea 14:9,Minor Prophets,Old Testament,Hosea,LXX
WORD,,G846,14,Hosea 14:9,Minor Prophets,Old Testament,Hosea,LXX
WORD,,G3588,14,Hosea 14:9,Minor Prophets,Old Testament,Hosea,LXX
WORD,,G1161,14,Hosea 14:9,Minor Prophets,Old Testament,Hosea,LXX
WORD,,G765,14,Hosea 14:9,Minor Prophets,Old Testament,Hosea,LXX
WORD,,G770,14,Hosea 14:9,Minor Prophets,Old Testament,Hosea,LXX
WORD,,G1722,14,Hosea 14:9,Minor Prophets,Old Testament,Hosea,LXX
WORD,,G846,14,Hosea 14:9,Minor Prophets,Old Testament,Hosea,LXX
